solid OpenSCAD_Model
  facet normal 0.9469301294951055 0.3214394653031622 0
    outer loop
      vertex 8.860741064560528 14.158838103416807 1.19
      vertex 8.997391519338318 13.756278844813458 0
      vertex 8.860741064560528 14.158838103416807 0
    endloop
  endfacet
  facet normal 0.9807852804032299 0.19509032201613108 0
    outer loop
      vertex 8.777804200535115 14.575789875284832 1.19
      vertex 8.860741064560528 14.158838103416807 0
      vertex 8.777804200535115 14.575789875284832 0
    endloop
  endfacet
  facet normal 0.8968727415326878 0.4422886902190025 0
    outer loop
      vertex 8.997391519338318 13.756278844813458 1.19
      vertex 9.185417437700576 13.375 0
      vertex 8.997391519338318 13.756278844813458 0
    endloop
  endfacet
  facet normal 0.8314696123025478 0.5555702330195985 0
    outer loop
      vertex 9.185417437700576 13.375 1.19
      vertex 9.421601644053485 13.021525355721657 0
      vertex 9.185417437700576 13.375 0
    endloop
  endfacet
  facet normal 0.7518398074789774 0.6593458151000686 0
    outer loop
      vertex 9.421601644053485 13.021525355721657 1.19
      vertex 9.70190296114372 12.70190296114372 0
      vertex 9.421601644053485 13.021525355721657 0
    endloop
  endfacet
  facet normal 0.6593458151000686 0.7518398074789774 0
    outer loop
      vertex 9.70190296114372 12.70190296114372 1.19
      vertex 10.021525355721657 12.421601644053485 0
      vertex 9.70190296114372 12.70190296114372 0
    endloop
  endfacet
  facet normal 0.5555702330195985 0.8314696123025478 0
    outer loop
      vertex 10.021525355721657 12.421601644053485 1.19
      vertex 10.375 12.185417437700576 0
      vertex 10.021525355721657 12.421601644053485 0
    endloop
  endfacet
  facet normal 0.4422886902190025 0.8968727415326878 0
    outer loop
      vertex 10.375 12.185417437700576 1.19
      vertex 10.756278844813458 11.997391519338318 0
      vertex 10.375 12.185417437700576 0
    endloop
  endfacet
  facet normal 0.9978589232386036 0.06540312923014102 0
    outer loop
      vertex 8.75 15 1.19
      vertex 8.777804200535115 14.575789875284832 0
      vertex 8.75 15 0
    endloop
  endfacet
  facet normal 0.9978589232386036 -0.06540312923014102 0
    outer loop
      vertex 8.777804200535115 15.424210124715168 1.19
      vertex 8.75 15 0
      vertex 8.777804200535115 15.424210124715168 0
    endloop
  endfacet
  facet normal 0.9807852804032299 -0.19509032201613108 0
    outer loop
      vertex 8.860741064560528 15.841161896583193 1.19
      vertex 8.777804200535115 15.424210124715168 0
      vertex 8.860741064560528 15.841161896583193 0
    endloop
  endfacet
  facet normal 0.9469301294951055 -0.3214394653031622 0
    outer loop
      vertex 8.997391519338318 16.24372115518654 1.19
      vertex 8.860741064560528 15.841161896583193 0
      vertex 8.997391519338318 16.24372115518654 0
    endloop
  endfacet
  facet normal 0.8968727415326878 -0.4422886902190025 0
    outer loop
      vertex 9.185417437700576 16.625 1.19
      vertex 8.997391519338318 16.24372115518654 0
      vertex 9.185417437700576 16.625 0
    endloop
  endfacet
  facet normal 0.8314696123025478 -0.5555702330195985 0
    outer loop
      vertex 9.421601644053485 16.978474644278343 1.19
      vertex 9.185417437700576 16.625 0
      vertex 9.421601644053485 16.978474644278343 0
    endloop
  endfacet
  facet normal 0.7518398074789774 -0.6593458151000686 0
    outer loop
      vertex 9.70190296114372 17.29809703885628 1.19
      vertex 9.421601644053485 16.978474644278343 0
      vertex 9.70190296114372 17.29809703885628 0
    endloop
  endfacet
  facet normal 0.6593458151000686 -0.7518398074789774 0
    outer loop
      vertex 10.021525355721657 17.578398355946515 1.19
      vertex 9.70190296114372 17.29809703885628 0
      vertex 10.021525355721657 17.578398355946515 0
    endloop
  endfacet
  facet normal 0.3214394653031622 0.9469301294951055 0
    outer loop
      vertex 10.756278844813458 11.997391519338318 1.19
      vertex 11.158838103416807 11.860741064560528 0
      vertex 10.756278844813458 11.997391519338318 0
    endloop
  endfacet
  facet normal 0.19509032201613108 0.9807852804032299 0
    outer loop
      vertex 11.158838103416807 11.860741064560528 1.19
      vertex 11.575789875284832 11.777804200535115 0
      vertex 11.158838103416807 11.860741064560528 0
    endloop
  endfacet
  facet normal 0.06540312923014102 0.9978589232386036 0
    outer loop
      vertex 11.575789875284832 11.777804200535115 1.19
      vertex 12 11.75 0
      vertex 11.575789875284832 11.777804200535115 0
    endloop
  endfacet
  facet normal -0.06540312923014102 0.9978589232386036 0
    outer loop
      vertex 12 11.75 1.19
      vertex 12.424210124715168 11.777804200535115 0
      vertex 12 11.75 0
    endloop
  endfacet
  facet normal -0.19509032201613108 0.9807852804032299 0
    outer loop
      vertex 12.424210124715168 11.777804200535115 1.19
      vertex 12.841161896583193 11.860741064560528 0
      vertex 12.424210124715168 11.777804200535115 0
    endloop
  endfacet
  facet normal 0.5555702330195985 -0.8314696123025478 0
    outer loop
      vertex 10.375 17.814582562299424 1.19
      vertex 10.021525355721657 17.578398355946515 0
      vertex 10.375 17.814582562299424 0
    endloop
  endfacet
  facet normal 0.4422886902190025 -0.8968727415326878 0
    outer loop
      vertex 10.756278844813458 18.00260848066168 1.19
      vertex 10.375 17.814582562299424 0
      vertex 10.756278844813458 18.00260848066168 0
    endloop
  endfacet
  facet normal 0.3214394653031622 -0.9469301294951055 0
    outer loop
      vertex 11.158838103416807 18.13925893543947 1.19
      vertex 10.756278844813458 18.00260848066168 0
      vertex 11.158838103416807 18.13925893543947 0
    endloop
  endfacet
  facet normal 0.19509032201613108 -0.9807852804032299 0
    outer loop
      vertex 11.575789875284832 18.222195799464885 1.19
      vertex 11.158838103416807 18.13925893543947 0
      vertex 11.575789875284832 18.222195799464885 0
    endloop
  endfacet
  facet normal 0.06540312923014102 -0.9978589232386036 0
    outer loop
      vertex 12 18.25 1.19
      vertex 11.575789875284832 18.222195799464885 0
      vertex 12 18.25 0
    endloop
  endfacet
  facet normal -0.06540312923014102 -0.9978589232386036 0
    outer loop
      vertex 12.424210124715168 18.222195799464885 1.19
      vertex 12 18.25 0
      vertex 12.424210124715168 18.222195799464885 0
    endloop
  endfacet
  facet normal -0.3214394653031622 0.9469301294951055 0
    outer loop
      vertex 12.841161896583193 11.860741064560528 1.19
      vertex 13.243721155186542 11.997391519338318 0
      vertex 12.841161896583193 11.860741064560528 0
    endloop
  endfacet
  facet normal -0.4422886902190025 0.8968727415326878 0
    outer loop
      vertex 13.243721155186542 11.997391519338318 1.19
      vertex 13.625 12.185417437700576 0
      vertex 13.243721155186542 11.997391519338318 0
    endloop
  endfacet
  facet normal -0.5555702330195985 0.8314696123025478 0
    outer loop
      vertex 13.625 12.185417437700576 1.19
      vertex 13.978474644278343 12.421601644053485 0
      vertex 13.625 12.185417437700576 0
    endloop
  endfacet
  facet normal -0.6593458151000686 0.7518398074789774 0
    outer loop
      vertex 13.978474644278343 12.421601644053485 1.19
      vertex 14.29809703885628 12.70190296114372 0
      vertex 13.978474644278343 12.421601644053485 0
    endloop
  endfacet
  facet normal -0.7518398074789774 0.6593458151000686 0
    outer loop
      vertex 14.29809703885628 12.70190296114372 1.19
      vertex 14.578398355946515 13.021525355721657 0
      vertex 14.29809703885628 12.70190296114372 0
    endloop
  endfacet
  facet normal -0.8314696123025478 0.5555702330195985 0
    outer loop
      vertex 14.578398355946515 13.021525355721657 1.19
      vertex 14.814582562299424 13.375 0
      vertex 14.578398355946515 13.021525355721657 0
    endloop
  endfacet
  facet normal -0.6593458151000686 -0.7518398074789774 0
    outer loop
      vertex 14.29809703885628 17.29809703885628 1.19
      vertex 13.978474644278343 17.578398355946515 0
      vertex 14.29809703885628 17.29809703885628 0
    endloop
  endfacet
  facet normal -0.8314696123025478 -0.5555702330195985 0
    outer loop
      vertex 14.814582562299424 16.625 1.19
      vertex 14.578398355946515 16.978474644278343 0
      vertex 14.814582562299424 16.625 0
    endloop
  endfacet
  facet normal -0.7518398074789774 -0.6593458151000686 0
    outer loop
      vertex 14.578398355946515 16.978474644278343 1.19
      vertex 14.29809703885628 17.29809703885628 0
      vertex 14.578398355946515 16.978474644278343 0
    endloop
  endfacet
  facet normal -0.8968727415326878 0.4422886902190025 0
    outer loop
      vertex 14.814582562299424 13.375 1.19
      vertex 15.002608480661682 13.756278844813458 0
      vertex 14.814582562299424 13.375 0
    endloop
  endfacet
  facet normal -0.9469301294951055 0.3214394653031622 0
    outer loop
      vertex 15.002608480661682 13.756278844813458 1.19
      vertex 15.139258935439472 14.158838103416807 0
      vertex 15.002608480661682 13.756278844813458 0
    endloop
  endfacet
  facet normal -0.9807852804032299 0.19509032201613108 0
    outer loop
      vertex 15.139258935439472 14.158838103416807 1.19
      vertex 15.222195799464885 14.575789875284832 0
      vertex 15.139258935439472 14.158838103416807 0
    endloop
  endfacet
  facet normal -0.9978589232386036 0.06540312923014102 0
    outer loop
      vertex 15.222195799464885 14.575789875284832 1.19
      vertex 15.25 15 0
      vertex 15.222195799464885 14.575789875284832 0
    endloop
  endfacet
  facet normal -0.9978589232386036 -0.06540312923014102 0
    outer loop
      vertex 15.25 15 1.19
      vertex 15.222195799464885 15.424210124715168 0
      vertex 15.25 15 0
    endloop
  endfacet
  facet normal -0.9807852804032299 -0.19509032201613108 0
    outer loop
      vertex 15.222195799464885 15.424210124715168 1.19
      vertex 15.139258935439472 15.841161896583193 0
      vertex 15.222195799464885 15.424210124715168 0
    endloop
  endfacet
  facet normal -0.9469301294951055 -0.3214394653031622 0
    outer loop
      vertex 15.139258935439472 15.841161896583193 1.19
      vertex 15.002608480661682 16.24372115518654 0
      vertex 15.139258935439472 15.841161896583193 0
    endloop
  endfacet
  facet normal -0.8968727415326878 -0.4422886902190025 0
    outer loop
      vertex 15.002608480661682 16.24372115518654 1.19
      vertex 14.814582562299424 16.625 0
      vertex 15.002608480661682 16.24372115518654 0
    endloop
  endfacet
  facet normal -0.19509032201613108 -0.9807852804032299 0
    outer loop
      vertex 12.841161896583193 18.13925893543947 1.19
      vertex 12.424210124715168 18.222195799464885 0
      vertex 12.841161896583193 18.13925893543947 0
    endloop
  endfacet
  facet normal -0.3214394653031622 -0.9469301294951055 0
    outer loop
      vertex 13.243721155186542 18.00260848066168 1.19
      vertex 12.841161896583193 18.13925893543947 0
      vertex 13.243721155186542 18.00260848066168 0
    endloop
  endfacet
  facet normal -0.4422886902190025 -0.8968727415326878 0
    outer loop
      vertex 13.625 17.814582562299424 1.19
      vertex 13.243721155186542 18.00260848066168 0
      vertex 13.625 17.814582562299424 0
    endloop
  endfacet
  facet normal -0.5555702330195985 -0.8314696123025478 0
    outer loop
      vertex 13.978474644278343 17.578398355946515 1.19
      vertex 13.625 17.814582562299424 0
      vertex 13.978474644278343 17.578398355946515 0
    endloop
  endfacet
  facet normal 0.8314696123025478 0.5555702330195985 1.1698918694203497e-17
    outer loop
      vertex 9.185417437700576 13.375 1.19
      vertex 9.421601644053485 13.021525355721657 1.19
      vertex 9.421601644053485 13.021525355721657 0
    endloop
  endfacet
  facet normal 0.9469301294951055 0.3214394653031622 0
    outer loop
      vertex 8.997391519338318 13.756278844813458 1.19
      vertex 8.997391519338318 13.756278844813458 0
      vertex 8.860741064560528 14.158838103416807 1.19
    endloop
  endfacet
  facet normal 0.9807852804032299 0.19509032201613108 0
    outer loop
      vertex 8.860741064560528 14.158838103416807 1.19
      vertex 8.860741064560528 14.158838103416807 0
      vertex 8.777804200535115 14.575789875284832 1.19
    endloop
  endfacet
  facet normal 0.8968727415326878 0.4422886902190025 -5.400571943120902e-18
    outer loop
      vertex 8.997391519338318 13.756278844813458 1.19
      vertex 9.185417437700576 13.375 1.19
      vertex 9.185417437700576 13.375 0
    endloop
  endfacet
  facet normal 0.7518398074789774 0.6593458151000686 1.2955251580005302e-18
    outer loop
      vertex 9.421601644053485 13.021525355721657 1.19
      vertex 9.70190296114372 12.70190296114372 1.19
      vertex 9.70190296114372 12.70190296114372 0
    endloop
  endfacet
  facet normal 0.6593458151000686 0.7518398074789774 1.2955251580005302e-18
    outer loop
      vertex 9.70190296114372 12.70190296114372 1.19
      vertex 10.021525355721657 12.421601644053485 1.19
      vertex 10.021525355721657 12.421601644053485 0
    endloop
  endfacet
  facet normal 0.5555702330195985 0.8314696123025478 1.1698918694203497e-17
    outer loop
      vertex 10.021525355721657 12.421601644053485 1.19
      vertex 10.375 12.185417437700576 1.19
      vertex 10.375 12.185417437700576 0
    endloop
  endfacet
  facet normal 0.9978589232386036 0.06540312923014102 0
    outer loop
      vertex 8.777804200535115 14.575789875284832 1.19
      vertex 8.777804200535115 14.575789875284832 0
      vertex 8.75 15 1.19
    endloop
  endfacet
  facet normal 0.9978589232386036 -0.06540312923014102 0
    outer loop
      vertex 8.75 15 1.19
      vertex 8.75 15 0
      vertex 8.777804200535115 15.424210124715168 1.19
    endloop
  endfacet
  facet normal 0.9807852804032299 -0.19509032201613108 0
    outer loop
      vertex 8.777804200535115 15.424210124715168 1.19
      vertex 8.777804200535115 15.424210124715168 0
      vertex 8.860741064560528 15.841161896583193 1.19
    endloop
  endfacet
  facet normal 0.9469301294951055 -0.3214394653031622 0
    outer loop
      vertex 8.860741064560528 15.841161896583193 1.19
      vertex 8.860741064560528 15.841161896583193 0
      vertex 8.997391519338318 16.24372115518654 1.19
    endloop
  endfacet
  facet normal 0.8968727415326878 -0.4422886902190025 0
    outer loop
      vertex 8.997391519338318 16.24372115518654 1.19
      vertex 8.997391519338318 16.24372115518654 0
      vertex 9.185417437700576 16.625 1.19
    endloop
  endfacet
  facet normal 0.8314696123025478 -0.5555702330195985 0
    outer loop
      vertex 9.185417437700576 16.625 1.19
      vertex 9.185417437700576 16.625 0
      vertex 9.421601644053485 16.978474644278343 1.19
    endloop
  endfacet
  facet normal 0.7518398074789774 -0.6593458151000686 0
    outer loop
      vertex 9.421601644053485 16.978474644278343 1.19
      vertex 9.421601644053485 16.978474644278343 0
      vertex 9.70190296114372 17.29809703885628 1.19
    endloop
  endfacet
  facet normal 0.6593458151000686 -0.7518398074789774 0
    outer loop
      vertex 9.70190296114372 17.29809703885628 1.19
      vertex 9.70190296114372 17.29809703885628 0
      vertex 10.021525355721657 17.578398355946515 1.19
    endloop
  endfacet
  facet normal 0.4422886902190025 0.8968727415326878 -5.400571943120902e-18
    outer loop
      vertex 10.375 12.185417437700576 1.19
      vertex 10.756278844813458 11.997391519338318 1.19
      vertex 10.756278844813458 11.997391519338318 0
    endloop
  endfacet
  facet normal 0.3214394653031622 0.9469301294951055 5.613566921024874e-18
    outer loop
      vertex 10.756278844813458 11.997391519338318 1.19
      vertex 11.158838103416807 11.860741064560528 1.19
      vertex 11.158838103416807 11.860741064560528 0
    endloop
  endfacet
  facet normal 0.19509032201613108 0.9807852804032299 -5.166185788794381e-19
    outer loop
      vertex 11.158838103416807 11.860741064560528 1.19
      vertex 11.575789875284832 11.777804200535115 1.19
      vertex 11.575789875284832 11.777804200535115 0
    endloop
  endfacet
  facet normal 0.06540312923014102 0.9978589232386036 -1.4892971924798227e-18
    outer loop
      vertex 11.575789875284832 11.777804200535115 1.19
      vertex 12 11.75 1.19
      vertex 12 11.75 0
    endloop
  endfacet
  facet normal -0.06540312923014102 0.9978589232386036 1.4892971924798227e-18
    outer loop
      vertex 12 11.75 1.19
      vertex 12.424210124715168 11.777804200535115 1.19
      vertex 12.424210124715168 11.777804200535115 0
    endloop
  endfacet
  facet normal 0.5555702330195985 -0.8314696123025478 0
    outer loop
      vertex 10.021525355721657 17.578398355946515 1.19
      vertex 10.021525355721657 17.578398355946515 0
      vertex 10.375 17.814582562299424 1.19
    endloop
  endfacet
  facet normal 0.4422886902190025 -0.8968727415326878 0
    outer loop
      vertex 10.375 17.814582562299424 1.19
      vertex 10.375 17.814582562299424 0
      vertex 10.756278844813458 18.00260848066168 1.19
    endloop
  endfacet
  facet normal 0.3214394653031622 -0.9469301294951055 0
    outer loop
      vertex 10.756278844813458 18.00260848066168 1.19
      vertex 10.756278844813458 18.00260848066168 0
      vertex 11.158838103416807 18.13925893543947 1.19
    endloop
  endfacet
  facet normal 0.19509032201613108 -0.9807852804032299 0
    outer loop
      vertex 11.158838103416807 18.13925893543947 1.19
      vertex 11.158838103416807 18.13925893543947 0
      vertex 11.575789875284832 18.222195799464885 1.19
    endloop
  endfacet
  facet normal 0.06540312923014102 -0.9978589232386036 0
    outer loop
      vertex 11.575789875284832 18.222195799464885 1.19
      vertex 11.575789875284832 18.222195799464885 0
      vertex 12 18.25 1.19
    endloop
  endfacet
  facet normal -0.06540312923014102 -0.9978589232386036 0
    outer loop
      vertex 12 18.25 1.19
      vertex 12 18.25 0
      vertex 12.424210124715168 18.222195799464885 1.19
    endloop
  endfacet
  facet normal -0.19509032201613108 -0.9807852804032299 0
    outer loop
      vertex 12.424210124715168 18.222195799464885 1.19
      vertex 12.424210124715168 18.222195799464885 0
      vertex 12.841161896583193 18.13925893543947 1.19
    endloop
  endfacet
  facet normal -0.19509032201613108 0.9807852804032299 5.166185788794381e-19
    outer loop
      vertex 12.424210124715168 11.777804200535115 1.19
      vertex 12.841161896583193 11.860741064560528 1.19
      vertex 12.841161896583193 11.860741064560528 0
    endloop
  endfacet
  facet normal -0.3214394653031622 0.9469301294951055 -5.613566921024874e-18
    outer loop
      vertex 12.841161896583193 11.860741064560528 1.19
      vertex 13.243721155186542 11.997391519338318 1.19
      vertex 13.243721155186542 11.997391519338318 0
    endloop
  endfacet
  facet normal -0.4422886902190025 0.8968727415326878 5.400571943120902e-18
    outer loop
      vertex 13.243721155186542 11.997391519338318 1.19
      vertex 13.625 12.185417437700576 1.19
      vertex 13.625 12.185417437700576 0
    endloop
  endfacet
  facet normal -0.5555702330195985 0.8314696123025478 -1.1698918694203497e-17
    outer loop
      vertex 13.625 12.185417437700576 1.19
      vertex 13.978474644278343 12.421601644053485 1.19
      vertex 13.978474644278343 12.421601644053485 0
    endloop
  endfacet
  facet normal -0.6593458151000686 0.7518398074789774 -1.2955251580005302e-18
    outer loop
      vertex 13.978474644278343 12.421601644053485 1.19
      vertex 14.29809703885628 12.70190296114372 1.19
      vertex 14.29809703885628 12.70190296114372 0
    endloop
  endfacet
  facet normal -0.7518398074789774 0.6593458151000686 -1.2955251580005302e-18
    outer loop
      vertex 14.29809703885628 12.70190296114372 1.19
      vertex 14.578398355946515 13.021525355721657 1.19
      vertex 14.578398355946515 13.021525355721657 0
    endloop
  endfacet
  facet normal -0.8314696123025478 0.5555702330195985 -1.1698918694203497e-17
    outer loop
      vertex 14.578398355946515 13.021525355721657 1.19
      vertex 14.814582562299424 13.375 1.19
      vertex 14.814582562299424 13.375 0
    endloop
  endfacet
  facet normal -0.6593458151000686 -0.7518398074789774 0
    outer loop
      vertex 13.978474644278343 17.578398355946515 1.19
      vertex 13.978474644278343 17.578398355946515 0
      vertex 14.29809703885628 17.29809703885628 1.19
    endloop
  endfacet
  facet normal -0.7518398074789774 -0.6593458151000686 1.2955251580005302e-18
    outer loop
      vertex 14.578398355946515 16.978474644278343 1.19
      vertex 14.29809703885628 17.29809703885628 1.19
      vertex 14.29809703885628 17.29809703885628 0
    endloop
  endfacet
  facet normal -0.8314696123025478 -0.5555702330195985 0
    outer loop
      vertex 14.578398355946515 16.978474644278343 1.19
      vertex 14.578398355946515 16.978474644278343 0
      vertex 14.814582562299424 16.625 1.19
    endloop
  endfacet
  facet normal -0.8968727415326878 0.4422886902190025 5.400571943120902e-18
    outer loop
      vertex 14.814582562299424 13.375 1.19
      vertex 15.002608480661682 13.756278844813458 1.19
      vertex 15.002608480661682 13.756278844813458 0
    endloop
  endfacet
  facet normal -0.9469301294951055 0.3214394653031622 -5.613566921024874e-18
    outer loop
      vertex 15.002608480661682 13.756278844813458 1.19
      vertex 15.139258935439472 14.158838103416807 1.19
      vertex 15.139258935439472 14.158838103416807 0
    endloop
  endfacet
  facet normal -0.9807852804032299 0.19509032201613108 5.166185788794381e-19
    outer loop
      vertex 15.139258935439472 14.158838103416807 1.19
      vertex 15.222195799464885 14.575789875284832 1.19
      vertex 15.222195799464885 14.575789875284832 0
    endloop
  endfacet
  facet normal -0.9978589232386036 0.06540312923014102 1.4892971924798227e-18
    outer loop
      vertex 15.222195799464885 14.575789875284832 1.19
      vertex 15.25 15 1.19
      vertex 15.25 15 0
    endloop
  endfacet
  facet normal -0.9978589232386036 -0.06540312923014102 -1.4892971924798227e-18
    outer loop
      vertex 15.25 15 1.19
      vertex 15.222195799464885 15.424210124715168 1.19
      vertex 15.222195799464885 15.424210124715168 0
    endloop
  endfacet
  facet normal -0.9807852804032299 -0.19509032201613108 -5.166185788794381e-19
    outer loop
      vertex 15.222195799464885 15.424210124715168 1.19
      vertex 15.139258935439472 15.841161896583193 1.19
      vertex 15.139258935439472 15.841161896583193 0
    endloop
  endfacet
  facet normal -0.8968727415326878 -0.4422886902190025 0
    outer loop
      vertex 14.814582562299424 16.625 1.19
      vertex 14.814582562299424 16.625 0
      vertex 15.002608480661682 16.24372115518654 1.19
    endloop
  endfacet
  facet normal -0.9469301294951055 -0.3214394653031622 5.613566921024874e-18
    outer loop
      vertex 15.139258935439472 15.841161896583193 1.19
      vertex 15.002608480661682 16.24372115518654 1.19
      vertex 15.002608480661682 16.24372115518654 0
    endloop
  endfacet
  facet normal -0.3214394653031622 -0.9469301294951055 0
    outer loop
      vertex 12.841161896583193 18.13925893543947 1.19
      vertex 12.841161896583193 18.13925893543947 0
      vertex 13.243721155186542 18.00260848066168 1.19
    endloop
  endfacet
  facet normal -0.4422886902190025 -0.8968727415326878 0
    outer loop
      vertex 13.243721155186542 18.00260848066168 1.19
      vertex 13.243721155186542 18.00260848066168 0
      vertex 13.625 17.814582562299424 1.19
    endloop
  endfacet
  facet normal -0.5555702330195985 -0.8314696123025478 0
    outer loop
      vertex 13.625 17.814582562299424 1.19
      vertex 13.625 17.814582562299424 0
      vertex 13.978474644278343 17.578398355946515 1.19
    endloop
  endfacet
  facet normal 0 0 -1
    outer loop
      vertex 8.997391519338318 13.756278844813458 1.19
      vertex 8.860741064560528 14.158838103416807 1.19
      vertex 8.860741064560528 15.841161896583193 1.19
    endloop
  endfacet
  facet normal 0 0 -1
    outer loop
      vertex 8.997391519338318 13.756278844813458 1.19
      vertex 8.997391519338318 16.24372115518654 1.19
      vertex 9.185417437700576 13.375 1.19
    endloop
  endfacet
  facet normal 0 0 -1
    outer loop
      vertex 9.185417437700576 13.375 1.19
      vertex 9.185417437700576 16.625 1.19
      vertex 9.421601644053485 13.021525355721657 1.19
    endloop
  endfacet
  facet normal 0 0 -1
    outer loop
      vertex 9.421601644053485 13.021525355721657 1.19
      vertex 9.421601644053485 16.978474644278343 1.19
      vertex 9.70190296114372 12.70190296114372 1.19
    endloop
  endfacet
  facet normal 0 0 -1
    outer loop
      vertex 9.70190296114372 12.70190296114372 1.19
      vertex 9.70190296114372 17.29809703885628 1.19
      vertex 10.021525355721657 12.421601644053485 1.19
    endloop
  endfacet
  facet normal 0 0 -1
    outer loop
      vertex 10.021525355721657 12.421601644053485 1.19
      vertex 10.021525355721657 17.578398355946515 1.19
      vertex 10.375 12.185417437700576 1.19
    endloop
  endfacet
  facet normal 0 0 -1
    outer loop
      vertex 10.375 12.185417437700576 1.19
      vertex 10.375 17.814582562299424 1.19
      vertex 10.756278844813458 11.997391519338318 1.19
    endloop
  endfacet
  facet normal 0 0 -1
    outer loop
      vertex 8.860741064560528 14.158838103416807 1.19
      vertex 8.777804200535115 14.575789875284832 1.19
      vertex 8.777804200535115 15.424210124715168 1.19
    endloop
  endfacet
  facet normal 0 0 -1
    outer loop
      vertex 8.777804200535115 14.575789875284832 1.19
      vertex 8.75 15 1.19
      vertex 8.777804200535115 15.424210124715168 1.19
    endloop
  endfacet
  facet normal 0 0 -1
    outer loop
      vertex 8.860741064560528 14.158838103416807 1.19
      vertex 8.777804200535115 15.424210124715168 1.19
      vertex 8.860741064560528 15.841161896583193 1.19
    endloop
  endfacet
  facet normal 0 0 -1
    outer loop
      vertex 8.997391519338318 13.756278844813458 1.19
      vertex 8.860741064560528 15.841161896583193 1.19
      vertex 8.997391519338318 16.24372115518654 1.19
    endloop
  endfacet
  facet normal 0 0 -1
    outer loop
      vertex 9.185417437700576 13.375 1.19
      vertex 8.997391519338318 16.24372115518654 1.19
      vertex 9.185417437700576 16.625 1.19
    endloop
  endfacet
  facet normal 0 0 -1
    outer loop
      vertex 9.421601644053485 13.021525355721657 1.19
      vertex 9.185417437700576 16.625 1.19
      vertex 9.421601644053485 16.978474644278343 1.19
    endloop
  endfacet
  facet normal 0 0 -1
    outer loop
      vertex 9.70190296114372 12.70190296114372 1.19
      vertex 9.421601644053485 16.978474644278343 1.19
      vertex 9.70190296114372 17.29809703885628 1.19
    endloop
  endfacet
  facet normal 0 0 -1
    outer loop
      vertex 10.021525355721657 12.421601644053485 1.19
      vertex 9.70190296114372 17.29809703885628 1.19
      vertex 10.021525355721657 17.578398355946515 1.19
    endloop
  endfacet
  facet normal 0 0 -1
    outer loop
      vertex 10.375 12.185417437700576 1.19
      vertex 10.021525355721657 17.578398355946515 1.19
      vertex 10.375 17.814582562299424 1.19
    endloop
  endfacet
  facet normal 0 0 -1
    outer loop
      vertex 10.756278844813458 11.997391519338318 1.19
      vertex 10.756278844813458 18.00260848066168 1.19
      vertex 11.158838103416807 11.860741064560528 1.19
    endloop
  endfacet
  facet normal 0 0 -1
    outer loop
      vertex 11.158838103416807 11.860741064560528 1.19
      vertex 11.158838103416807 18.13925893543947 1.19
      vertex 11.575789875284832 11.777804200535115 1.19
    endloop
  endfacet
  facet normal 0 0 -1
    outer loop
      vertex 11.575789875284832 11.777804200535115 1.19
      vertex 11.575789875284832 18.222195799464885 1.19
      vertex 12 11.75 1.19
    endloop
  endfacet
  facet normal 0 0 -1
    outer loop
      vertex 12 11.75 1.19
      vertex 12 18.25 1.19
      vertex 12.424210124715168 11.777804200535115 1.19
    endloop
  endfacet
  facet normal 0 0 -1
    outer loop
      vertex 12.424210124715168 11.777804200535115 1.19
      vertex 12.424210124715168 18.222195799464885 1.19
      vertex 12.841161896583193 11.860741064560528 1.19
    endloop
  endfacet
  facet normal 0 0 -1
    outer loop
      vertex 10.756278844813458 11.997391519338318 1.19
      vertex 10.375 17.814582562299424 1.19
      vertex 10.756278844813458 18.00260848066168 1.19
    endloop
  endfacet
  facet normal 0 0 -1
    outer loop
      vertex 11.158838103416807 11.860741064560528 1.19
      vertex 10.756278844813458 18.00260848066168 1.19
      vertex 11.158838103416807 18.13925893543947 1.19
    endloop
  endfacet
  facet normal 0 0 -1
    outer loop
      vertex 11.575789875284832 11.777804200535115 1.19
      vertex 11.158838103416807 18.13925893543947 1.19
      vertex 11.575789875284832 18.222195799464885 1.19
    endloop
  endfacet
  facet normal 0 0 -1
    outer loop
      vertex 11.575789875284832 18.222195799464885 1.19
      vertex 12 18.25 1.19
      vertex 12 11.75 1.19
    endloop
  endfacet
  facet normal 0 0 -1
    outer loop
      vertex 12.424210124715168 11.777804200535115 1.19
      vertex 12 18.25 1.19
      vertex 12.424210124715168 18.222195799464885 1.19
    endloop
  endfacet
  facet normal 0 0 -1
    outer loop
      vertex 12.841161896583193 11.860741064560528 1.19
      vertex 12.841161896583193 18.13925893543947 1.19
      vertex 13.243721155186542 11.997391519338318 1.19
    endloop
  endfacet
  facet normal 0 0 -1
    outer loop
      vertex 13.243721155186542 11.997391519338318 1.19
      vertex 13.243721155186542 18.00260848066168 1.19
      vertex 13.625 12.185417437700576 1.19
    endloop
  endfacet
  facet normal 0 0 -1
    outer loop
      vertex 13.625 12.185417437700576 1.19
      vertex 13.625 17.814582562299424 1.19
      vertex 13.978474644278343 12.421601644053485 1.19
    endloop
  endfacet
  facet normal 0 0 -1
    outer loop
      vertex 13.978474644278343 12.421601644053485 1.19
      vertex 13.978474644278343 17.578398355946515 1.19
      vertex 14.29809703885628 12.70190296114372 1.19
    endloop
  endfacet
  facet normal 0 0 -1
    outer loop
      vertex 14.29809703885628 12.70190296114372 1.19
      vertex 14.29809703885628 17.29809703885628 1.19
      vertex 14.578398355946515 13.021525355721657 1.19
    endloop
  endfacet
  facet normal 0 0 -1
    outer loop
      vertex 14.578398355946515 13.021525355721657 1.19
      vertex 14.578398355946515 16.978474644278343 1.19
      vertex 14.814582562299424 13.375 1.19
    endloop
  endfacet
  facet normal 0 0 -1
    outer loop
      vertex 13.243721155186542 11.997391519338318 1.19
      vertex 12.841161896583193 18.13925893543947 1.19
      vertex 13.243721155186542 18.00260848066168 1.19
    endloop
  endfacet
  facet normal 0 0 -1
    outer loop
      vertex 13.625 12.185417437700576 1.19
      vertex 13.243721155186542 18.00260848066168 1.19
      vertex 13.625 17.814582562299424 1.19
    endloop
  endfacet
  facet normal 0 0 -1
    outer loop
      vertex 12.841161896583193 11.860741064560528 1.19
      vertex 12.424210124715168 18.222195799464885 1.19
      vertex 12.841161896583193 18.13925893543947 1.19
    endloop
  endfacet
  facet normal 0 0 -1
    outer loop
      vertex 13.978474644278343 12.421601644053485 1.19
      vertex 13.625 17.814582562299424 1.19
      vertex 13.978474644278343 17.578398355946515 1.19
    endloop
  endfacet
  facet normal 0 0 -1
    outer loop
      vertex 14.29809703885628 12.70190296114372 1.19
      vertex 13.978474644278343 17.578398355946515 1.19
      vertex 14.29809703885628 17.29809703885628 1.19
    endloop
  endfacet
  facet normal 0 0 -1
    outer loop
      vertex 14.578398355946515 13.021525355721657 1.19
      vertex 14.29809703885628 17.29809703885628 1.19
      vertex 14.578398355946515 16.978474644278343 1.19
    endloop
  endfacet
  facet normal 0 0 -1
    outer loop
      vertex 14.814582562299424 13.375 1.19
      vertex 14.578398355946515 16.978474644278343 1.19
      vertex 14.814582562299424 16.625 1.19
    endloop
  endfacet
  facet normal 0 0 -1
    outer loop
      vertex 14.814582562299424 13.375 1.19
      vertex 14.814582562299424 16.625 1.19
      vertex 15.002608480661682 13.756278844813458 1.19
    endloop
  endfacet
  facet normal 0 0 -1
    outer loop
      vertex 15.002608480661682 13.756278844813458 1.19
      vertex 15.002608480661682 16.24372115518654 1.19
      vertex 15.139258935439472 14.158838103416807 1.19
    endloop
  endfacet
  facet normal 0 0 -1
    outer loop
      vertex 15.139258935439472 14.158838103416807 1.19
      vertex 15.139258935439472 15.841161896583193 1.19
      vertex 15.222195799464885 14.575789875284832 1.19
    endloop
  endfacet
  facet normal 0 0 -1
    outer loop
      vertex 15.222195799464885 14.575789875284832 1.19
      vertex 15.222195799464885 15.424210124715168 1.19
      vertex 15.25 15 1.19
    endloop
  endfacet
  facet normal 0 0 -1
    outer loop
      vertex 15.222195799464885 14.575789875284832 1.19
      vertex 15.139258935439472 15.841161896583193 1.19
      vertex 15.222195799464885 15.424210124715168 1.19
    endloop
  endfacet
  facet normal 0 0 -1
    outer loop
      vertex 14.814582562299424 16.625 1.19
      vertex 15.002608480661682 16.24372115518654 1.19
      vertex 15.002608480661682 13.756278844813458 1.19
    endloop
  endfacet
  facet normal 0 0 -1
    outer loop
      vertex 15.139258935439472 14.158838103416807 1.19
      vertex 15.002608480661682 16.24372115518654 1.19
      vertex 15.139258935439472 15.841161896583193 1.19
    endloop
  endfacet
  facet normal 0.555570233019587 0.8314696123025554 0
    outer loop
      vertex 10.021525355721657 75.92160164405348 1.19
      vertex 10.375 75.68541743770058 0
      vertex 10.021525355721657 75.92160164405348 0
    endloop
  endfacet
  facet normal 0.4422886902190025 0.8968727415326878 0
    outer loop
      vertex 10.375 75.68541743770058 1.19
      vertex 10.756278844813458 75.49739151933832 0
      vertex 10.375 75.68541743770058 0
    endloop
  endfacet
  facet normal 0.3214394653031697 0.946930129495103 0
    outer loop
      vertex 10.756278844813458 75.49739151933832 1.19
      vertex 11.158838103416807 75.36074106456053 0
      vertex 10.756278844813458 75.49739151933832 0
    endloop
  endfacet
  facet normal 0.19509032201613108 0.9807852804032299 0
    outer loop
      vertex 11.158838103416807 75.36074106456053 1.19
      vertex 11.575789875284832 75.27780420053512 0
      vertex 11.158838103416807 75.36074106456053 0
    endloop
  endfacet
  facet normal 0.06540312923014102 0.9978589232386036 0
    outer loop
      vertex 11.575789875284832 75.27780420053512 1.19
      vertex 12 75.25 0
      vertex 11.575789875284832 75.27780420053512 0
    endloop
  endfacet
  facet normal -0.06540312923014102 0.9978589232386036 0
    outer loop
      vertex 12 75.25 1.19
      vertex 12.424210124715168 75.27780420053512 0
      vertex 12 75.25 0
    endloop
  endfacet
  facet normal 0.8968727415326909 0.4422886902189958 0
    outer loop
      vertex 8.997391519338318 77.25627884481347 1.19
      vertex 9.185417437700576 76.875 0
      vertex 8.997391519338318 77.25627884481347 0
    endloop
  endfacet
  facet normal 0.8314696123025426 0.5555702330196062 0
    outer loop
      vertex 9.185417437700576 76.875 1.19
      vertex 9.421601644053485 76.52152535572166 0
      vertex 9.185417437700576 76.875 0
    endloop
  endfacet
  facet normal 0.946930129495105 0.3214394653031635 0
    outer loop
      vertex 8.860741064560528 77.65883810341681 1.19
      vertex 8.997391519338318 77.25627884481347 0
      vertex 8.860741064560528 77.65883810341681 0
    endloop
  endfacet
  facet normal 0.9807852804032289 0.19509032201613585 0
    outer loop
      vertex 8.777804200535115 78.07578987528483 1.19
      vertex 8.860741064560528 77.65883810341681 0
      vertex 8.777804200535115 78.07578987528483 0
    endloop
  endfacet
  facet normal 0.9978589232386036 0.0654031292301402 0
    outer loop
      vertex 8.75 78.5 1.19
      vertex 8.777804200535115 78.07578987528483 0
      vertex 8.75 78.5 0
    endloop
  endfacet
  facet normal 0.9978589232386036 -0.0654031292301402 0
    outer loop
      vertex 8.777804200535115 78.92421012471517 1.19
      vertex 8.75 78.5 0
      vertex 8.777804200535115 78.92421012471517 0
    endloop
  endfacet
  facet normal 0.7518398074789885 0.6593458151000564 0
    outer loop
      vertex 9.421601644053485 76.52152535572166 1.19
      vertex 9.70190296114372 76.20190296114372 0
      vertex 9.421601644053485 76.52152535572166 0
    endloop
  endfacet
  facet normal 0.6593458151000686 0.7518398074789774 0
    outer loop
      vertex 9.70190296114372 76.20190296114372 1.19
      vertex 10.021525355721657 75.92160164405348 0
      vertex 9.70190296114372 76.20190296114372 0
    endloop
  endfacet
  facet normal 0.9807852804032289 -0.19509032201613585 0
    outer loop
      vertex 8.860741064560528 79.34116189658319 1.19
      vertex 8.777804200535115 78.92421012471517 0
      vertex 8.860741064560528 79.34116189658319 0
    endloop
  endfacet
  facet normal 0.946930129495105 -0.3214394653031635 0
    outer loop
      vertex 8.997391519338318 79.74372115518653 1.19
      vertex 8.860741064560528 79.34116189658319 0
      vertex 8.997391519338318 79.74372115518653 0
    endloop
  endfacet
  facet normal 0.8968727415326909 -0.4422886902189958 0
    outer loop
      vertex 9.185417437700576 80.125 1.19
      vertex 8.997391519338318 79.74372115518653 0
      vertex 9.185417437700576 80.125 0
    endloop
  endfacet
  facet normal 0.8314696123025426 -0.5555702330196062 0
    outer loop
      vertex 9.421601644053485 80.47847464427834 1.19
      vertex 9.185417437700576 80.125 0
      vertex 9.421601644053485 80.47847464427834 0
    endloop
  endfacet
  facet normal 0.7518398074789885 -0.6593458151000564 0
    outer loop
      vertex 9.70190296114372 80.79809703885628 1.19
      vertex 9.421601644053485 80.47847464427834 0
      vertex 9.70190296114372 80.79809703885628 0
    endloop
  endfacet
  facet normal 0.6593458151000686 -0.7518398074789774 0
    outer loop
      vertex 10.021525355721657 81.07839835594652 1.19
      vertex 9.70190296114372 80.79809703885628 0
      vertex 10.021525355721657 81.07839835594652 0
    endloop
  endfacet
  facet normal 0.555570233019587 -0.8314696123025554 0
    outer loop
      vertex 10.375 81.31458256229942 1.19
      vertex 10.021525355721657 81.07839835594652 0
      vertex 10.375 81.31458256229942 0
    endloop
  endfacet
  facet normal 0.4422886902190025 -0.8968727415326878 0
    outer loop
      vertex 10.756278844813458 81.50260848066168 1.19
      vertex 10.375 81.31458256229942 0
      vertex 10.756278844813458 81.50260848066168 0
    endloop
  endfacet
  facet normal 0.3214394653031697 -0.946930129495103 0
    outer loop
      vertex 11.158838103416807 81.63925893543947 1.19
      vertex 10.756278844813458 81.50260848066168 0
      vertex 11.158838103416807 81.63925893543947 0
    endloop
  endfacet
  facet normal 0.19509032201613108 -0.9807852804032299 0
    outer loop
      vertex 11.575789875284832 81.72219579946488 1.19
      vertex 11.158838103416807 81.63925893543947 0
      vertex 11.575789875284832 81.72219579946488 0
    endloop
  endfacet
  facet normal 0.06540312923014102 -0.9978589232386036 0
    outer loop
      vertex 12 81.75 1.19
      vertex 11.575789875284832 81.72219579946488 0
      vertex 12 81.75 0
    endloop
  endfacet
  facet normal -0.06540312923014102 -0.9978589232386036 0
    outer loop
      vertex 12.424210124715168 81.72219579946488 1.19
      vertex 12 81.75 0
      vertex 12.424210124715168 81.72219579946488 0
    endloop
  endfacet
  facet normal -0.19509032201613108 0.9807852804032299 0
    outer loop
      vertex 12.841161896583193 75.36074106456053 1.19
      vertex 12.841161896583193 75.36074106456053 0
      vertex 12.424210124715168 75.27780420053512 0
    endloop
  endfacet
  facet normal -0.3214394653031697 0.946930129495103 0
    outer loop
      vertex 12.841161896583193 75.36074106456053 1.19
      vertex 13.243721155186542 75.49739151933832 0
      vertex 12.841161896583193 75.36074106456053 0
    endloop
  endfacet
  facet normal -0.4422886902190025 0.8968727415326878 0
    outer loop
      vertex 13.243721155186542 75.49739151933832 1.19
      vertex 13.625 75.68541743770058 0
      vertex 13.243721155186542 75.49739151933832 0
    endloop
  endfacet
  facet normal -0.555570233019587 0.8314696123025554 0
    outer loop
      vertex 13.625 75.68541743770058 1.19
      vertex 13.978474644278343 75.92160164405348 0
      vertex 13.625 75.68541743770058 0
    endloop
  endfacet
  facet normal -0.6593458151000686 0.7518398074789774 0
    outer loop
      vertex 13.978474644278343 75.92160164405348 1.19
      vertex 14.29809703885628 76.20190296114372 0
      vertex 13.978474644278343 75.92160164405348 0
    endloop
  endfacet
  facet normal -0.7518398074789885 0.6593458151000564 0
    outer loop
      vertex 14.29809703885628 76.20190296114372 1.19
      vertex 14.578398355946515 76.52152535572166 0
      vertex 14.29809703885628 76.20190296114372 0
    endloop
  endfacet
  facet normal -0.8314696123025426 0.5555702330196062 0
    outer loop
      vertex 14.578398355946515 76.52152535572166 1.19
      vertex 14.814582562299424 76.875 0
      vertex 14.578398355946515 76.52152535572166 0
    endloop
  endfacet
  facet normal -0.19509032201613108 -0.9807852804032299 0
    outer loop
      vertex 12.841161896583193 81.63925893543947 1.19
      vertex 12.424210124715168 81.72219579946488 0
      vertex 12.841161896583193 81.63925893543947 0
    endloop
  endfacet
  facet normal -0.3214394653031697 -0.946930129495103 0
    outer loop
      vertex 13.243721155186542 81.50260848066168 1.19
      vertex 12.841161896583193 81.63925893543947 0
      vertex 13.243721155186542 81.50260848066168 0
    endloop
  endfacet
  facet normal -0.4422886902190025 -0.8968727415326878 0
    outer loop
      vertex 13.625 81.31458256229942 1.19
      vertex 13.243721155186542 81.50260848066168 0
      vertex 13.625 81.31458256229942 0
    endloop
  endfacet
  facet normal -0.8314696123025426 -0.5555702330196062 0
    outer loop
      vertex 14.814582562299424 80.125 1.19
      vertex 14.578398355946515 80.47847464427834 0
      vertex 14.814582562299424 80.125 0
    endloop
  endfacet
  facet normal -0.6593458151000686 -0.7518398074789774 0
    outer loop
      vertex 14.29809703885628 80.79809703885628 1.19
      vertex 13.978474644278343 81.07839835594652 0
      vertex 14.29809703885628 80.79809703885628 0
    endloop
  endfacet
  facet normal -0.555570233019587 -0.8314696123025554 0
    outer loop
      vertex 13.978474644278343 81.07839835594652 1.19
      vertex 13.625 81.31458256229942 0
      vertex 13.978474644278343 81.07839835594652 0
    endloop
  endfacet
  facet normal -0.7518398074789885 -0.6593458151000564 0
    outer loop
      vertex 14.578398355946515 80.47847464427834 1.19
      vertex 14.29809703885628 80.79809703885628 0
      vertex 14.578398355946515 80.47847464427834 0
    endloop
  endfacet
  facet normal -0.8968727415326909 0.4422886902189958 0
    outer loop
      vertex 14.814582562299424 76.875 1.19
      vertex 15.002608480661682 77.25627884481347 0
      vertex 14.814582562299424 76.875 0
    endloop
  endfacet
  facet normal -0.946930129495105 0.3214394653031635 0
    outer loop
      vertex 15.002608480661682 77.25627884481347 1.19
      vertex 15.139258935439472 77.65883810341681 0
      vertex 15.002608480661682 77.25627884481347 0
    endloop
  endfacet
  facet normal -0.9807852804032289 0.19509032201613585 0
    outer loop
      vertex 15.139258935439472 77.65883810341681 1.19
      vertex 15.222195799464885 78.07578987528483 0
      vertex 15.139258935439472 77.65883810341681 0
    endloop
  endfacet
  facet normal -0.9978589232386036 0.0654031292301402 0
    outer loop
      vertex 15.222195799464885 78.07578987528483 1.19
      vertex 15.25 78.5 0
      vertex 15.222195799464885 78.07578987528483 0
    endloop
  endfacet
  facet normal -0.9978589232386036 -0.0654031292301402 0
    outer loop
      vertex 15.25 78.5 1.19
      vertex 15.222195799464885 78.92421012471517 0
      vertex 15.25 78.5 0
    endloop
  endfacet
  facet normal -0.9807852804032289 -0.19509032201613585 0
    outer loop
      vertex 15.222195799464885 78.92421012471517 1.19
      vertex 15.139258935439472 79.34116189658319 0
      vertex 15.222195799464885 78.92421012471517 0
    endloop
  endfacet
  facet normal -0.946930129495105 -0.3214394653031635 0
    outer loop
      vertex 15.139258935439472 79.34116189658319 1.19
      vertex 15.002608480661682 79.74372115518653 0
      vertex 15.139258935439472 79.34116189658319 0
    endloop
  endfacet
  facet normal -0.8968727415326909 -0.4422886902189958 0
    outer loop
      vertex 15.002608480661682 79.74372115518653 1.19
      vertex 14.814582562299424 80.125 0
      vertex 15.002608480661682 79.74372115518653 0
    endloop
  endfacet
  facet normal 0.555570233019587 0.8314696123025554 1.1123331716258013e-17
    outer loop
      vertex 10.021525355721657 75.92160164405348 1.19
      vertex 10.375 75.68541743770058 1.19
      vertex 10.375 75.68541743770058 0
    endloop
  endfacet
  facet normal 0.4422886902190025 0.8968727415326878 -5.400571943120902e-18
    outer loop
      vertex 10.375 75.68541743770058 1.19
      vertex 10.756278844813458 75.49739151933832 1.19
      vertex 10.756278844813458 75.49739151933832 0
    endloop
  endfacet
  facet normal 0.3214394653031697 0.946930129495103 4.100124249604604e-18
    outer loop
      vertex 10.756278844813458 75.49739151933832 1.19
      vertex 11.158838103416807 75.36074106456053 1.19
      vertex 11.158838103416807 75.36074106456053 0
    endloop
  endfacet
  facet normal 0.19509032201613108 0.9807852804032299 -5.166185788794381e-19
    outer loop
      vertex 11.158838103416807 75.36074106456053 1.19
      vertex 11.575789875284832 75.27780420053512 1.19
      vertex 11.575789875284832 75.27780420053512 0
    endloop
  endfacet
  facet normal 0.06540312923014102 0.9978589232386036 -1.4892971924798227e-18
    outer loop
      vertex 11.575789875284832 75.27780420053512 1.19
      vertex 12 75.25 1.19
      vertex 12 75.25 0
    endloop
  endfacet
  facet normal -0.06540312923014102 0.9978589232386036 1.4892971924798227e-18
    outer loop
      vertex 12 75.25 1.19
      vertex 12.424210124715168 75.27780420053512 1.19
      vertex 12.424210124715168 75.27780420053512 0
    endloop
  endfacet
  facet normal -0.19509032201613108 0.9807852804032299 0
    outer loop
      vertex 12.424210124715168 75.27780420053512 1.19
      vertex 12.841161896583193 75.36074106456053 1.19
      vertex 12.424210124715168 75.27780420053512 0
    endloop
  endfacet
  facet normal 0.946930129495105 0.3214394653031635 0
    outer loop
      vertex 8.997391519338318 77.25627884481347 1.19
      vertex 8.997391519338318 77.25627884481347 0
      vertex 8.860741064560528 77.65883810341681 1.19
    endloop
  endfacet
  facet normal 0.8314696123025426 0.5555702330196062 0
    outer loop
      vertex 9.421601644053485 76.52152535572166 1.19
      vertex 9.421601644053485 76.52152535572166 0
      vertex 9.185417437700576 76.875 1.19
    endloop
  endfacet
  facet normal 0.8968727415326909 0.4422886902189958 -1.278725886657161e-17
    outer loop
      vertex 8.997391519338318 77.25627884481347 1.19
      vertex 9.185417437700576 76.875 1.19
      vertex 9.185417437700576 76.875 0
    endloop
  endfacet
  facet normal 0.9807852804032289 0.19509032201613585 0
    outer loop
      vertex 8.860741064560528 77.65883810341681 1.19
      vertex 8.860741064560528 77.65883810341681 0
      vertex 8.777804200535115 78.07578987528483 1.19
    endloop
  endfacet
  facet normal 0.9978589232386036 0.0654031292301402 0
    outer loop
      vertex 8.777804200535115 78.07578987528483 1.19
      vertex 8.777804200535115 78.07578987528483 0
      vertex 8.75 78.5 1.19
    endloop
  endfacet
  facet normal 0.9978589232386036 -0.0654031292301402 0
    outer loop
      vertex 8.75 78.5 1.19
      vertex 8.75 78.5 0
      vertex 8.777804200535115 78.92421012471517 1.19
    endloop
  endfacet
  facet normal 0.7518398074789885 0.6593458151000564 -6.1499030914770324e-18
    outer loop
      vertex 9.421601644053485 76.52152535572166 1.19
      vertex 9.70190296114372 76.20190296114372 1.19
      vertex 9.70190296114372 76.20190296114372 0
    endloop
  endfacet
  facet normal 0.6593458151000686 0.7518398074789774 1.2955251580005302e-18
    outer loop
      vertex 9.70190296114372 76.20190296114372 1.19
      vertex 10.021525355721657 75.92160164405348 1.19
      vertex 10.021525355721657 75.92160164405348 0
    endloop
  endfacet
  facet normal 0.9807852804032289 -0.19509032201613585 0
    outer loop
      vertex 8.777804200535115 78.92421012471517 1.19
      vertex 8.777804200535115 78.92421012471517 0
      vertex 8.860741064560528 79.34116189658319 1.19
    endloop
  endfacet
  facet normal 0.946930129495105 -0.3214394653031635 0
    outer loop
      vertex 8.860741064560528 79.34116189658319 1.19
      vertex 8.860741064560528 79.34116189658319 0
      vertex 8.997391519338318 79.74372115518653 1.19
    endloop
  endfacet
  facet normal 0.8968727415326909 -0.4422886902189958 0
    outer loop
      vertex 8.997391519338318 79.74372115518653 1.19
      vertex 8.997391519338318 79.74372115518653 0
      vertex 9.185417437700576 80.125 1.19
    endloop
  endfacet
  facet normal 0.8314696123025426 -0.5555702330196062 0
    outer loop
      vertex 9.185417437700576 80.125 1.19
      vertex 9.185417437700576 80.125 0
      vertex 9.421601644053485 80.47847464427834 1.19
    endloop
  endfacet
  facet normal 0.7518398074789885 -0.6593458151000564 0
    outer loop
      vertex 9.421601644053485 80.47847464427834 1.19
      vertex 9.421601644053485 80.47847464427834 0
      vertex 9.70190296114372 80.79809703885628 1.19
    endloop
  endfacet
  facet normal 0.6593458151000686 -0.7518398074789774 0
    outer loop
      vertex 9.70190296114372 80.79809703885628 1.19
      vertex 9.70190296114372 80.79809703885628 0
      vertex 10.021525355721657 81.07839835594652 1.19
    endloop
  endfacet
  facet normal 0.555570233019587 -0.8314696123025554 0
    outer loop
      vertex 10.021525355721657 81.07839835594652 1.19
      vertex 10.021525355721657 81.07839835594652 0
      vertex 10.375 81.31458256229942 1.19
    endloop
  endfacet
  facet normal 0.4422886902190025 -0.8968727415326878 0
    outer loop
      vertex 10.375 81.31458256229942 1.19
      vertex 10.375 81.31458256229942 0
      vertex 10.756278844813458 81.50260848066168 1.19
    endloop
  endfacet
  facet normal 0.3214394653031697 -0.946930129495103 0
    outer loop
      vertex 10.756278844813458 81.50260848066168 1.19
      vertex 10.756278844813458 81.50260848066168 0
      vertex 11.158838103416807 81.63925893543947 1.19
    endloop
  endfacet
  facet normal 0.19509032201613108 -0.9807852804032299 0
    outer loop
      vertex 11.158838103416807 81.63925893543947 1.19
      vertex 11.158838103416807 81.63925893543947 0
      vertex 11.575789875284832 81.72219579946488 1.19
    endloop
  endfacet
  facet normal 0.06540312923014102 -0.9978589232386036 0
    outer loop
      vertex 11.575789875284832 81.72219579946488 1.19
      vertex 11.575789875284832 81.72219579946488 0
      vertex 12 81.75 1.19
    endloop
  endfacet
  facet normal -0.06540312923014102 -0.9978589232386036 0
    outer loop
      vertex 12 81.75 1.19
      vertex 12 81.75 0
      vertex 12.424210124715168 81.72219579946488 1.19
    endloop
  endfacet
  facet normal -0.19509032201613108 -0.9807852804032299 0
    outer loop
      vertex 12.424210124715168 81.72219579946488 1.19
      vertex 12.424210124715168 81.72219579946488 0
      vertex 12.841161896583193 81.63925893543947 1.19
    endloop
  endfacet
  facet normal -0.3214394653031697 0.946930129495103 -4.100124249604604e-18
    outer loop
      vertex 12.841161896583193 75.36074106456053 1.19
      vertex 13.243721155186542 75.49739151933832 1.19
      vertex 13.243721155186542 75.49739151933832 0
    endloop
  endfacet
  facet normal -0.4422886902190025 0.8968727415326878 5.400571943120902e-18
    outer loop
      vertex 13.243721155186542 75.49739151933832 1.19
      vertex 13.625 75.68541743770058 1.19
      vertex 13.625 75.68541743770058 0
    endloop
  endfacet
  facet normal -0.555570233019587 0.8314696123025554 -1.1123331716258013e-17
    outer loop
      vertex 13.625 75.68541743770058 1.19
      vertex 13.978474644278343 75.92160164405348 1.19
      vertex 13.978474644278343 75.92160164405348 0
    endloop
  endfacet
  facet normal -0.6593458151000686 0.7518398074789774 -1.2955251580005302e-18
    outer loop
      vertex 13.978474644278343 75.92160164405348 1.19
      vertex 14.29809703885628 76.20190296114372 1.19
      vertex 14.29809703885628 76.20190296114372 0
    endloop
  endfacet
  facet normal -0.7518398074789885 0.6593458151000564 6.1499030914770324e-18
    outer loop
      vertex 14.29809703885628 76.20190296114372 1.19
      vertex 14.578398355946515 76.52152535572166 1.19
      vertex 14.578398355946515 76.52152535572166 0
    endloop
  endfacet
  facet normal -0.8314696123025426 0.5555702330196062 -9.677536546713806e-18
    outer loop
      vertex 14.578398355946515 76.52152535572166 1.19
      vertex 14.814582562299424 76.875 1.19
      vertex 14.814582562299424 76.875 0
    endloop
  endfacet
  facet normal -0.3214394653031697 -0.946930129495103 0
    outer loop
      vertex 12.841161896583193 81.63925893543947 1.19
      vertex 12.841161896583193 81.63925893543947 0
      vertex 13.243721155186542 81.50260848066168 1.19
    endloop
  endfacet
  facet normal -0.4422886902190025 -0.8968727415326878 0
    outer loop
      vertex 13.243721155186542 81.50260848066168 1.19
      vertex 13.243721155186542 81.50260848066168 0
      vertex 13.625 81.31458256229942 1.19
    endloop
  endfacet
  facet normal -0.6593458151000686 -0.7518398074789774 0
    outer loop
      vertex 13.978474644278343 81.07839835594652 1.19
      vertex 13.978474644278343 81.07839835594652 0
      vertex 14.29809703885628 80.79809703885628 1.19
    endloop
  endfacet
  facet normal -0.555570233019587 -0.8314696123025554 0
    outer loop
      vertex 13.625 81.31458256229942 1.19
      vertex 13.625 81.31458256229942 0
      vertex 13.978474644278343 81.07839835594652 1.19
    endloop
  endfacet
  facet normal -0.7518398074789885 -0.6593458151000564 -6.1499030914770324e-18
    outer loop
      vertex 14.578398355946515 80.47847464427834 1.19
      vertex 14.29809703885628 80.79809703885628 1.19
      vertex 14.29809703885628 80.79809703885628 0
    endloop
  endfacet
  facet normal -0.8314696123025426 -0.5555702330196062 0
    outer loop
      vertex 14.578398355946515 80.47847464427834 1.19
      vertex 14.578398355946515 80.47847464427834 0
      vertex 14.814582562299424 80.125 1.19
    endloop
  endfacet
  facet normal -0.8968727415326909 0.4422886902189958 1.278725886657161e-17
    outer loop
      vertex 14.814582562299424 76.875 1.19
      vertex 15.002608480661682 77.25627884481347 1.19
      vertex 15.002608480661682 77.25627884481347 0
    endloop
  endfacet
  facet normal -0.946930129495105 0.3214394653031635 -5.373760013224815e-18
    outer loop
      vertex 15.002608480661682 77.25627884481347 1.19
      vertex 15.139258935439472 77.65883810341681 1.19
      vertex 15.139258935439472 77.65883810341681 0
    endloop
  endfacet
  facet normal -0.9807852804032289 0.19509032201613585 -4.846703321560818e-18
    outer loop
      vertex 15.139258935439472 77.65883810341681 1.19
      vertex 15.222195799464885 78.07578987528483 1.19
      vertex 15.222195799464885 78.07578987528483 0
    endloop
  endfacet
  facet normal -0.9978589232386036 0.0654031292301402 -5.183865853512664e-19
    outer loop
      vertex 15.222195799464885 78.07578987528483 1.19
      vertex 15.25 78.5 1.19
      vertex 15.25 78.5 0
    endloop
  endfacet
  facet normal -0.9978589232386036 -0.0654031292301402 5.183865853512664e-19
    outer loop
      vertex 15.25 78.5 1.19
      vertex 15.222195799464885 78.92421012471517 1.19
      vertex 15.222195799464885 78.92421012471517 0
    endloop
  endfacet
  facet normal -0.9807852804032289 -0.19509032201613585 4.846703321560818e-18
    outer loop
      vertex 15.222195799464885 78.92421012471517 1.19
      vertex 15.139258935439472 79.34116189658319 1.19
      vertex 15.139258935439472 79.34116189658319 0
    endloop
  endfacet
  facet normal -0.946930129495105 -0.3214394653031635 5.373760013224815e-18
    outer loop
      vertex 15.139258935439472 79.34116189658319 1.19
      vertex 15.002608480661682 79.74372115518653 1.19
      vertex 15.002608480661682 79.74372115518653 0
    endloop
  endfacet
  facet normal -0.8968727415326909 -0.4422886902189958 0
    outer loop
      vertex 14.814582562299424 80.125 1.19
      vertex 14.814582562299424 80.125 0
      vertex 15.002608480661682 79.74372115518653 1.19
    endloop
  endfacet
  facet normal 0 0 -1
    outer loop
      vertex 8.997391519338318 77.25627884481347 1.19
      vertex 8.860741064560528 77.65883810341681 1.19
      vertex 8.860741064560528 79.34116189658319 1.19
    endloop
  endfacet
  facet normal 0 0 -1
    outer loop
      vertex 8.860741064560528 77.65883810341681 1.19
      vertex 8.777804200535115 78.07578987528483 1.19
      vertex 8.777804200535115 78.92421012471517 1.19
    endloop
  endfacet
  facet normal 0 0 -1
    outer loop
      vertex 8.777804200535115 78.07578987528483 1.19
      vertex 8.75 78.5 1.19
      vertex 8.777804200535115 78.92421012471517 1.19
    endloop
  endfacet
  facet normal 0 0 -1
    outer loop
      vertex 8.860741064560528 77.65883810341681 1.19
      vertex 8.777804200535115 78.92421012471517 1.19
      vertex 8.860741064560528 79.34116189658319 1.19
    endloop
  endfacet
  facet normal 0 0 -1
    outer loop
      vertex 8.997391519338318 77.25627884481347 1.19
      vertex 8.860741064560528 79.34116189658319 1.19
      vertex 8.997391519338318 79.74372115518653 1.19
    endloop
  endfacet
  facet normal 0 0 -1
    outer loop
      vertex 8.997391519338318 77.25627884481347 1.19
      vertex 8.997391519338318 79.74372115518653 1.19
      vertex 9.185417437700576 76.875 1.19
    endloop
  endfacet
  facet normal 0 0 -1
    outer loop
      vertex 9.421601644053485 76.52152535572166 1.19
      vertex 9.185417437700576 76.875 1.19
      vertex 9.185417437700576 80.125 1.19
    endloop
  endfacet
  facet normal 0 0 -1
    outer loop
      vertex 9.421601644053485 76.52152535572166 1.19
      vertex 9.421601644053485 80.47847464427834 1.19
      vertex 9.70190296114372 76.20190296114372 1.19
    endloop
  endfacet
  facet normal 0 0 -1
    outer loop
      vertex 9.70190296114372 76.20190296114372 1.19
      vertex 9.70190296114372 80.79809703885628 1.19
      vertex 10.021525355721657 75.92160164405348 1.19
    endloop
  endfacet
  facet normal 0 0 -1
    outer loop
      vertex 10.021525355721657 75.92160164405348 1.19
      vertex 10.021525355721657 81.07839835594652 1.19
      vertex 10.375 75.68541743770058 1.19
    endloop
  endfacet
  facet normal 0 0 -1
    outer loop
      vertex 10.375 75.68541743770058 1.19
      vertex 10.375 81.31458256229942 1.19
      vertex 10.756278844813458 75.49739151933832 1.19
    endloop
  endfacet
  facet normal 0 0 -1
    outer loop
      vertex 9.185417437700576 76.875 1.19
      vertex 8.997391519338318 79.74372115518653 1.19
      vertex 9.185417437700576 80.125 1.19
    endloop
  endfacet
  facet normal 0 0 -1
    outer loop
      vertex 9.421601644053485 76.52152535572166 1.19
      vertex 9.185417437700576 80.125 1.19
      vertex 9.421601644053485 80.47847464427834 1.19
    endloop
  endfacet
  facet normal 0 0 -1
    outer loop
      vertex 9.70190296114372 76.20190296114372 1.19
      vertex 9.421601644053485 80.47847464427834 1.19
      vertex 9.70190296114372 80.79809703885628 1.19
    endloop
  endfacet
  facet normal 0 0 -1
    outer loop
      vertex 10.021525355721657 75.92160164405348 1.19
      vertex 9.70190296114372 80.79809703885628 1.19
      vertex 10.021525355721657 81.07839835594652 1.19
    endloop
  endfacet
  facet normal 0 0 -1
    outer loop
      vertex 10.375 75.68541743770058 1.19
      vertex 10.021525355721657 81.07839835594652 1.19
      vertex 10.375 81.31458256229942 1.19
    endloop
  endfacet
  facet normal 0 0 -1
    outer loop
      vertex 11.158838103416807 75.36074106456053 1.19
      vertex 11.158838103416807 81.63925893543947 1.19
      vertex 11.575789875284832 75.27780420053512 1.19
    endloop
  endfacet
  facet normal 0 0 -1
    outer loop
      vertex 10.756278844813458 75.49739151933832 1.19
      vertex 10.756278844813458 81.50260848066168 1.19
      vertex 11.158838103416807 75.36074106456053 1.19
    endloop
  endfacet
  facet normal 0 0 -1
    outer loop
      vertex 11.575789875284832 75.27780420053512 1.19
      vertex 11.575789875284832 81.72219579946488 1.19
      vertex 12 75.25 1.19
    endloop
  endfacet
  facet normal 0 0 -1
    outer loop
      vertex 12 75.25 1.19
      vertex 12 81.75 1.19
      vertex 12.424210124715168 75.27780420053512 1.19
    endloop
  endfacet
  facet normal 0 0 -1
    outer loop
      vertex 12.424210124715168 75.27780420053512 1.19
      vertex 12.424210124715168 81.72219579946488 1.19
      vertex 12.841161896583193 75.36074106456053 1.19
    endloop
  endfacet
  facet normal 0 0 -1
    outer loop
      vertex 10.756278844813458 75.49739151933832 1.19
      vertex 10.375 81.31458256229942 1.19
      vertex 10.756278844813458 81.50260848066168 1.19
    endloop
  endfacet
  facet normal 0 0 -1
    outer loop
      vertex 11.158838103416807 75.36074106456053 1.19
      vertex 10.756278844813458 81.50260848066168 1.19
      vertex 11.158838103416807 81.63925893543947 1.19
    endloop
  endfacet
  facet normal 0 0 -1
    outer loop
      vertex 11.575789875284832 75.27780420053512 1.19
      vertex 11.158838103416807 81.63925893543947 1.19
      vertex 11.575789875284832 81.72219579946488 1.19
    endloop
  endfacet
  facet normal 0 0 -1
    outer loop
      vertex 11.575789875284832 81.72219579946488 1.19
      vertex 12 81.75 1.19
      vertex 12 75.25 1.19
    endloop
  endfacet
  facet normal 0 0 -1
    outer loop
      vertex 12.424210124715168 75.27780420053512 1.19
      vertex 12 81.75 1.19
      vertex 12.424210124715168 81.72219579946488 1.19
    endloop
  endfacet
  facet normal 0 0 -1
    outer loop
      vertex 12.841161896583193 75.36074106456053 1.19
      vertex 12.841161896583193 81.63925893543947 1.19
      vertex 13.243721155186542 75.49739151933832 1.19
    endloop
  endfacet
  facet normal 0 0 -1
    outer loop
      vertex 13.243721155186542 75.49739151933832 1.19
      vertex 13.243721155186542 81.50260848066168 1.19
      vertex 13.625 75.68541743770058 1.19
    endloop
  endfacet
  facet normal 0 0 -1
    outer loop
      vertex 13.625 75.68541743770058 1.19
      vertex 13.625 81.31458256229942 1.19
      vertex 13.978474644278343 75.92160164405348 1.19
    endloop
  endfacet
  facet normal 0 0 -1
    outer loop
      vertex 13.978474644278343 75.92160164405348 1.19
      vertex 13.978474644278343 81.07839835594652 1.19
      vertex 14.29809703885628 76.20190296114372 1.19
    endloop
  endfacet
  facet normal 0 0 -1
    outer loop
      vertex 14.29809703885628 76.20190296114372 1.19
      vertex 14.29809703885628 80.79809703885628 1.19
      vertex 14.578398355946515 76.52152535572166 1.19
    endloop
  endfacet
  facet normal 0 0 -1
    outer loop
      vertex 14.578398355946515 76.52152535572166 1.19
      vertex 14.578398355946515 80.47847464427834 1.19
      vertex 14.814582562299424 76.875 1.19
    endloop
  endfacet
  facet normal 0 0 -1
    outer loop
      vertex 12.841161896583193 75.36074106456053 1.19
      vertex 12.424210124715168 81.72219579946488 1.19
      vertex 12.841161896583193 81.63925893543947 1.19
    endloop
  endfacet
  facet normal 0 0 -1
    outer loop
      vertex 13.243721155186542 75.49739151933832 1.19
      vertex 12.841161896583193 81.63925893543947 1.19
      vertex 13.243721155186542 81.50260848066168 1.19
    endloop
  endfacet
  facet normal 0 0 -1
    outer loop
      vertex 13.625 75.68541743770058 1.19
      vertex 13.243721155186542 81.50260848066168 1.19
      vertex 13.625 81.31458256229942 1.19
    endloop
  endfacet
  facet normal 0 0 -1
    outer loop
      vertex 13.978474644278343 75.92160164405348 1.19
      vertex 13.625 81.31458256229942 1.19
      vertex 13.978474644278343 81.07839835594652 1.19
    endloop
  endfacet
  facet normal 0 0 -1
    outer loop
      vertex 14.29809703885628 76.20190296114372 1.19
      vertex 13.978474644278343 81.07839835594652 1.19
      vertex 14.29809703885628 80.79809703885628 1.19
    endloop
  endfacet
  facet normal 0 0 -1
    outer loop
      vertex 14.578398355946515 76.52152535572166 1.19
      vertex 14.29809703885628 80.79809703885628 1.19
      vertex 14.578398355946515 80.47847464427834 1.19
    endloop
  endfacet
  facet normal 0 0 -1
    outer loop
      vertex 14.814582562299424 76.875 1.19
      vertex 14.578398355946515 80.47847464427834 1.19
      vertex 14.814582562299424 80.125 1.19
    endloop
  endfacet
  facet normal 0 0 -1
    outer loop
      vertex 14.814582562299424 76.875 1.19
      vertex 14.814582562299424 80.125 1.19
      vertex 15.002608480661682 77.25627884481347 1.19
    endloop
  endfacet
  facet normal 0 0 -1
    outer loop
      vertex 15.002608480661682 77.25627884481347 1.19
      vertex 15.002608480661682 79.74372115518653 1.19
      vertex 15.139258935439472 77.65883810341681 1.19
    endloop
  endfacet
  facet normal 0 0 -1
    outer loop
      vertex 15.139258935439472 77.65883810341681 1.19
      vertex 15.139258935439472 79.34116189658319 1.19
      vertex 15.222195799464885 78.07578987528483 1.19
    endloop
  endfacet
  facet normal 0 0 -1
    outer loop
      vertex 15.222195799464885 78.07578987528483 1.19
      vertex 15.222195799464885 78.92421012471517 1.19
      vertex 15.25 78.5 1.19
    endloop
  endfacet
  facet normal 0 0 -1
    outer loop
      vertex 15.222195799464885 78.07578987528483 1.19
      vertex 15.139258935439472 79.34116189658319 1.19
      vertex 15.222195799464885 78.92421012471517 1.19
    endloop
  endfacet
  facet normal 0 0 -1
    outer loop
      vertex 14.814582562299424 80.125 1.19
      vertex 15.002608480661682 79.74372115518653 1.19
      vertex 15.002608480661682 77.25627884481347 1.19
    endloop
  endfacet
  facet normal 0 0 -1
    outer loop
      vertex 15.139258935439472 77.65883810341681 1.19
      vertex 15.002608480661682 79.74372115518653 1.19
      vertex 15.139258935439472 79.34116189658319 1.19
    endloop
  endfacet
  facet normal 0.8968727415326878 0.4422886902190025 0
    outer loop
      vertex 52.497391519338315 13.756278844813458 1.19
      vertex 52.68541743770057 13.375 0
      vertex 52.497391519338315 13.756278844813458 0
    endloop
  endfacet
  facet normal 0.9469301294951079 0.3214394653031547 0
    outer loop
      vertex 52.36074106456053 14.158838103416807 1.19
      vertex 52.497391519338315 13.756278844813458 0
      vertex 52.36074106456053 14.158838103416807 0
    endloop
  endfacet
  facet normal 0.9807852804032299 0.19509032201613108 0
    outer loop
      vertex 52.277804200535115 14.575789875284832 1.19
      vertex 52.36074106456053 14.158838103416807 0
      vertex 52.277804200535115 14.575789875284832 0
    endloop
  endfacet
  facet normal 0.9978589232386036 0.06540312923014102 0
    outer loop
      vertex 52.25 15 1.19
      vertex 52.277804200535115 14.575789875284832 0
      vertex 52.25 15 0
    endloop
  endfacet
  facet normal 0.9978589232386036 -0.06540312923014102 0
    outer loop
      vertex 52.277804200535115 15.424210124715168 1.19
      vertex 52.25 15 0
      vertex 52.277804200535115 15.424210124715168 0
    endloop
  endfacet
  facet normal 0.9807852804032299 -0.19509032201613108 0
    outer loop
      vertex 52.36074106456053 15.841161896583193 1.19
      vertex 52.277804200535115 15.424210124715168 0
      vertex 52.36074106456053 15.841161896583193 0
    endloop
  endfacet
  facet normal 0.9469301294951079 -0.3214394653031547 0
    outer loop
      vertex 52.497391519338315 16.24372115518654 1.19
      vertex 52.36074106456053 15.841161896583193 0
      vertex 52.497391519338315 16.24372115518654 0
    endloop
  endfacet
  facet normal 0.8968727415326878 -0.4422886902190025 0
    outer loop
      vertex 52.68541743770057 16.625 1.19
      vertex 52.497391519338315 16.24372115518654 0
      vertex 52.68541743770057 16.625 0
    endloop
  endfacet
  facet normal 0.7518398074789774 0.6593458151000686 0
    outer loop
      vertex 52.92160164405349 13.021525355721657 1.19
      vertex 53.20190296114372 12.70190296114372 0
      vertex 52.92160164405349 13.021525355721657 0
    endloop
  endfacet
  facet normal 0.5555702330195985 0.8314696123025478 0
    outer loop
      vertex 53.52152535572166 12.421601644053485 1.19
      vertex 53.875 12.185417437700576 0
      vertex 53.52152535572166 12.421601644053485 0
    endloop
  endfacet
  facet normal 0.6593458151000728 0.7518398074789738 0
    outer loop
      vertex 53.20190296114372 12.70190296114372 1.19
      vertex 53.52152535572166 12.421601644053485 0
      vertex 53.20190296114372 12.70190296114372 0
    endloop
  endfacet
  facet normal 0.8314696123025399 0.5555702330196101 0
    outer loop
      vertex 52.68541743770057 13.375 1.19
      vertex 52.92160164405349 13.021525355721657 0
      vertex 52.68541743770057 13.375 0
    endloop
  endfacet
  facet normal 0.4422886902190025 0.8968727415326878 0
    outer loop
      vertex 53.875 12.185417437700576 1.19
      vertex 54.25627884481346 11.997391519338318 0
      vertex 53.875 12.185417437700576 0
    endloop
  endfacet
  facet normal 0.3214394653031635 0.946930129495105 0
    outer loop
      vertex 54.25627884481346 11.997391519338318 1.19
      vertex 54.658838103416805 11.860741064560528 0
      vertex 54.25627884481346 11.997391519338318 0
    endloop
  endfacet
  facet normal 0.19509032201612947 0.9807852804032303 0
    outer loop
      vertex 54.658838103416805 11.860741064560528 1.19
      vertex 55.07578987528483 11.777804200535115 0
      vertex 54.658838103416805 11.860741064560528 0
    endloop
  endfacet
  facet normal 0.8314696123025399 -0.5555702330196101 0
    outer loop
      vertex 52.92160164405349 16.978474644278343 1.19
      vertex 52.68541743770057 16.625 0
      vertex 52.92160164405349 16.978474644278343 0
    endloop
  endfacet
  facet normal 0.7518398074789774 -0.6593458151000686 0
    outer loop
      vertex 53.20190296114372 17.29809703885628 1.19
      vertex 52.92160164405349 16.978474644278343 0
      vertex 53.20190296114372 17.29809703885628 0
    endloop
  endfacet
  facet normal 0.6593458151000728 -0.7518398074789738 0
    outer loop
      vertex 53.52152535572166 17.578398355946515 1.19
      vertex 53.20190296114372 17.29809703885628 0
      vertex 53.52152535572166 17.578398355946515 0
    endloop
  endfacet
  facet normal 0.5555702330195985 -0.8314696123025478 0
    outer loop
      vertex 53.875 17.814582562299424 1.19
      vertex 53.52152535572166 17.578398355946515 0
      vertex 53.875 17.814582562299424 0
    endloop
  endfacet
  facet normal 0.4422886902190025 -0.8968727415326878 0
    outer loop
      vertex 54.25627884481346 18.00260848066168 1.19
      vertex 53.875 17.814582562299424 0
      vertex 54.25627884481346 18.00260848066168 0
    endloop
  endfacet
  facet normal 0.3214394653031635 -0.946930129495105 0
    outer loop
      vertex 54.658838103416805 18.13925893543947 1.19
      vertex 54.25627884481346 18.00260848066168 0
      vertex 54.658838103416805 18.13925893543947 0
    endloop
  endfacet
  facet normal 0.0654031292301413 0.9978589232386036 0
    outer loop
      vertex 55.07578987528483 11.777804200535115 1.19
      vertex 55.5 11.75 0
      vertex 55.07578987528483 11.777804200535115 0
    endloop
  endfacet
  facet normal -0.0654031292301413 0.9978589232386036 0
    outer loop
      vertex 55.5 11.75 1.19
      vertex 55.92421012471517 11.777804200535115 0
      vertex 55.5 11.75 0
    endloop
  endfacet
  facet normal -0.19509032201612947 0.9807852804032303 0
    outer loop
      vertex 55.92421012471517 11.777804200535115 1.19
      vertex 56.341161896583195 11.860741064560528 0
      vertex 55.92421012471517 11.777804200535115 0
    endloop
  endfacet
  facet normal -0.3214394653031635 0.946930129495105 0
    outer loop
      vertex 56.341161896583195 11.860741064560528 1.19
      vertex 56.74372115518654 11.997391519338318 0
      vertex 56.341161896583195 11.860741064560528 0
    endloop
  endfacet
  facet normal -0.4422886902190025 0.8968727415326878 0
    outer loop
      vertex 56.74372115518654 11.997391519338318 1.19
      vertex 57.125 12.185417437700576 0
      vertex 56.74372115518654 11.997391519338318 0
    endloop
  endfacet
  facet normal -0.5555702330195985 0.8314696123025478 0
    outer loop
      vertex 57.125 12.185417437700576 1.19
      vertex 57.47847464427834 12.421601644053485 0
      vertex 57.125 12.185417437700576 0
    endloop
  endfacet
  facet normal -0.6593458151000728 0.7518398074789738 0
    outer loop
      vertex 57.47847464427834 12.421601644053485 1.19
      vertex 57.79809703885628 12.70190296114372 0
      vertex 57.47847464427834 12.421601644053485 0
    endloop
  endfacet
  facet normal -0.7518398074789774 0.6593458151000686 0
    outer loop
      vertex 57.79809703885628 12.70190296114372 1.19
      vertex 58.07839835594651 13.021525355721657 0
      vertex 57.79809703885628 12.70190296114372 0
    endloop
  endfacet
  facet normal -0.8314696123025399 0.5555702330196101 0
    outer loop
      vertex 58.07839835594651 13.021525355721657 1.19
      vertex 58.31458256229943 13.375 0
      vertex 58.07839835594651 13.021525355721657 0
    endloop
  endfacet
  facet normal -0.8968727415326878 0.4422886902190025 0
    outer loop
      vertex 58.31458256229943 13.375 1.19
      vertex 58.502608480661685 13.756278844813458 0
      vertex 58.31458256229943 13.375 0
    endloop
  endfacet
  facet normal -0.9469301294951079 0.3214394653031547 0
    outer loop
      vertex 58.502608480661685 13.756278844813458 1.19
      vertex 58.63925893543947 14.158838103416807 0
      vertex 58.502608480661685 13.756278844813458 0
    endloop
  endfacet
  facet normal -0.9807852804032299 0.19509032201613108 0
    outer loop
      vertex 58.63925893543947 14.158838103416807 1.19
      vertex 58.722195799464885 14.575789875284832 0
      vertex 58.63925893543947 14.158838103416807 0
    endloop
  endfacet
  facet normal -0.6593458151000728 -0.7518398074789738 0
    outer loop
      vertex 57.79809703885628 17.29809703885628 1.19
      vertex 57.47847464427834 17.578398355946515 0
      vertex 57.79809703885628 17.29809703885628 0
    endloop
  endfacet
  facet normal -0.7518398074789774 -0.6593458151000686 0
    outer loop
      vertex 58.07839835594651 16.978474644278343 1.19
      vertex 57.79809703885628 17.29809703885628 0
      vertex 58.07839835594651 16.978474644278343 0
    endloop
  endfacet
  facet normal -0.9978589232386036 0.06540312923014102 0
    outer loop
      vertex 58.722195799464885 14.575789875284832 1.19
      vertex 58.75 15 0
      vertex 58.722195799464885 14.575789875284832 0
    endloop
  endfacet
  facet normal -0.9978589232386036 -0.06540312923014102 0
    outer loop
      vertex 58.75 15 1.19
      vertex 58.722195799464885 15.424210124715168 0
      vertex 58.75 15 0
    endloop
  endfacet
  facet normal -0.9807852804032299 -0.19509032201613108 0
    outer loop
      vertex 58.722195799464885 15.424210124715168 1.19
      vertex 58.63925893543947 15.841161896583193 0
      vertex 58.722195799464885 15.424210124715168 0
    endloop
  endfacet
  facet normal -0.9469301294951079 -0.3214394653031547 0
    outer loop
      vertex 58.63925893543947 15.841161896583193 1.19
      vertex 58.502608480661685 16.24372115518654 0
      vertex 58.63925893543947 15.841161896583193 0
    endloop
  endfacet
  facet normal -0.8314696123025399 -0.5555702330196101 0
    outer loop
      vertex 58.31458256229943 16.625 1.19
      vertex 58.07839835594651 16.978474644278343 0
      vertex 58.31458256229943 16.625 0
    endloop
  endfacet
  facet normal -0.8968727415326878 -0.4422886902190025 0
    outer loop
      vertex 58.502608480661685 16.24372115518654 1.19
      vertex 58.31458256229943 16.625 0
      vertex 58.502608480661685 16.24372115518654 0
    endloop
  endfacet
  facet normal 0.19509032201612947 -0.9807852804032303 0
    outer loop
      vertex 55.07578987528483 18.222195799464885 1.19
      vertex 54.658838103416805 18.13925893543947 0
      vertex 55.07578987528483 18.222195799464885 0
    endloop
  endfacet
  facet normal 0.0654031292301413 -0.9978589232386036 0
    outer loop
      vertex 55.5 18.25 1.19
      vertex 55.07578987528483 18.222195799464885 0
      vertex 55.5 18.25 0
    endloop
  endfacet
  facet normal -0.0654031292301413 -0.9978589232386036 0
    outer loop
      vertex 55.92421012471517 18.222195799464885 1.19
      vertex 55.5 18.25 0
      vertex 55.92421012471517 18.222195799464885 0
    endloop
  endfacet
  facet normal -0.19509032201612947 -0.9807852804032303 0
    outer loop
      vertex 56.341161896583195 18.13925893543947 1.19
      vertex 55.92421012471517 18.222195799464885 0
      vertex 56.341161896583195 18.13925893543947 0
    endloop
  endfacet
  facet normal -0.3214394653031635 -0.946930129495105 0
    outer loop
      vertex 56.74372115518654 18.00260848066168 1.19
      vertex 56.341161896583195 18.13925893543947 0
      vertex 56.74372115518654 18.00260848066168 0
    endloop
  endfacet
  facet normal -0.4422886902190025 -0.8968727415326878 0
    outer loop
      vertex 57.125 17.814582562299424 1.19
      vertex 56.74372115518654 18.00260848066168 0
      vertex 57.125 17.814582562299424 0
    endloop
  endfacet
  facet normal -0.5555702330195985 -0.8314696123025478 0
    outer loop
      vertex 57.47847464427834 17.578398355946515 1.19
      vertex 57.125 17.814582562299424 0
      vertex 57.47847464427834 17.578398355946515 0
    endloop
  endfacet
  facet normal 0.8968727415326878 0.4422886902190025 -5.400571943120902e-18
    outer loop
      vertex 52.497391519338315 13.756278844813458 1.19
      vertex 52.68541743770057 13.375 1.19
      vertex 52.68541743770057 13.375 0
    endloop
  endfacet
  facet normal 0.9469301294951079 0.3214394653031547 0
    outer loop
      vertex 52.497391519338315 13.756278844813458 1.19
      vertex 52.497391519338315 13.756278844813458 0
      vertex 52.36074106456053 14.158838103416807 1.19
    endloop
  endfacet
  facet normal 0.9807852804032299 0.19509032201613108 0
    outer loop
      vertex 52.36074106456053 14.158838103416807 1.19
      vertex 52.36074106456053 14.158838103416807 0
      vertex 52.277804200535115 14.575789875284832 1.19
    endloop
  endfacet
  facet normal 0.9978589232386036 0.06540312923014102 0
    outer loop
      vertex 52.277804200535115 14.575789875284832 1.19
      vertex 52.277804200535115 14.575789875284832 0
      vertex 52.25 15 1.19
    endloop
  endfacet
  facet normal 0.9978589232386036 -0.06540312923014102 0
    outer loop
      vertex 52.25 15 1.19
      vertex 52.25 15 0
      vertex 52.277804200535115 15.424210124715168 1.19
    endloop
  endfacet
  facet normal 0.9807852804032299 -0.19509032201613108 0
    outer loop
      vertex 52.277804200535115 15.424210124715168 1.19
      vertex 52.277804200535115 15.424210124715168 0
      vertex 52.36074106456053 15.841161896583193 1.19
    endloop
  endfacet
  facet normal 0.9469301294951079 -0.3214394653031547 0
    outer loop
      vertex 52.36074106456053 15.841161896583193 1.19
      vertex 52.36074106456053 15.841161896583193 0
      vertex 52.497391519338315 16.24372115518654 1.19
    endloop
  endfacet
  facet normal 0.8968727415326878 -0.4422886902190025 0
    outer loop
      vertex 52.497391519338315 16.24372115518654 1.19
      vertex 52.497391519338315 16.24372115518654 0
      vertex 52.68541743770057 16.625 1.19
    endloop
  endfacet
  facet normal 0.8314696123025399 0.5555702330196101 1.2274505672148965e-17
    outer loop
      vertex 52.68541743770057 13.375 1.19
      vertex 52.92160164405349 13.021525355721657 1.19
      vertex 52.92160164405349 13.021525355721657 0
    endloop
  endfacet
  facet normal 0.7518398074789774 0.6593458151000686 0
    outer loop
      vertex 53.20190296114372 12.70190296114372 1.19
      vertex 53.20190296114372 12.70190296114372 0
      vertex 52.92160164405349 13.021525355721657 1.19
    endloop
  endfacet
  facet normal 0.5555702330195985 0.8314696123025478 1.1698918694203497e-17
    outer loop
      vertex 53.52152535572166 12.421601644053485 1.19
      vertex 53.875 12.185417437700576 1.19
      vertex 53.875 12.185417437700576 0
    endloop
  endfacet
  facet normal 0.6593458151000728 0.7518398074789738 -5.366748064397912e-18
    outer loop
      vertex 53.20190296114372 12.70190296114372 1.19
      vertex 53.52152535572166 12.421601644053485 1.19
      vertex 53.52152535572166 12.421601644053485 0
    endloop
  endfacet
  facet normal 0.4422886902190025 0.8968727415326878 -5.400571943120902e-18
    outer loop
      vertex 53.875 12.185417437700576 1.19
      vertex 54.25627884481346 11.997391519338318 1.19
      vertex 54.25627884481346 11.997391519338318 0
    endloop
  endfacet
  facet normal 0.3214394653031635 0.946930129495105 5.373760013224815e-18
    outer loop
      vertex 54.25627884481346 11.997391519338318 1.19
      vertex 54.658838103416805 11.860741064560528 1.19
      vertex 54.658838103416805 11.860741064560528 0
    endloop
  endfacet
  facet normal 0.8314696123025399 -0.5555702330196101 0
    outer loop
      vertex 52.68541743770057 16.625 1.19
      vertex 52.68541743770057 16.625 0
      vertex 52.92160164405349 16.978474644278343 1.19
    endloop
  endfacet
  facet normal 0.7518398074789774 -0.6593458151000686 0
    outer loop
      vertex 52.92160164405349 16.978474644278343 1.19
      vertex 52.92160164405349 16.978474644278343 0
      vertex 53.20190296114372 17.29809703885628 1.19
    endloop
  endfacet
  facet normal 0.6593458151000728 -0.7518398074789738 0
    outer loop
      vertex 53.20190296114372 17.29809703885628 1.19
      vertex 53.20190296114372 17.29809703885628 0
      vertex 53.52152535572166 17.578398355946515 1.19
    endloop
  endfacet
  facet normal 0.5555702330195985 -0.8314696123025478 0
    outer loop
      vertex 53.52152535572166 17.578398355946515 1.19
      vertex 53.52152535572166 17.578398355946515 0
      vertex 53.875 17.814582562299424 1.19
    endloop
  endfacet
  facet normal 0.4422886902190025 -0.8968727415326878 0
    outer loop
      vertex 53.875 17.814582562299424 1.19
      vertex 53.875 17.814582562299424 0
      vertex 54.25627884481346 18.00260848066168 1.19
    endloop
  endfacet
  facet normal 0.3214394653031635 -0.946930129495105 0
    outer loop
      vertex 54.25627884481346 18.00260848066168 1.19
      vertex 54.25627884481346 18.00260848066168 0
      vertex 54.658838103416805 18.13925893543947 1.19
    endloop
  endfacet
  facet normal 0.19509032201612947 -0.9807852804032303 0
    outer loop
      vertex 54.658838103416805 18.13925893543947 1.19
      vertex 54.658838103416805 18.13925893543947 0
      vertex 55.07578987528483 18.222195799464885 1.19
    endloop
  endfacet
  facet normal 0.19509032201612947 0.9807852804032303 6.839690093198088e-18
    outer loop
      vertex 54.658838103416805 11.860741064560528 1.19
      vertex 55.07578987528483 11.777804200535115 1.19
      vertex 55.07578987528483 11.777804200535115 0
    endloop
  endfacet
  facet normal 0.0654031292301413 0.9978589232386036 1.2749554129921648e-19
    outer loop
      vertex 55.07578987528483 11.777804200535115 1.19
      vertex 55.5 11.75 1.19
      vertex 55.5 11.75 0
    endloop
  endfacet
  facet normal -0.0654031292301413 0.9978589232386036 -1.2749554129921648e-19
    outer loop
      vertex 55.5 11.75 1.19
      vertex 55.92421012471517 11.777804200535115 1.19
      vertex 55.92421012471517 11.777804200535115 0
    endloop
  endfacet
  facet normal -0.19509032201612947 0.9807852804032303 -6.839690093198088e-18
    outer loop
      vertex 55.92421012471517 11.777804200535115 1.19
      vertex 56.341161896583195 11.860741064560528 1.19
      vertex 56.341161896583195 11.860741064560528 0
    endloop
  endfacet
  facet normal -0.3214394653031635 0.946930129495105 -5.373760013224815e-18
    outer loop
      vertex 56.341161896583195 11.860741064560528 1.19
      vertex 56.74372115518654 11.997391519338318 1.19
      vertex 56.74372115518654 11.997391519338318 0
    endloop
  endfacet
  facet normal -0.4422886902190025 0.8968727415326878 5.400571943120902e-18
    outer loop
      vertex 56.74372115518654 11.997391519338318 1.19
      vertex 57.125 12.185417437700576 1.19
      vertex 57.125 12.185417437700576 0
    endloop
  endfacet
  facet normal -0.5555702330195985 0.8314696123025478 -1.1698918694203497e-17
    outer loop
      vertex 57.125 12.185417437700576 1.19
      vertex 57.47847464427834 12.421601644053485 1.19
      vertex 57.47847464427834 12.421601644053485 0
    endloop
  endfacet
  facet normal -0.6593458151000728 0.7518398074789738 5.366748064397912e-18
    outer loop
      vertex 57.47847464427834 12.421601644053485 1.19
      vertex 57.79809703885628 12.70190296114372 1.19
      vertex 57.79809703885628 12.70190296114372 0
    endloop
  endfacet
  facet normal -0.7518398074789774 0.6593458151000686 -1.2955251580005302e-18
    outer loop
      vertex 57.79809703885628 12.70190296114372 1.19
      vertex 58.07839835594651 13.021525355721657 1.19
      vertex 58.07839835594651 13.021525355721657 0
    endloop
  endfacet
  facet normal -0.8314696123025399 0.5555702330196101 -1.2274505672148965e-17
    outer loop
      vertex 58.07839835594651 13.021525355721657 1.19
      vertex 58.31458256229943 13.375 1.19
      vertex 58.31458256229943 13.375 0
    endloop
  endfacet
  facet normal -0.8968727415326878 0.4422886902190025 5.400571943120902e-18
    outer loop
      vertex 58.31458256229943 13.375 1.19
      vertex 58.502608480661685 13.756278844813458 1.19
      vertex 58.502608480661685 13.756278844813458 0
    endloop
  endfacet
  facet normal -0.9469301294951079 0.3214394653031547 6.5891143658913486e-18
    outer loop
      vertex 58.502608480661685 13.756278844813458 1.19
      vertex 58.63925893543947 14.158838103416807 1.19
      vertex 58.63925893543947 14.158838103416807 0
    endloop
  endfacet
  facet normal -0.9807852804032299 0.19509032201613108 5.166185788794381e-19
    outer loop
      vertex 58.63925893543947 14.158838103416807 1.19
      vertex 58.722195799464885 14.575789875284832 1.19
      vertex 58.722195799464885 14.575789875284832 0
    endloop
  endfacet
  facet normal -0.6593458151000728 -0.7518398074789738 0
    outer loop
      vertex 57.47847464427834 17.578398355946515 1.19
      vertex 57.47847464427834 17.578398355946515 0
      vertex 57.79809703885628 17.29809703885628 1.19
    endloop
  endfacet
  facet normal -0.7518398074789774 -0.6593458151000686 0
    outer loop
      vertex 57.79809703885628 17.29809703885628 1.19
      vertex 57.79809703885628 17.29809703885628 0
      vertex 58.07839835594651 16.978474644278343 1.19
    endloop
  endfacet
  facet normal -0.9978589232386036 0.06540312923014102 1.4892971924798227e-18
    outer loop
      vertex 58.722195799464885 14.575789875284832 1.19
      vertex 58.75 15 1.19
      vertex 58.75 15 0
    endloop
  endfacet
  facet normal -0.9978589232386036 -0.06540312923014102 -1.4892971924798227e-18
    outer loop
      vertex 58.75 15 1.19
      vertex 58.722195799464885 15.424210124715168 1.19
      vertex 58.722195799464885 15.424210124715168 0
    endloop
  endfacet
  facet normal -0.9807852804032299 -0.19509032201613108 -5.166185788794381e-19
    outer loop
      vertex 58.722195799464885 15.424210124715168 1.19
      vertex 58.63925893543947 15.841161896583193 1.19
      vertex 58.63925893543947 15.841161896583193 0
    endloop
  endfacet
  facet normal -0.8968727415326878 -0.4422886902190025 0
    outer loop
      vertex 58.31458256229943 16.625 1.19
      vertex 58.31458256229943 16.625 0
      vertex 58.502608480661685 16.24372115518654 1.19
    endloop
  endfacet
  facet normal -0.8314696123025399 -0.5555702330196101 1.2274505672148965e-17
    outer loop
      vertex 58.31458256229943 16.625 1.19
      vertex 58.07839835594651 16.978474644278343 1.19
      vertex 58.07839835594651 16.978474644278343 0
    endloop
  endfacet
  facet normal -0.9469301294951079 -0.3214394653031547 -6.5891143658913486e-18
    outer loop
      vertex 58.63925893543947 15.841161896583193 1.19
      vertex 58.502608480661685 16.24372115518654 1.19
      vertex 58.502608480661685 16.24372115518654 0
    endloop
  endfacet
  facet normal 0.0654031292301413 -0.9978589232386036 0
    outer loop
      vertex 55.07578987528483 18.222195799464885 1.19
      vertex 55.07578987528483 18.222195799464885 0
      vertex 55.5 18.25 1.19
    endloop
  endfacet
  facet normal -0.0654031292301413 -0.9978589232386036 0
    outer loop
      vertex 55.5 18.25 1.19
      vertex 55.5 18.25 0
      vertex 55.92421012471517 18.222195799464885 1.19
    endloop
  endfacet
  facet normal -0.19509032201612947 -0.9807852804032303 0
    outer loop
      vertex 55.92421012471517 18.222195799464885 1.19
      vertex 55.92421012471517 18.222195799464885 0
      vertex 56.341161896583195 18.13925893543947 1.19
    endloop
  endfacet
  facet normal -0.3214394653031635 -0.946930129495105 0
    outer loop
      vertex 56.341161896583195 18.13925893543947 1.19
      vertex 56.341161896583195 18.13925893543947 0
      vertex 56.74372115518654 18.00260848066168 1.19
    endloop
  endfacet
  facet normal -0.4422886902190025 -0.8968727415326878 0
    outer loop
      vertex 56.74372115518654 18.00260848066168 1.19
      vertex 56.74372115518654 18.00260848066168 0
      vertex 57.125 17.814582562299424 1.19
    endloop
  endfacet
  facet normal -0.5555702330195985 -0.8314696123025478 0
    outer loop
      vertex 57.125 17.814582562299424 1.19
      vertex 57.125 17.814582562299424 0
      vertex 57.47847464427834 17.578398355946515 1.19
    endloop
  endfacet
  facet normal 0 0 -1
    outer loop
      vertex 52.497391519338315 13.756278844813458 1.19
      vertex 52.36074106456053 14.158838103416807 1.19
      vertex 52.36074106456053 15.841161896583193 1.19
    endloop
  endfacet
  facet normal 0 0 -1
    outer loop
      vertex 52.497391519338315 13.756278844813458 1.19
      vertex 52.497391519338315 16.24372115518654 1.19
      vertex 52.68541743770057 13.375 1.19
    endloop
  endfacet
  facet normal 0 0 -1
    outer loop
      vertex 52.36074106456053 14.158838103416807 1.19
      vertex 52.277804200535115 14.575789875284832 1.19
      vertex 52.277804200535115 15.424210124715168 1.19
    endloop
  endfacet
  facet normal 0 0 -1
    outer loop
      vertex 52.277804200535115 14.575789875284832 1.19
      vertex 52.25 15 1.19
      vertex 52.277804200535115 15.424210124715168 1.19
    endloop
  endfacet
  facet normal 0 0 -1
    outer loop
      vertex 52.36074106456053 14.158838103416807 1.19
      vertex 52.277804200535115 15.424210124715168 1.19
      vertex 52.36074106456053 15.841161896583193 1.19
    endloop
  endfacet
  facet normal 0 0 -1
    outer loop
      vertex 52.497391519338315 13.756278844813458 1.19
      vertex 52.36074106456053 15.841161896583193 1.19
      vertex 52.497391519338315 16.24372115518654 1.19
    endloop
  endfacet
  facet normal 0 0 -1
    outer loop
      vertex 52.497391519338315 16.24372115518654 1.19
      vertex 52.68541743770057 16.625 1.19
      vertex 52.68541743770057 13.375 1.19
    endloop
  endfacet
  facet normal 0 0 -1
    outer loop
      vertex 52.68541743770057 13.375 1.19
      vertex 52.68541743770057 16.625 1.19
      vertex 52.92160164405349 13.021525355721657 1.19
    endloop
  endfacet
  facet normal 0 0 -1
    outer loop
      vertex 53.20190296114372 12.70190296114372 1.19
      vertex 52.92160164405349 13.021525355721657 1.19
      vertex 52.92160164405349 16.978474644278343 1.19
    endloop
  endfacet
  facet normal 0 0 -1
    outer loop
      vertex 53.20190296114372 12.70190296114372 1.19
      vertex 53.20190296114372 17.29809703885628 1.19
      vertex 53.52152535572166 12.421601644053485 1.19
    endloop
  endfacet
  facet normal 0 0 -1
    outer loop
      vertex 53.52152535572166 12.421601644053485 1.19
      vertex 53.52152535572166 17.578398355946515 1.19
      vertex 53.875 12.185417437700576 1.19
    endloop
  endfacet
  facet normal 0 0 -1
    outer loop
      vertex 53.875 12.185417437700576 1.19
      vertex 53.875 17.814582562299424 1.19
      vertex 54.25627884481346 11.997391519338318 1.19
    endloop
  endfacet
  facet normal 0 0 -1
    outer loop
      vertex 54.25627884481346 11.997391519338318 1.19
      vertex 54.25627884481346 18.00260848066168 1.19
      vertex 54.658838103416805 11.860741064560528 1.19
    endloop
  endfacet
  facet normal 0 0 -1
    outer loop
      vertex 54.658838103416805 11.860741064560528 1.19
      vertex 54.658838103416805 18.13925893543947 1.19
      vertex 55.07578987528483 11.777804200535115 1.19
    endloop
  endfacet
  facet normal 0 0 -1
    outer loop
      vertex 52.92160164405349 13.021525355721657 1.19
      vertex 52.68541743770057 16.625 1.19
      vertex 52.92160164405349 16.978474644278343 1.19
    endloop
  endfacet
  facet normal 0 0 -1
    outer loop
      vertex 53.20190296114372 12.70190296114372 1.19
      vertex 52.92160164405349 16.978474644278343 1.19
      vertex 53.20190296114372 17.29809703885628 1.19
    endloop
  endfacet
  facet normal 0 0 -1
    outer loop
      vertex 53.52152535572166 12.421601644053485 1.19
      vertex 53.20190296114372 17.29809703885628 1.19
      vertex 53.52152535572166 17.578398355946515 1.19
    endloop
  endfacet
  facet normal 0 0 -1
    outer loop
      vertex 53.875 12.185417437700576 1.19
      vertex 53.52152535572166 17.578398355946515 1.19
      vertex 53.875 17.814582562299424 1.19
    endloop
  endfacet
  facet normal 0 0 -1
    outer loop
      vertex 54.25627884481346 11.997391519338318 1.19
      vertex 53.875 17.814582562299424 1.19
      vertex 54.25627884481346 18.00260848066168 1.19
    endloop
  endfacet
  facet normal 0 0 -1
    outer loop
      vertex 54.658838103416805 11.860741064560528 1.19
      vertex 54.25627884481346 18.00260848066168 1.19
      vertex 54.658838103416805 18.13925893543947 1.19
    endloop
  endfacet
  facet normal 0 0 -1
    outer loop
      vertex 55.07578987528483 11.777804200535115 1.19
      vertex 55.07578987528483 18.222195799464885 1.19
      vertex 55.5 11.75 1.19
    endloop
  endfacet
  facet normal 0 0 -1
    outer loop
      vertex 55.5 11.75 1.19
      vertex 55.5 18.25 1.19
      vertex 55.92421012471517 11.777804200535115 1.19
    endloop
  endfacet
  facet normal 0 0 -1
    outer loop
      vertex 55.92421012471517 11.777804200535115 1.19
      vertex 55.92421012471517 18.222195799464885 1.19
      vertex 56.341161896583195 11.860741064560528 1.19
    endloop
  endfacet
  facet normal 0 0 -1
    outer loop
      vertex 56.341161896583195 11.860741064560528 1.19
      vertex 56.341161896583195 18.13925893543947 1.19
      vertex 56.74372115518654 11.997391519338318 1.19
    endloop
  endfacet
  facet normal 0 0 -1
    outer loop
      vertex 56.74372115518654 11.997391519338318 1.19
      vertex 56.74372115518654 18.00260848066168 1.19
      vertex 57.125 12.185417437700576 1.19
    endloop
  endfacet
  facet normal 0 0 -1
    outer loop
      vertex 55.07578987528483 11.777804200535115 1.19
      vertex 54.658838103416805 18.13925893543947 1.19
      vertex 55.07578987528483 18.222195799464885 1.19
    endloop
  endfacet
  facet normal 0 0 -1
    outer loop
      vertex 55.5 11.75 1.19
      vertex 55.07578987528483 18.222195799464885 1.19
      vertex 55.5 18.25 1.19
    endloop
  endfacet
  facet normal 0 0 -1
    outer loop
      vertex 55.5 18.25 1.19
      vertex 55.92421012471517 18.222195799464885 1.19
      vertex 55.92421012471517 11.777804200535115 1.19
    endloop
  endfacet
  facet normal 0 0 -1
    outer loop
      vertex 56.74372115518654 11.997391519338318 1.19
      vertex 56.341161896583195 18.13925893543947 1.19
      vertex 56.74372115518654 18.00260848066168 1.19
    endloop
  endfacet
  facet normal 0 0 -1
    outer loop
      vertex 56.341161896583195 11.860741064560528 1.19
      vertex 55.92421012471517 18.222195799464885 1.19
      vertex 56.341161896583195 18.13925893543947 1.19
    endloop
  endfacet
  facet normal 0 0 -1
    outer loop
      vertex 57.125 12.185417437700576 1.19
      vertex 57.125 17.814582562299424 1.19
      vertex 57.47847464427834 12.421601644053485 1.19
    endloop
  endfacet
  facet normal 0 0 -1
    outer loop
      vertex 57.47847464427834 12.421601644053485 1.19
      vertex 57.47847464427834 17.578398355946515 1.19
      vertex 57.79809703885628 12.70190296114372 1.19
    endloop
  endfacet
  facet normal 0 0 -1
    outer loop
      vertex 57.79809703885628 12.70190296114372 1.19
      vertex 57.79809703885628 17.29809703885628 1.19
      vertex 58.07839835594651 13.021525355721657 1.19
    endloop
  endfacet
  facet normal 0 0 -1
    outer loop
      vertex 58.07839835594651 13.021525355721657 1.19
      vertex 58.07839835594651 16.978474644278343 1.19
      vertex 58.31458256229943 13.375 1.19
    endloop
  endfacet
  facet normal 0 0 -1
    outer loop
      vertex 58.31458256229943 13.375 1.19
      vertex 58.31458256229943 16.625 1.19
      vertex 58.502608480661685 13.756278844813458 1.19
    endloop
  endfacet
  facet normal 0 0 -1
    outer loop
      vertex 57.125 12.185417437700576 1.19
      vertex 56.74372115518654 18.00260848066168 1.19
      vertex 57.125 17.814582562299424 1.19
    endloop
  endfacet
  facet normal 0 0 -1
    outer loop
      vertex 57.47847464427834 12.421601644053485 1.19
      vertex 57.125 17.814582562299424 1.19
      vertex 57.47847464427834 17.578398355946515 1.19
    endloop
  endfacet
  facet normal 0 0 -1
    outer loop
      vertex 57.79809703885628 12.70190296114372 1.19
      vertex 57.47847464427834 17.578398355946515 1.19
      vertex 57.79809703885628 17.29809703885628 1.19
    endloop
  endfacet
  facet normal 0 0 -1
    outer loop
      vertex 58.07839835594651 13.021525355721657 1.19
      vertex 57.79809703885628 17.29809703885628 1.19
      vertex 58.07839835594651 16.978474644278343 1.19
    endloop
  endfacet
  facet normal 0 0 -1
    outer loop
      vertex 58.31458256229943 13.375 1.19
      vertex 58.07839835594651 16.978474644278343 1.19
      vertex 58.31458256229943 16.625 1.19
    endloop
  endfacet
  facet normal 0 0 -1
    outer loop
      vertex 58.502608480661685 13.756278844813458 1.19
      vertex 58.31458256229943 16.625 1.19
      vertex 58.502608480661685 16.24372115518654 1.19
    endloop
  endfacet
  facet normal 0 0 -1
    outer loop
      vertex 58.502608480661685 13.756278844813458 1.19
      vertex 58.502608480661685 16.24372115518654 1.19
      vertex 58.63925893543947 14.158838103416807 1.19
    endloop
  endfacet
  facet normal 0 0 -1
    outer loop
      vertex 58.63925893543947 14.158838103416807 1.19
      vertex 58.63925893543947 15.841161896583193 1.19
      vertex 58.722195799464885 14.575789875284832 1.19
    endloop
  endfacet
  facet normal 0 0 -1
    outer loop
      vertex 58.722195799464885 14.575789875284832 1.19
      vertex 58.722195799464885 15.424210124715168 1.19
      vertex 58.75 15 1.19
    endloop
  endfacet
  facet normal 0 0 -1
    outer loop
      vertex 58.722195799464885 14.575789875284832 1.19
      vertex 58.63925893543947 15.841161896583193 1.19
      vertex 58.722195799464885 15.424210124715168 1.19
    endloop
  endfacet
  facet normal 0 0 -1
    outer loop
      vertex 58.63925893543947 14.158838103416807 1.19
      vertex 58.502608480661685 16.24372115518654 1.19
      vertex 58.63925893543947 15.841161896583193 1.19
    endloop
  endfacet
  facet normal 0.555570233019587 0.8314696123025554 0
    outer loop
      vertex 53.52152535572166 75.92160164405348 1.19
      vertex 53.875 75.68541743770058 0
      vertex 53.52152535572166 75.92160164405348 0
    endloop
  endfacet
  facet normal 0.4422886902190025 0.8968727415326878 0
    outer loop
      vertex 53.875 75.68541743770058 1.19
      vertex 54.25627884481346 75.49739151933832 0
      vertex 53.875 75.68541743770058 0
    endloop
  endfacet
  facet normal 0.32143946530317097 0.9469301294951026 0
    outer loop
      vertex 54.25627884481346 75.49739151933832 1.19
      vertex 54.658838103416805 75.36074106456053 0
      vertex 54.25627884481346 75.49739151933832 0
    endloop
  endfacet
  facet normal 0.19509032201612947 0.9807852804032303 0
    outer loop
      vertex 54.658838103416805 75.36074106456053 1.19
      vertex 55.07578987528483 75.27780420053512 0
      vertex 54.658838103416805 75.36074106456053 0
    endloop
  endfacet
  facet normal 0.8968727415326909 0.4422886902189958 0
    outer loop
      vertex 52.497391519338315 77.25627884481347 1.19
      vertex 52.68541743770057 76.875 0
      vertex 52.497391519338315 77.25627884481347 0
    endloop
  endfacet
  facet normal 0.9469301294951076 0.321439465303156 0
    outer loop
      vertex 52.36074106456053 77.65883810341681 1.19
      vertex 52.497391519338315 77.25627884481347 0
      vertex 52.36074106456053 77.65883810341681 0
    endloop
  endfacet
  facet normal 0.9807852804032289 0.19509032201613585 0
    outer loop
      vertex 52.277804200535115 78.07578987528483 1.19
      vertex 52.36074106456053 77.65883810341681 0
      vertex 52.277804200535115 78.07578987528483 0
    endloop
  endfacet
  facet normal 0.9978589232386036 0.0654031292301402 0
    outer loop
      vertex 52.25 78.5 1.19
      vertex 52.277804200535115 78.07578987528483 0
      vertex 52.25 78.5 0
    endloop
  endfacet
  facet normal 0.9978589232386036 -0.0654031292301402 0
    outer loop
      vertex 52.277804200535115 78.92421012471517 1.19
      vertex 52.25 78.5 0
      vertex 52.277804200535115 78.92421012471517 0
    endloop
  endfacet
  facet normal 0.9807852804032289 -0.19509032201613585 0
    outer loop
      vertex 52.36074106456053 79.34116189658319 1.19
      vertex 52.277804200535115 78.92421012471517 0
      vertex 52.36074106456053 79.34116189658319 0
    endloop
  endfacet
  facet normal 0.9469301294951076 -0.321439465303156 0
    outer loop
      vertex 52.497391519338315 79.74372115518653 1.19
      vertex 52.36074106456053 79.34116189658319 0
      vertex 52.497391519338315 79.74372115518653 0
    endloop
  endfacet
  facet normal 0.8968727415326909 -0.4422886902189958 0
    outer loop
      vertex 52.68541743770057 80.125 1.19
      vertex 52.497391519338315 79.74372115518653 0
      vertex 52.68541743770057 80.125 0
    endloop
  endfacet
  facet normal 0.7518398074789885 0.6593458151000564 0
    outer loop
      vertex 52.92160164405349 76.52152535572166 1.19
      vertex 53.20190296114372 76.20190296114372 0
      vertex 52.92160164405349 76.52152535572166 0
    endloop
  endfacet
  facet normal 0.8314696123025349 0.5555702330196178 0
    outer loop
      vertex 52.68541743770057 76.875 1.19
      vertex 52.92160164405349 76.52152535572166 0
      vertex 52.68541743770057 76.875 0
    endloop
  endfacet
  facet normal 0.6593458151000728 0.7518398074789738 0
    outer loop
      vertex 53.20190296114372 76.20190296114372 1.19
      vertex 53.52152535572166 75.92160164405348 0
      vertex 53.20190296114372 76.20190296114372 0
    endloop
  endfacet
  facet normal 0.8314696123025349 -0.5555702330196178 0
    outer loop
      vertex 52.92160164405349 80.47847464427834 1.19
      vertex 52.68541743770057 80.125 0
      vertex 52.92160164405349 80.47847464427834 0
    endloop
  endfacet
  facet normal 0.7518398074789885 -0.6593458151000564 0
    outer loop
      vertex 53.20190296114372 80.79809703885628 1.19
      vertex 52.92160164405349 80.47847464427834 0
      vertex 53.20190296114372 80.79809703885628 0
    endloop
  endfacet
  facet normal 0.6593458151000728 -0.7518398074789738 0
    outer loop
      vertex 53.52152535572166 81.07839835594652 1.19
      vertex 53.20190296114372 80.79809703885628 0
      vertex 53.52152535572166 81.07839835594652 0
    endloop
  endfacet
  facet normal 0.555570233019587 -0.8314696123025554 0
    outer loop
      vertex 53.875 81.31458256229942 1.19
      vertex 53.52152535572166 81.07839835594652 0
      vertex 53.875 81.31458256229942 0
    endloop
  endfacet
  facet normal 0.4422886902190025 -0.8968727415326878 0
    outer loop
      vertex 54.25627884481346 81.50260848066168 1.19
      vertex 53.875 81.31458256229942 0
      vertex 54.25627884481346 81.50260848066168 0
    endloop
  endfacet
  facet normal 0.32143946530317097 -0.9469301294951026 0
    outer loop
      vertex 54.658838103416805 81.63925893543947 1.19
      vertex 54.25627884481346 81.50260848066168 0
      vertex 54.658838103416805 81.63925893543947 0
    endloop
  endfacet
  facet normal 0.0654031292301413 0.9978589232386036 0
    outer loop
      vertex 55.07578987528483 75.27780420053512 1.19
      vertex 55.5 75.25 0
      vertex 55.07578987528483 75.27780420053512 0
    endloop
  endfacet
  facet normal -0.0654031292301413 0.9978589232386036 0
    outer loop
      vertex 55.5 75.25 1.19
      vertex 55.92421012471517 75.27780420053512 0
      vertex 55.5 75.25 0
    endloop
  endfacet
  facet normal -0.19509032201612947 0.9807852804032303 0
    outer loop
      vertex 55.92421012471517 75.27780420053512 1.19
      vertex 56.341161896583195 75.36074106456053 0
      vertex 55.92421012471517 75.27780420053512 0
    endloop
  endfacet
  facet normal -0.32143946530317097 0.9469301294951026 0
    outer loop
      vertex 56.341161896583195 75.36074106456053 1.19
      vertex 56.74372115518654 75.49739151933832 0
      vertex 56.341161896583195 75.36074106456053 0
    endloop
  endfacet
  facet normal -0.4422886902190025 0.8968727415326878 0
    outer loop
      vertex 56.74372115518654 75.49739151933832 1.19
      vertex 57.125 75.68541743770058 0
      vertex 56.74372115518654 75.49739151933832 0
    endloop
  endfacet
  facet normal -0.555570233019587 0.8314696123025554 0
    outer loop
      vertex 57.125 75.68541743770058 1.19
      vertex 57.47847464427834 75.92160164405348 0
      vertex 57.125 75.68541743770058 0
    endloop
  endfacet
  facet normal 0.19509032201612947 -0.9807852804032303 0
    outer loop
      vertex 55.07578987528483 81.72219579946488 1.19
      vertex 54.658838103416805 81.63925893543947 0
      vertex 55.07578987528483 81.72219579946488 0
    endloop
  endfacet
  facet normal 0.0654031292301413 -0.9978589232386036 0
    outer loop
      vertex 55.5 81.75 1.19
      vertex 55.07578987528483 81.72219579946488 0
      vertex 55.5 81.75 0
    endloop
  endfacet
  facet normal -0.0654031292301413 -0.9978589232386036 0
    outer loop
      vertex 55.92421012471517 81.72219579946488 1.19
      vertex 55.5 81.75 0
      vertex 55.92421012471517 81.72219579946488 0
    endloop
  endfacet
  facet normal -0.19509032201612947 -0.9807852804032303 0
    outer loop
      vertex 56.341161896583195 81.63925893543947 1.19
      vertex 55.92421012471517 81.72219579946488 0
      vertex 56.341161896583195 81.63925893543947 0
    endloop
  endfacet
  facet normal -0.32143946530317097 -0.9469301294951026 0
    outer loop
      vertex 56.74372115518654 81.50260848066168 1.19
      vertex 56.341161896583195 81.63925893543947 0
      vertex 56.74372115518654 81.50260848066168 0
    endloop
  endfacet
  facet normal -0.6593458151000728 0.7518398074789738 0
    outer loop
      vertex 57.47847464427834 75.92160164405348 1.19
      vertex 57.79809703885628 76.20190296114372 0
      vertex 57.47847464427834 75.92160164405348 0
    endloop
  endfacet
  facet normal -0.7518398074789885 0.6593458151000564 0
    outer loop
      vertex 57.79809703885628 76.20190296114372 1.19
      vertex 58.07839835594651 76.52152535572166 0
      vertex 57.79809703885628 76.20190296114372 0
    endloop
  endfacet
  facet normal -0.8314696123025349 0.5555702330196178 0
    outer loop
      vertex 58.07839835594651 76.52152535572166 1.19
      vertex 58.31458256229943 76.875 0
      vertex 58.07839835594651 76.52152535572166 0
    endloop
  endfacet
  facet normal -0.8968727415326909 0.4422886902189958 0
    outer loop
      vertex 58.31458256229943 76.875 1.19
      vertex 58.502608480661685 77.25627884481347 0
      vertex 58.31458256229943 76.875 0
    endloop
  endfacet
  facet normal -0.9469301294951076 0.321439465303156 0
    outer loop
      vertex 58.502608480661685 77.25627884481347 1.19
      vertex 58.63925893543947 77.65883810341681 0
      vertex 58.502608480661685 77.25627884481347 0
    endloop
  endfacet
  facet normal -0.9807852804032289 0.19509032201613585 0
    outer loop
      vertex 58.63925893543947 77.65883810341681 1.19
      vertex 58.722195799464885 78.07578987528483 0
      vertex 58.63925893543947 77.65883810341681 0
    endloop
  endfacet
  facet normal -0.9978589232386036 0.0654031292301402 0
    outer loop
      vertex 58.722195799464885 78.07578987528483 1.19
      vertex 58.75 78.5 0
      vertex 58.722195799464885 78.07578987528483 0
    endloop
  endfacet
  facet normal -0.9978589232386036 -0.0654031292301402 0
    outer loop
      vertex 58.75 78.5 1.19
      vertex 58.722195799464885 78.92421012471517 0
      vertex 58.75 78.5 0
    endloop
  endfacet
  facet normal -0.4422886902190025 -0.8968727415326878 0
    outer loop
      vertex 57.125 81.31458256229942 1.19
      vertex 56.74372115518654 81.50260848066168 0
      vertex 57.125 81.31458256229942 0
    endloop
  endfacet
  facet normal -0.555570233019587 -0.8314696123025554 0
    outer loop
      vertex 57.47847464427834 81.07839835594652 1.19
      vertex 57.125 81.31458256229942 0
      vertex 57.47847464427834 81.07839835594652 0
    endloop
  endfacet
  facet normal -0.6593458151000728 -0.7518398074789738 0
    outer loop
      vertex 57.79809703885628 80.79809703885628 1.19
      vertex 57.47847464427834 81.07839835594652 0
      vertex 57.79809703885628 80.79809703885628 0
    endloop
  endfacet
  facet normal -0.7518398074789885 -0.6593458151000564 0
    outer loop
      vertex 58.07839835594651 80.47847464427834 1.19
      vertex 57.79809703885628 80.79809703885628 0
      vertex 58.07839835594651 80.47847464427834 0
    endloop
  endfacet
  facet normal -0.8314696123025349 -0.5555702330196178 0
    outer loop
      vertex 58.31458256229943 80.125 1.19
      vertex 58.07839835594651 80.47847464427834 0
      vertex 58.31458256229943 80.125 0
    endloop
  endfacet
  facet normal -0.8968727415326909 -0.4422886902189958 0
    outer loop
      vertex 58.502608480661685 79.74372115518653 1.19
      vertex 58.31458256229943 80.125 0
      vertex 58.502608480661685 79.74372115518653 0
    endloop
  endfacet
  facet normal -0.9807852804032289 -0.19509032201613585 0
    outer loop
      vertex 58.722195799464885 78.92421012471517 1.19
      vertex 58.63925893543947 79.34116189658319 0
      vertex 58.722195799464885 78.92421012471517 0
    endloop
  endfacet
  facet normal -0.9469301294951076 -0.321439465303156 0
    outer loop
      vertex 58.63925893543947 79.34116189658319 1.19
      vertex 58.502608480661685 79.74372115518653 0
      vertex 58.63925893543947 79.34116189658319 0
    endloop
  endfacet
  facet normal 0.555570233019587 0.8314696123025554 1.1123331716258013e-17
    outer loop
      vertex 53.52152535572166 75.92160164405348 1.19
      vertex 53.875 75.68541743770058 1.19
      vertex 53.875 75.68541743770058 0
    endloop
  endfacet
  facet normal 0.4422886902190025 0.8968727415326878 -5.400571943120902e-18
    outer loop
      vertex 53.875 75.68541743770058 1.19
      vertex 54.25627884481346 75.49739151933832 1.19
      vertex 54.25627884481346 75.49739151933832 0
    endloop
  endfacet
  facet normal 0.32143946530317097 0.9469301294951026 3.860317341817014e-18
    outer loop
      vertex 54.25627884481346 75.49739151933832 1.19
      vertex 54.658838103416805 75.36074106456053 1.19
      vertex 54.658838103416805 75.36074106456053 0
    endloop
  endfacet
  facet normal 0.9469301294951076 0.321439465303156 0
    outer loop
      vertex 52.497391519338315 77.25627884481347 1.19
      vertex 52.497391519338315 77.25627884481347 0
      vertex 52.36074106456053 77.65883810341681 1.19
    endloop
  endfacet
  facet normal 0.8968727415326909 0.4422886902189958 -1.278725886657161e-17
    outer loop
      vertex 52.497391519338315 77.25627884481347 1.19
      vertex 52.68541743770057 76.875 1.19
      vertex 52.68541743770057 76.875 0
    endloop
  endfacet
  facet normal 0.9807852804032289 0.19509032201613585 0
    outer loop
      vertex 52.36074106456053 77.65883810341681 1.19
      vertex 52.36074106456053 77.65883810341681 0
      vertex 52.277804200535115 78.07578987528483 1.19
    endloop
  endfacet
  facet normal 0.9978589232386036 0.0654031292301402 0
    outer loop
      vertex 52.277804200535115 78.07578987528483 1.19
      vertex 52.277804200535115 78.07578987528483 0
      vertex 52.25 78.5 1.19
    endloop
  endfacet
  facet normal 0.9978589232386036 -0.0654031292301402 0
    outer loop
      vertex 52.25 78.5 1.19
      vertex 52.25 78.5 0
      vertex 52.277804200535115 78.92421012471517 1.19
    endloop
  endfacet
  facet normal 0.9807852804032289 -0.19509032201613585 0
    outer loop
      vertex 52.277804200535115 78.92421012471517 1.19
      vertex 52.277804200535115 78.92421012471517 0
      vertex 52.36074106456053 79.34116189658319 1.19
    endloop
  endfacet
  facet normal 0.9469301294951076 -0.321439465303156 0
    outer loop
      vertex 52.36074106456053 79.34116189658319 1.19
      vertex 52.36074106456053 79.34116189658319 0
      vertex 52.497391519338315 79.74372115518653 1.19
    endloop
  endfacet
  facet normal 0.8968727415326909 -0.4422886902189958 0
    outer loop
      vertex 52.497391519338315 79.74372115518653 1.19
      vertex 52.497391519338315 79.74372115518653 0
      vertex 52.68541743770057 80.125 1.19
    endloop
  endfacet
  facet normal 0.8314696123025349 0.5555702330196178 1.0253123524759102e-17
    outer loop
      vertex 52.68541743770057 76.875 1.19
      vertex 52.92160164405349 76.52152535572166 1.19
      vertex 52.92160164405349 76.52152535572166 0
    endloop
  endfacet
  facet normal 0.7518398074789885 0.6593458151000564 0
    outer loop
      vertex 53.20190296114372 76.20190296114372 1.19
      vertex 53.20190296114372 76.20190296114372 0
      vertex 52.92160164405349 76.52152535572166 1.19
    endloop
  endfacet
  facet normal 0.6593458151000728 0.7518398074789738 -5.366748064397912e-18
    outer loop
      vertex 53.20190296114372 76.20190296114372 1.19
      vertex 53.52152535572166 75.92160164405348 1.19
      vertex 53.52152535572166 75.92160164405348 0
    endloop
  endfacet
  facet normal 0.8314696123025349 -0.5555702330196178 0
    outer loop
      vertex 52.68541743770057 80.125 1.19
      vertex 52.68541743770057 80.125 0
      vertex 52.92160164405349 80.47847464427834 1.19
    endloop
  endfacet
  facet normal 0.7518398074789885 -0.6593458151000564 0
    outer loop
      vertex 52.92160164405349 80.47847464427834 1.19
      vertex 52.92160164405349 80.47847464427834 0
      vertex 53.20190296114372 80.79809703885628 1.19
    endloop
  endfacet
  facet normal 0.6593458151000728 -0.7518398074789738 0
    outer loop
      vertex 53.20190296114372 80.79809703885628 1.19
      vertex 53.20190296114372 80.79809703885628 0
      vertex 53.52152535572166 81.07839835594652 1.19
    endloop
  endfacet
  facet normal 0.555570233019587 -0.8314696123025554 0
    outer loop
      vertex 53.52152535572166 81.07839835594652 1.19
      vertex 53.52152535572166 81.07839835594652 0
      vertex 53.875 81.31458256229942 1.19
    endloop
  endfacet
  facet normal 0.4422886902190025 -0.8968727415326878 0
    outer loop
      vertex 53.875 81.31458256229942 1.19
      vertex 53.875 81.31458256229942 0
      vertex 54.25627884481346 81.50260848066168 1.19
    endloop
  endfacet
  facet normal 0.32143946530317097 -0.9469301294951026 0
    outer loop
      vertex 54.25627884481346 81.50260848066168 1.19
      vertex 54.25627884481346 81.50260848066168 0
      vertex 54.658838103416805 81.63925893543947 1.19
    endloop
  endfacet
  facet normal 0.19509032201612947 -0.9807852804032303 0
    outer loop
      vertex 54.658838103416805 81.63925893543947 1.19
      vertex 54.658838103416805 81.63925893543947 0
      vertex 55.07578987528483 81.72219579946488 1.19
    endloop
  endfacet
  facet normal 0.19509032201612947 0.9807852804032303 6.839690093198088e-18
    outer loop
      vertex 54.658838103416805 75.36074106456053 1.19
      vertex 55.07578987528483 75.27780420053512 1.19
      vertex 55.07578987528483 75.27780420053512 0
    endloop
  endfacet
  facet normal 0.0654031292301413 0.9978589232386036 1.2749554129921648e-19
    outer loop
      vertex 55.07578987528483 75.27780420053512 1.19
      vertex 55.5 75.25 1.19
      vertex 55.5 75.25 0
    endloop
  endfacet
  facet normal -0.0654031292301413 0.9978589232386036 -1.2749554129921648e-19
    outer loop
      vertex 55.5 75.25 1.19
      vertex 55.92421012471517 75.27780420053512 1.19
      vertex 55.92421012471517 75.27780420053512 0
    endloop
  endfacet
  facet normal -0.19509032201612947 0.9807852804032303 -6.839690093198088e-18
    outer loop
      vertex 55.92421012471517 75.27780420053512 1.19
      vertex 56.341161896583195 75.36074106456053 1.19
      vertex 56.341161896583195 75.36074106456053 0
    endloop
  endfacet
  facet normal -0.32143946530317097 0.9469301294951026 -3.860317341817014e-18
    outer loop
      vertex 56.341161896583195 75.36074106456053 1.19
      vertex 56.74372115518654 75.49739151933832 1.19
      vertex 56.74372115518654 75.49739151933832 0
    endloop
  endfacet
  facet normal -0.4422886902190025 0.8968727415326878 5.400571943120902e-18
    outer loop
      vertex 56.74372115518654 75.49739151933832 1.19
      vertex 57.125 75.68541743770058 1.19
      vertex 57.125 75.68541743770058 0
    endloop
  endfacet
  facet normal -0.555570233019587 0.8314696123025554 -1.1123331716258013e-17
    outer loop
      vertex 57.125 75.68541743770058 1.19
      vertex 57.47847464427834 75.92160164405348 1.19
      vertex 57.47847464427834 75.92160164405348 0
    endloop
  endfacet
  facet normal 0.0654031292301413 -0.9978589232386036 0
    outer loop
      vertex 55.07578987528483 81.72219579946488 1.19
      vertex 55.07578987528483 81.72219579946488 0
      vertex 55.5 81.75 1.19
    endloop
  endfacet
  facet normal -0.0654031292301413 -0.9978589232386036 0
    outer loop
      vertex 55.5 81.75 1.19
      vertex 55.5 81.75 0
      vertex 55.92421012471517 81.72219579946488 1.19
    endloop
  endfacet
  facet normal -0.19509032201612947 -0.9807852804032303 0
    outer loop
      vertex 55.92421012471517 81.72219579946488 1.19
      vertex 55.92421012471517 81.72219579946488 0
      vertex 56.341161896583195 81.63925893543947 1.19
    endloop
  endfacet
  facet normal -0.32143946530317097 -0.9469301294951026 0
    outer loop
      vertex 56.341161896583195 81.63925893543947 1.19
      vertex 56.341161896583195 81.63925893543947 0
      vertex 56.74372115518654 81.50260848066168 1.19
    endloop
  endfacet
  facet normal -0.4422886902190025 -0.8968727415326878 0
    outer loop
      vertex 56.74372115518654 81.50260848066168 1.19
      vertex 56.74372115518654 81.50260848066168 0
      vertex 57.125 81.31458256229942 1.19
    endloop
  endfacet
  facet normal -0.6593458151000728 0.7518398074789738 5.366748064397912e-18
    outer loop
      vertex 57.47847464427834 75.92160164405348 1.19
      vertex 57.79809703885628 76.20190296114372 1.19
      vertex 57.79809703885628 76.20190296114372 0
    endloop
  endfacet
  facet normal -0.7518398074789885 0.6593458151000564 6.1499030914770324e-18
    outer loop
      vertex 57.79809703885628 76.20190296114372 1.19
      vertex 58.07839835594651 76.52152535572166 1.19
      vertex 58.07839835594651 76.52152535572166 0
    endloop
  endfacet
  facet normal -0.8314696123025349 0.5555702330196178 -1.0253123524759102e-17
    outer loop
      vertex 58.07839835594651 76.52152535572166 1.19
      vertex 58.31458256229943 76.875 1.19
      vertex 58.31458256229943 76.875 0
    endloop
  endfacet
  facet normal -0.8968727415326909 0.4422886902189958 1.278725886657161e-17
    outer loop
      vertex 58.31458256229943 76.875 1.19
      vertex 58.502608480661685 77.25627884481347 1.19
      vertex 58.502608480661685 77.25627884481347 0
    endloop
  endfacet
  facet normal -0.9469301294951076 0.321439465303156 6.828921273703931e-18
    outer loop
      vertex 58.502608480661685 77.25627884481347 1.19
      vertex 58.63925893543947 77.65883810341681 1.19
      vertex 58.63925893543947 77.65883810341681 0
    endloop
  endfacet
  facet normal -0.9807852804032289 0.19509032201613585 -4.846703321560818e-18
    outer loop
      vertex 58.63925893543947 77.65883810341681 1.19
      vertex 58.722195799464885 78.07578987528483 1.19
      vertex 58.722195799464885 78.07578987528483 0
    endloop
  endfacet
  facet normal -0.9978589232386036 0.0654031292301402 -5.183865853512664e-19
    outer loop
      vertex 58.722195799464885 78.07578987528483 1.19
      vertex 58.75 78.5 1.19
      vertex 58.75 78.5 0
    endloop
  endfacet
  facet normal -0.9978589232386036 -0.0654031292301402 5.183865853512664e-19
    outer loop
      vertex 58.75 78.5 1.19
      vertex 58.722195799464885 78.92421012471517 1.19
      vertex 58.722195799464885 78.92421012471517 0
    endloop
  endfacet
  facet normal -0.555570233019587 -0.8314696123025554 0
    outer loop
      vertex 57.125 81.31458256229942 1.19
      vertex 57.125 81.31458256229942 0
      vertex 57.47847464427834 81.07839835594652 1.19
    endloop
  endfacet
  facet normal -0.6593458151000728 -0.7518398074789738 0
    outer loop
      vertex 57.47847464427834 81.07839835594652 1.19
      vertex 57.47847464427834 81.07839835594652 0
      vertex 57.79809703885628 80.79809703885628 1.19
    endloop
  endfacet
  facet normal -0.7518398074789885 -0.6593458151000564 0
    outer loop
      vertex 57.79809703885628 80.79809703885628 1.19
      vertex 57.79809703885628 80.79809703885628 0
      vertex 58.07839835594651 80.47847464427834 1.19
    endloop
  endfacet
  facet normal -0.8968727415326909 -0.4422886902189958 0
    outer loop
      vertex 58.31458256229943 80.125 1.19
      vertex 58.31458256229943 80.125 0
      vertex 58.502608480661685 79.74372115518653 1.19
    endloop
  endfacet
  facet normal -0.9807852804032289 -0.19509032201613585 4.846703321560818e-18
    outer loop
      vertex 58.722195799464885 78.92421012471517 1.19
      vertex 58.63925893543947 79.34116189658319 1.19
      vertex 58.63925893543947 79.34116189658319 0
    endloop
  endfacet
  facet normal -0.9469301294951076 -0.321439465303156 -6.828921273703931e-18
    outer loop
      vertex 58.63925893543947 79.34116189658319 1.19
      vertex 58.502608480661685 79.74372115518653 1.19
      vertex 58.502608480661685 79.74372115518653 0
    endloop
  endfacet
  facet normal -0.8314696123025349 -0.5555702330196178 0
    outer loop
      vertex 58.07839835594651 80.47847464427834 1.19
      vertex 58.07839835594651 80.47847464427834 0
      vertex 58.31458256229943 80.125 1.19
    endloop
  endfacet
  facet normal 0 0 -1
    outer loop
      vertex 52.497391519338315 77.25627884481347 1.19
      vertex 52.36074106456053 77.65883810341681 1.19
      vertex 52.36074106456053 79.34116189658319 1.19
    endloop
  endfacet
  facet normal 0 0 -1
    outer loop
      vertex 52.497391519338315 77.25627884481347 1.19
      vertex 52.497391519338315 79.74372115518653 1.19
      vertex 52.68541743770057 76.875 1.19
    endloop
  endfacet
  facet normal 0 0 -1
    outer loop
      vertex 52.36074106456053 77.65883810341681 1.19
      vertex 52.277804200535115 78.07578987528483 1.19
      vertex 52.277804200535115 78.92421012471517 1.19
    endloop
  endfacet
  facet normal 0 0 -1
    outer loop
      vertex 52.277804200535115 78.07578987528483 1.19
      vertex 52.25 78.5 1.19
      vertex 52.277804200535115 78.92421012471517 1.19
    endloop
  endfacet
  facet normal 0 0 -1
    outer loop
      vertex 52.36074106456053 77.65883810341681 1.19
      vertex 52.277804200535115 78.92421012471517 1.19
      vertex 52.36074106456053 79.34116189658319 1.19
    endloop
  endfacet
  facet normal 0 0 -1
    outer loop
      vertex 52.497391519338315 77.25627884481347 1.19
      vertex 52.36074106456053 79.34116189658319 1.19
      vertex 52.497391519338315 79.74372115518653 1.19
    endloop
  endfacet
  facet normal 0 0 -1
    outer loop
      vertex 52.497391519338315 79.74372115518653 1.19
      vertex 52.68541743770057 80.125 1.19
      vertex 52.68541743770057 76.875 1.19
    endloop
  endfacet
  facet normal 0 0 -1
    outer loop
      vertex 52.68541743770057 76.875 1.19
      vertex 52.68541743770057 80.125 1.19
      vertex 52.92160164405349 76.52152535572166 1.19
    endloop
  endfacet
  facet normal 0 0 -1
    outer loop
      vertex 53.20190296114372 76.20190296114372 1.19
      vertex 52.92160164405349 76.52152535572166 1.19
      vertex 52.92160164405349 80.47847464427834 1.19
    endloop
  endfacet
  facet normal 0 0 -1
    outer loop
      vertex 53.20190296114372 76.20190296114372 1.19
      vertex 53.20190296114372 80.79809703885628 1.19
      vertex 53.52152535572166 75.92160164405348 1.19
    endloop
  endfacet
  facet normal 0 0 -1
    outer loop
      vertex 53.52152535572166 75.92160164405348 1.19
      vertex 53.52152535572166 81.07839835594652 1.19
      vertex 53.875 75.68541743770058 1.19
    endloop
  endfacet
  facet normal 0 0 -1
    outer loop
      vertex 54.658838103416805 75.36074106456053 1.19
      vertex 54.658838103416805 81.63925893543947 1.19
      vertex 55.07578987528483 75.27780420053512 1.19
    endloop
  endfacet
  facet normal 0 0 -1
    outer loop
      vertex 53.875 75.68541743770058 1.19
      vertex 53.875 81.31458256229942 1.19
      vertex 54.25627884481346 75.49739151933832 1.19
    endloop
  endfacet
  facet normal 0 0 -1
    outer loop
      vertex 54.25627884481346 75.49739151933832 1.19
      vertex 54.25627884481346 81.50260848066168 1.19
      vertex 54.658838103416805 75.36074106456053 1.19
    endloop
  endfacet
  facet normal 0 0 -1
    outer loop
      vertex 52.92160164405349 76.52152535572166 1.19
      vertex 52.68541743770057 80.125 1.19
      vertex 52.92160164405349 80.47847464427834 1.19
    endloop
  endfacet
  facet normal 0 0 -1
    outer loop
      vertex 53.20190296114372 76.20190296114372 1.19
      vertex 52.92160164405349 80.47847464427834 1.19
      vertex 53.20190296114372 80.79809703885628 1.19
    endloop
  endfacet
  facet normal 0 0 -1
    outer loop
      vertex 53.52152535572166 75.92160164405348 1.19
      vertex 53.20190296114372 80.79809703885628 1.19
      vertex 53.52152535572166 81.07839835594652 1.19
    endloop
  endfacet
  facet normal 0 0 -1
    outer loop
      vertex 53.875 75.68541743770058 1.19
      vertex 53.52152535572166 81.07839835594652 1.19
      vertex 53.875 81.31458256229942 1.19
    endloop
  endfacet
  facet normal 0 0 -1
    outer loop
      vertex 54.25627884481346 75.49739151933832 1.19
      vertex 53.875 81.31458256229942 1.19
      vertex 54.25627884481346 81.50260848066168 1.19
    endloop
  endfacet
  facet normal 0 0 -1
    outer loop
      vertex 54.658838103416805 75.36074106456053 1.19
      vertex 54.25627884481346 81.50260848066168 1.19
      vertex 54.658838103416805 81.63925893543947 1.19
    endloop
  endfacet
  facet normal 0 0 -1
    outer loop
      vertex 55.07578987528483 75.27780420053512 1.19
      vertex 55.07578987528483 81.72219579946488 1.19
      vertex 55.5 75.25 1.19
    endloop
  endfacet
  facet normal 0 0 -1
    outer loop
      vertex 55.5 75.25 1.19
      vertex 55.5 81.75 1.19
      vertex 55.92421012471517 75.27780420053512 1.19
    endloop
  endfacet
  facet normal 0 0 -1
    outer loop
      vertex 55.92421012471517 75.27780420053512 1.19
      vertex 55.92421012471517 81.72219579946488 1.19
      vertex 56.341161896583195 75.36074106456053 1.19
    endloop
  endfacet
  facet normal 0 0 -1
    outer loop
      vertex 56.341161896583195 75.36074106456053 1.19
      vertex 56.341161896583195 81.63925893543947 1.19
      vertex 56.74372115518654 75.49739151933832 1.19
    endloop
  endfacet
  facet normal 0 0 -1
    outer loop
      vertex 56.74372115518654 75.49739151933832 1.19
      vertex 56.74372115518654 81.50260848066168 1.19
      vertex 57.125 75.68541743770058 1.19
    endloop
  endfacet
  facet normal 0 0 -1
    outer loop
      vertex 55.07578987528483 75.27780420053512 1.19
      vertex 54.658838103416805 81.63925893543947 1.19
      vertex 55.07578987528483 81.72219579946488 1.19
    endloop
  endfacet
  facet normal 0 0 -1
    outer loop
      vertex 55.5 75.25 1.19
      vertex 55.07578987528483 81.72219579946488 1.19
      vertex 55.5 81.75 1.19
    endloop
  endfacet
  facet normal 0 0 -1
    outer loop
      vertex 55.5 81.75 1.19
      vertex 55.92421012471517 81.72219579946488 1.19
      vertex 55.92421012471517 75.27780420053512 1.19
    endloop
  endfacet
  facet normal 0 0 -1
    outer loop
      vertex 56.341161896583195 75.36074106456053 1.19
      vertex 55.92421012471517 81.72219579946488 1.19
      vertex 56.341161896583195 81.63925893543947 1.19
    endloop
  endfacet
  facet normal 0 0 -1
    outer loop
      vertex 56.74372115518654 75.49739151933832 1.19
      vertex 56.341161896583195 81.63925893543947 1.19
      vertex 56.74372115518654 81.50260848066168 1.19
    endloop
  endfacet
  facet normal 0 0 -1
    outer loop
      vertex 57.125 75.68541743770058 1.19
      vertex 57.125 81.31458256229942 1.19
      vertex 57.47847464427834 75.92160164405348 1.19
    endloop
  endfacet
  facet normal 0 0 -1
    outer loop
      vertex 57.47847464427834 75.92160164405348 1.19
      vertex 57.47847464427834 81.07839835594652 1.19
      vertex 57.79809703885628 76.20190296114372 1.19
    endloop
  endfacet
  facet normal 0 0 -1
    outer loop
      vertex 57.79809703885628 76.20190296114372 1.19
      vertex 57.79809703885628 80.79809703885628 1.19
      vertex 58.07839835594651 76.52152535572166 1.19
    endloop
  endfacet
  facet normal 0 0 -1
    outer loop
      vertex 58.07839835594651 76.52152535572166 1.19
      vertex 58.07839835594651 80.47847464427834 1.19
      vertex 58.31458256229943 76.875 1.19
    endloop
  endfacet
  facet normal 0 0 -1
    outer loop
      vertex 58.31458256229943 76.875 1.19
      vertex 58.31458256229943 80.125 1.19
      vertex 58.502608480661685 77.25627884481347 1.19
    endloop
  endfacet
  facet normal 0 0 -1
    outer loop
      vertex 58.502608480661685 77.25627884481347 1.19
      vertex 58.502608480661685 79.74372115518653 1.19
      vertex 58.63925893543947 77.65883810341681 1.19
    endloop
  endfacet
  facet normal 0 0 -1
    outer loop
      vertex 58.63925893543947 77.65883810341681 1.19
      vertex 58.63925893543947 79.34116189658319 1.19
      vertex 58.722195799464885 78.07578987528483 1.19
    endloop
  endfacet
  facet normal 0 0 -1
    outer loop
      vertex 58.722195799464885 78.07578987528483 1.19
      vertex 58.722195799464885 78.92421012471517 1.19
      vertex 58.75 78.5 1.19
    endloop
  endfacet
  facet normal 0 0 -1
    outer loop
      vertex 58.722195799464885 78.07578987528483 1.19
      vertex 58.63925893543947 79.34116189658319 1.19
      vertex 58.722195799464885 78.92421012471517 1.19
    endloop
  endfacet
  facet normal 0 0 -1
    outer loop
      vertex 57.125 75.68541743770058 1.19
      vertex 56.74372115518654 81.50260848066168 1.19
      vertex 57.125 81.31458256229942 1.19
    endloop
  endfacet
  facet normal 0 0 -1
    outer loop
      vertex 57.47847464427834 75.92160164405348 1.19
      vertex 57.125 81.31458256229942 1.19
      vertex 57.47847464427834 81.07839835594652 1.19
    endloop
  endfacet
  facet normal 0 0 -1
    outer loop
      vertex 57.79809703885628 76.20190296114372 1.19
      vertex 57.47847464427834 81.07839835594652 1.19
      vertex 57.79809703885628 80.79809703885628 1.19
    endloop
  endfacet
  facet normal 0 0 -1
    outer loop
      vertex 58.07839835594651 76.52152535572166 1.19
      vertex 57.79809703885628 80.79809703885628 1.19
      vertex 58.07839835594651 80.47847464427834 1.19
    endloop
  endfacet
  facet normal 0 0 -1
    outer loop
      vertex 58.31458256229943 76.875 1.19
      vertex 58.07839835594651 80.47847464427834 1.19
      vertex 58.31458256229943 80.125 1.19
    endloop
  endfacet
  facet normal 0 0 -1
    outer loop
      vertex 58.502608480661685 77.25627884481347 1.19
      vertex 58.31458256229943 80.125 1.19
      vertex 58.502608480661685 79.74372115518653 1.19
    endloop
  endfacet
  facet normal 0 0 -1
    outer loop
      vertex 58.63925893543947 77.65883810341681 1.19
      vertex 58.502608480661685 79.74372115518653 1.19
      vertex 58.63925893543947 79.34116189658319 1.19
    endloop
  endfacet
  facet normal 0 0 -1
    outer loop
      vertex 0 0 0
      vertex 8.997391519338318 13.756278844813458 0
      vertex 9.185417437700576 13.375 0
    endloop
  endfacet
  facet normal 0 0 -1
    outer loop
      vertex 0 0 0
      vertex 8.860741064560528 14.158838103416807 0
      vertex 8.997391519338318 13.756278844813458 0
    endloop
  endfacet
  facet normal 0 0 -1
    outer loop
      vertex 0 0 0
      vertex 9.185417437700576 13.375 0
      vertex 9.421601644053485 13.021525355721657 0
    endloop
  endfacet
  facet normal 0 0 -1
    outer loop
      vertex 0 0 0
      vertex 8.777804200535115 14.575789875284832 0
      vertex 8.860741064560528 14.158838103416807 0
    endloop
  endfacet
  facet normal 0 0 -1
    outer loop
      vertex 0 0 0
      vertex 8.75 15 0
      vertex 8.777804200535115 14.575789875284832 0
    endloop
  endfacet
  facet normal 0 0 -1
    outer loop
      vertex 0 0 0
      vertex 9.70190296114372 12.70190296114372 0
      vertex 10.021525355721657 12.421601644053485 0
    endloop
  endfacet
  facet normal 0 0 -1
    outer loop
      vertex 0 0 0
      vertex 9.421601644053485 13.021525355721657 0
      vertex 9.70190296114372 12.70190296114372 0
    endloop
  endfacet
  facet normal 0 0 -1
    outer loop
      vertex 0 0 0
      vertex 10.021525355721657 12.421601644053485 0
      vertex 10.375 12.185417437700576 0
    endloop
  endfacet
  facet normal 0 0 -1
    outer loop
      vertex 0 0 0
      vertex 10.756278844813458 11.997391519338318 0
      vertex 11.158838103416807 11.860741064560528 0
    endloop
  endfacet
  facet normal 0 0 -1
    outer loop
      vertex 0 0 0
      vertex 10.375 12.185417437700576 0
      vertex 10.756278844813458 11.997391519338318 0
    endloop
  endfacet
  facet normal 0 0 -1
    outer loop
      vertex 0 0 0
      vertex 11.158838103416807 11.860741064560528 0
      vertex 11.575789875284832 11.777804200535115 0
    endloop
  endfacet
  facet normal 0 0 -1
    outer loop
      vertex 0 0 0
      vertex 11.575789875284832 11.777804200535115 0
      vertex 12 11.75 0
    endloop
  endfacet
  facet normal 0 0 -1
    outer loop
      vertex 0 0 0
      vertex 12.424210124715168 75.27780420053512 0
      vertex 8.75 15 0
    endloop
  endfacet
  facet normal 0 0 -1
    outer loop
      vertex 8.75 15 0
      vertex 12.424210124715168 75.27780420053512 0
      vertex 8.777804200535115 15.424210124715168 0
    endloop
  endfacet
  facet normal 0 0 -1
    outer loop
      vertex 8.777804200535115 15.424210124715168 0
      vertex 12.424210124715168 75.27780420053512 0
      vertex 8.860741064560528 15.841161896583193 0
    endloop
  endfacet
  facet normal 0 0 -1
    outer loop
      vertex 8.860741064560528 15.841161896583193 0
      vertex 12.424210124715168 75.27780420053512 0
      vertex 8.997391519338318 16.24372115518654 0
    endloop
  endfacet
  facet normal 0 0 -1
    outer loop
      vertex 8.997391519338318 16.24372115518654 0
      vertex 12.424210124715168 75.27780420053512 0
      vertex 9.185417437700576 16.625 0
    endloop
  endfacet
  facet normal 0 0 -1
    outer loop
      vertex 9.185417437700576 16.625 0
      vertex 12.424210124715168 75.27780420053512 0
      vertex 9.421601644053485 16.978474644278343 0
    endloop
  endfacet
  facet normal 0 0 -1
    outer loop
      vertex 9.421601644053485 16.978474644278343 0
      vertex 12.424210124715168 75.27780420053512 0
      vertex 9.70190296114372 17.29809703885628 0
    endloop
  endfacet
  facet normal 0 0 -1
    outer loop
      vertex 10.021525355721657 17.578398355946515 0
      vertex 9.70190296114372 17.29809703885628 0
      vertex 12.424210124715168 75.27780420053512 0
    endloop
  endfacet
  facet normal 0 0 -1
    outer loop
      vertex 10.375 17.814582562299424 0
      vertex 10.021525355721657 17.578398355946515 0
      vertex 12.424210124715168 75.27780420053512 0
    endloop
  endfacet
  facet normal 0 0 -1
    outer loop
      vertex 10.756278844813458 18.00260848066168 0
      vertex 10.375 17.814582562299424 0
      vertex 12.424210124715168 75.27780420053512 0
    endloop
  endfacet
  facet normal 0 0 -1
    outer loop
      vertex 11.158838103416807 18.13925893543947 0
      vertex 10.756278844813458 18.00260848066168 0
      vertex 12.424210124715168 75.27780420053512 0
    endloop
  endfacet
  facet normal 0 0 -1
    outer loop
      vertex 0 0 0
      vertex 12 11.75 0
      vertex 67.5 0 0
    endloop
  endfacet
  facet normal 0 0 -1
    outer loop
      vertex 67.5 0 0
      vertex 12 11.75 0
      vertex 12.424210124715168 11.777804200535115 0
    endloop
  endfacet
  facet normal 0 0 -1
    outer loop
      vertex 67.5 0 0
      vertex 12.424210124715168 11.777804200535115 0
      vertex 12.841161896583193 11.860741064560528 0
    endloop
  endfacet
  facet normal 0 0 -1
    outer loop
      vertex 67.5 0 0
      vertex 12.841161896583193 11.860741064560528 0
      vertex 13.243721155186542 11.997391519338318 0
    endloop
  endfacet
  facet normal 0 0 -1
    outer loop
      vertex 67.5 0 0
      vertex 13.243721155186542 11.997391519338318 0
      vertex 13.625 12.185417437700576 0
    endloop
  endfacet
  facet normal 0 0 -1
    outer loop
      vertex 67.5 0 0
      vertex 13.625 12.185417437700576 0
      vertex 13.978474644278343 12.421601644053485 0
    endloop
  endfacet
  facet normal 0 0 -1
    outer loop
      vertex 67.5 0 0
      vertex 13.978474644278343 12.421601644053485 0
      vertex 14.29809703885628 12.70190296114372 0
    endloop
  endfacet
  facet normal 0 0 -1
    outer loop
      vertex 14.29809703885628 12.70190296114372 0
      vertex 14.578398355946515 13.021525355721657 0
      vertex 53.20190296114372 12.70190296114372 0
    endloop
  endfacet
  facet normal 0 0 -1
    outer loop
      vertex 14.814582562299424 13.375 0
      vertex 52.92160164405349 13.021525355721657 0
      vertex 14.578398355946515 13.021525355721657 0
    endloop
  endfacet
  facet normal 0 0 -1
    outer loop
      vertex 15.002608480661682 13.756278844813458 0
      vertex 52.68541743770057 13.375 0
      vertex 14.814582562299424 13.375 0
    endloop
  endfacet
  facet normal 0 0 -1
    outer loop
      vertex 15.139258935439472 14.158838103416807 0
      vertex 52.497391519338315 13.756278844813458 0
      vertex 15.002608480661682 13.756278844813458 0
    endloop
  endfacet
  facet normal 0 0 -1
    outer loop
      vertex 15.222195799464885 14.575789875284832 0
      vertex 52.36074106456053 14.158838103416807 0
      vertex 15.139258935439472 14.158838103416807 0
    endloop
  endfacet
  facet normal 0 0 -1
    outer loop
      vertex 15.25 15 0
      vertex 52.277804200535115 14.575789875284832 0
      vertex 15.222195799464885 14.575789875284832 0
    endloop
  endfacet
  facet normal 0 0 -1
    outer loop
      vertex 15.222195799464885 15.424210124715168 0
      vertex 52.25 15 0
      vertex 15.25 15 0
    endloop
  endfacet
  facet normal 0 0 -1
    outer loop
      vertex 15.139258935439472 15.841161896583193 0
      vertex 52.277804200535115 15.424210124715168 0
      vertex 15.222195799464885 15.424210124715168 0
    endloop
  endfacet
  facet normal 0 0 -1
    outer loop
      vertex 15.002608480661682 16.24372115518654 0
      vertex 52.36074106456053 15.841161896583193 0
      vertex 15.139258935439472 15.841161896583193 0
    endloop
  endfacet
  facet normal 0 0 -1
    outer loop
      vertex 14.814582562299424 16.625 0
      vertex 52.497391519338315 16.24372115518654 0
      vertex 15.002608480661682 16.24372115518654 0
    endloop
  endfacet
  facet normal 0 0 -1
    outer loop
      vertex 11.575789875284832 18.222195799464885 0
      vertex 11.158838103416807 18.13925893543947 0
      vertex 52.277804200535115 78.07578987528483 0
    endloop
  endfacet
  facet normal 0 0 -1
    outer loop
      vertex 12 18.25 0
      vertex 11.575789875284832 18.222195799464885 0
      vertex 52.36074106456053 77.65883810341681 0
    endloop
  endfacet
  facet normal 0 0 -1
    outer loop
      vertex 12.424210124715168 18.222195799464885 0
      vertex 12 18.25 0
      vertex 52.497391519338315 77.25627884481347 0
    endloop
  endfacet
  facet normal 0 0 -1
    outer loop
      vertex 12.841161896583193 18.13925893543947 0
      vertex 12.424210124715168 18.222195799464885 0
      vertex 52.68541743770057 76.875 0
    endloop
  endfacet
  facet normal 0 0 -1
    outer loop
      vertex 54.658838103416805 75.36074106456053 0
      vertex 13.243721155186542 18.00260848066168 0
      vertex 12.841161896583193 18.13925893543947 0
    endloop
  endfacet
  facet normal 0 0 -1
    outer loop
      vertex 54.658838103416805 75.36074106456053 0
      vertex 13.625 17.814582562299424 0
      vertex 13.243721155186542 18.00260848066168 0
    endloop
  endfacet
  facet normal 0 0 -1
    outer loop
      vertex 54.658838103416805 75.36074106456053 0
      vertex 13.978474644278343 17.578398355946515 0
      vertex 13.625 17.814582562299424 0
    endloop
  endfacet
  facet normal 0 0 -1
    outer loop
      vertex 14.578398355946515 16.978474644278343 0
      vertex 54.658838103416805 75.36074106456053 0
      vertex 14.814582562299424 16.625 0
    endloop
  endfacet
  facet normal 0 0 -1
    outer loop
      vertex 54.658838103416805 75.36074106456053 0
      vertex 14.29809703885628 17.29809703885628 0
      vertex 13.978474644278343 17.578398355946515 0
    endloop
  endfacet
  facet normal 0 0 -1
    outer loop
      vertex 54.658838103416805 75.36074106456053 0
      vertex 14.578398355946515 16.978474644278343 0
      vertex 14.29809703885628 17.29809703885628 0
    endloop
  endfacet
  facet normal -1 0 0
    outer loop
      vertex 0 0 0
      vertex 0 0 3
      vertex 0 93.5 3
    endloop
  endfacet
  facet normal 0 -1 0
    outer loop
      vertex 0 0 0
      vertex 67.5 0 3
      vertex 0 0 3
    endloop
  endfacet
  facet normal 0 0 1
    outer loop
      vertex 0 0 3
      vertex 67.5 0 3
      vertex 0 93.5 3
    endloop
  endfacet
  facet normal 0 0 -1
    outer loop
      vertex 0 0 0
      vertex 0 93.5 0
      vertex 8.75 78.5 0
    endloop
  endfacet
  facet normal 0 0 -1
    outer loop
      vertex 0 0 0
      vertex 9.185417437700576 76.875 0
      vertex 9.421601644053485 76.52152535572166 0
    endloop
  endfacet
  facet normal 0 0 -1
    outer loop
      vertex 0 0 0
      vertex 8.997391519338318 77.25627884481347 0
      vertex 9.185417437700576 76.875 0
    endloop
  endfacet
  facet normal 0 0 -1
    outer loop
      vertex 0 0 0
      vertex 8.860741064560528 77.65883810341681 0
      vertex 8.997391519338318 77.25627884481347 0
    endloop
  endfacet
  facet normal 0 0 -1
    outer loop
      vertex 0 0 0
      vertex 8.777804200535115 78.07578987528483 0
      vertex 8.860741064560528 77.65883810341681 0
    endloop
  endfacet
  facet normal 0 0 -1
    outer loop
      vertex 0 0 0
      vertex 8.75 78.5 0
      vertex 8.777804200535115 78.07578987528483 0
    endloop
  endfacet
  facet normal 0 0 -1
    outer loop
      vertex 0 0 0
      vertex 9.70190296114372 76.20190296114372 0
      vertex 10.021525355721657 75.92160164405348 0
    endloop
  endfacet
  facet normal 0 0 -1
    outer loop
      vertex 0 0 0
      vertex 9.421601644053485 76.52152535572166 0
      vertex 9.70190296114372 76.20190296114372 0
    endloop
  endfacet
  facet normal 0 0 -1
    outer loop
      vertex 0 0 0
      vertex 10.021525355721657 75.92160164405348 0
      vertex 10.375 75.68541743770058 0
    endloop
  endfacet
  facet normal 0 0 -1
    outer loop
      vertex 0 0 0
      vertex 10.375 75.68541743770058 0
      vertex 10.756278844813458 75.49739151933832 0
    endloop
  endfacet
  facet normal 0 0 -1
    outer loop
      vertex 0 0 0
      vertex 10.756278844813458 75.49739151933832 0
      vertex 11.158838103416807 75.36074106456053 0
    endloop
  endfacet
  facet normal 0 0 -1
    outer loop
      vertex 0 0 0
      vertex 11.158838103416807 75.36074106456053 0
      vertex 11.575789875284832 75.27780420053512 0
    endloop
  endfacet
  facet normal 0 0 -1
    outer loop
      vertex 0 0 0
      vertex 11.575789875284832 75.27780420053512 0
      vertex 12 75.25 0
    endloop
  endfacet
  facet normal 0 0 -1
    outer loop
      vertex 0 0 0
      vertex 12 75.25 0
      vertex 12.424210124715168 75.27780420053512 0
    endloop
  endfacet
  facet normal 0 0 -1
    outer loop
      vertex 11.158838103416807 18.13925893543947 0
      vertex 12.424210124715168 75.27780420053512 0
      vertex 12.841161896583193 75.36074106456053 0
    endloop
  endfacet
  facet normal 0 0 -1
    outer loop
      vertex 11.158838103416807 18.13925893543947 0
      vertex 12.841161896583193 75.36074106456053 0
      vertex 13.243721155186542 75.49739151933832 0
    endloop
  endfacet
  facet normal 0 0 -1
    outer loop
      vertex 11.158838103416807 18.13925893543947 0
      vertex 13.243721155186542 75.49739151933832 0
      vertex 13.625 75.68541743770058 0
    endloop
  endfacet
  facet normal 0 0 -1
    outer loop
      vertex 11.158838103416807 18.13925893543947 0
      vertex 13.625 75.68541743770058 0
      vertex 13.978474644278343 75.92160164405348 0
    endloop
  endfacet
  facet normal 0 0 -1
    outer loop
      vertex 11.158838103416807 18.13925893543947 0
      vertex 13.978474644278343 75.92160164405348 0
      vertex 14.29809703885628 76.20190296114372 0
    endloop
  endfacet
  facet normal 0 0 -1
    outer loop
      vertex 11.158838103416807 18.13925893543947 0
      vertex 14.29809703885628 76.20190296114372 0
      vertex 14.578398355946515 76.52152535572166 0
    endloop
  endfacet
  facet normal 0 0 -1
    outer loop
      vertex 11.158838103416807 18.13925893543947 0
      vertex 14.578398355946515 76.52152535572166 0
      vertex 14.814582562299424 76.875 0
    endloop
  endfacet
  facet normal 0 0 -1
    outer loop
      vertex 11.158838103416807 18.13925893543947 0
      vertex 14.814582562299424 76.875 0
      vertex 15.002608480661682 77.25627884481347 0
    endloop
  endfacet
  facet normal 0 0 -1
    outer loop
      vertex 11.158838103416807 18.13925893543947 0
      vertex 15.002608480661682 77.25627884481347 0
      vertex 15.139258935439472 77.65883810341681 0
    endloop
  endfacet
  facet normal 0 0 -1
    outer loop
      vertex 11.158838103416807 18.13925893543947 0
      vertex 15.139258935439472 77.65883810341681 0
      vertex 15.222195799464885 78.07578987528483 0
    endloop
  endfacet
  facet normal -1 0 0
    outer loop
      vertex 0 0 0
      vertex 0 93.5 3
      vertex 0 93.5 0
    endloop
  endfacet
  facet normal 0 0 -1
    outer loop
      vertex 0 93.5 0
      vertex 8.777804200535115 78.92421012471517 0
      vertex 8.75 78.5 0
    endloop
  endfacet
  facet normal 0 0 -1
    outer loop
      vertex 0 93.5 0
      vertex 8.860741064560528 79.34116189658319 0
      vertex 8.777804200535115 78.92421012471517 0
    endloop
  endfacet
  facet normal 0 0 -1
    outer loop
      vertex 0 93.5 0
      vertex 8.997391519338318 79.74372115518653 0
      vertex 8.860741064560528 79.34116189658319 0
    endloop
  endfacet
  facet normal 0 0 -1
    outer loop
      vertex 0 93.5 0
      vertex 9.185417437700576 80.125 0
      vertex 8.997391519338318 79.74372115518653 0
    endloop
  endfacet
  facet normal 0 0 -1
    outer loop
      vertex 0 93.5 0
      vertex 9.421601644053485 80.47847464427834 0
      vertex 9.185417437700576 80.125 0
    endloop
  endfacet
  facet normal 0 0 -1
    outer loop
      vertex 0 93.5 0
      vertex 9.70190296114372 80.79809703885628 0
      vertex 9.421601644053485 80.47847464427834 0
    endloop
  endfacet
  facet normal 0 0 -1
    outer loop
      vertex 0 93.5 0
      vertex 10.021525355721657 81.07839835594652 0
      vertex 9.70190296114372 80.79809703885628 0
    endloop
  endfacet
  facet normal 0 0 -1
    outer loop
      vertex 0 93.5 0
      vertex 10.375 81.31458256229942 0
      vertex 10.021525355721657 81.07839835594652 0
    endloop
  endfacet
  facet normal 0 0 -1
    outer loop
      vertex 0 93.5 0
      vertex 10.756278844813458 81.50260848066168 0
      vertex 10.375 81.31458256229942 0
    endloop
  endfacet
  facet normal 0 0 -1
    outer loop
      vertex 0 93.5 0
      vertex 11.158838103416807 81.63925893543947 0
      vertex 10.756278844813458 81.50260848066168 0
    endloop
  endfacet
  facet normal 0 0 -1
    outer loop
      vertex 0 93.5 0
      vertex 11.575789875284832 81.72219579946488 0
      vertex 11.158838103416807 81.63925893543947 0
    endloop
  endfacet
  facet normal 0 0 -1
    outer loop
      vertex 0 93.5 0
      vertex 12 81.75 0
      vertex 11.575789875284832 81.72219579946488 0
    endloop
  endfacet
  facet normal 0 0 -1
    outer loop
      vertex 11.158838103416807 18.13925893543947 0
      vertex 15.222195799464885 78.07578987528483 0
      vertex 52.277804200535115 78.07578987528483 0
    endloop
  endfacet
  facet normal 0 0 -1
    outer loop
      vertex 0 93.5 0
      vertex 55.5 81.75 0
      vertex 12 81.75 0
    endloop
  endfacet
  facet normal 0 0 -1
    outer loop
      vertex 14.578398355946515 80.47847464427834 0
      vertex 52.68541743770057 80.125 0
      vertex 14.814582562299424 80.125 0
    endloop
  endfacet
  facet normal 0 0 -1
    outer loop
      vertex 12.424210124715168 81.72219579946488 0
      vertex 12 81.75 0
      vertex 55.07578987528483 81.72219579946488 0
    endloop
  endfacet
  facet normal 0 0 -1
    outer loop
      vertex 12.841161896583193 81.63925893543947 0
      vertex 12.424210124715168 81.72219579946488 0
      vertex 54.658838103416805 81.63925893543947 0
    endloop
  endfacet
  facet normal 0 0 -1
    outer loop
      vertex 13.243721155186542 81.50260848066168 0
      vertex 12.841161896583193 81.63925893543947 0
      vertex 54.25627884481346 81.50260848066168 0
    endloop
  endfacet
  facet normal 0 0 -1
    outer loop
      vertex 14.29809703885628 80.79809703885628 0
      vertex 52.92160164405349 80.47847464427834 0
      vertex 14.578398355946515 80.47847464427834 0
    endloop
  endfacet
  facet normal 0 0 -1
    outer loop
      vertex 13.978474644278343 81.07839835594652 0
      vertex 53.20190296114372 80.79809703885628 0
      vertex 14.29809703885628 80.79809703885628 0
    endloop
  endfacet
  facet normal 0 0 -1
    outer loop
      vertex 13.625 81.31458256229942 0
      vertex 13.243721155186542 81.50260848066168 0
      vertex 53.875 81.31458256229942 0
    endloop
  endfacet
  facet normal 0 0 -1
    outer loop
      vertex 13.978474644278343 81.07839835594652 0
      vertex 13.625 81.31458256229942 0
      vertex 53.52152535572166 81.07839835594652 0
    endloop
  endfacet
  facet normal 0 0 -1
    outer loop
      vertex 15.25 78.5 0
      vertex 52.277804200535115 78.07578987528483 0
      vertex 15.222195799464885 78.07578987528483 0
    endloop
  endfacet
  facet normal 0 0 -1
    outer loop
      vertex 15.222195799464885 78.92421012471517 0
      vertex 52.25 78.5 0
      vertex 15.25 78.5 0
    endloop
  endfacet
  facet normal 0 0 -1
    outer loop
      vertex 15.139258935439472 79.34116189658319 0
      vertex 52.277804200535115 78.92421012471517 0
      vertex 15.222195799464885 78.92421012471517 0
    endloop
  endfacet
  facet normal 0 0 -1
    outer loop
      vertex 15.002608480661682 79.74372115518653 0
      vertex 52.36074106456053 79.34116189658319 0
      vertex 15.139258935439472 79.34116189658319 0
    endloop
  endfacet
  facet normal 0 0 -1
    outer loop
      vertex 14.814582562299424 80.125 0
      vertex 52.497391519338315 79.74372115518653 0
      vertex 15.002608480661682 79.74372115518653 0
    endloop
  endfacet
  facet normal 0 1 0
    outer loop
      vertex 0 93.5 0
      vertex 0 93.5 3
      vertex 67.5 93.5 0
    endloop
  endfacet
  facet normal 0 0 -1
    outer loop
      vertex 15.002608480661682 13.756278844813458 0
      vertex 52.497391519338315 13.756278844813458 0
      vertex 52.68541743770057 13.375 0
    endloop
  endfacet
  facet normal 0 0 -1
    outer loop
      vertex 15.139258935439472 14.158838103416807 0
      vertex 52.36074106456053 14.158838103416807 0
      vertex 52.497391519338315 13.756278844813458 0
    endloop
  endfacet
  facet normal 0 0 -1
    outer loop
      vertex 15.222195799464885 14.575789875284832 0
      vertex 52.277804200535115 14.575789875284832 0
      vertex 52.36074106456053 14.158838103416807 0
    endloop
  endfacet
  facet normal 0 0 -1
    outer loop
      vertex 15.25 15 0
      vertex 52.25 15 0
      vertex 52.277804200535115 14.575789875284832 0
    endloop
  endfacet
  facet normal 0 0 -1
    outer loop
      vertex 15.222195799464885 15.424210124715168 0
      vertex 52.277804200535115 15.424210124715168 0
      vertex 52.25 15 0
    endloop
  endfacet
  facet normal 0 0 -1
    outer loop
      vertex 15.139258935439472 15.841161896583193 0
      vertex 52.36074106456053 15.841161896583193 0
      vertex 52.277804200535115 15.424210124715168 0
    endloop
  endfacet
  facet normal 0 0 -1
    outer loop
      vertex 15.002608480661682 16.24372115518654 0
      vertex 52.497391519338315 16.24372115518654 0
      vertex 52.36074106456053 15.841161896583193 0
    endloop
  endfacet
  facet normal 0 0 -1
    outer loop
      vertex 14.814582562299424 16.625 0
      vertex 52.68541743770057 16.625 0
      vertex 52.497391519338315 16.24372115518654 0
    endloop
  endfacet
  facet normal 0 0 -1
    outer loop
      vertex 14.578398355946515 13.021525355721657 0
      vertex 52.92160164405349 13.021525355721657 0
      vertex 53.20190296114372 12.70190296114372 0
    endloop
  endfacet
  facet normal 0 0 -1
    outer loop
      vertex 14.814582562299424 13.375 0
      vertex 52.68541743770057 13.375 0
      vertex 52.92160164405349 13.021525355721657 0
    endloop
  endfacet
  facet normal 0 0 -1
    outer loop
      vertex 67.5 0 0
      vertex 14.29809703885628 12.70190296114372 0
      vertex 53.20190296114372 12.70190296114372 0
    endloop
  endfacet
  facet normal 0 -1 0
    outer loop
      vertex 0 0 0
      vertex 67.5 0 0
      vertex 67.5 0 3
    endloop
  endfacet
  facet normal 0 0 -1
    outer loop
      vertex 14.814582562299424 16.625 0
      vertex 55.07578987528483 75.27780420053512 0
      vertex 52.68541743770057 16.625 0
    endloop
  endfacet
  facet normal 0 0 -1
    outer loop
      vertex 67.5 0 0
      vertex 53.20190296114372 12.70190296114372 0
      vertex 53.52152535572166 12.421601644053485 0
    endloop
  endfacet
  facet normal 0 0 -1
    outer loop
      vertex 67.5 0 0
      vertex 53.52152535572166 12.421601644053485 0
      vertex 53.875 12.185417437700576 0
    endloop
  endfacet
  facet normal 0 0 -1
    outer loop
      vertex 67.5 0 0
      vertex 54.25627884481346 11.997391519338318 0
      vertex 54.658838103416805 11.860741064560528 0
    endloop
  endfacet
  facet normal 0 0 -1
    outer loop
      vertex 67.5 0 0
      vertex 53.875 12.185417437700576 0
      vertex 54.25627884481346 11.997391519338318 0
    endloop
  endfacet
  facet normal 0 0 -1
    outer loop
      vertex 67.5 0 0
      vertex 54.658838103416805 11.860741064560528 0
      vertex 55.07578987528483 11.777804200535115 0
    endloop
  endfacet
  facet normal 0 0 -1
    outer loop
      vertex 67.5 0 0
      vertex 55.07578987528483 11.777804200535115 0
      vertex 55.5 11.75 0
    endloop
  endfacet
  facet normal 0 0 -1
    outer loop
      vertex 67.5 0 0
      vertex 55.5 11.75 0
      vertex 55.92421012471517 11.777804200535115 0
    endloop
  endfacet
  facet normal 0 0 -1
    outer loop
      vertex 67.5 0 0
      vertex 55.92421012471517 11.777804200535115 0
      vertex 56.341161896583195 11.860741064560528 0
    endloop
  endfacet
  facet normal 0 0 -1
    outer loop
      vertex 67.5 0 0
      vertex 56.341161896583195 11.860741064560528 0
      vertex 56.74372115518654 11.997391519338318 0
    endloop
  endfacet
  facet normal 0 0 -1
    outer loop
      vertex 67.5 0 0
      vertex 56.74372115518654 11.997391519338318 0
      vertex 57.125 12.185417437700576 0
    endloop
  endfacet
  facet normal 0 0 -1
    outer loop
      vertex 67.5 0 0
      vertex 57.125 12.185417437700576 0
      vertex 57.47847464427834 12.421601644053485 0
    endloop
  endfacet
  facet normal 0 0 -1
    outer loop
      vertex 67.5 0 0
      vertex 57.47847464427834 12.421601644053485 0
      vertex 57.79809703885628 12.70190296114372 0
    endloop
  endfacet
  facet normal 0 0 -1
    outer loop
      vertex 67.5 0 0
      vertex 57.79809703885628 12.70190296114372 0
      vertex 58.07839835594651 13.021525355721657 0
    endloop
  endfacet
  facet normal 0 0 -1
    outer loop
      vertex 67.5 0 0
      vertex 58.07839835594651 13.021525355721657 0
      vertex 58.31458256229943 13.375 0
    endloop
  endfacet
  facet normal 0 0 -1
    outer loop
      vertex 67.5 0 0
      vertex 58.31458256229943 13.375 0
      vertex 58.502608480661685 13.756278844813458 0
    endloop
  endfacet
  facet normal 0 0 -1
    outer loop
      vertex 67.5 0 0
      vertex 58.502608480661685 13.756278844813458 0
      vertex 58.63925893543947 14.158838103416807 0
    endloop
  endfacet
  facet normal 0 0 -1
    outer loop
      vertex 67.5 0 0
      vertex 58.63925893543947 14.158838103416807 0
      vertex 58.722195799464885 14.575789875284832 0
    endloop
  endfacet
  facet normal 0 0 -1
    outer loop
      vertex 67.5 0 0
      vertex 58.722195799464885 14.575789875284832 0
      vertex 58.75 15 0
    endloop
  endfacet
  facet normal 0 0 -1
    outer loop
      vertex 52.68541743770057 16.625 0
      vertex 55.07578987528483 75.27780420053512 0
      vertex 52.92160164405349 16.978474644278343 0
    endloop
  endfacet
  facet normal 0 0 -1
    outer loop
      vertex 52.92160164405349 16.978474644278343 0
      vertex 55.07578987528483 75.27780420053512 0
      vertex 53.20190296114372 17.29809703885628 0
    endloop
  endfacet
  facet normal 0 0 -1
    outer loop
      vertex 53.52152535572166 17.578398355946515 0
      vertex 53.20190296114372 17.29809703885628 0
      vertex 55.07578987528483 75.27780420053512 0
    endloop
  endfacet
  facet normal 0 0 -1
    outer loop
      vertex 53.875 17.814582562299424 0
      vertex 53.52152535572166 17.578398355946515 0
      vertex 55.07578987528483 75.27780420053512 0
    endloop
  endfacet
  facet normal 0 0 -1
    outer loop
      vertex 54.25627884481346 18.00260848066168 0
      vertex 53.875 17.814582562299424 0
      vertex 55.07578987528483 75.27780420053512 0
    endloop
  endfacet
  facet normal 0 0 -1
    outer loop
      vertex 54.658838103416805 18.13925893543947 0
      vertex 54.25627884481346 18.00260848066168 0
      vertex 55.07578987528483 75.27780420053512 0
    endloop
  endfacet
  facet normal 0 0 -1
    outer loop
      vertex 55.07578987528483 18.222195799464885 0
      vertex 54.658838103416805 18.13925893543947 0
      vertex 55.07578987528483 75.27780420053512 0
    endloop
  endfacet
  facet normal 0 0 -1
    outer loop
      vertex 55.5 18.25 0
      vertex 55.07578987528483 18.222195799464885 0
      vertex 55.5 75.25 0
    endloop
  endfacet
  facet normal 0 0 -1
    outer loop
      vertex 55.92421012471517 18.222195799464885 0
      vertex 55.5 18.25 0
      vertex 55.92421012471517 75.27780420053512 0
    endloop
  endfacet
  facet normal 0 0 -1
    outer loop
      vertex 56.341161896583195 18.13925893543947 0
      vertex 55.92421012471517 18.222195799464885 0
      vertex 56.341161896583195 75.36074106456053 0
    endloop
  endfacet
  facet normal 0 0 -1
    outer loop
      vertex 56.74372115518654 18.00260848066168 0
      vertex 56.341161896583195 18.13925893543947 0
      vertex 56.74372115518654 75.49739151933832 0
    endloop
  endfacet
  facet normal 0 0 -1
    outer loop
      vertex 57.125 17.814582562299424 0
      vertex 56.74372115518654 18.00260848066168 0
      vertex 57.125 75.68541743770058 0
    endloop
  endfacet
  facet normal 0 0 -1
    outer loop
      vertex 57.47847464427834 17.578398355946515 0
      vertex 57.125 17.814582562299424 0
      vertex 57.47847464427834 75.92160164405348 0
    endloop
  endfacet
  facet normal 0 0 -1
    outer loop
      vertex 57.79809703885628 17.29809703885628 0
      vertex 57.47847464427834 17.578398355946515 0
      vertex 57.79809703885628 76.20190296114372 0
    endloop
  endfacet
  facet normal 0 0 -1
    outer loop
      vertex 57.79809703885628 17.29809703885628 0
      vertex 57.79809703885628 76.20190296114372 0
      vertex 58.07839835594651 16.978474644278343 0
    endloop
  endfacet
  facet normal 0 0 -1
    outer loop
      vertex 58.722195799464885 15.424210124715168 0
      vertex 57.79809703885628 76.20190296114372 0
      vertex 58.75 15 0
    endloop
  endfacet
  facet normal 0 0 -1
    outer loop
      vertex 58.31458256229943 16.625 0
      vertex 57.79809703885628 76.20190296114372 0
      vertex 58.502608480661685 16.24372115518654 0
    endloop
  endfacet
  facet normal 0 0 -1
    outer loop
      vertex 58.63925893543947 15.841161896583193 0
      vertex 57.79809703885628 76.20190296114372 0
      vertex 58.722195799464885 15.424210124715168 0
    endloop
  endfacet
  facet normal 0 0 -1
    outer loop
      vertex 58.502608480661685 16.24372115518654 0
      vertex 57.79809703885628 76.20190296114372 0
      vertex 58.63925893543947 15.841161896583193 0
    endloop
  endfacet
  facet normal 0 0 -1
    outer loop
      vertex 58.07839835594651 16.978474644278343 0
      vertex 57.79809703885628 76.20190296114372 0
      vertex 58.31458256229943 16.625 0
    endloop
  endfacet
  facet normal 0 0 -1
    outer loop
      vertex 67.5 0 0
      vertex 58.75 15 0
      vertex 57.79809703885628 76.20190296114372 0
    endloop
  endfacet
  facet normal 1 0 0
    outer loop
      vertex 67.5 0 0
      vertex 67.5 93.5 0
      vertex 67.5 0 3
    endloop
  endfacet
  facet normal 0 0 -1
    outer loop
      vertex 11.575789875284832 18.222195799464885 0
      vertex 52.277804200535115 78.07578987528483 0
      vertex 52.36074106456053 77.65883810341681 0
    endloop
  endfacet
  facet normal 0 0 -1
    outer loop
      vertex 12 18.25 0
      vertex 52.36074106456053 77.65883810341681 0
      vertex 52.497391519338315 77.25627884481347 0
    endloop
  endfacet
  facet normal 0 0 -1
    outer loop
      vertex 12.841161896583193 18.13925893543947 0
      vertex 52.92160164405349 76.52152535572166 0
      vertex 53.20190296114372 76.20190296114372 0
    endloop
  endfacet
  facet normal 0 0 -1
    outer loop
      vertex 12.841161896583193 18.13925893543947 0
      vertex 53.20190296114372 76.20190296114372 0
      vertex 53.52152535572166 75.92160164405348 0
    endloop
  endfacet
  facet normal 0 0 -1
    outer loop
      vertex 12.424210124715168 18.222195799464885 0
      vertex 52.497391519338315 77.25627884481347 0
      vertex 52.68541743770057 76.875 0
    endloop
  endfacet
  facet normal 0 0 -1
    outer loop
      vertex 12.841161896583193 18.13925893543947 0
      vertex 52.68541743770057 76.875 0
      vertex 52.92160164405349 76.52152535572166 0
    endloop
  endfacet
  facet normal 0 0 -1
    outer loop
      vertex 12.841161896583193 18.13925893543947 0
      vertex 53.52152535572166 75.92160164405348 0
      vertex 53.875 75.68541743770058 0
    endloop
  endfacet
  facet normal 0 0 -1
    outer loop
      vertex 12.841161896583193 18.13925893543947 0
      vertex 53.875 75.68541743770058 0
      vertex 54.25627884481346 75.49739151933832 0
    endloop
  endfacet
  facet normal 0 0 -1
    outer loop
      vertex 12.841161896583193 18.13925893543947 0
      vertex 54.25627884481346 75.49739151933832 0
      vertex 54.658838103416805 75.36074106456053 0
    endloop
  endfacet
  facet normal 0 0 -1
    outer loop
      vertex 14.814582562299424 16.625 0
      vertex 54.658838103416805 75.36074106456053 0
      vertex 55.07578987528483 75.27780420053512 0
    endloop
  endfacet
  facet normal 0 0 -1
    outer loop
      vertex 15.25 78.5 0
      vertex 52.25 78.5 0
      vertex 52.277804200535115 78.07578987528483 0
    endloop
  endfacet
  facet normal 0 0 -1
    outer loop
      vertex 15.222195799464885 78.92421012471517 0
      vertex 52.277804200535115 78.92421012471517 0
      vertex 52.25 78.5 0
    endloop
  endfacet
  facet normal 0 0 -1
    outer loop
      vertex 15.139258935439472 79.34116189658319 0
      vertex 52.36074106456053 79.34116189658319 0
      vertex 52.277804200535115 78.92421012471517 0
    endloop
  endfacet
  facet normal 0 0 -1
    outer loop
      vertex 15.002608480661682 79.74372115518653 0
      vertex 52.497391519338315 79.74372115518653 0
      vertex 52.36074106456053 79.34116189658319 0
    endloop
  endfacet
  facet normal 0 0 -1
    outer loop
      vertex 14.814582562299424 80.125 0
      vertex 52.68541743770057 80.125 0
      vertex 52.497391519338315 79.74372115518653 0
    endloop
  endfacet
  facet normal 0 0 -1
    outer loop
      vertex 14.578398355946515 80.47847464427834 0
      vertex 52.92160164405349 80.47847464427834 0
      vertex 52.68541743770057 80.125 0
    endloop
  endfacet
  facet normal 0 0 -1
    outer loop
      vertex 14.29809703885628 80.79809703885628 0
      vertex 53.20190296114372 80.79809703885628 0
      vertex 52.92160164405349 80.47847464427834 0
    endloop
  endfacet
  facet normal 0 0 -1
    outer loop
      vertex 13.978474644278343 81.07839835594652 0
      vertex 53.52152535572166 81.07839835594652 0
      vertex 53.20190296114372 80.79809703885628 0
    endloop
  endfacet
  facet normal 0 0 -1
    outer loop
      vertex 13.625 81.31458256229942 0
      vertex 53.875 81.31458256229942 0
      vertex 53.52152535572166 81.07839835594652 0
    endloop
  endfacet
  facet normal 0 0 -1
    outer loop
      vertex 13.243721155186542 81.50260848066168 0
      vertex 54.25627884481346 81.50260848066168 0
      vertex 53.875 81.31458256229942 0
    endloop
  endfacet
  facet normal 0 0 -1
    outer loop
      vertex 12.841161896583193 81.63925893543947 0
      vertex 54.658838103416805 81.63925893543947 0
      vertex 54.25627884481346 81.50260848066168 0
    endloop
  endfacet
  facet normal 0 0 -1
    outer loop
      vertex 12.424210124715168 81.72219579946488 0
      vertex 55.07578987528483 81.72219579946488 0
      vertex 54.658838103416805 81.63925893543947 0
    endloop
  endfacet
  facet normal 0 0 -1
    outer loop
      vertex 12 81.75 0
      vertex 55.5 81.75 0
      vertex 55.07578987528483 81.72219579946488 0
    endloop
  endfacet
  facet normal 0 0 -1
    outer loop
      vertex 0 93.5 0
      vertex 67.5 93.5 0
      vertex 55.5 81.75 0
    endloop
  endfacet
  facet normal 0 0 -1
    outer loop
      vertex 55.07578987528483 18.222195799464885 0
      vertex 55.07578987528483 75.27780420053512 0
      vertex 55.5 75.25 0
    endloop
  endfacet
  facet normal 0 0 -1
    outer loop
      vertex 55.5 18.25 0
      vertex 55.5 75.25 0
      vertex 55.92421012471517 75.27780420053512 0
    endloop
  endfacet
  facet normal 0 0 -1
    outer loop
      vertex 55.92421012471517 18.222195799464885 0
      vertex 55.92421012471517 75.27780420053512 0
      vertex 56.341161896583195 75.36074106456053 0
    endloop
  endfacet
  facet normal 0 0 -1
    outer loop
      vertex 56.341161896583195 18.13925893543947 0
      vertex 56.341161896583195 75.36074106456053 0
      vertex 56.74372115518654 75.49739151933832 0
    endloop
  endfacet
  facet normal 0 0 -1
    outer loop
      vertex 56.74372115518654 18.00260848066168 0
      vertex 56.74372115518654 75.49739151933832 0
      vertex 57.125 75.68541743770058 0
    endloop
  endfacet
  facet normal 0 0 -1
    outer loop
      vertex 57.125 17.814582562299424 0
      vertex 57.125 75.68541743770058 0
      vertex 57.47847464427834 75.92160164405348 0
    endloop
  endfacet
  facet normal 0 0 -1
    outer loop
      vertex 57.47847464427834 17.578398355946515 0
      vertex 57.47847464427834 75.92160164405348 0
      vertex 57.79809703885628 76.20190296114372 0
    endloop
  endfacet
  facet normal 0 0 -1
    outer loop
      vertex 67.5 0 0
      vertex 57.79809703885628 76.20190296114372 0
      vertex 58.07839835594651 76.52152535572166 0
    endloop
  endfacet
  facet normal 0 0 -1
    outer loop
      vertex 67.5 0 0
      vertex 58.07839835594651 76.52152535572166 0
      vertex 58.31458256229943 76.875 0
    endloop
  endfacet
  facet normal 0 0 -1
    outer loop
      vertex 67.5 0 0
      vertex 58.31458256229943 76.875 0
      vertex 58.502608480661685 77.25627884481347 0
    endloop
  endfacet
  facet normal 0 0 -1
    outer loop
      vertex 67.5 0 0
      vertex 58.502608480661685 77.25627884481347 0
      vertex 58.63925893543947 77.65883810341681 0
    endloop
  endfacet
  facet normal 0 0 -1
    outer loop
      vertex 67.5 0 0
      vertex 58.63925893543947 77.65883810341681 0
      vertex 58.722195799464885 78.07578987528483 0
    endloop
  endfacet
  facet normal 0 0 -1
    outer loop
      vertex 67.5 0 0
      vertex 58.722195799464885 78.07578987528483 0
      vertex 58.75 78.5 0
    endloop
  endfacet
  facet normal 0 0 -1
    outer loop
      vertex 67.5 0 0
      vertex 58.75 78.5 0
      vertex 58.722195799464885 78.92421012471517 0
    endloop
  endfacet
  facet normal 0 0 -1
    outer loop
      vertex 67.5 0 0
      vertex 58.722195799464885 78.92421012471517 0
      vertex 67.5 93.5 0
    endloop
  endfacet
  facet normal 0 0 -1
    outer loop
      vertex 67.5 93.5 0
      vertex 55.92421012471517 81.72219579946488 0
      vertex 55.5 81.75 0
    endloop
  endfacet
  facet normal 0 0 -1
    outer loop
      vertex 67.5 93.5 0
      vertex 56.341161896583195 81.63925893543947 0
      vertex 55.92421012471517 81.72219579946488 0
    endloop
  endfacet
  facet normal 0 0 -1
    outer loop
      vertex 67.5 93.5 0
      vertex 57.125 81.31458256229942 0
      vertex 56.74372115518654 81.50260848066168 0
    endloop
  endfacet
  facet normal 0 0 -1
    outer loop
      vertex 67.5 93.5 0
      vertex 56.74372115518654 81.50260848066168 0
      vertex 56.341161896583195 81.63925893543947 0
    endloop
  endfacet
  facet normal 0 0 -1
    outer loop
      vertex 67.5 93.5 0
      vertex 57.47847464427834 81.07839835594652 0
      vertex 57.125 81.31458256229942 0
    endloop
  endfacet
  facet normal 0 0 -1
    outer loop
      vertex 67.5 93.5 0
      vertex 58.07839835594651 80.47847464427834 0
      vertex 57.79809703885628 80.79809703885628 0
    endloop
  endfacet
  facet normal 0 0 -1
    outer loop
      vertex 67.5 93.5 0
      vertex 57.79809703885628 80.79809703885628 0
      vertex 57.47847464427834 81.07839835594652 0
    endloop
  endfacet
  facet normal 0 0 -1
    outer loop
      vertex 67.5 93.5 0
      vertex 58.722195799464885 78.92421012471517 0
      vertex 58.63925893543947 79.34116189658319 0
    endloop
  endfacet
  facet normal 0 0 -1
    outer loop
      vertex 67.5 93.5 0
      vertex 58.31458256229943 80.125 0
      vertex 58.07839835594651 80.47847464427834 0
    endloop
  endfacet
  facet normal 0 0 -1
    outer loop
      vertex 67.5 93.5 0
      vertex 58.63925893543947 79.34116189658319 0
      vertex 58.502608480661685 79.74372115518653 0
    endloop
  endfacet
  facet normal 0 0 -1
    outer loop
      vertex 67.5 93.5 0
      vertex 58.502608480661685 79.74372115518653 0
      vertex 58.31458256229943 80.125 0
    endloop
  endfacet
  facet normal 0 0 1
    outer loop
      vertex 0 93.5 3
      vertex 67.5 0 3
      vertex 67.5 93.5 3
    endloop
  endfacet
  facet normal 0 1 0
    outer loop
      vertex 0 93.5 3
      vertex 67.5 93.5 3
      vertex 67.5 93.5 0
    endloop
  endfacet
  facet normal 1 0 0
    outer loop
      vertex 67.5 0 3
      vertex 67.5 93.5 0
      vertex 67.5 93.5 3
    endloop
  endfacet
endsolid OpenSCAD_Model
