solid OpenSCAD_Model
  facet normal 0.9469301294951058 0.3214394653031609 4.353446785188542e-18
    outer loop
      vertex 11.397391519338319 16.156278844813457 0.8
      vertex 11.260741064560529 16.558838103416807 0.8
      vertex 11.260741064560529 16.558838103416807 2.4
    endloop
  endfacet
  facet normal 0.9807852804032308 0.19509032201612708 -3.0401243102973007e-18
    outer loop
      vertex 11.260741064560529 16.558838103416807 0.8
      vertex 11.177804200535117 16.975789875284832 0.8
      vertex 11.177804200535117 16.975789875284832 2.4
    endloop
  endfacet
  facet normal 0.9469301294951058 0.3214394653031609 0
    outer loop
      vertex 11.397391519338319 16.156278844813457 0.8
      vertex 11.260741064560529 16.558838103416807 2.4
      vertex 11.397391519338319 16.156278844813457 2.4
    endloop
  endfacet
  facet normal 0.9807852804032308 0.19509032201612708 0
    outer loop
      vertex 11.260741064560529 16.558838103416807 0.8
      vertex 11.177804200535117 16.975789875284832 2.4
      vertex 11.260741064560529 16.558838103416807 2.4
    endloop
  endfacet
  facet normal 0 0 1
    outer loop
      vertex 11.260741064560529 16.558838103416807 0.8
      vertex 11.260741064560529 18.24116189658319 0.8
      vertex 11.177804200535117 16.975789875284832 0.8
    endloop
  endfacet
  facet normal 0 0 1
    outer loop
      vertex 11.177804200535117 16.975789875284832 0.8
      vertex 11.177804200535117 17.824210124715165 0.8
      vertex 11.15 17.4 0.8
    endloop
  endfacet
  facet normal 0 0 1
    outer loop
      vertex 11.397391519338319 16.156278844813457 0.8
      vertex 11.397391519338319 18.64372115518654 0.8
      vertex 11.260741064560529 16.558838103416807 0.8
    endloop
  endfacet
  facet normal 0 0 1
    outer loop
      vertex 11.177804200535117 16.975789875284832 0.8
      vertex 11.260741064560529 18.24116189658319 0.8
      vertex 11.177804200535117 17.824210124715165 0.8
    endloop
  endfacet
  facet normal 0 0 1
    outer loop
      vertex 11.260741064560529 16.558838103416807 0.8
      vertex 11.397391519338319 18.64372115518654 0.8
      vertex 11.260741064560529 18.24116189658319 0.8
    endloop
  endfacet
  facet normal 0.9978589232386034 0.06540312923014546 -9.027865479389743e-19
    outer loop
      vertex 11.177804200535117 16.975789875284832 0.8
      vertex 11.15 17.4 0.8
      vertex 11.15 17.4 2.4
    endloop
  endfacet
  facet normal 0.9978589232386034 -0.06540312923014546 9.027865479389743e-19
    outer loop
      vertex 11.15 17.4 0.8
      vertex 11.177804200535117 17.824210124715165 0.8
      vertex 11.177804200535117 17.824210124715165 2.4
    endloop
  endfacet
  facet normal 0.9807852804032308 -0.19509032201612708 3.0401243102973007e-18
    outer loop
      vertex 11.177804200535117 17.824210124715165 0.8
      vertex 11.260741064560529 18.24116189658319 0.8
      vertex 11.260741064560529 18.24116189658319 2.4
    endloop
  endfacet
  facet normal 0.9469301294951058 -0.3214394653031609 -4.353446785188542e-18
    outer loop
      vertex 11.260741064560529 18.24116189658319 0.8
      vertex 11.397391519338319 18.64372115518654 0.8
      vertex 11.397391519338319 18.64372115518654 2.4
    endloop
  endfacet
  facet normal 0.9978589232386034 -0.06540312923014546 0
    outer loop
      vertex 11.15 17.4 0.8
      vertex 11.177804200535117 17.824210124715165 2.4
      vertex 11.15 17.4 2.4
    endloop
  endfacet
  facet normal 0.9978589232386034 0.06540312923014546 0
    outer loop
      vertex 11.177804200535117 16.975789875284832 0.8
      vertex 11.15 17.4 2.4
      vertex 11.177804200535117 16.975789875284832 2.4
    endloop
  endfacet
  facet normal 0.9807852804032308 -0.19509032201612708 0
    outer loop
      vertex 11.177804200535117 17.824210124715165 0.8
      vertex 11.260741064560529 18.24116189658319 2.4
      vertex 11.177804200535117 17.824210124715165 2.4
    endloop
  endfacet
  facet normal 0.9469301294951058 -0.3214394653031609 0
    outer loop
      vertex 11.260741064560529 18.24116189658319 0.8
      vertex 11.397391519338319 18.64372115518654 2.4
      vertex 11.260741064560529 18.24116189658319 2.4
    endloop
  endfacet
  facet normal 0.7518398074789775 0.6593458151000687 0
    outer loop
      vertex 11.821601644053485 15.421525355721656 0.8
      vertex 11.821601644053485 15.421525355721656 2.4
      vertex 12.10190296114372 15.101902961143718 0.8
    endloop
  endfacet
  facet normal 0.6593458151000667 0.7518398074789794 3.4410796908422923e-18
    outer loop
      vertex 12.42152535572166 14.821601644053484 0.8
      vertex 12.10190296114372 15.101902961143718 0.8
      vertex 12.10190296114372 15.101902961143718 2.4
    endloop
  endfacet
  facet normal 0.5555702330196003 0.8314696123025465 0
    outer loop
      vertex 12.42152535572166 14.821601644053484 0.8
      vertex 12.42152535572166 14.821601644053484 2.4
      vertex 12.775 14.585417437700574 0.8
    endloop
  endfacet
  facet normal 0.7518398074789775 0.6593458151000687 9.635468362628945e-19
    outer loop
      vertex 11.821601644053485 15.421525355721656 2.4
      vertex 12.10190296114372 15.101902961143718 2.4
      vertex 12.10190296114372 15.101902961143718 0.8
    endloop
  endfacet
  facet normal 0.6593458151000667 0.7518398074789794 0
    outer loop
      vertex 12.42152535572166 14.821601644053484 0.8
      vertex 12.10190296114372 15.101902961143718 2.4
      vertex 12.42152535572166 14.821601644053484 2.4
    endloop
  endfacet
  facet normal 0.44228869021900247 0.8968727415326877 0
    outer loop
      vertex 12.775 14.585417437700574 0.8
      vertex 12.775 14.585417437700574 2.4
      vertex 13.156278844813459 14.397391519338317 0.8
    endloop
  endfacet
  facet normal 0.3214394653031622 0.9469301294951055 4.175090397512251e-18
    outer loop
      vertex 13.558838103416807 14.260741064560527 0.8
      vertex 13.156278844813459 14.397391519338317 0.8
      vertex 13.156278844813459 14.397391519338317 2.4
    endloop
  endfacet
  facet normal 0.19509032201613108 0.98078528040323 0
    outer loop
      vertex 13.558838103416807 14.260741064560527 0.8
      vertex 13.558838103416807 14.260741064560527 2.4
      vertex 13.975789875284832 14.177804200535114 0.8
    endloop
  endfacet
  facet normal 0.5555702330196003 0.8314696123025465 -6.976830755254168e-18
    outer loop
      vertex 12.42152535572166 14.821601644053484 2.4
      vertex 12.775 14.585417437700574 2.4
      vertex 12.775 14.585417437700574 0.8
    endloop
  endfacet
  facet normal 0.44228869021900247 0.8968727415326877 -4.016675382696171e-18
    outer loop
      vertex 12.775 14.585417437700574 2.4
      vertex 13.156278844813459 14.397391519338317 2.4
      vertex 13.156278844813459 14.397391519338317 0.8
    endloop
  endfacet
  facet normal 0.3214394653031622 0.9469301294951055 0
    outer loop
      vertex 13.558838103416807 14.260741064560527 0.8
      vertex 13.156278844813459 14.397391519338317 2.4
      vertex 13.558838103416807 14.260741064560527 2.4
    endloop
  endfacet
  facet normal 0.8314696123025458 0.5555702330196014 0
    outer loop
      vertex 11.585417437700574 15.774999999999999 0.8
      vertex 11.585417437700574 15.774999999999999 2.4
      vertex 11.821601644053485 15.421525355721656 0.8
    endloop
  endfacet
  facet normal 0.8968727415326893 0.44228869021899914 -8.021892587666142e-18
    outer loop
      vertex 11.585417437700574 15.774999999999999 0.8
      vertex 11.397391519338319 16.156278844813457 0.8
      vertex 11.397391519338319 16.156278844813457 2.4
    endloop
  endfacet
  facet normal 0 0 1
    outer loop
      vertex 11.585417437700574 15.774999999999999 0.8
      vertex 11.585417437700574 19.025 0.8
      vertex 11.397391519338319 16.156278844813457 0.8
    endloop
  endfacet
  facet normal 0 0 1
    outer loop
      vertex 11.585417437700574 15.774999999999999 0.8
      vertex 11.821601644053485 15.421525355721656 0.8
      vertex 11.821601644053485 19.37847464427834 0.8
    endloop
  endfacet
  facet normal 0 0 1
    outer loop
      vertex 11.821601644053485 15.421525355721656 0.8
      vertex 12.10190296114372 15.101902961143718 0.8
      vertex 12.10190296114372 19.69809703885628 0.8
    endloop
  endfacet
  facet normal 0 0 1
    outer loop
      vertex 12.42152535572166 14.821601644053484 0.8
      vertex 12.42152535572166 19.978398355946513 0.8
      vertex 12.10190296114372 15.101902961143718 0.8
    endloop
  endfacet
  facet normal 0.8968727415326893 0.44228869021899914 0
    outer loop
      vertex 11.585417437700574 15.774999999999999 0.8
      vertex 11.397391519338319 16.156278844813457 2.4
      vertex 11.585417437700574 15.774999999999999 2.4
    endloop
  endfacet
  facet normal 0.8314696123025458 0.5555702330196014 3.70741038551923e-18
    outer loop
      vertex 11.585417437700574 15.774999999999999 2.4
      vertex 11.821601644053485 15.421525355721656 2.4
      vertex 11.821601644053485 15.421525355721656 0.8
    endloop
  endfacet
  facet normal 0 0 1
    outer loop
      vertex 11.397391519338319 16.156278844813457 0.8
      vertex 11.585417437700574 19.025 0.8
      vertex 11.397391519338319 18.64372115518654 0.8
    endloop
  endfacet
  facet normal 0 0 1
    outer loop
      vertex 11.585417437700574 15.774999999999999 0.8
      vertex 11.821601644053485 19.37847464427834 0.8
      vertex 11.585417437700574 19.025 0.8
    endloop
  endfacet
  facet normal 0 0 1
    outer loop
      vertex 11.821601644053485 15.421525355721656 0.8
      vertex 12.10190296114372 19.69809703885628 0.8
      vertex 11.821601644053485 19.37847464427834 0.8
    endloop
  endfacet
  facet normal 0 0 1
    outer loop
      vertex 12.10190296114372 15.101902961143718 0.8
      vertex 12.42152535572166 19.978398355946513 0.8
      vertex 12.10190296114372 19.69809703885628 0.8
    endloop
  endfacet
  facet normal 0 0 1
    outer loop
      vertex 12.42152535572166 14.821601644053484 0.8
      vertex 12.775 20.214582562299423 0.8
      vertex 12.42152535572166 19.978398355946513 0.8
    endloop
  endfacet
  facet normal 0 0 1
    outer loop
      vertex 12.42152535572166 14.821601644053484 0.8
      vertex 12.775 14.585417437700574 0.8
      vertex 12.775 20.214582562299423 0.8
    endloop
  endfacet
  facet normal 0 0 1
    outer loop
      vertex 12.775 14.585417437700574 0.8
      vertex 13.156278844813459 14.397391519338317 0.8
      vertex 13.156278844813459 20.40260848066168 0.8
    endloop
  endfacet
  facet normal 0 0 1
    outer loop
      vertex 13.558838103416807 14.260741064560527 0.8
      vertex 13.558838103416807 20.53925893543947 0.8
      vertex 13.156278844813459 14.397391519338317 0.8
    endloop
  endfacet
  facet normal 0 0 1
    outer loop
      vertex 12.775 14.585417437700574 0.8
      vertex 13.156278844813459 20.40260848066168 0.8
      vertex 12.775 20.214582562299423 0.8
    endloop
  endfacet
  facet normal 0 0 1
    outer loop
      vertex 13.156278844813459 14.397391519338317 0.8
      vertex 13.558838103416807 20.53925893543947 0.8
      vertex 13.156278844813459 20.40260848066168 0.8
    endloop
  endfacet
  facet normal 0 0 1
    outer loop
      vertex 13.558838103416807 14.260741064560527 0.8
      vertex 13.975789875284832 20.622195799464883 0.8
      vertex 13.558838103416807 20.53925893543947 0.8
    endloop
  endfacet
  facet normal 0.8968727415326893 -0.44228869021899914 8.021892587666142e-18
    outer loop
      vertex 11.397391519338319 18.64372115518654 0.8
      vertex 11.585417437700574 19.025 0.8
      vertex 11.585417437700574 19.025 2.4
    endloop
  endfacet
  facet normal 0.8314696123025458 -0.5555702330196014 -3.70741038551923e-18
    outer loop
      vertex 11.585417437700574 19.025 0.8
      vertex 11.821601644053485 19.37847464427834 0.8
      vertex 11.821601644053485 19.37847464427834 2.4
    endloop
  endfacet
  facet normal 0.7518398074789775 -0.6593458151000687 -9.635468362628945e-19
    outer loop
      vertex 11.821601644053485 19.37847464427834 0.8
      vertex 12.10190296114372 19.69809703885628 0.8
      vertex 12.10190296114372 19.69809703885628 2.4
    endloop
  endfacet
  facet normal 0.6593458151000667 -0.7518398074789794 -3.4410796908422923e-18
    outer loop
      vertex 12.10190296114372 19.69809703885628 0.8
      vertex 12.42152535572166 19.978398355946513 0.8
      vertex 12.42152535572166 19.978398355946513 2.4
    endloop
  endfacet
  facet normal 0.8968727415326893 -0.44228869021899914 0
    outer loop
      vertex 11.397391519338319 18.64372115518654 0.8
      vertex 11.585417437700574 19.025 2.4
      vertex 11.397391519338319 18.64372115518654 2.4
    endloop
  endfacet
  facet normal 0.8314696123025458 -0.5555702330196014 0
    outer loop
      vertex 11.585417437700574 19.025 0.8
      vertex 11.821601644053485 19.37847464427834 2.4
      vertex 11.585417437700574 19.025 2.4
    endloop
  endfacet
  facet normal 0.7518398074789775 -0.6593458151000687 0
    outer loop
      vertex 11.821601644053485 19.37847464427834 0.8
      vertex 12.10190296114372 19.69809703885628 2.4
      vertex 11.821601644053485 19.37847464427834 2.4
    endloop
  endfacet
  facet normal 0.6593458151000667 -0.7518398074789794 0
    outer loop
      vertex 12.10190296114372 19.69809703885628 0.8
      vertex 12.42152535572166 19.978398355946513 2.4
      vertex 12.10190296114372 19.69809703885628 2.4
    endloop
  endfacet
  facet normal 0.5555702330196003 -0.8314696123025465 0
    outer loop
      vertex 12.42152535572166 19.978398355946513 0.8
      vertex 12.775 20.214582562299423 2.4
      vertex 12.42152535572166 19.978398355946513 2.4
    endloop
  endfacet
  facet normal 0.5555702330196003 -0.8314696123025465 6.976830755254168e-18
    outer loop
      vertex 12.42152535572166 19.978398355946513 0.8
      vertex 12.775 20.214582562299423 0.8
      vertex 12.775 20.214582562299423 2.4
    endloop
  endfacet
  facet normal 0.44228869021900247 -0.8968727415326877 4.016675382696171e-18
    outer loop
      vertex 12.775 20.214582562299423 0.8
      vertex 13.156278844813459 20.40260848066168 0.8
      vertex 13.156278844813459 20.40260848066168 2.4
    endloop
  endfacet
  facet normal 0.3214394653031622 -0.9469301294951055 -4.175090397512251e-18
    outer loop
      vertex 13.156278844813459 20.40260848066168 0.8
      vertex 13.558838103416807 20.53925893543947 0.8
      vertex 13.558838103416807 20.53925893543947 2.4
    endloop
  endfacet
  facet normal 0.44228869021900247 -0.8968727415326877 0
    outer loop
      vertex 12.775 20.214582562299423 0.8
      vertex 13.156278844813459 20.40260848066168 2.4
      vertex 12.775 20.214582562299423 2.4
    endloop
  endfacet
  facet normal 0.3214394653031622 -0.9469301294951055 0
    outer loop
      vertex 13.156278844813459 20.40260848066168 0.8
      vertex 13.558838103416807 20.53925893543947 2.4
      vertex 13.156278844813459 20.40260848066168 2.4
    endloop
  endfacet
  facet normal 0.19509032201613108 -0.98078528040323 0
    outer loop
      vertex 13.558838103416807 20.53925893543947 0.8
      vertex 13.975789875284832 20.622195799464883 2.4
      vertex 13.558838103416807 20.53925893543947 2.4
    endloop
  endfacet
  facet normal 0.06540312923014104 0.9978589232386037 0
    outer loop
      vertex 13.975789875284832 14.177804200535114 0.8
      vertex 13.975789875284832 14.177804200535114 2.4
      vertex 14.4 14.149999999999999 0.8
    endloop
  endfacet
  facet normal -0.06540312923014104 0.9978589232386037 0
    outer loop
      vertex 14.4 14.149999999999999 0.8
      vertex 14.4 14.149999999999999 2.4
      vertex 14.824210124715169 14.177804200535114 0.8
    endloop
  endfacet
  facet normal 0.19509032201613108 0.98078528040323 -3.842350680415822e-19
    outer loop
      vertex 13.558838103416807 14.260741064560527 2.4
      vertex 13.975789875284832 14.177804200535114 2.4
      vertex 13.975789875284832 14.177804200535114 0.8
    endloop
  endfacet
  facet normal 0.06540312923014104 0.9978589232386037 -1.1076647869068684e-18
    outer loop
      vertex 13.975789875284832 14.177804200535114 2.4
      vertex 14.4 14.149999999999999 2.4
      vertex 14.4 14.149999999999999 0.8
    endloop
  endfacet
  facet normal -0.06540312923014104 0.9978589232386037 1.1076647869068684e-18
    outer loop
      vertex 14.4 14.149999999999999 2.4
      vertex 14.824210124715169 14.177804200535114 2.4
      vertex 14.824210124715169 14.177804200535114 0.8
    endloop
  endfacet
  facet normal -0.19509032201613108 0.98078528040323 0
    outer loop
      vertex 14.824210124715169 14.177804200535114 0.8
      vertex 14.824210124715169 14.177804200535114 2.4
      vertex 15.241161896583193 14.260741064560527 0.8
    endloop
  endfacet
  facet normal -0.3214394653031622 0.9469301294951055 0
    outer loop
      vertex 15.241161896583193 14.260741064560527 0.8
      vertex 15.241161896583193 14.260741064560527 2.4
      vertex 15.643721155186542 14.397391519338317 0.8
    endloop
  endfacet
  facet normal -0.4422886902190041 0.8968727415326868 0
    outer loop
      vertex 15.643721155186542 14.397391519338317 0.8
      vertex 15.643721155186542 14.397391519338317 2.4
      vertex 16.025 14.585417437700574 0.8
    endloop
  endfacet
  facet normal -0.19509032201613108 0.98078528040323 3.842350680415822e-19
    outer loop
      vertex 14.824210124715169 14.177804200535114 2.4
      vertex 15.241161896583193 14.260741064560527 2.4
      vertex 15.241161896583193 14.260741064560527 0.8
    endloop
  endfacet
  facet normal -0.3214394653031622 0.9469301294951055 -4.175090397512251e-18
    outer loop
      vertex 15.241161896583193 14.260741064560527 2.4
      vertex 15.643721155186542 14.397391519338317 2.4
      vertex 15.643721155186542 14.397391519338317 0.8
    endloop
  endfacet
  facet normal -0.4422886902190041 0.8968727415326868 2.643213282867028e-18
    outer loop
      vertex 15.643721155186542 14.397391519338317 2.4
      vertex 16.025 14.585417437700574 2.4
      vertex 16.025 14.585417437700574 0.8
    endloop
  endfacet
  facet normal 0 0 1
    outer loop
      vertex 13.558838103416807 14.260741064560527 0.8
      vertex 13.975789875284832 14.177804200535114 0.8
      vertex 13.975789875284832 20.622195799464883 0.8
    endloop
  endfacet
  facet normal 0 0 1
    outer loop
      vertex 13.975789875284832 14.177804200535114 0.8
      vertex 14.4 14.149999999999999 0.8
      vertex 14.4 20.65 0.8
    endloop
  endfacet
  facet normal 0 0 1
    outer loop
      vertex 14.4 14.149999999999999 0.8
      vertex 14.824210124715169 14.177804200535114 0.8
      vertex 14.824210124715169 20.622195799464883 0.8
    endloop
  endfacet
  facet normal 0 0 1
    outer loop
      vertex 13.975789875284832 14.177804200535114 0.8
      vertex 14.4 20.65 0.8
      vertex 13.975789875284832 20.622195799464883 0.8
    endloop
  endfacet
  facet normal 0 0 1
    outer loop
      vertex 14.4 14.149999999999999 0.8
      vertex 14.824210124715169 20.622195799464883 0.8
      vertex 14.4 20.65 0.8
    endloop
  endfacet
  facet normal 0 0 1
    outer loop
      vertex 14.824210124715169 14.177804200535114 0.8
      vertex 15.241161896583193 14.260741064560527 0.8
      vertex 15.241161896583193 20.53925893543947 0.8
    endloop
  endfacet
  facet normal 0 0 1
    outer loop
      vertex 15.241161896583193 14.260741064560527 0.8
      vertex 15.643721155186542 14.397391519338317 0.8
      vertex 15.643721155186542 20.40260848066168 0.8
    endloop
  endfacet
  facet normal 0 0 1
    outer loop
      vertex 15.643721155186542 14.397391519338317 0.8
      vertex 16.025 14.585417437700574 0.8
      vertex 16.025 20.214582562299423 0.8
    endloop
  endfacet
  facet normal 0 0 1
    outer loop
      vertex 14.824210124715169 14.177804200535114 0.8
      vertex 15.241161896583193 20.53925893543947 0.8
      vertex 14.824210124715169 20.622195799464883 0.8
    endloop
  endfacet
  facet normal 0 0 1
    outer loop
      vertex 15.241161896583193 14.260741064560527 0.8
      vertex 15.643721155186542 20.40260848066168 0.8
      vertex 15.241161896583193 20.53925893543947 0.8
    endloop
  endfacet
  facet normal 0 0 1
    outer loop
      vertex 15.643721155186542 14.397391519338317 0.8
      vertex 16.025 20.214582562299423 0.8
      vertex 15.643721155186542 20.40260848066168 0.8
    endloop
  endfacet
  facet normal -0.5555702330195985 0.8314696123025478 0
    outer loop
      vertex 16.025 14.585417437700574 0.8
      vertex 16.025 14.585417437700574 2.4
      vertex 16.37847464427834 14.821601644053484 0.8
    endloop
  endfacet
  facet normal -0.6593458151000687 0.7518398074789775 0
    outer loop
      vertex 16.37847464427834 14.821601644053484 0.8
      vertex 16.37847464427834 14.821601644053484 2.4
      vertex 16.69809703885628 15.101902961143718 0.8
    endloop
  endfacet
  facet normal -0.7518398074789775 0.6593458151000687 0
    outer loop
      vertex 16.69809703885628 15.101902961143718 0.8
      vertex 16.69809703885628 15.101902961143718 2.4
      vertex 16.978398355946513 15.421525355721656 0.8
    endloop
  endfacet
  facet normal -0.5555702330195985 0.8314696123025478 -8.701070778813851e-18
    outer loop
      vertex 16.025 14.585417437700574 2.4
      vertex 16.37847464427834 14.821601644053484 2.4
      vertex 16.37847464427834 14.821601644053484 0.8
    endloop
  endfacet
  facet normal -0.6593458151000687 0.7518398074789775 -9.635468362628945e-19
    outer loop
      vertex 16.37847464427834 14.821601644053484 2.4
      vertex 16.69809703885628 15.101902961143718 2.4
      vertex 16.69809703885628 15.101902961143718 0.8
    endloop
  endfacet
  facet normal -0.7518398074789775 0.6593458151000687 -9.635468362628945e-19
    outer loop
      vertex 16.69809703885628 15.101902961143718 2.4
      vertex 16.978398355946513 15.421525355721656 2.4
      vertex 16.978398355946513 15.421525355721656 0.8
    endloop
  endfacet
  facet normal 0 0 1
    outer loop
      vertex 16.025 14.585417437700574 0.8
      vertex 16.37847464427834 14.821601644053484 0.8
      vertex 16.37847464427834 19.978398355946513 0.8
    endloop
  endfacet
  facet normal 0 0 1
    outer loop
      vertex 16.37847464427834 14.821601644053484 0.8
      vertex 16.69809703885628 15.101902961143718 0.8
      vertex 16.69809703885628 19.69809703885628 0.8
    endloop
  endfacet
  facet normal -0.8314696123025439 0.5555702330196043 0
    outer loop
      vertex 16.978398355946513 15.421525355721656 0.8
      vertex 16.978398355946513 15.421525355721656 2.4
      vertex 17.214582562299427 15.774999999999999 0.8
    endloop
  endfacet
  facet normal 0 0 1
    outer loop
      vertex 16.69809703885628 15.101902961143718 0.8
      vertex 16.978398355946513 15.421525355721656 0.8
      vertex 16.978398355946513 19.37847464427834 0.8
    endloop
  endfacet
  facet normal 0 0 1
    outer loop
      vertex 16.978398355946513 15.421525355721656 0.8
      vertex 17.214582562299427 15.774999999999999 0.8
      vertex 17.214582562299427 19.025 0.8
    endloop
  endfacet
  facet normal -0.8314696123025439 0.5555702330196043 1.2862500077753665e-18
    outer loop
      vertex 16.978398355946513 15.421525355721656 2.4
      vertex 17.214582562299427 15.774999999999999 2.4
      vertex 17.214582562299427 15.774999999999999 0.8
    endloop
  endfacet
  facet normal 0 0 1
    outer loop
      vertex 16.025 14.585417437700574 0.8
      vertex 16.37847464427834 19.978398355946513 0.8
      vertex 16.025 20.214582562299423 0.8
    endloop
  endfacet
  facet normal 0 0 1
    outer loop
      vertex 16.37847464427834 14.821601644053484 0.8
      vertex 16.69809703885628 19.69809703885628 0.8
      vertex 16.37847464427834 19.978398355946513 0.8
    endloop
  endfacet
  facet normal 0 0 1
    outer loop
      vertex 16.69809703885628 15.101902961143718 0.8
      vertex 16.978398355946513 19.37847464427834 0.8
      vertex 16.69809703885628 19.69809703885628 0.8
    endloop
  endfacet
  facet normal 0 0 1
    outer loop
      vertex 16.978398355946513 15.421525355721656 0.8
      vertex 17.214582562299427 19.025 0.8
      vertex 16.978398355946513 19.37847464427834 0.8
    endloop
  endfacet
  facet normal -0.8968727415326877 0.44228869021900247 0
    outer loop
      vertex 17.214582562299427 15.774999999999999 0.8
      vertex 17.214582562299427 15.774999999999999 2.4
      vertex 17.402608480661684 16.156278844813457 0.8
    endloop
  endfacet
  facet normal -0.9469301294951058 0.3214394653031609 0
    outer loop
      vertex 17.402608480661684 16.156278844813457 0.8
      vertex 17.402608480661684 16.156278844813457 2.4
      vertex 17.539258935439474 16.558838103416807 0.8
    endloop
  endfacet
  facet normal 0 0 1
    outer loop
      vertex 17.214582562299427 15.774999999999999 0.8
      vertex 17.402608480661684 16.156278844813457 0.8
      vertex 17.402608480661684 18.64372115518654 0.8
    endloop
  endfacet
  facet normal 0 0 1
    outer loop
      vertex 17.402608480661684 16.156278844813457 0.8
      vertex 17.539258935439474 16.558838103416807 0.8
      vertex 17.539258935439474 18.24116189658319 0.8
    endloop
  endfacet
  facet normal -0.9807852804032315 0.19509032201612303 0
    outer loop
      vertex 17.539258935439474 16.558838103416807 0.8
      vertex 17.539258935439474 16.558838103416807 2.4
      vertex 17.622195799464883 16.975789875284832 0.8
    endloop
  endfacet
  facet normal -0.8968727415326877 0.44228869021900247 4.016675382696171e-18
    outer loop
      vertex 17.214582562299427 15.774999999999999 2.4
      vertex 17.402608480661684 16.156278844813457 2.4
      vertex 17.402608480661684 16.156278844813457 0.8
    endloop
  endfacet
  facet normal -0.9469301294951058 0.3214394653031609 -4.353446785188542e-18
    outer loop
      vertex 17.402608480661684 16.156278844813457 2.4
      vertex 17.539258935439474 16.558838103416807 2.4
      vertex 17.539258935439474 16.558838103416807 0.8
    endloop
  endfacet
  facet normal -0.9807852804032315 0.19509032201612303 -4.505353641459723e-18
    outer loop
      vertex 17.539258935439474 16.558838103416807 2.4
      vertex 17.622195799464883 16.975789875284832 2.4
      vertex 17.622195799464883 16.975789875284832 0.8
    endloop
  endfacet
  facet normal 0 0 1
    outer loop
      vertex 17.214582562299427 15.774999999999999 0.8
      vertex 17.402608480661684 18.64372115518654 0.8
      vertex 17.214582562299427 19.025 0.8
    endloop
  endfacet
  facet normal 0 0 1
    outer loop
      vertex 17.402608480661684 16.156278844813457 0.8
      vertex 17.539258935439474 18.24116189658319 0.8
      vertex 17.402608480661684 18.64372115518654 0.8
    endloop
  endfacet
  facet normal 0 0 1
    outer loop
      vertex 17.539258935439474 16.558838103416807 0.8
      vertex 17.622195799464883 16.975789875284832 0.8
      vertex 17.622195799464883 17.824210124715165 0.8
    endloop
  endfacet
  facet normal 0 0 1
    outer loop
      vertex 17.622195799464883 16.975789875284832 0.8
      vertex 17.65 17.4 0.8
      vertex 17.622195799464883 17.824210124715165 0.8
    endloop
  endfacet
  facet normal 0 0 1
    outer loop
      vertex 17.539258935439474 16.558838103416807 0.8
      vertex 17.622195799464883 17.824210124715165 0.8
      vertex 17.539258935439474 18.24116189658319 0.8
    endloop
  endfacet
  facet normal -0.9978589232386037 0.0654031292301413 0
    outer loop
      vertex 17.622195799464883 16.975789875284832 0.8
      vertex 17.622195799464883 16.975789875284832 2.4
      vertex 17.65 17.4 0.8
    endloop
  endfacet
  facet normal -0.9978589232386037 -0.0654031292301413 0
    outer loop
      vertex 17.65 17.4 0.8
      vertex 17.65 17.4 2.4
      vertex 17.622195799464883 17.824210124715165 0.8
    endloop
  endfacet
  facet normal -0.9807852804032315 -0.19509032201612303 0
    outer loop
      vertex 17.622195799464883 17.824210124715165 0.8
      vertex 17.622195799464883 17.824210124715165 2.4
      vertex 17.539258935439474 18.24116189658319 0.8
    endloop
  endfacet
  facet normal -0.9469301294951058 -0.3214394653031609 0
    outer loop
      vertex 17.539258935439474 18.24116189658319 0.8
      vertex 17.539258935439474 18.24116189658319 2.4
      vertex 17.402608480661684 18.64372115518654 0.8
    endloop
  endfacet
  facet normal -0.9978589232386037 0.0654031292301413 -9.482480884129228e-20
    outer loop
      vertex 17.622195799464883 16.975789875284832 2.4
      vertex 17.65 17.4 2.4
      vertex 17.65 17.4 0.8
    endloop
  endfacet
  facet normal -0.9978589232386037 -0.0654031292301413 9.482480884129228e-20
    outer loop
      vertex 17.65 17.4 2.4
      vertex 17.622195799464883 17.824210124715165 2.4
      vertex 17.622195799464883 17.824210124715165 0.8
    endloop
  endfacet
  facet normal -0.9469301294951058 -0.3214394653031609 4.353446785188542e-18
    outer loop
      vertex 17.539258935439474 18.24116189658319 2.4
      vertex 17.402608480661684 18.64372115518654 2.4
      vertex 17.402608480661684 18.64372115518654 0.8
    endloop
  endfacet
  facet normal -0.9807852804032315 -0.19509032201612303 4.505353641459723e-18
    outer loop
      vertex 17.622195799464883 17.824210124715165 2.4
      vertex 17.539258935439474 18.24116189658319 2.4
      vertex 17.539258935439474 18.24116189658319 0.8
    endloop
  endfacet
  facet normal 0.19509032201613108 -0.98078528040323 3.842350680415822e-19
    outer loop
      vertex 13.558838103416807 20.53925893543947 0.8
      vertex 13.975789875284832 20.622195799464883 0.8
      vertex 13.975789875284832 20.622195799464883 2.4
    endloop
  endfacet
  facet normal 0.06540312923014104 -0.9978589232386037 1.1076647869068684e-18
    outer loop
      vertex 13.975789875284832 20.622195799464883 0.8
      vertex 14.4 20.65 0.8
      vertex 14.4 20.65 2.4
    endloop
  endfacet
  facet normal -0.06540312923014104 -0.9978589232386037 -1.1076647869068684e-18
    outer loop
      vertex 14.4 20.65 0.8
      vertex 14.824210124715169 20.622195799464883 0.8
      vertex 14.824210124715169 20.622195799464883 2.4
    endloop
  endfacet
  facet normal 0.06540312923014104 -0.9978589232386037 0
    outer loop
      vertex 13.975789875284832 20.622195799464883 0.8
      vertex 14.4 20.65 2.4
      vertex 13.975789875284832 20.622195799464883 2.4
    endloop
  endfacet
  facet normal -0.06540312923014104 -0.9978589232386037 0
    outer loop
      vertex 14.4 20.65 0.8
      vertex 14.824210124715169 20.622195799464883 2.4
      vertex 14.4 20.65 2.4
    endloop
  endfacet
  facet normal -0.19509032201613108 -0.98078528040323 -3.842350680415822e-19
    outer loop
      vertex 14.824210124715169 20.622195799464883 0.8
      vertex 15.241161896583193 20.53925893543947 0.8
      vertex 15.241161896583193 20.53925893543947 2.4
    endloop
  endfacet
  facet normal -0.3214394653031622 -0.9469301294951055 4.175090397512251e-18
    outer loop
      vertex 15.241161896583193 20.53925893543947 0.8
      vertex 15.643721155186542 20.40260848066168 0.8
      vertex 15.643721155186542 20.40260848066168 2.4
    endloop
  endfacet
  facet normal -0.4422886902190041 -0.8968727415326868 -2.643213282867028e-18
    outer loop
      vertex 15.643721155186542 20.40260848066168 0.8
      vertex 16.025 20.214582562299423 0.8
      vertex 16.025 20.214582562299423 2.4
    endloop
  endfacet
  facet normal -0.19509032201613108 -0.98078528040323 0
    outer loop
      vertex 14.824210124715169 20.622195799464883 0.8
      vertex 15.241161896583193 20.53925893543947 2.4
      vertex 14.824210124715169 20.622195799464883 2.4
    endloop
  endfacet
  facet normal -0.3214394653031622 -0.9469301294951055 0
    outer loop
      vertex 15.241161896583193 20.53925893543947 0.8
      vertex 15.643721155186542 20.40260848066168 2.4
      vertex 15.241161896583193 20.53925893543947 2.4
    endloop
  endfacet
  facet normal -0.4422886902190041 -0.8968727415326868 0
    outer loop
      vertex 15.643721155186542 20.40260848066168 0.8
      vertex 16.025 20.214582562299423 2.4
      vertex 15.643721155186542 20.40260848066168 2.4
    endloop
  endfacet
  facet normal -0.5555702330195985 -0.8314696123025478 8.701070778813851e-18
    outer loop
      vertex 16.025 20.214582562299423 0.8
      vertex 16.37847464427834 19.978398355946513 0.8
      vertex 16.37847464427834 19.978398355946513 2.4
    endloop
  endfacet
  facet normal -0.6593458151000687 -0.7518398074789775 9.635468362628945e-19
    outer loop
      vertex 16.37847464427834 19.978398355946513 0.8
      vertex 16.69809703885628 19.69809703885628 0.8
      vertex 16.69809703885628 19.69809703885628 2.4
    endloop
  endfacet
  facet normal -0.8314696123025439 -0.5555702330196043 -1.2862500077753665e-18
    outer loop
      vertex 16.978398355946513 19.37847464427834 0.8
      vertex 17.214582562299427 19.025 0.8
      vertex 17.214582562299427 19.025 2.4
    endloop
  endfacet
  facet normal -0.7518398074789775 -0.6593458151000687 9.635468362628945e-19
    outer loop
      vertex 16.69809703885628 19.69809703885628 0.8
      vertex 16.978398355946513 19.37847464427834 0.8
      vertex 16.978398355946513 19.37847464427834 2.4
    endloop
  endfacet
  facet normal -0.5555702330195985 -0.8314696123025478 0
    outer loop
      vertex 16.025 20.214582562299423 0.8
      vertex 16.37847464427834 19.978398355946513 2.4
      vertex 16.025 20.214582562299423 2.4
    endloop
  endfacet
  facet normal -0.6593458151000687 -0.7518398074789775 0
    outer loop
      vertex 16.37847464427834 19.978398355946513 0.8
      vertex 16.69809703885628 19.69809703885628 2.4
      vertex 16.37847464427834 19.978398355946513 2.4
    endloop
  endfacet
  facet normal -0.8314696123025439 -0.5555702330196043 0
    outer loop
      vertex 16.978398355946513 19.37847464427834 0.8
      vertex 17.214582562299427 19.025 2.4
      vertex 16.978398355946513 19.37847464427834 2.4
    endloop
  endfacet
  facet normal -0.7518398074789775 -0.6593458151000687 0
    outer loop
      vertex 16.69809703885628 19.69809703885628 0.8
      vertex 16.978398355946513 19.37847464427834 2.4
      vertex 16.69809703885628 19.69809703885628 2.4
    endloop
  endfacet
  facet normal -0.8968727415326877 -0.44228869021900247 -4.016675382696171e-18
    outer loop
      vertex 17.214582562299427 19.025 0.8
      vertex 17.402608480661684 18.64372115518654 0.8
      vertex 17.402608480661684 18.64372115518654 2.4
    endloop
  endfacet
  facet normal -0.8968727415326877 -0.44228869021900247 0
    outer loop
      vertex 17.214582562299427 19.025 0.8
      vertex 17.402608480661684 18.64372115518654 2.4
      vertex 17.214582562299427 19.025 2.4
    endloop
  endfacet
  facet normal 0.7518398074789884 0.6593458151000563 0
    outer loop
      vertex 11.821601644053485 79.92152535572167 0.8
      vertex 11.821601644053485 79.92152535572167 2.4
      vertex 12.10190296114372 79.60190296114372 0.8
    endloop
  endfacet
  facet normal 0.8314696123025407 0.5555702330196091 2.2040074133422642e-18
    outer loop
      vertex 11.821601644053485 79.92152535572167 0.8
      vertex 11.585417437700574 80.275 0.8
      vertex 11.585417437700574 80.275 2.4
    endloop
  endfacet
  facet normal 0.8968727415326926 0.4422886902189925 0
    outer loop
      vertex 11.397391519338319 80.65627884481347 0.8
      vertex 11.397391519338319 80.65627884481347 2.4
      vertex 11.585417437700574 80.275 0.8
    endloop
  endfacet
  facet normal 0.6593458151000667 0.7518398074789794 0
    outer loop
      vertex 12.10190296114372 79.60190296114372 0.8
      vertex 12.10190296114372 79.60190296114372 2.4
      vertex 12.42152535572166 79.32160164405349 0.8
    endloop
  endfacet
  facet normal 0.5555702330195889 0.8314696123025542 0
    outer loop
      vertex 12.42152535572166 79.32160164405349 0.8
      vertex 12.42152535572166 79.32160164405349 2.4
      vertex 12.775 79.08541743770058 0.8
    endloop
  endfacet
  facet normal 0.7518398074789884 0.6593458151000563 -4.573990424286042e-18
    outer loop
      vertex 11.821601644053485 79.92152535572167 2.4
      vertex 12.10190296114372 79.60190296114372 2.4
      vertex 12.10190296114372 79.60190296114372 0.8
    endloop
  endfacet
  facet normal 0.8968727415326926 0.4422886902189925 6.886993401061176e-18
    outer loop
      vertex 11.397391519338319 80.65627884481347 2.4
      vertex 11.585417437700574 80.275 2.4
      vertex 11.585417437700574 80.275 0.8
    endloop
  endfacet
  facet normal 0.8314696123025407 0.5555702330196091 0
    outer loop
      vertex 11.821601644053485 79.92152535572167 0.8
      vertex 11.585417437700574 80.275 2.4
      vertex 11.821601644053485 79.92152535572167 2.4
    endloop
  endfacet
  facet normal 0.6593458151000667 0.7518398074789794 3.4410796908422923e-18
    outer loop
      vertex 12.10190296114372 79.60190296114372 2.4
      vertex 12.42152535572166 79.32160164405349 2.4
      vertex 12.42152535572166 79.32160164405349 0.8
    endloop
  endfacet
  facet normal 0.44228869021900247 0.8968727415326877 0
    outer loop
      vertex 12.775 79.08541743770058 0.8
      vertex 12.775 79.08541743770058 2.4
      vertex 13.156278844813459 78.89739151933833 0.8
    endloop
  endfacet
  facet normal 0.32143946530316964 0.9469301294951028 0
    outer loop
      vertex 13.156278844813459 78.89739151933833 0.8
      vertex 13.156278844813459 78.89739151933833 2.4
      vertex 13.558838103416807 78.76074106456053 0.8
    endloop
  endfacet
  facet normal 0.19509032201613108 0.98078528040323 0
    outer loop
      vertex 13.558838103416807 78.76074106456053 0.8
      vertex 13.558838103416807 78.76074106456053 2.4
      vertex 13.975789875284832 78.67780420053512 0.8
    endloop
  endfacet
  facet normal 0.44228869021900247 0.8968727415326877 -4.016675382696171e-18
    outer loop
      vertex 12.775 79.08541743770058 2.4
      vertex 13.156278844813459 78.89739151933833 2.4
      vertex 13.156278844813459 78.89739151933833 0.8
    endloop
  endfacet
  facet normal 0.32143946530316964 0.9469301294951028 3.0494674106434237e-18
    outer loop
      vertex 13.156278844813459 78.89739151933833 2.4
      vertex 13.558838103416807 78.76074106456053 2.4
      vertex 13.558838103416807 78.76074106456053 0.8
    endloop
  endfacet
  facet normal 0.5555702330195889 0.8314696123025542 -7.404923570119823e-18
    outer loop
      vertex 12.42152535572166 79.32160164405349 2.4
      vertex 12.775 79.08541743770058 2.4
      vertex 12.775 79.08541743770058 0.8
    endloop
  endfacet
  facet normal 0.9469301294951051 0.3214394653031635 3.996734009835956e-18
    outer loop
      vertex 11.397391519338319 80.65627884481347 0.8
      vertex 11.260741064560529 81.05883810341682 0.8
      vertex 11.260741064560529 81.05883810341682 2.4
    endloop
  endfacet
  facet normal 0.9807852804032297 0.19509032201613183 0
    outer loop
      vertex 11.177804200535117 81.47578987528483 0.8
      vertex 11.177804200535117 81.47578987528483 2.4
      vertex 11.260741064560529 81.05883810341682 0.8
    endloop
  endfacet
  facet normal 0 0 1
    outer loop
      vertex 11.177804200535117 81.47578987528483 0.8
      vertex 11.260741064560529 81.05883810341682 0.8
      vertex 11.260741064560529 82.7411618965832 0.8
    endloop
  endfacet
  facet normal 0 0 1
    outer loop
      vertex 11.397391519338319 80.65627884481347 0.8
      vertex 11.397391519338319 83.14372115518654 0.8
      vertex 11.260741064560529 81.05883810341682 0.8
    endloop
  endfacet
  facet normal 0 0 1
    outer loop
      vertex 11.177804200535117 81.47578987528483 0.8
      vertex 11.177804200535117 82.32421012471518 0.8
      vertex 11.15 81.9 0.8
    endloop
  endfacet
  facet normal 0 0 1
    outer loop
      vertex 11.177804200535117 81.47578987528483 0.8
      vertex 11.260741064560529 82.7411618965832 0.8
      vertex 11.177804200535117 82.32421012471518 0.8
    endloop
  endfacet
  facet normal 0.9978589232386034 0.06540312923014437 -6.120613339438019e-19
    outer loop
      vertex 11.177804200535117 81.47578987528483 0.8
      vertex 11.15 81.9 0.8
      vertex 11.15 81.9 2.4
    endloop
  endfacet
  facet normal 0.9978589232386034 -0.06540312923014437 6.120613339438019e-19
    outer loop
      vertex 11.15 81.9 0.8
      vertex 11.177804200535117 82.32421012471518 0.8
      vertex 11.177804200535117 82.32421012471518 2.4
    endloop
  endfacet
  facet normal 0.9469301294951051 0.3214394653031635 0
    outer loop
      vertex 11.397391519338319 80.65627884481347 0.8
      vertex 11.260741064560529 81.05883810341682 2.4
      vertex 11.397391519338319 80.65627884481347 2.4
    endloop
  endfacet
  facet normal 0.9807852804032297 0.19509032201613183 9.488463531272437e-19
    outer loop
      vertex 11.177804200535117 81.47578987528483 2.4
      vertex 11.260741064560529 81.05883810341682 2.4
      vertex 11.260741064560529 81.05883810341682 0.8
    endloop
  endfacet
  facet normal 0.9978589232386034 -0.06540312923014437 0
    outer loop
      vertex 11.15 81.9 0.8
      vertex 11.177804200535117 82.32421012471518 2.4
      vertex 11.15 81.9 2.4
    endloop
  endfacet
  facet normal 0.9978589232386034 0.06540312923014437 0
    outer loop
      vertex 11.177804200535117 81.47578987528483 0.8
      vertex 11.15 81.9 2.4
      vertex 11.177804200535117 81.47578987528483 2.4
    endloop
  endfacet
  facet normal 0 0 1
    outer loop
      vertex 11.260741064560529 81.05883810341682 0.8
      vertex 11.397391519338319 83.14372115518654 0.8
      vertex 11.260741064560529 82.7411618965832 0.8
    endloop
  endfacet
  facet normal 0.9807852804032297 -0.19509032201613183 -9.488463531272437e-19
    outer loop
      vertex 11.177804200535117 82.32421012471518 0.8
      vertex 11.260741064560529 82.7411618965832 0.8
      vertex 11.260741064560529 82.7411618965832 2.4
    endloop
  endfacet
  facet normal 0.9469301294951051 -0.3214394653031635 -3.996734009835956e-18
    outer loop
      vertex 11.260741064560529 82.7411618965832 0.8
      vertex 11.397391519338319 83.14372115518654 0.8
      vertex 11.397391519338319 83.14372115518654 2.4
    endloop
  endfacet
  facet normal 0.9807852804032297 -0.19509032201613183 0
    outer loop
      vertex 11.177804200535117 82.32421012471518 0.8
      vertex 11.260741064560529 82.7411618965832 2.4
      vertex 11.177804200535117 82.32421012471518 2.4
    endloop
  endfacet
  facet normal 0.9469301294951051 -0.3214394653031635 0
    outer loop
      vertex 11.260741064560529 82.7411618965832 0.8
      vertex 11.397391519338319 83.14372115518654 2.4
      vertex 11.260741064560529 82.7411618965832 2.4
    endloop
  endfacet
  facet normal 0 0 1
    outer loop
      vertex 11.821601644053485 79.92152535572167 0.8
      vertex 11.821601644053485 83.87847464427834 0.8
      vertex 11.585417437700574 80.275 0.8
    endloop
  endfacet
  facet normal 0 0 1
    outer loop
      vertex 11.821601644053485 79.92152535572167 0.8
      vertex 12.10190296114372 79.60190296114372 0.8
      vertex 12.10190296114372 84.19809703885629 0.8
    endloop
  endfacet
  facet normal 0 0 1
    outer loop
      vertex 11.397391519338319 80.65627884481347 0.8
      vertex 11.585417437700574 80.275 0.8
      vertex 11.585417437700574 83.525 0.8
    endloop
  endfacet
  facet normal 0 0 1
    outer loop
      vertex 12.10190296114372 79.60190296114372 0.8
      vertex 12.42152535572166 79.32160164405349 0.8
      vertex 12.42152535572166 84.47839835594652 0.8
    endloop
  endfacet
  facet normal 0 0 1
    outer loop
      vertex 11.397391519338319 80.65627884481347 0.8
      vertex 11.585417437700574 83.525 0.8
      vertex 11.397391519338319 83.14372115518654 0.8
    endloop
  endfacet
  facet normal 0 0 1
    outer loop
      vertex 11.585417437700574 80.275 0.8
      vertex 11.821601644053485 83.87847464427834 0.8
      vertex 11.585417437700574 83.525 0.8
    endloop
  endfacet
  facet normal 0 0 1
    outer loop
      vertex 11.821601644053485 79.92152535572167 0.8
      vertex 12.10190296114372 84.19809703885629 0.8
      vertex 11.821601644053485 83.87847464427834 0.8
    endloop
  endfacet
  facet normal 0.8968727415326926 -0.4422886902189925 -6.886993401061176e-18
    outer loop
      vertex 11.397391519338319 83.14372115518654 0.8
      vertex 11.585417437700574 83.525 0.8
      vertex 11.585417437700574 83.525 2.4
    endloop
  endfacet
  facet normal 0.8314696123025407 -0.5555702330196091 -2.2040074133422642e-18
    outer loop
      vertex 11.585417437700574 83.525 0.8
      vertex 11.821601644053485 83.87847464427834 0.8
      vertex 11.821601644053485 83.87847464427834 2.4
    endloop
  endfacet
  facet normal 0 0 1
    outer loop
      vertex 12.10190296114372 79.60190296114372 0.8
      vertex 12.42152535572166 84.47839835594652 0.8
      vertex 12.10190296114372 84.19809703885629 0.8
    endloop
  endfacet
  facet normal 0 0 1
    outer loop
      vertex 12.42152535572166 79.32160164405349 0.8
      vertex 12.775 84.71458256229943 0.8
      vertex 12.42152535572166 84.47839835594652 0.8
    endloop
  endfacet
  facet normal 0.8968727415326926 -0.4422886902189925 0
    outer loop
      vertex 11.397391519338319 83.14372115518654 0.8
      vertex 11.585417437700574 83.525 2.4
      vertex 11.397391519338319 83.14372115518654 2.4
    endloop
  endfacet
  facet normal 0.8314696123025407 -0.5555702330196091 0
    outer loop
      vertex 11.585417437700574 83.525 0.8
      vertex 11.821601644053485 83.87847464427834 2.4
      vertex 11.585417437700574 83.525 2.4
    endloop
  endfacet
  facet normal 0 0 1
    outer loop
      vertex 12.42152535572166 79.32160164405349 0.8
      vertex 12.775 79.08541743770058 0.8
      vertex 12.775 84.71458256229943 0.8
    endloop
  endfacet
  facet normal 0 0 1
    outer loop
      vertex 12.775 79.08541743770058 0.8
      vertex 13.156278844813459 78.89739151933833 0.8
      vertex 13.156278844813459 84.90260848066168 0.8
    endloop
  endfacet
  facet normal 0 0 1
    outer loop
      vertex 13.156278844813459 78.89739151933833 0.8
      vertex 13.558838103416807 78.76074106456053 0.8
      vertex 13.558838103416807 85.03925893543948 0.8
    endloop
  endfacet
  facet normal 0 0 1
    outer loop
      vertex 12.775 79.08541743770058 0.8
      vertex 13.156278844813459 84.90260848066168 0.8
      vertex 12.775 84.71458256229943 0.8
    endloop
  endfacet
  facet normal 0 0 1
    outer loop
      vertex 13.156278844813459 78.89739151933833 0.8
      vertex 13.558838103416807 85.03925893543948 0.8
      vertex 13.156278844813459 84.90260848066168 0.8
    endloop
  endfacet
  facet normal 0 0 1
    outer loop
      vertex 13.558838103416807 78.76074106456053 0.8
      vertex 13.975789875284832 85.12219579946489 0.8
      vertex 13.558838103416807 85.03925893543948 0.8
    endloop
  endfacet
  facet normal 0.7518398074789884 -0.6593458151000563 4.573990424286042e-18
    outer loop
      vertex 11.821601644053485 83.87847464427834 0.8
      vertex 12.10190296114372 84.19809703885629 0.8
      vertex 12.10190296114372 84.19809703885629 2.4
    endloop
  endfacet
  facet normal 0.6593458151000667 -0.7518398074789794 -3.4410796908422923e-18
    outer loop
      vertex 12.10190296114372 84.19809703885629 0.8
      vertex 12.42152535572166 84.47839835594652 0.8
      vertex 12.42152535572166 84.47839835594652 2.4
    endloop
  endfacet
  facet normal 0.7518398074789884 -0.6593458151000563 0
    outer loop
      vertex 11.821601644053485 83.87847464427834 0.8
      vertex 12.10190296114372 84.19809703885629 2.4
      vertex 11.821601644053485 83.87847464427834 2.4
    endloop
  endfacet
  facet normal 0.6593458151000667 -0.7518398074789794 0
    outer loop
      vertex 12.10190296114372 84.19809703885629 0.8
      vertex 12.42152535572166 84.47839835594652 2.4
      vertex 12.10190296114372 84.19809703885629 2.4
    endloop
  endfacet
  facet normal 0.5555702330195889 -0.8314696123025542 0
    outer loop
      vertex 12.42152535572166 84.47839835594652 0.8
      vertex 12.775 84.71458256229943 2.4
      vertex 12.42152535572166 84.47839835594652 2.4
    endloop
  endfacet
  facet normal 0.5555702330195889 -0.8314696123025542 7.404923570119823e-18
    outer loop
      vertex 12.42152535572166 84.47839835594652 0.8
      vertex 12.775 84.71458256229943 0.8
      vertex 12.775 84.71458256229943 2.4
    endloop
  endfacet
  facet normal 0.44228869021900247 -0.8968727415326877 4.016675382696171e-18
    outer loop
      vertex 12.775 84.71458256229943 0.8
      vertex 13.156278844813459 84.90260848066168 0.8
      vertex 13.156278844813459 84.90260848066168 2.4
    endloop
  endfacet
  facet normal 0.32143946530316964 -0.9469301294951028 -3.0494674106434237e-18
    outer loop
      vertex 13.156278844813459 84.90260848066168 0.8
      vertex 13.558838103416807 85.03925893543948 0.8
      vertex 13.558838103416807 85.03925893543948 2.4
    endloop
  endfacet
  facet normal 0.44228869021900247 -0.8968727415326877 0
    outer loop
      vertex 12.775 84.71458256229943 0.8
      vertex 13.156278844813459 84.90260848066168 2.4
      vertex 12.775 84.71458256229943 2.4
    endloop
  endfacet
  facet normal 0.32143946530316964 -0.9469301294951028 0
    outer loop
      vertex 13.156278844813459 84.90260848066168 0.8
      vertex 13.558838103416807 85.03925893543948 2.4
      vertex 13.156278844813459 84.90260848066168 2.4
    endloop
  endfacet
  facet normal 0.19509032201613108 -0.98078528040323 0
    outer loop
      vertex 13.558838103416807 85.03925893543948 0.8
      vertex 13.975789875284832 85.12219579946489 2.4
      vertex 13.558838103416807 85.03925893543948 2.4
    endloop
  endfacet
  facet normal 0.06540312923014104 0.9978589232386037 0
    outer loop
      vertex 13.975789875284832 78.67780420053512 0.8
      vertex 13.975789875284832 78.67780420053512 2.4
      vertex 14.4 78.65 0.8
    endloop
  endfacet
  facet normal -0.06540312923014104 0.9978589232386037 0
    outer loop
      vertex 14.4 78.65 0.8
      vertex 14.4 78.65 2.4
      vertex 14.824210124715169 78.67780420053512 0.8
    endloop
  endfacet
  facet normal 0.19509032201613108 0.98078528040323 -3.842350680415822e-19
    outer loop
      vertex 13.558838103416807 78.76074106456053 2.4
      vertex 13.975789875284832 78.67780420053512 2.4
      vertex 13.975789875284832 78.67780420053512 0.8
    endloop
  endfacet
  facet normal 0.06540312923014104 0.9978589232386037 -1.1076647869068684e-18
    outer loop
      vertex 13.975789875284832 78.67780420053512 2.4
      vertex 14.4 78.65 2.4
      vertex 14.4 78.65 0.8
    endloop
  endfacet
  facet normal -0.06540312923014104 0.9978589232386037 1.1076647869068684e-18
    outer loop
      vertex 14.4 78.65 2.4
      vertex 14.824210124715169 78.67780420053512 2.4
      vertex 14.824210124715169 78.67780420053512 0.8
    endloop
  endfacet
  facet normal -0.19509032201613108 0.98078528040323 0
    outer loop
      vertex 14.824210124715169 78.67780420053512 0.8
      vertex 14.824210124715169 78.67780420053512 2.4
      vertex 15.241161896583193 78.76074106456053 0.8
    endloop
  endfacet
  facet normal -0.32143946530316964 0.9469301294951028 0
    outer loop
      vertex 15.241161896583193 78.76074106456053 0.8
      vertex 15.241161896583193 78.76074106456053 2.4
      vertex 15.643721155186542 78.89739151933833 0.8
    endloop
  endfacet
  facet normal -0.4422886902190041 0.8968727415326868 0
    outer loop
      vertex 15.643721155186542 78.89739151933833 0.8
      vertex 15.643721155186542 78.89739151933833 2.4
      vertex 16.025 79.08541743770058 0.8
    endloop
  endfacet
  facet normal -0.19509032201613108 0.98078528040323 3.842350680415822e-19
    outer loop
      vertex 14.824210124715169 78.67780420053512 2.4
      vertex 15.241161896583193 78.76074106456053 2.4
      vertex 15.241161896583193 78.76074106456053 0.8
    endloop
  endfacet
  facet normal -0.32143946530316964 0.9469301294951028 -3.0494674106434237e-18
    outer loop
      vertex 15.241161896583193 78.76074106456053 2.4
      vertex 15.643721155186542 78.89739151933833 2.4
      vertex 15.643721155186542 78.89739151933833 0.8
    endloop
  endfacet
  facet normal -0.4422886902190041 0.8968727415326868 2.643213282867028e-18
    outer loop
      vertex 15.643721155186542 78.89739151933833 2.4
      vertex 16.025 79.08541743770058 2.4
      vertex 16.025 79.08541743770058 0.8
    endloop
  endfacet
  facet normal -0.555570233019587 0.8314696123025554 0
    outer loop
      vertex 16.025 79.08541743770058 0.8
      vertex 16.025 79.08541743770058 2.4
      vertex 16.37847464427834 79.32160164405349 0.8
    endloop
  endfacet
  facet normal -0.6593458151000687 0.7518398074789775 0
    outer loop
      vertex 16.37847464427834 79.32160164405349 0.8
      vertex 16.37847464427834 79.32160164405349 2.4
      vertex 16.69809703885628 79.60190296114372 0.8
    endloop
  endfacet
  facet normal -0.7518398074789884 0.6593458151000563 0
    outer loop
      vertex 16.69809703885628 79.60190296114372 0.8
      vertex 16.69809703885628 79.60190296114372 2.4
      vertex 16.978398355946513 79.92152535572167 0.8
    endloop
  endfacet
  facet normal -0.8314696123025386 0.555570233019612 0
    outer loop
      vertex 16.978398355946513 79.92152535572167 0.8
      vertex 16.978398355946513 79.92152535572167 2.4
      vertex 17.214582562299427 80.275 0.8
    endloop
  endfacet
  facet normal -0.555570233019587 0.8314696123025554 -8.272977963966899e-18
    outer loop
      vertex 16.025 79.08541743770058 2.4
      vertex 16.37847464427834 79.32160164405349 2.4
      vertex 16.37847464427834 79.32160164405349 0.8
    endloop
  endfacet
  facet normal -0.6593458151000687 0.7518398074789775 -9.635468362628945e-19
    outer loop
      vertex 16.37847464427834 79.32160164405349 2.4
      vertex 16.69809703885628 79.60190296114372 2.4
      vertex 16.69809703885628 79.60190296114372 0.8
    endloop
  endfacet
  facet normal -0.7518398074789884 0.6593458151000563 4.573990424286042e-18
    outer loop
      vertex 16.69809703885628 79.60190296114372 2.4
      vertex 16.978398355946513 79.92152535572167 2.4
      vertex 16.978398355946513 79.92152535572167 0.8
    endloop
  endfacet
  facet normal -0.8314696123025386 0.555570233019612 2.7896529799338415e-18
    outer loop
      vertex 16.978398355946513 79.92152535572167 2.4
      vertex 17.214582562299427 80.275 2.4
      vertex 17.214582562299427 80.275 0.8
    endloop
  endfacet
  facet normal -0.896872741532691 0.44228869021899586 0
    outer loop
      vertex 17.214582562299427 80.275 0.8
      vertex 17.214582562299427 80.275 2.4
      vertex 17.402608480661684 80.65627884481347 0.8
    endloop
  endfacet
  facet normal -0.896872741532691 0.44228869021899586 9.510523782012636e-18
    outer loop
      vertex 17.214582562299427 80.275 2.4
      vertex 17.402608480661684 80.65627884481347 2.4
      vertex 17.402608480661684 80.65627884481347 0.8
    endloop
  endfacet
  facet normal 0 0 1
    outer loop
      vertex 13.558838103416807 78.76074106456053 0.8
      vertex 13.975789875284832 78.67780420053512 0.8
      vertex 13.975789875284832 85.12219579946489 0.8
    endloop
  endfacet
  facet normal 0 0 1
    outer loop
      vertex 13.975789875284832 78.67780420053512 0.8
      vertex 14.4 78.65 0.8
      vertex 14.4 85.15 0.8
    endloop
  endfacet
  facet normal 0 0 1
    outer loop
      vertex 14.4 78.65 0.8
      vertex 14.824210124715169 78.67780420053512 0.8
      vertex 14.824210124715169 85.12219579946489 0.8
    endloop
  endfacet
  facet normal 0 0 1
    outer loop
      vertex 13.975789875284832 78.67780420053512 0.8
      vertex 14.4 85.15 0.8
      vertex 13.975789875284832 85.12219579946489 0.8
    endloop
  endfacet
  facet normal 0 0 1
    outer loop
      vertex 14.4 78.65 0.8
      vertex 14.824210124715169 85.12219579946489 0.8
      vertex 14.4 85.15 0.8
    endloop
  endfacet
  facet normal 0 0 1
    outer loop
      vertex 14.824210124715169 78.67780420053512 0.8
      vertex 15.241161896583193 78.76074106456053 0.8
      vertex 15.241161896583193 85.03925893543948 0.8
    endloop
  endfacet
  facet normal 0 0 1
    outer loop
      vertex 15.241161896583193 78.76074106456053 0.8
      vertex 15.643721155186542 78.89739151933833 0.8
      vertex 15.643721155186542 84.90260848066168 0.8
    endloop
  endfacet
  facet normal 0 0 1
    outer loop
      vertex 15.643721155186542 78.89739151933833 0.8
      vertex 16.025 79.08541743770058 0.8
      vertex 16.025 84.71458256229943 0.8
    endloop
  endfacet
  facet normal 0 0 1
    outer loop
      vertex 14.824210124715169 78.67780420053512 0.8
      vertex 15.241161896583193 85.03925893543948 0.8
      vertex 14.824210124715169 85.12219579946489 0.8
    endloop
  endfacet
  facet normal 0 0 1
    outer loop
      vertex 15.241161896583193 78.76074106456053 0.8
      vertex 15.643721155186542 84.90260848066168 0.8
      vertex 15.241161896583193 85.03925893543948 0.8
    endloop
  endfacet
  facet normal 0 0 1
    outer loop
      vertex 15.643721155186542 78.89739151933833 0.8
      vertex 16.025 84.71458256229943 0.8
      vertex 15.643721155186542 84.90260848066168 0.8
    endloop
  endfacet
  facet normal 0.19509032201613108 -0.98078528040323 3.842350680415822e-19
    outer loop
      vertex 13.558838103416807 85.03925893543948 0.8
      vertex 13.975789875284832 85.12219579946489 0.8
      vertex 13.975789875284832 85.12219579946489 2.4
    endloop
  endfacet
  facet normal 0.06540312923014104 -0.9978589232386037 1.1076647869068684e-18
    outer loop
      vertex 13.975789875284832 85.12219579946489 0.8
      vertex 14.4 85.15 0.8
      vertex 14.4 85.15 2.4
    endloop
  endfacet
  facet normal -0.06540312923014104 -0.9978589232386037 -1.1076647869068684e-18
    outer loop
      vertex 14.4 85.15 0.8
      vertex 14.824210124715169 85.12219579946489 0.8
      vertex 14.824210124715169 85.12219579946489 2.4
    endloop
  endfacet
  facet normal 0.06540312923014104 -0.9978589232386037 0
    outer loop
      vertex 13.975789875284832 85.12219579946489 0.8
      vertex 14.4 85.15 2.4
      vertex 13.975789875284832 85.12219579946489 2.4
    endloop
  endfacet
  facet normal -0.06540312923014104 -0.9978589232386037 0
    outer loop
      vertex 14.4 85.15 0.8
      vertex 14.824210124715169 85.12219579946489 2.4
      vertex 14.4 85.15 2.4
    endloop
  endfacet
  facet normal -0.19509032201613108 -0.98078528040323 -3.842350680415822e-19
    outer loop
      vertex 14.824210124715169 85.12219579946489 0.8
      vertex 15.241161896583193 85.03925893543948 0.8
      vertex 15.241161896583193 85.03925893543948 2.4
    endloop
  endfacet
  facet normal -0.32143946530316964 -0.9469301294951028 3.0494674106434237e-18
    outer loop
      vertex 15.241161896583193 85.03925893543948 0.8
      vertex 15.643721155186542 84.90260848066168 0.8
      vertex 15.643721155186542 84.90260848066168 2.4
    endloop
  endfacet
  facet normal -0.4422886902190041 -0.8968727415326868 -2.643213282867028e-18
    outer loop
      vertex 15.643721155186542 84.90260848066168 0.8
      vertex 16.025 84.71458256229943 0.8
      vertex 16.025 84.71458256229943 2.4
    endloop
  endfacet
  facet normal -0.19509032201613108 -0.98078528040323 0
    outer loop
      vertex 14.824210124715169 85.12219579946489 0.8
      vertex 15.241161896583193 85.03925893543948 2.4
      vertex 14.824210124715169 85.12219579946489 2.4
    endloop
  endfacet
  facet normal -0.32143946530316964 -0.9469301294951028 0
    outer loop
      vertex 15.241161896583193 85.03925893543948 0.8
      vertex 15.643721155186542 84.90260848066168 2.4
      vertex 15.241161896583193 85.03925893543948 2.4
    endloop
  endfacet
  facet normal -0.4422886902190041 -0.8968727415326868 0
    outer loop
      vertex 15.643721155186542 84.90260848066168 0.8
      vertex 16.025 84.71458256229943 2.4
      vertex 15.643721155186542 84.90260848066168 2.4
    endloop
  endfacet
  facet normal 0 0 1
    outer loop
      vertex 16.025 79.08541743770058 0.8
      vertex 16.37847464427834 79.32160164405349 0.8
      vertex 16.37847464427834 84.47839835594652 0.8
    endloop
  endfacet
  facet normal 0 0 1
    outer loop
      vertex 16.37847464427834 79.32160164405349 0.8
      vertex 16.69809703885628 79.60190296114372 0.8
      vertex 16.69809703885628 84.19809703885629 0.8
    endloop
  endfacet
  facet normal 0 0 1
    outer loop
      vertex 16.69809703885628 79.60190296114372 0.8
      vertex 16.978398355946513 79.92152535572167 0.8
      vertex 16.978398355946513 83.87847464427834 0.8
    endloop
  endfacet
  facet normal 0 0 1
    outer loop
      vertex 16.978398355946513 79.92152535572167 0.8
      vertex 17.214582562299427 80.275 0.8
      vertex 17.214582562299427 83.525 0.8
    endloop
  endfacet
  facet normal 0 0 1
    outer loop
      vertex 16.025 79.08541743770058 0.8
      vertex 16.37847464427834 84.47839835594652 0.8
      vertex 16.025 84.71458256229943 0.8
    endloop
  endfacet
  facet normal 0 0 1
    outer loop
      vertex 16.37847464427834 79.32160164405349 0.8
      vertex 16.69809703885628 84.19809703885629 0.8
      vertex 16.37847464427834 84.47839835594652 0.8
    endloop
  endfacet
  facet normal 0 0 1
    outer loop
      vertex 16.69809703885628 79.60190296114372 0.8
      vertex 16.978398355946513 83.87847464427834 0.8
      vertex 16.69809703885628 84.19809703885629 0.8
    endloop
  endfacet
  facet normal 0 0 1
    outer loop
      vertex 16.978398355946513 79.92152535572167 0.8
      vertex 17.214582562299427 83.525 0.8
      vertex 16.978398355946513 83.87847464427834 0.8
    endloop
  endfacet
  facet normal -0.8314696123025386 -0.555570233019612 -2.7896529799338415e-18
    outer loop
      vertex 16.978398355946513 83.87847464427834 0.8
      vertex 17.214582562299427 83.525 0.8
      vertex 17.214582562299427 83.525 2.4
    endloop
  endfacet
  facet normal -0.8314696123025386 -0.555570233019612 0
    outer loop
      vertex 16.978398355946513 83.87847464427834 0.8
      vertex 17.214582562299427 83.525 2.4
      vertex 16.978398355946513 83.87847464427834 2.4
    endloop
  endfacet
  facet normal 0 0 1
    outer loop
      vertex 17.214582562299427 80.275 0.8
      vertex 17.402608480661684 80.65627884481347 0.8
      vertex 17.402608480661684 83.14372115518654 0.8
    endloop
  endfacet
  facet normal -0.9469301294951051 0.3214394653031635 0
    outer loop
      vertex 17.402608480661684 80.65627884481347 0.8
      vertex 17.402608480661684 80.65627884481347 2.4
      vertex 17.539258935439474 81.05883810341682 0.8
    endloop
  endfacet
  facet normal -0.9807852804032305 0.1950903220161278 0
    outer loop
      vertex 17.539258935439474 81.05883810341682 0.8
      vertex 17.539258935439474 81.05883810341682 2.4
      vertex 17.622195799464883 81.47578987528483 0.8
    endloop
  endfacet
  facet normal 0 0 1
    outer loop
      vertex 17.402608480661684 80.65627884481347 0.8
      vertex 17.539258935439474 82.7411618965832 0.8
      vertex 17.402608480661684 83.14372115518654 0.8
    endloop
  endfacet
  facet normal 0 0 1
    outer loop
      vertex 17.402608480661684 80.65627884481347 0.8
      vertex 17.539258935439474 81.05883810341682 0.8
      vertex 17.539258935439474 82.7411618965832 0.8
    endloop
  endfacet
  facet normal 0 0 1
    outer loop
      vertex 17.539258935439474 81.05883810341682 0.8
      vertex 17.622195799464883 81.47578987528483 0.8
      vertex 17.622195799464883 82.32421012471518 0.8
    endloop
  endfacet
  facet normal 0 0 1
    outer loop
      vertex 17.539258935439474 81.05883810341682 0.8
      vertex 17.622195799464883 82.32421012471518 0.8
      vertex 17.539258935439474 82.7411618965832 0.8
    endloop
  endfacet
  facet normal 0 0 1
    outer loop
      vertex 17.622195799464883 81.47578987528483 0.8
      vertex 17.65 81.9 0.8
      vertex 17.622195799464883 82.32421012471518 0.8
    endloop
  endfacet
  facet normal -0.9978589232386037 0.06540312923014022 0
    outer loop
      vertex 17.622195799464883 81.47578987528483 0.8
      vertex 17.622195799464883 81.47578987528483 2.4
      vertex 17.65 81.9 0.8
    endloop
  endfacet
  facet normal -0.9978589232386037 -0.06540312923014022 0
    outer loop
      vertex 17.65 81.9 0.8
      vertex 17.65 81.9 2.4
      vertex 17.622195799464883 82.32421012471518 0.8
    endloop
  endfacet
  facet normal -0.9469301294951051 0.3214394653031635 -3.996734009835956e-18
    outer loop
      vertex 17.402608480661684 80.65627884481347 2.4
      vertex 17.539258935439474 81.05883810341682 2.4
      vertex 17.539258935439474 81.05883810341682 0.8
    endloop
  endfacet
  facet normal -0.9807852804032305 0.1950903220161278 1.707042889156375e-18
    outer loop
      vertex 17.539258935439474 81.05883810341682 2.4
      vertex 17.622195799464883 81.47578987528483 2.4
      vertex 17.622195799464883 81.47578987528483 0.8
    endloop
  endfacet
  facet normal -0.9978589232386037 0.06540312923014022 -3.8555002285500443e-19
    outer loop
      vertex 17.622195799464883 81.47578987528483 2.4
      vertex 17.65 81.9 2.4
      vertex 17.65 81.9 0.8
    endloop
  endfacet
  facet normal -0.9978589232386037 -0.06540312923014022 3.8555002285500443e-19
    outer loop
      vertex 17.65 81.9 2.4
      vertex 17.622195799464883 82.32421012471518 2.4
      vertex 17.622195799464883 82.32421012471518 0.8
    endloop
  endfacet
  facet normal 0 0 1
    outer loop
      vertex 17.214582562299427 80.275 0.8
      vertex 17.402608480661684 83.14372115518654 0.8
      vertex 17.214582562299427 83.525 0.8
    endloop
  endfacet
  facet normal -0.9807852804032305 -0.1950903220161278 0
    outer loop
      vertex 17.622195799464883 82.32421012471518 0.8
      vertex 17.622195799464883 82.32421012471518 2.4
      vertex 17.539258935439474 82.7411618965832 0.8
    endloop
  endfacet
  facet normal -0.9469301294951051 -0.3214394653031635 0
    outer loop
      vertex 17.539258935439474 82.7411618965832 0.8
      vertex 17.539258935439474 82.7411618965832 2.4
      vertex 17.402608480661684 83.14372115518654 0.8
    endloop
  endfacet
  facet normal -0.896872741532691 -0.44228869021899586 -9.510523782012636e-18
    outer loop
      vertex 17.214582562299427 83.525 0.8
      vertex 17.402608480661684 83.14372115518654 0.8
      vertex 17.402608480661684 83.14372115518654 2.4
    endloop
  endfacet
  facet normal -0.9807852804032305 -0.1950903220161278 -1.707042889156375e-18
    outer loop
      vertex 17.622195799464883 82.32421012471518 2.4
      vertex 17.539258935439474 82.7411618965832 2.4
      vertex 17.539258935439474 82.7411618965832 0.8
    endloop
  endfacet
  facet normal -0.9469301294951051 -0.3214394653031635 3.996734009835956e-18
    outer loop
      vertex 17.539258935439474 82.7411618965832 2.4
      vertex 17.402608480661684 83.14372115518654 2.4
      vertex 17.402608480661684 83.14372115518654 0.8
    endloop
  endfacet
  facet normal -0.896872741532691 -0.44228869021899586 0
    outer loop
      vertex 17.214582562299427 83.525 0.8
      vertex 17.402608480661684 83.14372115518654 2.4
      vertex 17.214582562299427 83.525 2.4
    endloop
  endfacet
  facet normal -0.555570233019587 -0.8314696123025554 0
    outer loop
      vertex 16.37847464427834 84.47839835594652 0.8
      vertex 16.37847464427834 84.47839835594652 2.4
      vertex 16.025 84.71458256229943 0.8
    endloop
  endfacet
  facet normal -0.6593458151000687 -0.7518398074789775 9.635468362628945e-19
    outer loop
      vertex 16.37847464427834 84.47839835594652 0.8
      vertex 16.69809703885628 84.19809703885629 0.8
      vertex 16.69809703885628 84.19809703885629 2.4
    endloop
  endfacet
  facet normal -0.7518398074789884 -0.6593458151000563 -4.573990424286042e-18
    outer loop
      vertex 16.69809703885628 84.19809703885629 0.8
      vertex 16.978398355946513 83.87847464427834 0.8
      vertex 16.978398355946513 83.87847464427834 2.4
    endloop
  endfacet
  facet normal -0.6593458151000687 -0.7518398074789775 0
    outer loop
      vertex 16.37847464427834 84.47839835594652 0.8
      vertex 16.69809703885628 84.19809703885629 2.4
      vertex 16.37847464427834 84.47839835594652 2.4
    endloop
  endfacet
  facet normal -0.555570233019587 -0.8314696123025554 8.272977963966899e-18
    outer loop
      vertex 16.37847464427834 84.47839835594652 2.4
      vertex 16.025 84.71458256229943 2.4
      vertex 16.025 84.71458256229943 0.8
    endloop
  endfacet
  facet normal -0.7518398074789884 -0.6593458151000563 0
    outer loop
      vertex 16.69809703885628 84.19809703885629 0.8
      vertex 16.978398355946513 83.87847464427834 2.4
      vertex 16.69809703885628 84.19809703885629 2.4
    endloop
  endfacet
  facet normal 0.7518398074789775 0.6593458151000687 0
    outer loop
      vertex 56.321601644053494 15.421525355721656 0.8
      vertex 56.321601644053494 15.421525355721656 2.4
      vertex 56.60190296114373 15.101902961143718 0.8
    endloop
  endfacet
  facet normal 0.659345815100073 0.7518398074789739 -3.9915188728959475e-18
    outer loop
      vertex 56.92152535572166 14.821601644053484 0.8
      vertex 56.60190296114373 15.101902961143718 0.8
      vertex 56.60190296114373 15.101902961143718 2.4
    endloop
  endfacet
  facet normal 0.5555702330195985 0.8314696123025478 0
    outer loop
      vertex 56.92152535572166 14.821601644053484 0.8
      vertex 56.92152535572166 14.821601644053484 2.4
      vertex 57.275000000000006 14.585417437700574 0.8
    endloop
  endfacet
  facet normal 0.7518398074789775 0.6593458151000687 9.635468362628945e-19
    outer loop
      vertex 56.321601644053494 15.421525355721656 2.4
      vertex 56.60190296114373 15.101902961143718 2.4
      vertex 56.60190296114373 15.101902961143718 0.8
    endloop
  endfacet
  facet normal 0.5555702330195985 0.8314696123025478 8.701070778813851e-18
    outer loop
      vertex 56.92152535572166 14.821601644053484 2.4
      vertex 57.275000000000006 14.585417437700574 2.4
      vertex 57.275000000000006 14.585417437700574 0.8
    endloop
  endfacet
  facet normal 0.659345815100073 0.7518398074789739 0
    outer loop
      vertex 56.92152535572166 14.821601644053484 0.8
      vertex 56.60190296114373 15.101902961143718 2.4
      vertex 56.92152535572166 14.821601644053484 2.4
    endloop
  endfacet
  facet normal 0.8968727415326877 0.44228869021900247 0
    outer loop
      vertex 55.89739151933832 16.156278844813457 0.8
      vertex 55.89739151933832 16.156278844813457 2.4
      vertex 56.08541743770058 15.774999999999999 0.8
    endloop
  endfacet
  facet normal 0 0 1
    outer loop
      vertex 55.89739151933832 16.156278844813457 0.8
      vertex 56.08541743770058 15.774999999999999 0.8
      vertex 56.08541743770058 19.025 0.8
    endloop
  endfacet
  facet normal 0.9469301294951085 0.3214394653031534 -4.722297421946084e-18
    outer loop
      vertex 55.89739151933832 16.156278844813457 0.8
      vertex 55.760741064560534 16.558838103416807 0.8
      vertex 55.760741064560534 16.558838103416807 2.4
    endloop
  endfacet
  facet normal 0.98078528040323 0.19509032201613108 -3.842350680415822e-19
    outer loop
      vertex 55.760741064560534 16.558838103416807 0.8
      vertex 55.67780420053512 16.975789875284832 0.8
      vertex 55.67780420053512 16.975789875284832 2.4
    endloop
  endfacet
  facet normal 0.8968727415326877 0.44228869021900247 -4.016675382696171e-18
    outer loop
      vertex 55.89739151933832 16.156278844813457 2.4
      vertex 56.08541743770058 15.774999999999999 2.4
      vertex 56.08541743770058 15.774999999999999 0.8
    endloop
  endfacet
  facet normal 0.9469301294951085 0.3214394653031534 0
    outer loop
      vertex 55.89739151933832 16.156278844813457 0.8
      vertex 55.760741064560534 16.558838103416807 2.4
      vertex 55.89739151933832 16.156278844813457 2.4
    endloop
  endfacet
  facet normal 0.98078528040323 0.19509032201613108 0
    outer loop
      vertex 55.760741064560534 16.558838103416807 0.8
      vertex 55.67780420053512 16.975789875284832 2.4
      vertex 55.760741064560534 16.558838103416807 2.4
    endloop
  endfacet
  facet normal 0 0 1
    outer loop
      vertex 55.67780420053512 16.975789875284832 0.8
      vertex 55.67780420053512 17.824210124715165 0.8
      vertex 55.650000000000006 17.4 0.8
    endloop
  endfacet
  facet normal 0 0 1
    outer loop
      vertex 55.760741064560534 16.558838103416807 0.8
      vertex 55.760741064560534 18.24116189658319 0.8
      vertex 55.67780420053512 16.975789875284832 0.8
    endloop
  endfacet
  facet normal 0 0 1
    outer loop
      vertex 55.67780420053512 16.975789875284832 0.8
      vertex 55.760741064560534 18.24116189658319 0.8
      vertex 55.67780420053512 17.824210124715165 0.8
    endloop
  endfacet
  facet normal 0 0 1
    outer loop
      vertex 55.760741064560534 16.558838103416807 0.8
      vertex 55.89739151933832 18.64372115518654 0.8
      vertex 55.760741064560534 18.24116189658319 0.8
    endloop
  endfacet
  facet normal 0 0 1
    outer loop
      vertex 55.89739151933832 16.156278844813457 0.8
      vertex 55.89739151933832 18.64372115518654 0.8
      vertex 55.760741064560534 16.558838103416807 0.8
    endloop
  endfacet
  facet normal 0.9978589232386037 0.0654031292301413 9.482480884129228e-20
    outer loop
      vertex 55.67780420053512 16.975789875284832 0.8
      vertex 55.650000000000006 17.4 0.8
      vertex 55.650000000000006 17.4 2.4
    endloop
  endfacet
  facet normal 0.9978589232386037 -0.0654031292301413 -9.482480884129228e-20
    outer loop
      vertex 55.650000000000006 17.4 0.8
      vertex 55.67780420053512 17.824210124715165 0.8
      vertex 55.67780420053512 17.824210124715165 2.4
    endloop
  endfacet
  facet normal 0 0 1
    outer loop
      vertex 55.89739151933832 16.156278844813457 0.8
      vertex 56.08541743770058 19.025 0.8
      vertex 55.89739151933832 18.64372115518654 0.8
    endloop
  endfacet
  facet normal 0.98078528040323 -0.19509032201613108 3.842350680415822e-19
    outer loop
      vertex 55.67780420053512 17.824210124715165 0.8
      vertex 55.760741064560534 18.24116189658319 0.8
      vertex 55.760741064560534 18.24116189658319 2.4
    endloop
  endfacet
  facet normal 0.9469301294951085 -0.3214394653031534 4.722297421946084e-18
    outer loop
      vertex 55.760741064560534 18.24116189658319 0.8
      vertex 55.89739151933832 18.64372115518654 0.8
      vertex 55.89739151933832 18.64372115518654 2.4
    endloop
  endfacet
  facet normal 0.9978589232386037 0.0654031292301413 0
    outer loop
      vertex 55.67780420053512 16.975789875284832 0.8
      vertex 55.650000000000006 17.4 2.4
      vertex 55.67780420053512 16.975789875284832 2.4
    endloop
  endfacet
  facet normal 0.9978589232386037 -0.0654031292301413 0
    outer loop
      vertex 55.650000000000006 17.4 0.8
      vertex 55.67780420053512 17.824210124715165 2.4
      vertex 55.650000000000006 17.4 2.4
    endloop
  endfacet
  facet normal 0.98078528040323 -0.19509032201613108 0
    outer loop
      vertex 55.67780420053512 17.824210124715165 0.8
      vertex 55.760741064560534 18.24116189658319 2.4
      vertex 55.67780420053512 17.824210124715165 2.4
    endloop
  endfacet
  facet normal 0.9469301294951085 -0.3214394653031534 0
    outer loop
      vertex 55.760741064560534 18.24116189658319 0.8
      vertex 55.89739151933832 18.64372115518654 2.4
      vertex 55.760741064560534 18.24116189658319 2.4
    endloop
  endfacet
  facet normal 0.8314696123025401 0.5555702330196101 0
    outer loop
      vertex 56.08541743770058 15.774999999999999 0.8
      vertex 56.08541743770058 15.774999999999999 2.4
      vertex 56.321601644053494 15.421525355721656 0.8
    endloop
  endfacet
  facet normal 0 0 1
    outer loop
      vertex 56.08541743770058 15.774999999999999 0.8
      vertex 56.321601644053494 15.421525355721656 0.8
      vertex 56.321601644053494 19.37847464427834 0.8
    endloop
  endfacet
  facet normal 0 0 1
    outer loop
      vertex 56.321601644053494 15.421525355721656 0.8
      vertex 56.60190296114373 15.101902961143718 0.8
      vertex 56.60190296114373 19.69809703885628 0.8
    endloop
  endfacet
  facet normal 0 0 1
    outer loop
      vertex 56.92152535572166 14.821601644053484 0.8
      vertex 56.92152535572166 19.978398355946513 0.8
      vertex 56.60190296114373 15.101902961143718 0.8
    endloop
  endfacet
  facet normal 0 0 1
    outer loop
      vertex 56.92152535572166 14.821601644053484 0.8
      vertex 57.275000000000006 14.585417437700574 0.8
      vertex 57.275000000000006 20.214582562299423 0.8
    endloop
  endfacet
  facet normal 0.8314696123025401 0.5555702330196101 9.129163593660795e-18
    outer loop
      vertex 56.08541743770058 15.774999999999999 2.4
      vertex 56.321601644053494 15.421525355721656 2.4
      vertex 56.321601644053494 15.421525355721656 0.8
    endloop
  endfacet
  facet normal 0 0 1
    outer loop
      vertex 56.08541743770058 15.774999999999999 0.8
      vertex 56.321601644053494 19.37847464427834 0.8
      vertex 56.08541743770058 19.025 0.8
    endloop
  endfacet
  facet normal 0 0 1
    outer loop
      vertex 56.321601644053494 15.421525355721656 0.8
      vertex 56.60190296114373 19.69809703885628 0.8
      vertex 56.321601644053494 19.37847464427834 0.8
    endloop
  endfacet
  facet normal 0 0 1
    outer loop
      vertex 56.60190296114373 15.101902961143718 0.8
      vertex 56.92152535572166 19.978398355946513 0.8
      vertex 56.60190296114373 19.69809703885628 0.8
    endloop
  endfacet
  facet normal 0 0 1
    outer loop
      vertex 56.92152535572166 14.821601644053484 0.8
      vertex 57.275000000000006 20.214582562299423 0.8
      vertex 56.92152535572166 19.978398355946513 0.8
    endloop
  endfacet
  facet normal 0.44228869021900247 0.8968727415326877 0
    outer loop
      vertex 57.275000000000006 14.585417437700574 0.8
      vertex 57.275000000000006 14.585417437700574 2.4
      vertex 57.656278844813464 14.397391519338317 0.8
    endloop
  endfacet
  facet normal 0.3214394653031635 0.9469301294951051 0
    outer loop
      vertex 57.656278844813464 14.397391519338317 0.8
      vertex 57.656278844813464 14.397391519338317 2.4
      vertex 58.05883810341681 14.260741064560527 0.8
    endloop
  endfacet
  facet normal 0.1950903220161295 0.9807852804032303 0
    outer loop
      vertex 58.05883810341681 14.260741064560527 0.8
      vertex 58.05883810341681 14.260741064560527 2.4
      vertex 58.47578987528484 14.177804200535114 0.8
    endloop
  endfacet
  facet normal 0.44228869021900247 0.8968727415326877 -4.016675382696171e-18
    outer loop
      vertex 57.275000000000006 14.585417437700574 2.4
      vertex 57.656278844813464 14.397391519338317 2.4
      vertex 57.656278844813464 14.397391519338317 0.8
    endloop
  endfacet
  facet normal 0.3214394653031635 0.9469301294951051 3.996734009835956e-18
    outer loop
      vertex 57.656278844813464 14.397391519338317 2.4
      vertex 58.05883810341681 14.260741064560527 2.4
      vertex 58.05883810341681 14.260741064560527 0.8
    endloop
  endfacet
  facet normal 0.1950903220161295 0.9807852804032303 5.0870195068160784e-18
    outer loop
      vertex 58.05883810341681 14.260741064560527 2.4
      vertex 58.47578987528484 14.177804200535114 2.4
      vertex 58.47578987528484 14.177804200535114 0.8
    endloop
  endfacet
  facet normal 0.0654031292301413 0.9978589232386037 0
    outer loop
      vertex 58.47578987528484 14.177804200535114 0.8
      vertex 58.47578987528484 14.177804200535114 2.4
      vertex 58.900000000000006 14.149999999999999 0.8
    endloop
  endfacet
  facet normal -0.0654031292301413 0.9978589232386037 0
    outer loop
      vertex 58.900000000000006 14.149999999999999 0.8
      vertex 58.900000000000006 14.149999999999999 2.4
      vertex 59.32421012471517 14.177804200535114 0.8
    endloop
  endfacet
  facet normal -0.1950903220161295 0.9807852804032303 0
    outer loop
      vertex 59.32421012471517 14.177804200535114 0.8
      vertex 59.32421012471517 14.177804200535114 2.4
      vertex 59.7411618965832 14.260741064560527 0.8
    endloop
  endfacet
  facet normal 0.0654031292301413 0.9978589232386037 9.482480884129228e-20
    outer loop
      vertex 58.47578987528484 14.177804200535114 2.4
      vertex 58.900000000000006 14.149999999999999 2.4
      vertex 58.900000000000006 14.149999999999999 0.8
    endloop
  endfacet
  facet normal -0.0654031292301413 0.9978589232386037 -9.482480884129228e-20
    outer loop
      vertex 58.900000000000006 14.149999999999999 2.4
      vertex 59.32421012471517 14.177804200535114 2.4
      vertex 59.32421012471517 14.177804200535114 0.8
    endloop
  endfacet
  facet normal 0 0 1
    outer loop
      vertex 57.275000000000006 14.585417437700574 0.8
      vertex 57.656278844813464 14.397391519338317 0.8
      vertex 57.656278844813464 20.40260848066168 0.8
    endloop
  endfacet
  facet normal 0 0 1
    outer loop
      vertex 57.656278844813464 14.397391519338317 0.8
      vertex 58.05883810341681 14.260741064560527 0.8
      vertex 58.05883810341681 20.53925893543947 0.8
    endloop
  endfacet
  facet normal 0 0 1
    outer loop
      vertex 58.05883810341681 14.260741064560527 0.8
      vertex 58.47578987528484 14.177804200535114 0.8
      vertex 58.47578987528484 20.622195799464883 0.8
    endloop
  endfacet
  facet normal 0 0 1
    outer loop
      vertex 57.275000000000006 14.585417437700574 0.8
      vertex 57.656278844813464 20.40260848066168 0.8
      vertex 57.275000000000006 20.214582562299423 0.8
    endloop
  endfacet
  facet normal 0 0 1
    outer loop
      vertex 57.656278844813464 14.397391519338317 0.8
      vertex 58.05883810341681 20.53925893543947 0.8
      vertex 57.656278844813464 20.40260848066168 0.8
    endloop
  endfacet
  facet normal 0 0 1
    outer loop
      vertex 58.05883810341681 14.260741064560527 0.8
      vertex 58.47578987528484 20.622195799464883 0.8
      vertex 58.05883810341681 20.53925893543947 0.8
    endloop
  endfacet
  facet normal 0 0 1
    outer loop
      vertex 58.47578987528484 14.177804200535114 0.8
      vertex 58.900000000000006 14.149999999999999 0.8
      vertex 58.900000000000006 20.65 0.8
    endloop
  endfacet
  facet normal 0 0 1
    outer loop
      vertex 58.900000000000006 14.149999999999999 0.8
      vertex 59.32421012471517 14.177804200535114 0.8
      vertex 59.32421012471517 20.622195799464883 0.8
    endloop
  endfacet
  facet normal 0 0 1
    outer loop
      vertex 58.47578987528484 14.177804200535114 0.8
      vertex 58.900000000000006 20.65 0.8
      vertex 58.47578987528484 20.622195799464883 0.8
    endloop
  endfacet
  facet normal 0 0 1
    outer loop
      vertex 58.900000000000006 14.149999999999999 0.8
      vertex 59.32421012471517 20.622195799464883 0.8
      vertex 58.900000000000006 20.65 0.8
    endloop
  endfacet
  facet normal 0 0 1
    outer loop
      vertex 59.32421012471517 14.177804200535114 0.8
      vertex 59.7411618965832 20.53925893543947 0.8
      vertex 59.32421012471517 20.622195799464883 0.8
    endloop
  endfacet
  facet normal 0.8968727415326877 -0.44228869021900247 4.016675382696171e-18
    outer loop
      vertex 55.89739151933832 18.64372115518654 0.8
      vertex 56.08541743770058 19.025 0.8
      vertex 56.08541743770058 19.025 2.4
    endloop
  endfacet
  facet normal 0.8968727415326877 -0.44228869021900247 0
    outer loop
      vertex 55.89739151933832 18.64372115518654 0.8
      vertex 56.08541743770058 19.025 2.4
      vertex 55.89739151933832 18.64372115518654 2.4
    endloop
  endfacet
  facet normal 0.8314696123025401 -0.5555702330196101 -9.129163593660795e-18
    outer loop
      vertex 56.08541743770058 19.025 0.8
      vertex 56.321601644053494 19.37847464427834 0.8
      vertex 56.321601644053494 19.37847464427834 2.4
    endloop
  endfacet
  facet normal 0.7518398074789775 -0.6593458151000687 -9.635468362628945e-19
    outer loop
      vertex 56.321601644053494 19.37847464427834 0.8
      vertex 56.60190296114373 19.69809703885628 0.8
      vertex 56.60190296114373 19.69809703885628 2.4
    endloop
  endfacet
  facet normal 0.659345815100073 -0.7518398074789739 3.9915188728959475e-18
    outer loop
      vertex 56.60190296114373 19.69809703885628 0.8
      vertex 56.92152535572166 19.978398355946513 0.8
      vertex 56.92152535572166 19.978398355946513 2.4
    endloop
  endfacet
  facet normal 0.5555702330195985 -0.8314696123025478 -8.701070778813851e-18
    outer loop
      vertex 56.92152535572166 19.978398355946513 0.8
      vertex 57.275000000000006 20.214582562299423 0.8
      vertex 57.275000000000006 20.214582562299423 2.4
    endloop
  endfacet
  facet normal 0.8314696123025401 -0.5555702330196101 0
    outer loop
      vertex 56.08541743770058 19.025 0.8
      vertex 56.321601644053494 19.37847464427834 2.4
      vertex 56.08541743770058 19.025 2.4
    endloop
  endfacet
  facet normal 0.7518398074789775 -0.6593458151000687 0
    outer loop
      vertex 56.321601644053494 19.37847464427834 0.8
      vertex 56.60190296114373 19.69809703885628 2.4
      vertex 56.321601644053494 19.37847464427834 2.4
    endloop
  endfacet
  facet normal 0.659345815100073 -0.7518398074789739 0
    outer loop
      vertex 56.60190296114373 19.69809703885628 0.8
      vertex 56.92152535572166 19.978398355946513 2.4
      vertex 56.60190296114373 19.69809703885628 2.4
    endloop
  endfacet
  facet normal 0.5555702330195985 -0.8314696123025478 0
    outer loop
      vertex 56.92152535572166 19.978398355946513 0.8
      vertex 57.275000000000006 20.214582562299423 2.4
      vertex 56.92152535572166 19.978398355946513 2.4
    endloop
  endfacet
  facet normal 0.44228869021900247 -0.8968727415326877 4.016675382696171e-18
    outer loop
      vertex 57.275000000000006 20.214582562299423 0.8
      vertex 57.656278844813464 20.40260848066168 0.8
      vertex 57.656278844813464 20.40260848066168 2.4
    endloop
  endfacet
  facet normal 0.3214394653031635 -0.9469301294951051 -3.996734009835956e-18
    outer loop
      vertex 57.656278844813464 20.40260848066168 0.8
      vertex 58.05883810341681 20.53925893543947 0.8
      vertex 58.05883810341681 20.53925893543947 2.4
    endloop
  endfacet
  facet normal 0.1950903220161295 -0.9807852804032303 -5.0870195068160784e-18
    outer loop
      vertex 58.05883810341681 20.53925893543947 0.8
      vertex 58.47578987528484 20.622195799464883 0.8
      vertex 58.47578987528484 20.622195799464883 2.4
    endloop
  endfacet
  facet normal 0.44228869021900247 -0.8968727415326877 0
    outer loop
      vertex 57.275000000000006 20.214582562299423 0.8
      vertex 57.656278844813464 20.40260848066168 2.4
      vertex 57.275000000000006 20.214582562299423 2.4
    endloop
  endfacet
  facet normal 0.3214394653031635 -0.9469301294951051 0
    outer loop
      vertex 57.656278844813464 20.40260848066168 0.8
      vertex 58.05883810341681 20.53925893543947 2.4
      vertex 57.656278844813464 20.40260848066168 2.4
    endloop
  endfacet
  facet normal 0.1950903220161295 -0.9807852804032303 0
    outer loop
      vertex 58.05883810341681 20.53925893543947 0.8
      vertex 58.47578987528484 20.622195799464883 2.4
      vertex 58.05883810341681 20.53925893543947 2.4
    endloop
  endfacet
  facet normal 0.0654031292301413 -0.9978589232386037 -9.482480884129228e-20
    outer loop
      vertex 58.47578987528484 20.622195799464883 0.8
      vertex 58.900000000000006 20.65 0.8
      vertex 58.900000000000006 20.65 2.4
    endloop
  endfacet
  facet normal -0.0654031292301413 -0.9978589232386037 9.482480884129228e-20
    outer loop
      vertex 58.900000000000006 20.65 0.8
      vertex 59.32421012471517 20.622195799464883 0.8
      vertex 59.32421012471517 20.622195799464883 2.4
    endloop
  endfacet
  facet normal 0.0654031292301413 -0.9978589232386037 0
    outer loop
      vertex 58.47578987528484 20.622195799464883 0.8
      vertex 58.900000000000006 20.65 2.4
      vertex 58.47578987528484 20.622195799464883 2.4
    endloop
  endfacet
  facet normal -0.0654031292301413 -0.9978589232386037 0
    outer loop
      vertex 58.900000000000006 20.65 0.8
      vertex 59.32421012471517 20.622195799464883 2.4
      vertex 58.900000000000006 20.65 2.4
    endloop
  endfacet
  facet normal -0.1950903220161295 -0.9807852804032303 0
    outer loop
      vertex 59.32421012471517 20.622195799464883 0.8
      vertex 59.7411618965832 20.53925893543947 2.4
      vertex 59.32421012471517 20.622195799464883 2.4
    endloop
  endfacet
  facet normal -0.3214394653031635 0.9469301294951051 0
    outer loop
      vertex 59.7411618965832 14.260741064560527 0.8
      vertex 59.7411618965832 14.260741064560527 2.4
      vertex 60.14372115518655 14.397391519338317 0.8
    endloop
  endfacet
  facet normal -0.44228869021900247 0.8968727415326877 0
    outer loop
      vertex 60.14372115518655 14.397391519338317 0.8
      vertex 60.14372115518655 14.397391519338317 2.4
      vertex 60.525000000000006 14.585417437700574 0.8
    endloop
  endfacet
  facet normal -0.5555702330195985 0.8314696123025478 0
    outer loop
      vertex 60.525000000000006 14.585417437700574 0.8
      vertex 60.525000000000006 14.585417437700574 2.4
      vertex 60.87847464427835 14.821601644053484 0.8
    endloop
  endfacet
  facet normal -0.1950903220161295 0.9807852804032303 -5.0870195068160784e-18
    outer loop
      vertex 59.32421012471517 14.177804200535114 2.4
      vertex 59.7411618965832 14.260741064560527 2.4
      vertex 59.7411618965832 14.260741064560527 0.8
    endloop
  endfacet
  facet normal -0.3214394653031635 0.9469301294951051 -3.996734009835956e-18
    outer loop
      vertex 59.7411618965832 14.260741064560527 2.4
      vertex 60.14372115518655 14.397391519338317 2.4
      vertex 60.14372115518655 14.397391519338317 0.8
    endloop
  endfacet
  facet normal -0.44228869021900247 0.8968727415326877 4.016675382696171e-18
    outer loop
      vertex 60.14372115518655 14.397391519338317 2.4
      vertex 60.525000000000006 14.585417437700574 2.4
      vertex 60.525000000000006 14.585417437700574 0.8
    endloop
  endfacet
  facet normal -0.659345815100073 0.7518398074789739 0
    outer loop
      vertex 60.87847464427835 14.821601644053484 0.8
      vertex 60.87847464427835 14.821601644053484 2.4
      vertex 61.19809703885628 15.101902961143718 0.8
    endloop
  endfacet
  facet normal -0.7518398074789775 0.6593458151000687 0
    outer loop
      vertex 61.19809703885628 15.101902961143718 0.8
      vertex 61.19809703885628 15.101902961143718 2.4
      vertex 61.47839835594652 15.421525355721656 0.8
    endloop
  endfacet
  facet normal -0.5555702330195985 0.8314696123025478 -8.701070778813851e-18
    outer loop
      vertex 60.525000000000006 14.585417437700574 2.4
      vertex 60.87847464427835 14.821601644053484 2.4
      vertex 60.87847464427835 14.821601644053484 0.8
    endloop
  endfacet
  facet normal -0.659345815100073 0.7518398074789739 3.9915188728959475e-18
    outer loop
      vertex 60.87847464427835 14.821601644053484 2.4
      vertex 61.19809703885628 15.101902961143718 2.4
      vertex 61.19809703885628 15.101902961143718 0.8
    endloop
  endfacet
  facet normal -0.7518398074789775 0.6593458151000687 -9.635468362628945e-19
    outer loop
      vertex 61.19809703885628 15.101902961143718 2.4
      vertex 61.47839835594652 15.421525355721656 2.4
      vertex 61.47839835594652 15.421525355721656 0.8
    endloop
  endfacet
  facet normal 0 0 1
    outer loop
      vertex 59.32421012471517 14.177804200535114 0.8
      vertex 59.7411618965832 14.260741064560527 0.8
      vertex 59.7411618965832 20.53925893543947 0.8
    endloop
  endfacet
  facet normal 0 0 1
    outer loop
      vertex 59.7411618965832 14.260741064560527 0.8
      vertex 60.14372115518655 14.397391519338317 0.8
      vertex 60.14372115518655 20.40260848066168 0.8
    endloop
  endfacet
  facet normal 0 0 1
    outer loop
      vertex 60.14372115518655 14.397391519338317 0.8
      vertex 60.525000000000006 14.585417437700574 0.8
      vertex 60.525000000000006 20.214582562299423 0.8
    endloop
  endfacet
  facet normal 0 0 1
    outer loop
      vertex 59.7411618965832 14.260741064560527 0.8
      vertex 60.14372115518655 20.40260848066168 0.8
      vertex 59.7411618965832 20.53925893543947 0.8
    endloop
  endfacet
  facet normal 0 0 1
    outer loop
      vertex 60.14372115518655 14.397391519338317 0.8
      vertex 60.525000000000006 20.214582562299423 0.8
      vertex 60.14372115518655 20.40260848066168 0.8
    endloop
  endfacet
  facet normal 0 0 1
    outer loop
      vertex 60.525000000000006 14.585417437700574 0.8
      vertex 60.87847464427835 19.978398355946513 0.8
      vertex 60.525000000000006 20.214582562299423 0.8
    endloop
  endfacet
  facet normal 0 0 1
    outer loop
      vertex 60.525000000000006 14.585417437700574 0.8
      vertex 60.87847464427835 14.821601644053484 0.8
      vertex 60.87847464427835 19.978398355946513 0.8
    endloop
  endfacet
  facet normal 0 0 1
    outer loop
      vertex 60.87847464427835 14.821601644053484 0.8
      vertex 61.19809703885628 15.101902961143718 0.8
      vertex 61.19809703885628 19.69809703885628 0.8
    endloop
  endfacet
  facet normal -0.8314696123025401 0.5555702330196101 0
    outer loop
      vertex 61.47839835594652 15.421525355721656 0.8
      vertex 61.47839835594652 15.421525355721656 2.4
      vertex 61.714582562299434 15.774999999999999 0.8
    endloop
  endfacet
  facet normal -0.8968727415326877 0.44228869021900247 0
    outer loop
      vertex 61.714582562299434 15.774999999999999 0.8
      vertex 61.714582562299434 15.774999999999999 2.4
      vertex 61.90260848066169 16.156278844813457 0.8
    endloop
  endfacet
  facet normal 0 0 1
    outer loop
      vertex 61.19809703885628 15.101902961143718 0.8
      vertex 61.47839835594652 15.421525355721656 0.8
      vertex 61.47839835594652 19.37847464427834 0.8
    endloop
  endfacet
  facet normal 0 0 1
    outer loop
      vertex 61.47839835594652 15.421525355721656 0.8
      vertex 61.714582562299434 15.774999999999999 0.8
      vertex 61.714582562299434 19.025 0.8
    endloop
  endfacet
  facet normal 0 0 1
    outer loop
      vertex 61.714582562299434 15.774999999999999 0.8
      vertex 61.90260848066169 16.156278844813457 0.8
      vertex 61.90260848066169 18.64372115518654 0.8
    endloop
  endfacet
  facet normal -0.8314696123025401 0.5555702330196101 -9.129163593660795e-18
    outer loop
      vertex 61.47839835594652 15.421525355721656 2.4
      vertex 61.714582562299434 15.774999999999999 2.4
      vertex 61.714582562299434 15.774999999999999 0.8
    endloop
  endfacet
  facet normal -0.8968727415326877 0.44228869021900247 4.016675382696171e-18
    outer loop
      vertex 61.714582562299434 15.774999999999999 2.4
      vertex 61.90260848066169 16.156278844813457 2.4
      vertex 61.90260848066169 16.156278844813457 0.8
    endloop
  endfacet
  facet normal 0 0 1
    outer loop
      vertex 60.87847464427835 14.821601644053484 0.8
      vertex 61.19809703885628 19.69809703885628 0.8
      vertex 60.87847464427835 19.978398355946513 0.8
    endloop
  endfacet
  facet normal 0 0 1
    outer loop
      vertex 61.714582562299434 15.774999999999999 0.8
      vertex 61.90260848066169 18.64372115518654 0.8
      vertex 61.714582562299434 19.025 0.8
    endloop
  endfacet
  facet normal 0 0 1
    outer loop
      vertex 61.19809703885628 15.101902961143718 0.8
      vertex 61.47839835594652 19.37847464427834 0.8
      vertex 61.19809703885628 19.69809703885628 0.8
    endloop
  endfacet
  facet normal 0 0 1
    outer loop
      vertex 61.47839835594652 15.421525355721656 0.8
      vertex 61.714582562299434 19.025 0.8
      vertex 61.47839835594652 19.37847464427834 0.8
    endloop
  endfacet
  facet normal -0.9469301294951085 0.3214394653031534 0
    outer loop
      vertex 61.90260848066169 16.156278844813457 0.8
      vertex 61.90260848066169 16.156278844813457 2.4
      vertex 62.03925893543948 16.558838103416807 0.8
    endloop
  endfacet
  facet normal 0 0 1
    outer loop
      vertex 61.90260848066169 16.156278844813457 0.8
      vertex 62.03925893543948 16.558838103416807 0.8
      vertex 62.03925893543948 18.24116189658319 0.8
    endloop
  endfacet
  facet normal -0.98078528040323 0.19509032201613108 0
    outer loop
      vertex 62.03925893543948 16.558838103416807 0.8
      vertex 62.03925893543948 16.558838103416807 2.4
      vertex 62.12219579946489 16.975789875284832 0.8
    endloop
  endfacet
  facet normal -0.9469301294951085 0.3214394653031534 4.722297421946084e-18
    outer loop
      vertex 61.90260848066169 16.156278844813457 2.4
      vertex 62.03925893543948 16.558838103416807 2.4
      vertex 62.03925893543948 16.558838103416807 0.8
    endloop
  endfacet
  facet normal -0.98078528040323 0.19509032201613108 3.842350680415822e-19
    outer loop
      vertex 62.03925893543948 16.558838103416807 2.4
      vertex 62.12219579946489 16.975789875284832 2.4
      vertex 62.12219579946489 16.975789875284832 0.8
    endloop
  endfacet
  facet normal 0 0 1
    outer loop
      vertex 62.03925893543948 16.558838103416807 0.8
      vertex 62.12219579946489 16.975789875284832 0.8
      vertex 62.12219579946489 17.824210124715165 0.8
    endloop
  endfacet
  facet normal 0 0 1
    outer loop
      vertex 62.12219579946489 16.975789875284832 0.8
      vertex 62.150000000000006 17.4 0.8
      vertex 62.12219579946489 17.824210124715165 0.8
    endloop
  endfacet
  facet normal 0 0 1
    outer loop
      vertex 61.90260848066169 16.156278844813457 0.8
      vertex 62.03925893543948 18.24116189658319 0.8
      vertex 61.90260848066169 18.64372115518654 0.8
    endloop
  endfacet
  facet normal 0 0 1
    outer loop
      vertex 62.03925893543948 16.558838103416807 0.8
      vertex 62.12219579946489 17.824210124715165 0.8
      vertex 62.03925893543948 18.24116189658319 0.8
    endloop
  endfacet
  facet normal -0.9978589232386037 0.0654031292301413 0
    outer loop
      vertex 62.12219579946489 16.975789875284832 0.8
      vertex 62.12219579946489 16.975789875284832 2.4
      vertex 62.150000000000006 17.4 0.8
    endloop
  endfacet
  facet normal -0.9978589232386037 -0.0654031292301413 0
    outer loop
      vertex 62.150000000000006 17.4 0.8
      vertex 62.150000000000006 17.4 2.4
      vertex 62.12219579946489 17.824210124715165 0.8
    endloop
  endfacet
  facet normal -0.98078528040323 -0.19509032201613108 0
    outer loop
      vertex 62.12219579946489 17.824210124715165 0.8
      vertex 62.12219579946489 17.824210124715165 2.4
      vertex 62.03925893543948 18.24116189658319 0.8
    endloop
  endfacet
  facet normal -0.9469301294951085 -0.3214394653031534 0
    outer loop
      vertex 62.03925893543948 18.24116189658319 0.8
      vertex 62.03925893543948 18.24116189658319 2.4
      vertex 61.90260848066169 18.64372115518654 0.8
    endloop
  endfacet
  facet normal -0.9978589232386037 -0.0654031292301413 9.482480884129228e-20
    outer loop
      vertex 62.150000000000006 17.4 2.4
      vertex 62.12219579946489 17.824210124715165 2.4
      vertex 62.12219579946489 17.824210124715165 0.8
    endloop
  endfacet
  facet normal -0.9978589232386037 0.0654031292301413 -9.482480884129228e-20
    outer loop
      vertex 62.12219579946489 16.975789875284832 2.4
      vertex 62.150000000000006 17.4 2.4
      vertex 62.150000000000006 17.4 0.8
    endloop
  endfacet
  facet normal -0.98078528040323 -0.19509032201613108 -3.842350680415822e-19
    outer loop
      vertex 62.12219579946489 17.824210124715165 2.4
      vertex 62.03925893543948 18.24116189658319 2.4
      vertex 62.03925893543948 18.24116189658319 0.8
    endloop
  endfacet
  facet normal -0.9469301294951085 -0.3214394653031534 -4.722297421946084e-18
    outer loop
      vertex 62.03925893543948 18.24116189658319 2.4
      vertex 61.90260848066169 18.64372115518654 2.4
      vertex 61.90260848066169 18.64372115518654 0.8
    endloop
  endfacet
  facet normal -0.5555702330195985 -0.8314696123025478 0
    outer loop
      vertex 60.525000000000006 20.214582562299423 0.8
      vertex 60.87847464427835 19.978398355946513 2.4
      vertex 60.525000000000006 20.214582562299423 2.4
    endloop
  endfacet
  facet normal -0.1950903220161295 -0.9807852804032303 5.0870195068160784e-18
    outer loop
      vertex 59.32421012471517 20.622195799464883 0.8
      vertex 59.7411618965832 20.53925893543947 0.8
      vertex 59.7411618965832 20.53925893543947 2.4
    endloop
  endfacet
  facet normal -0.3214394653031635 -0.9469301294951051 0
    outer loop
      vertex 60.14372115518655 20.40260848066168 0.8
      vertex 60.14372115518655 20.40260848066168 2.4
      vertex 59.7411618965832 20.53925893543947 0.8
    endloop
  endfacet
  facet normal -0.44228869021900247 -0.8968727415326877 -4.016675382696171e-18
    outer loop
      vertex 60.14372115518655 20.40260848066168 0.8
      vertex 60.525000000000006 20.214582562299423 0.8
      vertex 60.525000000000006 20.214582562299423 2.4
    endloop
  endfacet
  facet normal -0.3214394653031635 -0.9469301294951051 3.996734009835956e-18
    outer loop
      vertex 60.14372115518655 20.40260848066168 2.4
      vertex 59.7411618965832 20.53925893543947 2.4
      vertex 59.7411618965832 20.53925893543947 0.8
    endloop
  endfacet
  facet normal -0.44228869021900247 -0.8968727415326877 0
    outer loop
      vertex 60.14372115518655 20.40260848066168 0.8
      vertex 60.525000000000006 20.214582562299423 2.4
      vertex 60.14372115518655 20.40260848066168 2.4
    endloop
  endfacet
  facet normal -0.5555702330195985 -0.8314696123025478 8.701070778813851e-18
    outer loop
      vertex 60.525000000000006 20.214582562299423 0.8
      vertex 60.87847464427835 19.978398355946513 0.8
      vertex 60.87847464427835 19.978398355946513 2.4
    endloop
  endfacet
  facet normal -0.659345815100073 -0.7518398074789739 -3.9915188728959475e-18
    outer loop
      vertex 60.87847464427835 19.978398355946513 0.8
      vertex 61.19809703885628 19.69809703885628 0.8
      vertex 61.19809703885628 19.69809703885628 2.4
    endloop
  endfacet
  facet normal -0.8968727415326877 -0.44228869021900247 0
    outer loop
      vertex 61.90260848066169 18.64372115518654 0.8
      vertex 61.90260848066169 18.64372115518654 2.4
      vertex 61.714582562299434 19.025 0.8
    endloop
  endfacet
  facet normal -0.8314696123025401 -0.5555702330196101 9.129163593660795e-18
    outer loop
      vertex 61.47839835594652 19.37847464427834 0.8
      vertex 61.714582562299434 19.025 0.8
      vertex 61.714582562299434 19.025 2.4
    endloop
  endfacet
  facet normal -0.7518398074789775 -0.6593458151000687 9.635468362628945e-19
    outer loop
      vertex 61.19809703885628 19.69809703885628 0.8
      vertex 61.47839835594652 19.37847464427834 0.8
      vertex 61.47839835594652 19.37847464427834 2.4
    endloop
  endfacet
  facet normal -0.659345815100073 -0.7518398074789739 0
    outer loop
      vertex 60.87847464427835 19.978398355946513 0.8
      vertex 61.19809703885628 19.69809703885628 2.4
      vertex 60.87847464427835 19.978398355946513 2.4
    endloop
  endfacet
  facet normal -0.8314696123025401 -0.5555702330196101 0
    outer loop
      vertex 61.47839835594652 19.37847464427834 0.8
      vertex 61.714582562299434 19.025 2.4
      vertex 61.47839835594652 19.37847464427834 2.4
    endloop
  endfacet
  facet normal -0.8968727415326877 -0.44228869021900247 -4.016675382696171e-18
    outer loop
      vertex 61.90260848066169 18.64372115518654 2.4
      vertex 61.714582562299434 19.025 2.4
      vertex 61.714582562299434 19.025 0.8
    endloop
  endfacet
  facet normal -0.7518398074789775 -0.6593458151000687 0
    outer loop
      vertex 61.19809703885628 19.69809703885628 0.8
      vertex 61.47839835594652 19.37847464427834 2.4
      vertex 61.19809703885628 19.69809703885628 2.4
    endloop
  endfacet
  facet normal 0.896872741532691 0.44228869021899586 0
    outer loop
      vertex 55.89739151933832 80.65627884481347 0.8
      vertex 55.89739151933832 80.65627884481347 2.4
      vertex 56.08541743770058 80.275 0.8
    endloop
  endfacet
  facet normal 0.896872741532691 0.44228869021899586 -9.510523782012636e-18
    outer loop
      vertex 55.89739151933832 80.65627884481347 2.4
      vertex 56.08541743770058 80.275 2.4
      vertex 56.08541743770058 80.275 0.8
    endloop
  endfacet
  facet normal 0.7518398074789884 0.6593458151000563 0
    outer loop
      vertex 56.321601644053494 79.92152535572167 0.8
      vertex 56.321601644053494 79.92152535572167 2.4
      vertex 56.60190296114373 79.60190296114372 0.8
    endloop
  endfacet
  facet normal 0.8314696123025348 0.5555702330196177 7.625760621539582e-18
    outer loop
      vertex 56.321601644053494 79.92152535572167 0.8
      vertex 56.08541743770058 80.275 0.8
      vertex 56.08541743770058 80.275 2.4
    endloop
  endfacet
  facet normal 0.659345815100073 0.7518398074789739 0
    outer loop
      vertex 56.60190296114373 79.60190296114372 0.8
      vertex 56.60190296114373 79.60190296114372 2.4
      vertex 56.92152535572166 79.32160164405349 0.8
    endloop
  endfacet
  facet normal 0.555570233019587 0.8314696123025554 0
    outer loop
      vertex 56.92152535572166 79.32160164405349 0.8
      vertex 56.92152535572166 79.32160164405349 2.4
      vertex 57.275000000000006 79.08541743770058 0.8
    endloop
  endfacet
  facet normal 0.7518398074789884 0.6593458151000563 -4.573990424286042e-18
    outer loop
      vertex 56.321601644053494 79.92152535572167 2.4
      vertex 56.60190296114373 79.60190296114372 2.4
      vertex 56.60190296114373 79.60190296114372 0.8
    endloop
  endfacet
  facet normal 0.8314696123025348 0.5555702330196177 0
    outer loop
      vertex 56.321601644053494 79.92152535572167 0.8
      vertex 56.08541743770058 80.275 2.4
      vertex 56.321601644053494 79.92152535572167 2.4
    endloop
  endfacet
  facet normal 0.659345815100073 0.7518398074789739 -3.9915188728959475e-18
    outer loop
      vertex 56.60190296114373 79.60190296114372 2.4
      vertex 56.92152535572166 79.32160164405349 2.4
      vertex 56.92152535572166 79.32160164405349 0.8
    endloop
  endfacet
  facet normal 0.555570233019587 0.8314696123025554 8.272977963966899e-18
    outer loop
      vertex 56.92152535572166 79.32160164405349 2.4
      vertex 57.275000000000006 79.08541743770058 2.4
      vertex 57.275000000000006 79.08541743770058 0.8
    endloop
  endfacet
  facet normal 0.44228869021900247 0.8968727415326877 0
    outer loop
      vertex 57.275000000000006 79.08541743770058 0.8
      vertex 57.275000000000006 79.08541743770058 2.4
      vertex 57.656278844813464 78.89739151933833 0.8
    endloop
  endfacet
  facet normal 0.3214394653031709 0.9469301294951025 0
    outer loop
      vertex 57.656278844813464 78.89739151933833 0.8
      vertex 57.656278844813464 78.89739151933833 2.4
      vertex 58.05883810341681 78.76074106456053 0.8
    endloop
  endfacet
  facet normal 0.1950903220161295 0.9807852804032303 0
    outer loop
      vertex 58.05883810341681 78.76074106456053 0.8
      vertex 58.05883810341681 78.76074106456053 2.4
      vertex 58.47578987528484 78.67780420053512 0.8
    endloop
  endfacet
  facet normal 0.44228869021900247 0.8968727415326877 -4.016675382696171e-18
    outer loop
      vertex 57.275000000000006 79.08541743770058 2.4
      vertex 57.656278844813464 78.89739151933833 2.4
      vertex 57.656278844813464 78.89739151933833 0.8
    endloop
  endfacet
  facet normal 0.3214394653031709 0.9469301294951025 2.871111022976404e-18
    outer loop
      vertex 57.656278844813464 78.89739151933833 2.4
      vertex 58.05883810341681 78.76074106456053 2.4
      vertex 58.05883810341681 78.76074106456053 0.8
    endloop
  endfacet
  facet normal 0.1950903220161295 0.9807852804032303 5.0870195068160784e-18
    outer loop
      vertex 58.05883810341681 78.76074106456053 2.4
      vertex 58.47578987528484 78.67780420053512 2.4
      vertex 58.47578987528484 78.67780420053512 0.8
    endloop
  endfacet
  facet normal 0.0654031292301413 0.9978589232386037 0
    outer loop
      vertex 58.47578987528484 78.67780420053512 0.8
      vertex 58.47578987528484 78.67780420053512 2.4
      vertex 58.900000000000006 78.65 0.8
    endloop
  endfacet
  facet normal -0.0654031292301413 0.9978589232386037 0
    outer loop
      vertex 58.900000000000006 78.65 0.8
      vertex 58.900000000000006 78.65 2.4
      vertex 59.32421012471517 78.67780420053512 0.8
    endloop
  endfacet
  facet normal -0.1950903220161295 0.9807852804032303 0
    outer loop
      vertex 59.32421012471517 78.67780420053512 0.8
      vertex 59.32421012471517 78.67780420053512 2.4
      vertex 59.7411618965832 78.76074106456053 0.8
    endloop
  endfacet
  facet normal 0.0654031292301413 0.9978589232386037 9.482480884129228e-20
    outer loop
      vertex 58.47578987528484 78.67780420053512 2.4
      vertex 58.900000000000006 78.65 2.4
      vertex 58.900000000000006 78.65 0.8
    endloop
  endfacet
  facet normal -0.0654031292301413 0.9978589232386037 -9.482480884129228e-20
    outer loop
      vertex 58.900000000000006 78.65 2.4
      vertex 59.32421012471517 78.67780420053512 2.4
      vertex 59.32421012471517 78.67780420053512 0.8
    endloop
  endfacet
  facet normal 0.9469301294951076 0.3214394653031559 -5.0790101973172985e-18
    outer loop
      vertex 55.89739151933832 80.65627884481347 0.8
      vertex 55.760741064560534 81.05883810341682 0.8
      vertex 55.760741064560534 81.05883810341682 2.4
    endloop
  endfacet
  facet normal 0.980785280403229 0.19509032201613585 3.6047355954108585e-18
    outer loop
      vertex 55.760741064560534 81.05883810341682 0.8
      vertex 55.67780420053512 81.47578987528483 0.8
      vertex 55.67780420053512 81.47578987528483 2.4
    endloop
  endfacet
  facet normal 0 0 1
    outer loop
      vertex 55.760741064560534 81.05883810341682 0.8
      vertex 55.760741064560534 82.7411618965832 0.8
      vertex 55.67780420053512 81.47578987528483 0.8
    endloop
  endfacet
  facet normal 0 0 1
    outer loop
      vertex 55.67780420053512 81.47578987528483 0.8
      vertex 55.67780420053512 82.32421012471518 0.8
      vertex 55.650000000000006 81.9 0.8
    endloop
  endfacet
  facet normal 0 0 1
    outer loop
      vertex 55.67780420053512 81.47578987528483 0.8
      vertex 55.760741064560534 82.7411618965832 0.8
      vertex 55.67780420053512 82.32421012471518 0.8
    endloop
  endfacet
  facet normal 0 0 1
    outer loop
      vertex 55.89739151933832 80.65627884481347 0.8
      vertex 55.89739151933832 83.14372115518654 0.8
      vertex 55.760741064560534 81.05883810341682 0.8
    endloop
  endfacet
  facet normal 0 0 1
    outer loop
      vertex 55.89739151933832 80.65627884481347 0.8
      vertex 56.08541743770058 80.275 0.8
      vertex 56.08541743770058 83.525 0.8
    endloop
  endfacet
  facet normal 0.9978589232386037 0.06540312923014022 3.8555002285500443e-19
    outer loop
      vertex 55.67780420053512 81.47578987528483 0.8
      vertex 55.650000000000006 81.9 0.8
      vertex 55.650000000000006 81.9 2.4
    endloop
  endfacet
  facet normal 0.9978589232386037 -0.06540312923014022 -3.8555002285500443e-19
    outer loop
      vertex 55.650000000000006 81.9 0.8
      vertex 55.67780420053512 82.32421012471518 0.8
      vertex 55.67780420053512 82.32421012471518 2.4
    endloop
  endfacet
  facet normal 0.980785280403229 0.19509032201613585 0
    outer loop
      vertex 55.760741064560534 81.05883810341682 0.8
      vertex 55.67780420053512 81.47578987528483 2.4
      vertex 55.760741064560534 81.05883810341682 2.4
    endloop
  endfacet
  facet normal 0.9469301294951076 0.3214394653031559 0
    outer loop
      vertex 55.89739151933832 80.65627884481347 0.8
      vertex 55.760741064560534 81.05883810341682 2.4
      vertex 55.89739151933832 80.65627884481347 2.4
    endloop
  endfacet
  facet normal 0.9978589232386037 0.06540312923014022 0
    outer loop
      vertex 55.67780420053512 81.47578987528483 0.8
      vertex 55.650000000000006 81.9 2.4
      vertex 55.67780420053512 81.47578987528483 2.4
    endloop
  endfacet
  facet normal 0.9978589232386037 -0.06540312923014022 0
    outer loop
      vertex 55.650000000000006 81.9 0.8
      vertex 55.67780420053512 82.32421012471518 2.4
      vertex 55.650000000000006 81.9 2.4
    endloop
  endfacet
  facet normal 0 0 1
    outer loop
      vertex 55.760741064560534 81.05883810341682 0.8
      vertex 55.89739151933832 83.14372115518654 0.8
      vertex 55.760741064560534 82.7411618965832 0.8
    endloop
  endfacet
  facet normal 0 0 1
    outer loop
      vertex 55.89739151933832 80.65627884481347 0.8
      vertex 56.08541743770058 83.525 0.8
      vertex 55.89739151933832 83.14372115518654 0.8
    endloop
  endfacet
  facet normal 0.980785280403229 -0.19509032201613585 -3.6047355954108585e-18
    outer loop
      vertex 55.67780420053512 82.32421012471518 0.8
      vertex 55.760741064560534 82.7411618965832 0.8
      vertex 55.760741064560534 82.7411618965832 2.4
    endloop
  endfacet
  facet normal 0.9469301294951076 -0.3214394653031559 5.0790101973172985e-18
    outer loop
      vertex 55.760741064560534 82.7411618965832 0.8
      vertex 55.89739151933832 83.14372115518654 0.8
      vertex 55.89739151933832 83.14372115518654 2.4
    endloop
  endfacet
  facet normal 0.896872741532691 -0.44228869021899586 9.510523782012636e-18
    outer loop
      vertex 55.89739151933832 83.14372115518654 0.8
      vertex 56.08541743770058 83.525 0.8
      vertex 56.08541743770058 83.525 2.4
    endloop
  endfacet
  facet normal 0.980785280403229 -0.19509032201613585 0
    outer loop
      vertex 55.67780420053512 82.32421012471518 0.8
      vertex 55.760741064560534 82.7411618965832 2.4
      vertex 55.67780420053512 82.32421012471518 2.4
    endloop
  endfacet
  facet normal 0.9469301294951076 -0.3214394653031559 0
    outer loop
      vertex 55.760741064560534 82.7411618965832 0.8
      vertex 55.89739151933832 83.14372115518654 2.4
      vertex 55.760741064560534 82.7411618965832 2.4
    endloop
  endfacet
  facet normal 0.896872741532691 -0.44228869021899586 0
    outer loop
      vertex 55.89739151933832 83.14372115518654 0.8
      vertex 56.08541743770058 83.525 2.4
      vertex 55.89739151933832 83.14372115518654 2.4
    endloop
  endfacet
  facet normal 0 0 1
    outer loop
      vertex 56.321601644053494 79.92152535572167 0.8
      vertex 56.321601644053494 83.87847464427834 0.8
      vertex 56.08541743770058 80.275 0.8
    endloop
  endfacet
  facet normal 0 0 1
    outer loop
      vertex 56.321601644053494 79.92152535572167 0.8
      vertex 56.60190296114373 79.60190296114372 0.8
      vertex 56.60190296114373 84.19809703885629 0.8
    endloop
  endfacet
  facet normal 0 0 1
    outer loop
      vertex 56.60190296114373 79.60190296114372 0.8
      vertex 56.92152535572166 79.32160164405349 0.8
      vertex 56.92152535572166 84.47839835594652 0.8
    endloop
  endfacet
  facet normal 0 0 1
    outer loop
      vertex 56.92152535572166 79.32160164405349 0.8
      vertex 57.275000000000006 79.08541743770058 0.8
      vertex 57.275000000000006 84.71458256229943 0.8
    endloop
  endfacet
  facet normal 0 0 1
    outer loop
      vertex 56.08541743770058 80.275 0.8
      vertex 56.321601644053494 83.87847464427834 0.8
      vertex 56.08541743770058 83.525 0.8
    endloop
  endfacet
  facet normal 0 0 1
    outer loop
      vertex 56.321601644053494 79.92152535572167 0.8
      vertex 56.60190296114373 84.19809703885629 0.8
      vertex 56.321601644053494 83.87847464427834 0.8
    endloop
  endfacet
  facet normal 0.8314696123025348 -0.5555702330196177 -7.625760621539582e-18
    outer loop
      vertex 56.08541743770058 83.525 0.8
      vertex 56.321601644053494 83.87847464427834 0.8
      vertex 56.321601644053494 83.87847464427834 2.4
    endloop
  endfacet
  facet normal 0 0 1
    outer loop
      vertex 56.60190296114373 79.60190296114372 0.8
      vertex 56.92152535572166 84.47839835594652 0.8
      vertex 56.60190296114373 84.19809703885629 0.8
    endloop
  endfacet
  facet normal 0 0 1
    outer loop
      vertex 56.92152535572166 79.32160164405349 0.8
      vertex 57.275000000000006 84.71458256229943 0.8
      vertex 56.92152535572166 84.47839835594652 0.8
    endloop
  endfacet
  facet normal 0.8314696123025348 -0.5555702330196177 0
    outer loop
      vertex 56.08541743770058 83.525 0.8
      vertex 56.321601644053494 83.87847464427834 2.4
      vertex 56.08541743770058 83.525 2.4
    endloop
  endfacet
  facet normal 0.7518398074789884 -0.6593458151000563 4.573990424286042e-18
    outer loop
      vertex 56.321601644053494 83.87847464427834 0.8
      vertex 56.60190296114373 84.19809703885629 0.8
      vertex 56.60190296114373 84.19809703885629 2.4
    endloop
  endfacet
  facet normal 0.659345815100073 -0.7518398074789739 3.9915188728959475e-18
    outer loop
      vertex 56.60190296114373 84.19809703885629 0.8
      vertex 56.92152535572166 84.47839835594652 0.8
      vertex 56.92152535572166 84.47839835594652 2.4
    endloop
  endfacet
  facet normal 0.555570233019587 -0.8314696123025554 -8.272977963966899e-18
    outer loop
      vertex 56.92152535572166 84.47839835594652 0.8
      vertex 57.275000000000006 84.71458256229943 0.8
      vertex 57.275000000000006 84.71458256229943 2.4
    endloop
  endfacet
  facet normal 0.7518398074789884 -0.6593458151000563 0
    outer loop
      vertex 56.321601644053494 83.87847464427834 0.8
      vertex 56.60190296114373 84.19809703885629 2.4
      vertex 56.321601644053494 83.87847464427834 2.4
    endloop
  endfacet
  facet normal 0.659345815100073 -0.7518398074789739 0
    outer loop
      vertex 56.60190296114373 84.19809703885629 0.8
      vertex 56.92152535572166 84.47839835594652 2.4
      vertex 56.60190296114373 84.19809703885629 2.4
    endloop
  endfacet
  facet normal 0.555570233019587 -0.8314696123025554 0
    outer loop
      vertex 56.92152535572166 84.47839835594652 0.8
      vertex 57.275000000000006 84.71458256229943 2.4
      vertex 56.92152535572166 84.47839835594652 2.4
    endloop
  endfacet
  facet normal 0 0 1
    outer loop
      vertex 57.275000000000006 79.08541743770058 0.8
      vertex 57.656278844813464 78.89739151933833 0.8
      vertex 57.656278844813464 84.90260848066168 0.8
    endloop
  endfacet
  facet normal 0 0 1
    outer loop
      vertex 57.656278844813464 78.89739151933833 0.8
      vertex 58.05883810341681 78.76074106456053 0.8
      vertex 58.05883810341681 85.03925893543948 0.8
    endloop
  endfacet
  facet normal 0 0 1
    outer loop
      vertex 58.05883810341681 78.76074106456053 0.8
      vertex 58.47578987528484 78.67780420053512 0.8
      vertex 58.47578987528484 85.12219579946489 0.8
    endloop
  endfacet
  facet normal 0 0 1
    outer loop
      vertex 57.275000000000006 79.08541743770058 0.8
      vertex 57.656278844813464 84.90260848066168 0.8
      vertex 57.275000000000006 84.71458256229943 0.8
    endloop
  endfacet
  facet normal 0 0 1
    outer loop
      vertex 57.656278844813464 78.89739151933833 0.8
      vertex 58.05883810341681 85.03925893543948 0.8
      vertex 57.656278844813464 84.90260848066168 0.8
    endloop
  endfacet
  facet normal 0 0 1
    outer loop
      vertex 58.05883810341681 78.76074106456053 0.8
      vertex 58.47578987528484 85.12219579946489 0.8
      vertex 58.05883810341681 85.03925893543948 0.8
    endloop
  endfacet
  facet normal 0 0 1
    outer loop
      vertex 58.47578987528484 78.67780420053512 0.8
      vertex 58.900000000000006 78.65 0.8
      vertex 58.900000000000006 85.15 0.8
    endloop
  endfacet
  facet normal 0 0 1
    outer loop
      vertex 58.900000000000006 78.65 0.8
      vertex 59.32421012471517 78.67780420053512 0.8
      vertex 59.32421012471517 85.12219579946489 0.8
    endloop
  endfacet
  facet normal 0 0 1
    outer loop
      vertex 58.47578987528484 78.67780420053512 0.8
      vertex 58.900000000000006 85.15 0.8
      vertex 58.47578987528484 85.12219579946489 0.8
    endloop
  endfacet
  facet normal 0 0 1
    outer loop
      vertex 58.900000000000006 78.65 0.8
      vertex 59.32421012471517 85.12219579946489 0.8
      vertex 58.900000000000006 85.15 0.8
    endloop
  endfacet
  facet normal 0 0 1
    outer loop
      vertex 59.32421012471517 78.67780420053512 0.8
      vertex 59.7411618965832 85.03925893543948 0.8
      vertex 59.32421012471517 85.12219579946489 0.8
    endloop
  endfacet
  facet normal 0.44228869021900247 -0.8968727415326877 4.016675382696171e-18
    outer loop
      vertex 57.275000000000006 84.71458256229943 0.8
      vertex 57.656278844813464 84.90260848066168 0.8
      vertex 57.656278844813464 84.90260848066168 2.4
    endloop
  endfacet
  facet normal 0.3214394653031709 -0.9469301294951025 -2.871111022976404e-18
    outer loop
      vertex 57.656278844813464 84.90260848066168 0.8
      vertex 58.05883810341681 85.03925893543948 0.8
      vertex 58.05883810341681 85.03925893543948 2.4
    endloop
  endfacet
  facet normal 0.1950903220161295 -0.9807852804032303 -5.0870195068160784e-18
    outer loop
      vertex 58.05883810341681 85.03925893543948 0.8
      vertex 58.47578987528484 85.12219579946489 0.8
      vertex 58.47578987528484 85.12219579946489 2.4
    endloop
  endfacet
  facet normal 0.44228869021900247 -0.8968727415326877 0
    outer loop
      vertex 57.275000000000006 84.71458256229943 0.8
      vertex 57.656278844813464 84.90260848066168 2.4
      vertex 57.275000000000006 84.71458256229943 2.4
    endloop
  endfacet
  facet normal 0.3214394653031709 -0.9469301294951025 0
    outer loop
      vertex 57.656278844813464 84.90260848066168 0.8
      vertex 58.05883810341681 85.03925893543948 2.4
      vertex 57.656278844813464 84.90260848066168 2.4
    endloop
  endfacet
  facet normal 0.1950903220161295 -0.9807852804032303 0
    outer loop
      vertex 58.05883810341681 85.03925893543948 0.8
      vertex 58.47578987528484 85.12219579946489 2.4
      vertex 58.05883810341681 85.03925893543948 2.4
    endloop
  endfacet
  facet normal 0.0654031292301413 -0.9978589232386037 -9.482480884129228e-20
    outer loop
      vertex 58.47578987528484 85.12219579946489 0.8
      vertex 58.900000000000006 85.15 0.8
      vertex 58.900000000000006 85.15 2.4
    endloop
  endfacet
  facet normal -0.0654031292301413 -0.9978589232386037 9.482480884129228e-20
    outer loop
      vertex 58.900000000000006 85.15 0.8
      vertex 59.32421012471517 85.12219579946489 0.8
      vertex 59.32421012471517 85.12219579946489 2.4
    endloop
  endfacet
  facet normal 0.0654031292301413 -0.9978589232386037 0
    outer loop
      vertex 58.47578987528484 85.12219579946489 0.8
      vertex 58.900000000000006 85.15 2.4
      vertex 58.47578987528484 85.12219579946489 2.4
    endloop
  endfacet
  facet normal -0.0654031292301413 -0.9978589232386037 0
    outer loop
      vertex 58.900000000000006 85.15 0.8
      vertex 59.32421012471517 85.12219579946489 2.4
      vertex 58.900000000000006 85.15 2.4
    endloop
  endfacet
  facet normal -0.1950903220161295 -0.9807852804032303 0
    outer loop
      vertex 59.32421012471517 85.12219579946489 0.8
      vertex 59.7411618965832 85.03925893543948 2.4
      vertex 59.32421012471517 85.12219579946489 2.4
    endloop
  endfacet
  facet normal -0.3214394653031709 0.9469301294951025 0
    outer loop
      vertex 59.7411618965832 78.76074106456053 0.8
      vertex 59.7411618965832 78.76074106456053 2.4
      vertex 60.14372115518655 78.89739151933833 0.8
    endloop
  endfacet
  facet normal -0.44228869021900247 0.8968727415326877 0
    outer loop
      vertex 60.14372115518655 78.89739151933833 0.8
      vertex 60.14372115518655 78.89739151933833 2.4
      vertex 60.525000000000006 79.08541743770058 0.8
    endloop
  endfacet
  facet normal -0.1950903220161295 0.9807852804032303 -5.0870195068160784e-18
    outer loop
      vertex 59.32421012471517 78.67780420053512 2.4
      vertex 59.7411618965832 78.76074106456053 2.4
      vertex 59.7411618965832 78.76074106456053 0.8
    endloop
  endfacet
  facet normal -0.3214394653031709 0.9469301294951025 -2.871111022976404e-18
    outer loop
      vertex 59.7411618965832 78.76074106456053 2.4
      vertex 60.14372115518655 78.89739151933833 2.4
      vertex 60.14372115518655 78.89739151933833 0.8
    endloop
  endfacet
  facet normal -0.44228869021900247 0.8968727415326877 4.016675382696171e-18
    outer loop
      vertex 60.14372115518655 78.89739151933833 2.4
      vertex 60.525000000000006 79.08541743770058 2.4
      vertex 60.525000000000006 79.08541743770058 0.8
    endloop
  endfacet
  facet normal -0.555570233019587 0.8314696123025554 0
    outer loop
      vertex 60.525000000000006 79.08541743770058 0.8
      vertex 60.525000000000006 79.08541743770058 2.4
      vertex 60.87847464427835 79.32160164405349 0.8
    endloop
  endfacet
  facet normal -0.659345815100073 0.7518398074789739 0
    outer loop
      vertex 60.87847464427835 79.32160164405349 0.8
      vertex 60.87847464427835 79.32160164405349 2.4
      vertex 61.19809703885628 79.60190296114372 0.8
    endloop
  endfacet
  facet normal -0.7518398074789884 0.6593458151000563 0
    outer loop
      vertex 61.19809703885628 79.60190296114372 0.8
      vertex 61.19809703885628 79.60190296114372 2.4
      vertex 61.47839835594652 79.92152535572167 0.8
    endloop
  endfacet
  facet normal -0.8314696123025348 0.5555702330196177 0
    outer loop
      vertex 61.47839835594652 79.92152535572167 0.8
      vertex 61.47839835594652 79.92152535572167 2.4
      vertex 61.714582562299434 80.275 0.8
    endloop
  endfacet
  facet normal -0.896872741532691 0.44228869021899586 0
    outer loop
      vertex 61.714582562299434 80.275 0.8
      vertex 61.714582562299434 80.275 2.4
      vertex 61.90260848066169 80.65627884481347 0.8
    endloop
  endfacet
  facet normal -0.555570233019587 0.8314696123025554 -8.272977963966899e-18
    outer loop
      vertex 60.525000000000006 79.08541743770058 2.4
      vertex 60.87847464427835 79.32160164405349 2.4
      vertex 60.87847464427835 79.32160164405349 0.8
    endloop
  endfacet
  facet normal -0.659345815100073 0.7518398074789739 3.9915188728959475e-18
    outer loop
      vertex 60.87847464427835 79.32160164405349 2.4
      vertex 61.19809703885628 79.60190296114372 2.4
      vertex 61.19809703885628 79.60190296114372 0.8
    endloop
  endfacet
  facet normal -0.7518398074789884 0.6593458151000563 4.573990424286042e-18
    outer loop
      vertex 61.19809703885628 79.60190296114372 2.4
      vertex 61.47839835594652 79.92152535572167 2.4
      vertex 61.47839835594652 79.92152535572167 0.8
    endloop
  endfacet
  facet normal -0.8314696123025348 0.5555702330196177 -7.625760621539582e-18
    outer loop
      vertex 61.47839835594652 79.92152535572167 2.4
      vertex 61.714582562299434 80.275 2.4
      vertex 61.714582562299434 80.275 0.8
    endloop
  endfacet
  facet normal -0.896872741532691 0.44228869021899586 9.510523782012636e-18
    outer loop
      vertex 61.714582562299434 80.275 2.4
      vertex 61.90260848066169 80.65627884481347 2.4
      vertex 61.90260848066169 80.65627884481347 0.8
    endloop
  endfacet
  facet normal 0 0 1
    outer loop
      vertex 59.32421012471517 78.67780420053512 0.8
      vertex 59.7411618965832 78.76074106456053 0.8
      vertex 59.7411618965832 85.03925893543948 0.8
    endloop
  endfacet
  facet normal 0 0 1
    outer loop
      vertex 59.7411618965832 78.76074106456053 0.8
      vertex 60.14372115518655 78.89739151933833 0.8
      vertex 60.14372115518655 84.90260848066168 0.8
    endloop
  endfacet
  facet normal 0 0 1
    outer loop
      vertex 60.14372115518655 78.89739151933833 0.8
      vertex 60.525000000000006 79.08541743770058 0.8
      vertex 60.525000000000006 84.71458256229943 0.8
    endloop
  endfacet
  facet normal 0 0 1
    outer loop
      vertex 59.7411618965832 78.76074106456053 0.8
      vertex 60.14372115518655 84.90260848066168 0.8
      vertex 59.7411618965832 85.03925893543948 0.8
    endloop
  endfacet
  facet normal 0 0 1
    outer loop
      vertex 60.14372115518655 78.89739151933833 0.8
      vertex 60.525000000000006 84.71458256229943 0.8
      vertex 60.14372115518655 84.90260848066168 0.8
    endloop
  endfacet
  facet normal 0 0 1
    outer loop
      vertex 60.525000000000006 79.08541743770058 0.8
      vertex 60.87847464427835 84.47839835594652 0.8
      vertex 60.525000000000006 84.71458256229943 0.8
    endloop
  endfacet
  facet normal 0 0 1
    outer loop
      vertex 60.525000000000006 79.08541743770058 0.8
      vertex 60.87847464427835 79.32160164405349 0.8
      vertex 60.87847464427835 84.47839835594652 0.8
    endloop
  endfacet
  facet normal 0 0 1
    outer loop
      vertex 60.87847464427835 79.32160164405349 0.8
      vertex 61.19809703885628 79.60190296114372 0.8
      vertex 61.19809703885628 84.19809703885629 0.8
    endloop
  endfacet
  facet normal 0 0 1
    outer loop
      vertex 61.19809703885628 79.60190296114372 0.8
      vertex 61.47839835594652 79.92152535572167 0.8
      vertex 61.47839835594652 83.87847464427834 0.8
    endloop
  endfacet
  facet normal 0 0 1
    outer loop
      vertex 61.47839835594652 79.92152535572167 0.8
      vertex 61.714582562299434 80.275 0.8
      vertex 61.714582562299434 83.525 0.8
    endloop
  endfacet
  facet normal 0 0 1
    outer loop
      vertex 61.714582562299434 80.275 0.8
      vertex 61.90260848066169 80.65627884481347 0.8
      vertex 61.90260848066169 83.14372115518654 0.8
    endloop
  endfacet
  facet normal 0 0 1
    outer loop
      vertex 60.87847464427835 79.32160164405349 0.8
      vertex 61.19809703885628 84.19809703885629 0.8
      vertex 60.87847464427835 84.47839835594652 0.8
    endloop
  endfacet
  facet normal 0 0 1
    outer loop
      vertex 61.19809703885628 79.60190296114372 0.8
      vertex 61.47839835594652 83.87847464427834 0.8
      vertex 61.19809703885628 84.19809703885629 0.8
    endloop
  endfacet
  facet normal 0 0 1
    outer loop
      vertex 61.47839835594652 79.92152535572167 0.8
      vertex 61.714582562299434 83.525 0.8
      vertex 61.47839835594652 83.87847464427834 0.8
    endloop
  endfacet
  facet normal 0 0 1
    outer loop
      vertex 61.714582562299434 80.275 0.8
      vertex 61.90260848066169 83.14372115518654 0.8
      vertex 61.714582562299434 83.525 0.8
    endloop
  endfacet
  facet normal -0.896872741532691 -0.44228869021899586 -9.510523782012636e-18
    outer loop
      vertex 61.714582562299434 83.525 0.8
      vertex 61.90260848066169 83.14372115518654 0.8
      vertex 61.90260848066169 83.14372115518654 2.4
    endloop
  endfacet
  facet normal -0.8314696123025348 -0.5555702330196177 7.625760621539582e-18
    outer loop
      vertex 61.47839835594652 83.87847464427834 0.8
      vertex 61.714582562299434 83.525 0.8
      vertex 61.714582562299434 83.525 2.4
    endloop
  endfacet
  facet normal -0.8314696123025348 -0.5555702330196177 0
    outer loop
      vertex 61.47839835594652 83.87847464427834 0.8
      vertex 61.714582562299434 83.525 2.4
      vertex 61.47839835594652 83.87847464427834 2.4
    endloop
  endfacet
  facet normal -0.896872741532691 -0.44228869021899586 0
    outer loop
      vertex 61.714582562299434 83.525 0.8
      vertex 61.90260848066169 83.14372115518654 2.4
      vertex 61.714582562299434 83.525 2.4
    endloop
  endfacet
  facet normal -0.1950903220161295 -0.9807852804032303 5.0870195068160784e-18
    outer loop
      vertex 59.32421012471517 85.12219579946489 0.8
      vertex 59.7411618965832 85.03925893543948 0.8
      vertex 59.7411618965832 85.03925893543948 2.4
    endloop
  endfacet
  facet normal -0.3214394653031709 -0.9469301294951025 2.871111022976404e-18
    outer loop
      vertex 59.7411618965832 85.03925893543948 0.8
      vertex 60.14372115518655 84.90260848066168 0.8
      vertex 60.14372115518655 84.90260848066168 2.4
    endloop
  endfacet
  facet normal -0.44228869021900247 -0.8968727415326877 -4.016675382696171e-18
    outer loop
      vertex 60.14372115518655 84.90260848066168 0.8
      vertex 60.525000000000006 84.71458256229943 0.8
      vertex 60.525000000000006 84.71458256229943 2.4
    endloop
  endfacet
  facet normal -0.3214394653031709 -0.9469301294951025 0
    outer loop
      vertex 59.7411618965832 85.03925893543948 0.8
      vertex 60.14372115518655 84.90260848066168 2.4
      vertex 59.7411618965832 85.03925893543948 2.4
    endloop
  endfacet
  facet normal -0.44228869021900247 -0.8968727415326877 0
    outer loop
      vertex 60.14372115518655 84.90260848066168 0.8
      vertex 60.525000000000006 84.71458256229943 2.4
      vertex 60.14372115518655 84.90260848066168 2.4
    endloop
  endfacet
  facet normal -0.555570233019587 -0.8314696123025554 8.272977963966899e-18
    outer loop
      vertex 60.87847464427835 84.47839835594652 2.4
      vertex 60.525000000000006 84.71458256229943 2.4
      vertex 60.525000000000006 84.71458256229943 0.8
    endloop
  endfacet
  facet normal -0.555570233019587 -0.8314696123025554 0
    outer loop
      vertex 60.87847464427835 84.47839835594652 0.8
      vertex 60.87847464427835 84.47839835594652 2.4
      vertex 60.525000000000006 84.71458256229943 0.8
    endloop
  endfacet
  facet normal -0.659345815100073 -0.7518398074789739 -3.9915188728959475e-18
    outer loop
      vertex 60.87847464427835 84.47839835594652 0.8
      vertex 61.19809703885628 84.19809703885629 0.8
      vertex 61.19809703885628 84.19809703885629 2.4
    endloop
  endfacet
  facet normal -0.7518398074789884 -0.6593458151000563 -4.573990424286042e-18
    outer loop
      vertex 61.19809703885628 84.19809703885629 0.8
      vertex 61.47839835594652 83.87847464427834 0.8
      vertex 61.47839835594652 83.87847464427834 2.4
    endloop
  endfacet
  facet normal -0.659345815100073 -0.7518398074789739 0
    outer loop
      vertex 60.87847464427835 84.47839835594652 0.8
      vertex 61.19809703885628 84.19809703885629 2.4
      vertex 60.87847464427835 84.47839835594652 2.4
    endloop
  endfacet
  facet normal -0.7518398074789884 -0.6593458151000563 0
    outer loop
      vertex 61.19809703885628 84.19809703885629 0.8
      vertex 61.47839835594652 83.87847464427834 2.4
      vertex 61.19809703885628 84.19809703885629 2.4
    endloop
  endfacet
  facet normal -0.9469301294951076 0.3214394653031559 0
    outer loop
      vertex 61.90260848066169 80.65627884481347 0.8
      vertex 61.90260848066169 80.65627884481347 2.4
      vertex 62.03925893543948 81.05883810341682 0.8
    endloop
  endfacet
  facet normal -0.980785280403229 0.19509032201613585 0
    outer loop
      vertex 62.03925893543948 81.05883810341682 0.8
      vertex 62.03925893543948 81.05883810341682 2.4
      vertex 62.12219579946489 81.47578987528483 0.8
    endloop
  endfacet
  facet normal 0 0 1
    outer loop
      vertex 61.90260848066169 80.65627884481347 0.8
      vertex 62.03925893543948 81.05883810341682 0.8
      vertex 62.03925893543948 82.7411618965832 0.8
    endloop
  endfacet
  facet normal 0 0 1
    outer loop
      vertex 62.03925893543948 81.05883810341682 0.8
      vertex 62.12219579946489 81.47578987528483 0.8
      vertex 62.12219579946489 82.32421012471518 0.8
    endloop
  endfacet
  facet normal 0 0 1
    outer loop
      vertex 61.90260848066169 80.65627884481347 0.8
      vertex 62.03925893543948 82.7411618965832 0.8
      vertex 61.90260848066169 83.14372115518654 0.8
    endloop
  endfacet
  facet normal 0 0 1
    outer loop
      vertex 62.12219579946489 81.47578987528483 0.8
      vertex 62.150000000000006 81.9 0.8
      vertex 62.12219579946489 82.32421012471518 0.8
    endloop
  endfacet
  facet normal 0 0 1
    outer loop
      vertex 62.03925893543948 81.05883810341682 0.8
      vertex 62.12219579946489 82.32421012471518 0.8
      vertex 62.03925893543948 82.7411618965832 0.8
    endloop
  endfacet
  facet normal -0.9978589232386037 0.06540312923014022 0
    outer loop
      vertex 62.12219579946489 81.47578987528483 0.8
      vertex 62.12219579946489 81.47578987528483 2.4
      vertex 62.150000000000006 81.9 0.8
    endloop
  endfacet
  facet normal -0.9978589232386037 -0.06540312923014022 0
    outer loop
      vertex 62.150000000000006 81.9 0.8
      vertex 62.150000000000006 81.9 2.4
      vertex 62.12219579946489 82.32421012471518 0.8
    endloop
  endfacet
  facet normal -0.9469301294951076 0.3214394653031559 5.0790101973172985e-18
    outer loop
      vertex 61.90260848066169 80.65627884481347 2.4
      vertex 62.03925893543948 81.05883810341682 2.4
      vertex 62.03925893543948 81.05883810341682 0.8
    endloop
  endfacet
  facet normal -0.980785280403229 0.19509032201613585 -3.6047355954108585e-18
    outer loop
      vertex 62.03925893543948 81.05883810341682 2.4
      vertex 62.12219579946489 81.47578987528483 2.4
      vertex 62.12219579946489 81.47578987528483 0.8
    endloop
  endfacet
  facet normal -0.9978589232386037 -0.06540312923014022 3.8555002285500443e-19
    outer loop
      vertex 62.150000000000006 81.9 2.4
      vertex 62.12219579946489 82.32421012471518 2.4
      vertex 62.12219579946489 82.32421012471518 0.8
    endloop
  endfacet
  facet normal -0.9978589232386037 0.06540312923014022 -3.8555002285500443e-19
    outer loop
      vertex 62.12219579946489 81.47578987528483 2.4
      vertex 62.150000000000006 81.9 2.4
      vertex 62.150000000000006 81.9 0.8
    endloop
  endfacet
  facet normal -0.980785280403229 -0.19509032201613585 0
    outer loop
      vertex 62.12219579946489 82.32421012471518 0.8
      vertex 62.12219579946489 82.32421012471518 2.4
      vertex 62.03925893543948 82.7411618965832 0.8
    endloop
  endfacet
  facet normal -0.9469301294951076 -0.3214394653031559 0
    outer loop
      vertex 62.03925893543948 82.7411618965832 0.8
      vertex 62.03925893543948 82.7411618965832 2.4
      vertex 61.90260848066169 83.14372115518654 0.8
    endloop
  endfacet
  facet normal -0.980785280403229 -0.19509032201613585 3.6047355954108585e-18
    outer loop
      vertex 62.12219579946489 82.32421012471518 2.4
      vertex 62.03925893543948 82.7411618965832 2.4
      vertex 62.03925893543948 82.7411618965832 0.8
    endloop
  endfacet
  facet normal -0.9469301294951076 -0.3214394653031559 -5.0790101973172985e-18
    outer loop
      vertex 62.03925893543948 82.7411618965832 2.4
      vertex 61.90260848066169 83.14372115518654 2.4
      vertex 61.90260848066169 83.14372115518654 0.8
    endloop
  endfacet
  facet normal 0 -1 0
    outer loop
      vertex 0 0 0
      vertex 73.3 0 0
      vertex 2.4 0 113.55000000000001
    endloop
  endfacet
  facet normal 0 -1 0
    outer loop
      vertex 0 0 0
      vertex 2.4 0 113.55000000000001
      vertex 0 0 117.80000000000001
    endloop
  endfacet
  facet normal 0 -1 0
    outer loop
      vertex 0 0 117.80000000000001
      vertex 2.4 0 113.55000000000001
      vertex 2.4 0 117.80000000000001
    endloop
  endfacet
  facet normal 0 0 1
    outer loop
      vertex 0 0 117.80000000000001
      vertex 2.4 0 117.80000000000001
      vertex 2.4 3.4000000000000004 117.80000000000001
    endloop
  endfacet
  facet normal 0 0 1
    outer loop
      vertex 0 0 117.80000000000001
      vertex 2.4 3.4000000000000004 117.80000000000001
      vertex 8.4 38.31 117.80000000000001
    endloop
  endfacet
  facet normal 0 0 1
    outer loop
      vertex 8.4 38.31 117.80000000000001
      vertex 2.4 3.4000000000000004 117.80000000000001
      vertex 8.4 3.4000000000000004 117.80000000000001
    endloop
  endfacet
  facet normal -1 0 0
    outer loop
      vertex 0 0 0
      vertex 0 0 117.80000000000001
      vertex 0 99.3 117.80000000000001
    endloop
  endfacet
  facet normal 0 0 1
    outer loop
      vertex 0 0 117.80000000000001
      vertex 8.4 38.31 117.80000000000001
      vertex 0 99.3 117.80000000000001
    endloop
  endfacet
  facet normal -1 0 0
    outer loop
      vertex 0 0 0
      vertex 0 99.3 117.80000000000001
      vertex 0 99.3 0
    endloop
  endfacet
  facet normal 0 0 -1
    outer loop
      vertex 0 0 0
      vertex 0 99.3 0
      vertex 73.3 99.3 0
    endloop
  endfacet
  facet normal 0 1 0
    outer loop
      vertex 0 99.3 0
      vertex 0 99.3 117.80000000000001
      vertex 73.3 99.3 0
    endloop
  endfacet
  facet normal 0 0 1
    outer loop
      vertex 0 99.3 117.80000000000001
      vertex 8.4 38.31 117.80000000000001
      vertex 64.9 38.31 117.80000000000001
    endloop
  endfacet
  facet normal 0 0 -1
    outer loop
      vertex 0 0 0
      vertex 73.3 99.3 0
      vertex 73.3 0 0
    endloop
  endfacet
  facet normal 1 0 0
    outer loop
      vertex 73.3 0 0
      vertex 73.3 99.3 0
      vertex 73.3 0 117.80000000000001
    endloop
  endfacet
  facet normal 0 -1 0
    outer loop
      vertex 73.3 0 0
      vertex 70.9 0 113.55000000000001
      vertex 2.4 0 113.55000000000001
    endloop
  endfacet
  facet normal 0 -1 0
    outer loop
      vertex 73.3 0 0
      vertex 73.3 0 117.80000000000001
      vertex 70.9 0 113.55000000000001
    endloop
  endfacet
  facet normal 0 -1 0
    outer loop
      vertex 73.3 0 117.80000000000001
      vertex 70.9 0 117.80000000000001
      vertex 70.9 0 113.55000000000001
    endloop
  endfacet
  facet normal 0 0 1
    outer loop
      vertex 73.3 0 117.80000000000001
      vertex 70.9 3.4000000000000004 117.80000000000001
      vertex 70.9 0 117.80000000000001
    endloop
  endfacet
  facet normal 0 0 1
    outer loop
      vertex 64.9 3.4000000000000004 117.80000000000001
      vertex 70.9 3.4000000000000004 117.80000000000001
      vertex 64.9 38.31 117.80000000000001
    endloop
  endfacet
  facet normal 0 0 1
    outer loop
      vertex 73.3 0 117.80000000000001
      vertex 64.9 38.31 117.80000000000001
      vertex 70.9 3.4000000000000004 117.80000000000001
    endloop
  endfacet
  facet normal 0 0 1
    outer loop
      vertex 73.3 0 117.80000000000001
      vertex 73.3 99.3 117.80000000000001
      vertex 64.9 38.31 117.80000000000001
    endloop
  endfacet
  facet normal 0 1 0
    outer loop
      vertex 0 99.3 117.80000000000001
      vertex 73.3 99.3 117.80000000000001
      vertex 73.3 99.3 0
    endloop
  endfacet
  facet normal 0 0 1
    outer loop
      vertex 0 99.3 117.80000000000001
      vertex 64.9 38.31 117.80000000000001
      vertex 73.3 99.3 117.80000000000001
    endloop
  endfacet
  facet normal 1 0 0
    outer loop
      vertex 73.3 0 117.80000000000001
      vertex 73.3 99.3 0
      vertex 73.3 99.3 117.80000000000001
    endloop
  endfacet
  facet normal 0 0 1
    outer loop
      vertex 2.4 2.4 2.4
      vertex 12.42152535572166 14.821601644053484 2.4
      vertex 12.10190296114372 15.101902961143718 2.4
    endloop
  endfacet
  facet normal 0 0 1
    outer loop
      vertex 2.4 2.4 2.4
      vertex 11.585417437700574 15.774999999999999 2.4
      vertex 11.397391519338319 16.156278844813457 2.4
    endloop
  endfacet
  facet normal 0 0 1
    outer loop
      vertex 2.4 2.4 2.4
      vertex 11.260741064560529 16.558838103416807 2.4
      vertex 11.177804200535117 16.975789875284832 2.4
    endloop
  endfacet
  facet normal 0 0 1
    outer loop
      vertex 2.4 2.4 2.4
      vertex 11.177804200535117 16.975789875284832 2.4
      vertex 11.15 17.4 2.4
    endloop
  endfacet
  facet normal 0 0 1
    outer loop
      vertex 2.4 2.4 2.4
      vertex 11.397391519338319 16.156278844813457 2.4
      vertex 11.260741064560529 16.558838103416807 2.4
    endloop
  endfacet
  facet normal 0 0 1
    outer loop
      vertex 2.4 2.4 2.4
      vertex 11.821601644053485 15.421525355721656 2.4
      vertex 11.585417437700574 15.774999999999999 2.4
    endloop
  endfacet
  facet normal 0 0 1
    outer loop
      vertex 2.4 2.4 2.4
      vertex 12.10190296114372 15.101902961143718 2.4
      vertex 11.821601644053485 15.421525355721656 2.4
    endloop
  endfacet
  facet normal 0 0 1
    outer loop
      vertex 2.4 2.4 2.4
      vertex 13.156278844813459 14.397391519338317 2.4
      vertex 12.775 14.585417437700574 2.4
    endloop
  endfacet
  facet normal 0 0 1
    outer loop
      vertex 2.4 2.4 2.4
      vertex 12.775 14.585417437700574 2.4
      vertex 12.42152535572166 14.821601644053484 2.4
    endloop
  endfacet
  facet normal 0 0 1
    outer loop
      vertex 2.4 2.4 2.4
      vertex 13.558838103416807 14.260741064560527 2.4
      vertex 13.156278844813459 14.397391519338317 2.4
    endloop
  endfacet
  facet normal 0 0 1
    outer loop
      vertex 2.4 2.4 2.4
      vertex 13.975789875284832 14.177804200535114 2.4
      vertex 13.558838103416807 14.260741064560527 2.4
    endloop
  endfacet
  facet normal 0 0 1
    outer loop
      vertex 2.4 2.4 2.4
      vertex 14.4 14.149999999999999 2.4
      vertex 13.975789875284832 14.177804200535114 2.4
    endloop
  endfacet
  facet normal 0 0 1
    outer loop
      vertex 2.4 2.4 2.4
      vertex 11.15 17.4 2.4
      vertex 14.4 78.65 2.4
    endloop
  endfacet
  facet normal 0 0 1
    outer loop
      vertex 11.15 17.4 2.4
      vertex 11.177804200535117 17.824210124715165 2.4
      vertex 14.4 78.65 2.4
    endloop
  endfacet
  facet normal 0 0 1
    outer loop
      vertex 11.177804200535117 17.824210124715165 2.4
      vertex 11.260741064560529 18.24116189658319 2.4
      vertex 14.4 78.65 2.4
    endloop
  endfacet
  facet normal 0 0 1
    outer loop
      vertex 11.260741064560529 18.24116189658319 2.4
      vertex 11.397391519338319 18.64372115518654 2.4
      vertex 14.4 78.65 2.4
    endloop
  endfacet
  facet normal 0 0 1
    outer loop
      vertex 11.397391519338319 18.64372115518654 2.4
      vertex 11.585417437700574 19.025 2.4
      vertex 14.4 78.65 2.4
    endloop
  endfacet
  facet normal 0 0 1
    outer loop
      vertex 11.585417437700574 19.025 2.4
      vertex 11.821601644053485 19.37847464427834 2.4
      vertex 14.4 78.65 2.4
    endloop
  endfacet
  facet normal 0 0 1
    outer loop
      vertex 11.821601644053485 19.37847464427834 2.4
      vertex 12.10190296114372 19.69809703885628 2.4
      vertex 14.4 78.65 2.4
    endloop
  endfacet
  facet normal 0 0 1
    outer loop
      vertex 12.10190296114372 19.69809703885628 2.4
      vertex 12.42152535572166 19.978398355946513 2.4
      vertex 14.4 78.65 2.4
    endloop
  endfacet
  facet normal 0 0 1
    outer loop
      vertex 12.42152535572166 19.978398355946513 2.4
      vertex 12.775 20.214582562299423 2.4
      vertex 14.4 78.65 2.4
    endloop
  endfacet
  facet normal 0 0 1
    outer loop
      vertex 12.775 20.214582562299423 2.4
      vertex 13.156278844813459 20.40260848066168 2.4
      vertex 14.4 78.65 2.4
    endloop
  endfacet
  facet normal 0 0 1
    outer loop
      vertex 13.156278844813459 20.40260848066168 2.4
      vertex 13.558838103416807 20.53925893543947 2.4
      vertex 14.4 78.65 2.4
    endloop
  endfacet
  facet normal 0 0 1
    outer loop
      vertex 13.558838103416807 20.53925893543947 2.4
      vertex 13.975789875284832 20.622195799464883 2.4
      vertex 14.4 78.65 2.4
    endloop
  endfacet
  facet normal 0 0 1
    outer loop
      vertex 2.4 2.4 2.4
      vertex 70.9 2.4 2.4
      vertex 14.4 14.149999999999999 2.4
    endloop
  endfacet
  facet normal 0 0 1
    outer loop
      vertex 14.4 14.149999999999999 2.4
      vertex 70.9 2.4 2.4
      vertex 14.824210124715169 14.177804200535114 2.4
    endloop
  endfacet
  facet normal 0 0 1
    outer loop
      vertex 14.824210124715169 14.177804200535114 2.4
      vertex 70.9 2.4 2.4
      vertex 15.241161896583193 14.260741064560527 2.4
    endloop
  endfacet
  facet normal 0 0 1
    outer loop
      vertex 15.241161896583193 14.260741064560527 2.4
      vertex 70.9 2.4 2.4
      vertex 15.643721155186542 14.397391519338317 2.4
    endloop
  endfacet
  facet normal 0 0 1
    outer loop
      vertex 15.643721155186542 14.397391519338317 2.4
      vertex 70.9 2.4 2.4
      vertex 16.025 14.585417437700574 2.4
    endloop
  endfacet
  facet normal 0 0 1
    outer loop
      vertex 16.025 14.585417437700574 2.4
      vertex 70.9 2.4 2.4
      vertex 16.37847464427834 14.821601644053484 2.4
    endloop
  endfacet
  facet normal 0 0 1
    outer loop
      vertex 16.37847464427834 14.821601644053484 2.4
      vertex 70.9 2.4 2.4
      vertex 16.69809703885628 15.101902961143718 2.4
    endloop
  endfacet
  facet normal 0 0 1
    outer loop
      vertex 16.69809703885628 15.101902961143718 2.4
      vertex 56.321601644053494 15.421525355721656 2.4
      vertex 16.978398355946513 15.421525355721656 2.4
    endloop
  endfacet
  facet normal 0 0 1
    outer loop
      vertex 16.978398355946513 15.421525355721656 2.4
      vertex 56.08541743770058 15.774999999999999 2.4
      vertex 17.214582562299427 15.774999999999999 2.4
    endloop
  endfacet
  facet normal 0 0 1
    outer loop
      vertex 17.214582562299427 15.774999999999999 2.4
      vertex 55.89739151933832 16.156278844813457 2.4
      vertex 17.402608480661684 16.156278844813457 2.4
    endloop
  endfacet
  facet normal 0 0 1
    outer loop
      vertex 17.402608480661684 16.156278844813457 2.4
      vertex 55.760741064560534 16.558838103416807 2.4
      vertex 17.539258935439474 16.558838103416807 2.4
    endloop
  endfacet
  facet normal 0 0 1
    outer loop
      vertex 17.539258935439474 16.558838103416807 2.4
      vertex 55.67780420053512 16.975789875284832 2.4
      vertex 17.622195799464883 16.975789875284832 2.4
    endloop
  endfacet
  facet normal 0 0 1
    outer loop
      vertex 17.622195799464883 16.975789875284832 2.4
      vertex 55.650000000000006 17.4 2.4
      vertex 17.65 17.4 2.4
    endloop
  endfacet
  facet normal 0 0 1
    outer loop
      vertex 17.65 17.4 2.4
      vertex 55.67780420053512 17.824210124715165 2.4
      vertex 17.622195799464883 17.824210124715165 2.4
    endloop
  endfacet
  facet normal 0 0 1
    outer loop
      vertex 17.622195799464883 17.824210124715165 2.4
      vertex 55.760741064560534 18.24116189658319 2.4
      vertex 17.539258935439474 18.24116189658319 2.4
    endloop
  endfacet
  facet normal 0 0 1
    outer loop
      vertex 17.539258935439474 18.24116189658319 2.4
      vertex 55.89739151933832 18.64372115518654 2.4
      vertex 17.402608480661684 18.64372115518654 2.4
    endloop
  endfacet
  facet normal 0 0 1
    outer loop
      vertex 17.214582562299427 19.025 2.4
      vertex 17.402608480661684 18.64372115518654 2.4
      vertex 56.08541743770058 19.025 2.4
    endloop
  endfacet
  facet normal 0 0 1
    outer loop
      vertex 15.241161896583193 20.53925893543947 2.4
      vertex 15.643721155186542 20.40260848066168 2.4
      vertex 56.321601644053494 79.92152535572167 2.4
    endloop
  endfacet
  facet normal 0 0 1
    outer loop
      vertex 15.643721155186542 20.40260848066168 2.4
      vertex 16.025 20.214582562299423 2.4
      vertex 57.656278844813464 78.89739151933833 2.4
    endloop
  endfacet
  facet normal 0 0 1
    outer loop
      vertex 13.975789875284832 20.622195799464883 2.4
      vertex 14.4 20.65 2.4
      vertex 55.760741064560534 81.05883810341682 2.4
    endloop
  endfacet
  facet normal 0 0 1
    outer loop
      vertex 14.4 20.65 2.4
      vertex 14.824210124715169 20.622195799464883 2.4
      vertex 55.89739151933832 80.65627884481347 2.4
    endloop
  endfacet
  facet normal 0 0 1
    outer loop
      vertex 14.824210124715169 20.622195799464883 2.4
      vertex 15.241161896583193 20.53925893543947 2.4
      vertex 56.08541743770058 80.275 2.4
    endloop
  endfacet
  facet normal 0 0 1
    outer loop
      vertex 16.37847464427834 19.978398355946513 2.4
      vertex 16.69809703885628 19.69809703885628 2.4
      vertex 57.656278844813464 78.89739151933833 2.4
    endloop
  endfacet
  facet normal 0 0 1
    outer loop
      vertex 16.025 20.214582562299423 2.4
      vertex 16.37847464427834 19.978398355946513 2.4
      vertex 57.656278844813464 78.89739151933833 2.4
    endloop
  endfacet
  facet normal 0 0 1
    outer loop
      vertex 16.69809703885628 19.69809703885628 2.4
      vertex 16.978398355946513 19.37847464427834 2.4
      vertex 57.656278844813464 78.89739151933833 2.4
    endloop
  endfacet
  facet normal 0 0 1
    outer loop
      vertex 16.978398355946513 19.37847464427834 2.4
      vertex 17.214582562299427 19.025 2.4
      vertex 58.05883810341681 78.76074106456053 2.4
    endloop
  endfacet
  facet normal 1 0 0
    outer loop
      vertex 2.4 2.4 2.4
      vertex 2.4 3.4000000000000004 113.55000000000001
      vertex 2.4 2.4 113.55000000000001
    endloop
  endfacet
  facet normal 0 0 -1
    outer loop
      vertex 2.4 3.4000000000000004 115.4
      vertex 8.4 38.31 115.4
      vertex 8.4 3.4000000000000004 115.4
    endloop
  endfacet
  facet normal 1 0 0
    outer loop
      vertex 2.4 2.4 2.4
      vertex 2.4 96.9 115.4
      vertex 2.4 3.4000000000000004 113.55000000000001
    endloop
  endfacet
  facet normal 1 0 0
    outer loop
      vertex 2.4 3.4000000000000004 113.55000000000001
      vertex 2.4 96.9 115.4
      vertex 2.4 3.4000000000000004 115.4
    endloop
  endfacet
  facet normal 0 0 -1
    outer loop
      vertex 2.4 3.4000000000000004 115.4
      vertex 2.4 96.9 115.4
      vertex 8.4 38.31 115.4
    endloop
  endfacet
  facet normal 0 1 0
    outer loop
      vertex 2.4 2.4 2.4
      vertex 2.4 2.4 113.55000000000001
      vertex 70.9 2.4 113.55000000000001
    endloop
  endfacet
  facet normal 0 0 1
    outer loop
      vertex 2.4 2.4 2.4
      vertex 11.821601644053485 79.92152535572167 2.4
      vertex 11.585417437700574 80.275 2.4
    endloop
  endfacet
  facet normal 0 0 1
    outer loop
      vertex 2.4 2.4 2.4
      vertex 12.10190296114372 79.60190296114372 2.4
      vertex 11.821601644053485 79.92152535572167 2.4
    endloop
  endfacet
  facet normal 0 0 1
    outer loop
      vertex 2.4 2.4 2.4
      vertex 12.42152535572166 79.32160164405349 2.4
      vertex 12.10190296114372 79.60190296114372 2.4
    endloop
  endfacet
  facet normal 0 0 1
    outer loop
      vertex 2.4 2.4 2.4
      vertex 11.260741064560529 81.05883810341682 2.4
      vertex 11.177804200535117 81.47578987528483 2.4
    endloop
  endfacet
  facet normal 0 0 1
    outer loop
      vertex 2.4 2.4 2.4
      vertex 11.585417437700574 80.275 2.4
      vertex 11.397391519338319 80.65627884481347 2.4
    endloop
  endfacet
  facet normal 0 0 1
    outer loop
      vertex 2.4 2.4 2.4
      vertex 11.397391519338319 80.65627884481347 2.4
      vertex 11.260741064560529 81.05883810341682 2.4
    endloop
  endfacet
  facet normal 0 0 1
    outer loop
      vertex 2.4 2.4 2.4
      vertex 11.177804200535117 81.47578987528483 2.4
      vertex 11.15 81.9 2.4
    endloop
  endfacet
  facet normal 0 0 1
    outer loop
      vertex 2.4 2.4 2.4
      vertex 11.15 81.9 2.4
      vertex 2.4 96.9 2.4
    endloop
  endfacet
  facet normal 0 0 1
    outer loop
      vertex 2.4 2.4 2.4
      vertex 13.156278844813459 78.89739151933833 2.4
      vertex 12.775 79.08541743770058 2.4
    endloop
  endfacet
  facet normal 0 0 1
    outer loop
      vertex 2.4 2.4 2.4
      vertex 13.558838103416807 78.76074106456053 2.4
      vertex 13.156278844813459 78.89739151933833 2.4
    endloop
  endfacet
  facet normal 0 0 1
    outer loop
      vertex 2.4 2.4 2.4
      vertex 12.775 79.08541743770058 2.4
      vertex 12.42152535572166 79.32160164405349 2.4
    endloop
  endfacet
  facet normal 0 0 1
    outer loop
      vertex 2.4 2.4 2.4
      vertex 13.975789875284832 78.67780420053512 2.4
      vertex 13.558838103416807 78.76074106456053 2.4
    endloop
  endfacet
  facet normal 0 0 1
    outer loop
      vertex 2.4 2.4 2.4
      vertex 14.4 78.65 2.4
      vertex 13.975789875284832 78.67780420053512 2.4
    endloop
  endfacet
  facet normal 0 0 1
    outer loop
      vertex 13.975789875284832 20.622195799464883 2.4
      vertex 14.824210124715169 78.67780420053512 2.4
      vertex 14.4 78.65 2.4
    endloop
  endfacet
  facet normal 0 0 1
    outer loop
      vertex 13.975789875284832 20.622195799464883 2.4
      vertex 15.241161896583193 78.76074106456053 2.4
      vertex 14.824210124715169 78.67780420053512 2.4
    endloop
  endfacet
  facet normal 0 0 1
    outer loop
      vertex 13.975789875284832 20.622195799464883 2.4
      vertex 15.643721155186542 78.89739151933833 2.4
      vertex 15.241161896583193 78.76074106456053 2.4
    endloop
  endfacet
  facet normal 0 0 1
    outer loop
      vertex 13.975789875284832 20.622195799464883 2.4
      vertex 16.025 79.08541743770058 2.4
      vertex 15.643721155186542 78.89739151933833 2.4
    endloop
  endfacet
  facet normal 0 0 1
    outer loop
      vertex 13.975789875284832 20.622195799464883 2.4
      vertex 16.37847464427834 79.32160164405349 2.4
      vertex 16.025 79.08541743770058 2.4
    endloop
  endfacet
  facet normal 0 0 1
    outer loop
      vertex 13.975789875284832 20.622195799464883 2.4
      vertex 16.69809703885628 79.60190296114372 2.4
      vertex 16.37847464427834 79.32160164405349 2.4
    endloop
  endfacet
  facet normal 0 0 1
    outer loop
      vertex 13.975789875284832 20.622195799464883 2.4
      vertex 16.978398355946513 79.92152535572167 2.4
      vertex 16.69809703885628 79.60190296114372 2.4
    endloop
  endfacet
  facet normal 0 0 1
    outer loop
      vertex 13.975789875284832 20.622195799464883 2.4
      vertex 17.214582562299427 80.275 2.4
      vertex 16.978398355946513 79.92152535572167 2.4
    endloop
  endfacet
  facet normal 0 0 1
    outer loop
      vertex 13.975789875284832 20.622195799464883 2.4
      vertex 17.402608480661684 80.65627884481347 2.4
      vertex 17.214582562299427 80.275 2.4
    endloop
  endfacet
  facet normal 0 0 1
    outer loop
      vertex 13.975789875284832 20.622195799464883 2.4
      vertex 17.539258935439474 81.05883810341682 2.4
      vertex 17.402608480661684 80.65627884481347 2.4
    endloop
  endfacet
  facet normal 0 0 1
    outer loop
      vertex 13.975789875284832 20.622195799464883 2.4
      vertex 17.622195799464883 81.47578987528483 2.4
      vertex 17.539258935439474 81.05883810341682 2.4
    endloop
  endfacet
  facet normal 1 0 0
    outer loop
      vertex 2.4 2.4 2.4
      vertex 2.4 96.9 2.4
      vertex 2.4 96.9 115.4
    endloop
  endfacet
  facet normal 0 0 1
    outer loop
      vertex 2.4 96.9 2.4
      vertex 11.15 81.9 2.4
      vertex 11.177804200535117 82.32421012471518 2.4
    endloop
  endfacet
  facet normal 0 0 1
    outer loop
      vertex 2.4 96.9 2.4
      vertex 11.177804200535117 82.32421012471518 2.4
      vertex 11.260741064560529 82.7411618965832 2.4
    endloop
  endfacet
  facet normal 0 0 1
    outer loop
      vertex 2.4 96.9 2.4
      vertex 11.260741064560529 82.7411618965832 2.4
      vertex 11.397391519338319 83.14372115518654 2.4
    endloop
  endfacet
  facet normal 0 0 1
    outer loop
      vertex 2.4 96.9 2.4
      vertex 11.397391519338319 83.14372115518654 2.4
      vertex 11.585417437700574 83.525 2.4
    endloop
  endfacet
  facet normal 0 0 1
    outer loop
      vertex 2.4 96.9 2.4
      vertex 11.585417437700574 83.525 2.4
      vertex 11.821601644053485 83.87847464427834 2.4
    endloop
  endfacet
  facet normal 0 0 1
    outer loop
      vertex 2.4 96.9 2.4
      vertex 11.821601644053485 83.87847464427834 2.4
      vertex 12.10190296114372 84.19809703885629 2.4
    endloop
  endfacet
  facet normal 0 0 1
    outer loop
      vertex 2.4 96.9 2.4
      vertex 12.10190296114372 84.19809703885629 2.4
      vertex 12.42152535572166 84.47839835594652 2.4
    endloop
  endfacet
  facet normal 0 0 1
    outer loop
      vertex 2.4 96.9 2.4
      vertex 12.42152535572166 84.47839835594652 2.4
      vertex 12.775 84.71458256229943 2.4
    endloop
  endfacet
  facet normal 0 0 1
    outer loop
      vertex 2.4 96.9 2.4
      vertex 12.775 84.71458256229943 2.4
      vertex 13.156278844813459 84.90260848066168 2.4
    endloop
  endfacet
  facet normal 0 0 1
    outer loop
      vertex 2.4 96.9 2.4
      vertex 13.156278844813459 84.90260848066168 2.4
      vertex 13.558838103416807 85.03925893543948 2.4
    endloop
  endfacet
  facet normal 0 0 1
    outer loop
      vertex 2.4 96.9 2.4
      vertex 13.558838103416807 85.03925893543948 2.4
      vertex 13.975789875284832 85.12219579946489 2.4
    endloop
  endfacet
  facet normal 0 0 1
    outer loop
      vertex 2.4 96.9 2.4
      vertex 13.975789875284832 85.12219579946489 2.4
      vertex 14.4 85.15 2.4
    endloop
  endfacet
  facet normal 0 0 1
    outer loop
      vertex 13.975789875284832 20.622195799464883 2.4
      vertex 55.67780420053512 81.47578987528483 2.4
      vertex 17.622195799464883 81.47578987528483 2.4
    endloop
  endfacet
  facet normal 0 0 1
    outer loop
      vertex 2.4 96.9 2.4
      vertex 14.4 85.15 2.4
      vertex 58.900000000000006 85.15 2.4
    endloop
  endfacet
  facet normal 0 0 1
    outer loop
      vertex 14.4 85.15 2.4
      vertex 14.824210124715169 85.12219579946489 2.4
      vertex 58.900000000000006 85.15 2.4
    endloop
  endfacet
  facet normal 0 0 1
    outer loop
      vertex 15.643721155186542 84.90260848066168 2.4
      vertex 16.025 84.71458256229943 2.4
      vertex 57.656278844813464 84.90260848066168 2.4
    endloop
  endfacet
  facet normal 0 0 1
    outer loop
      vertex 14.824210124715169 85.12219579946489 2.4
      vertex 15.241161896583193 85.03925893543948 2.4
      vertex 58.47578987528484 85.12219579946489 2.4
    endloop
  endfacet
  facet normal 0 0 1
    outer loop
      vertex 15.241161896583193 85.03925893543948 2.4
      vertex 15.643721155186542 84.90260848066168 2.4
      vertex 58.05883810341681 85.03925893543948 2.4
    endloop
  endfacet
  facet normal 0 0 1
    outer loop
      vertex 17.622195799464883 81.47578987528483 2.4
      vertex 55.650000000000006 81.9 2.4
      vertex 17.65 81.9 2.4
    endloop
  endfacet
  facet normal 0 0 1
    outer loop
      vertex 17.65 81.9 2.4
      vertex 55.67780420053512 82.32421012471518 2.4
      vertex 17.622195799464883 82.32421012471518 2.4
    endloop
  endfacet
  facet normal 0 0 1
    outer loop
      vertex 17.622195799464883 82.32421012471518 2.4
      vertex 55.760741064560534 82.7411618965832 2.4
      vertex 17.539258935439474 82.7411618965832 2.4
    endloop
  endfacet
  facet normal 0 0 1
    outer loop
      vertex 17.539258935439474 82.7411618965832 2.4
      vertex 55.89739151933832 83.14372115518654 2.4
      vertex 17.402608480661684 83.14372115518654 2.4
    endloop
  endfacet
  facet normal 0 0 1
    outer loop
      vertex 16.978398355946513 83.87847464427834 2.4
      vertex 17.214582562299427 83.525 2.4
      vertex 56.321601644053494 83.87847464427834 2.4
    endloop
  endfacet
  facet normal 0 0 1
    outer loop
      vertex 17.214582562299427 83.525 2.4
      vertex 17.402608480661684 83.14372115518654 2.4
      vertex 56.08541743770058 83.525 2.4
    endloop
  endfacet
  facet normal 0 0 1
    outer loop
      vertex 16.37847464427834 84.47839835594652 2.4
      vertex 16.69809703885628 84.19809703885629 2.4
      vertex 56.92152535572166 84.47839835594652 2.4
    endloop
  endfacet
  facet normal 0 0 1
    outer loop
      vertex 16.69809703885628 84.19809703885629 2.4
      vertex 16.978398355946513 83.87847464427834 2.4
      vertex 56.60190296114373 84.19809703885629 2.4
    endloop
  endfacet
  facet normal 0 0 1
    outer loop
      vertex 16.37847464427834 84.47839835594652 2.4
      vertex 57.275000000000006 84.71458256229943 2.4
      vertex 16.025 84.71458256229943 2.4
    endloop
  endfacet
  facet normal 0 -1 0
    outer loop
      vertex 2.4 96.9 2.4
      vertex 70.9 96.9 2.4
      vertex 2.4 96.9 115.4
    endloop
  endfacet
  facet normal 0 0 -1
    outer loop
      vertex 8.4 38.31 115.4
      vertex 2.4 96.9 115.4
      vertex 64.9 38.31 115.4
    endloop
  endfacet
  facet normal 0 0 1
    outer loop
      vertex 16.69809703885628 15.101902961143718 2.4
      vertex 56.60190296114373 15.101902961143718 2.4
      vertex 56.321601644053494 15.421525355721656 2.4
    endloop
  endfacet
  facet normal 0 0 1
    outer loop
      vertex 17.214582562299427 15.774999999999999 2.4
      vertex 56.08541743770058 15.774999999999999 2.4
      vertex 55.89739151933832 16.156278844813457 2.4
    endloop
  endfacet
  facet normal 0 0 1
    outer loop
      vertex 16.978398355946513 15.421525355721656 2.4
      vertex 56.321601644053494 15.421525355721656 2.4
      vertex 56.08541743770058 15.774999999999999 2.4
    endloop
  endfacet
  facet normal 0 0 1
    outer loop
      vertex 17.402608480661684 16.156278844813457 2.4
      vertex 55.89739151933832 16.156278844813457 2.4
      vertex 55.760741064560534 16.558838103416807 2.4
    endloop
  endfacet
  facet normal 0 0 1
    outer loop
      vertex 17.539258935439474 16.558838103416807 2.4
      vertex 55.760741064560534 16.558838103416807 2.4
      vertex 55.67780420053512 16.975789875284832 2.4
    endloop
  endfacet
  facet normal 0 0 1
    outer loop
      vertex 17.622195799464883 16.975789875284832 2.4
      vertex 55.67780420053512 16.975789875284832 2.4
      vertex 55.650000000000006 17.4 2.4
    endloop
  endfacet
  facet normal 0 0 1
    outer loop
      vertex 17.65 17.4 2.4
      vertex 55.650000000000006 17.4 2.4
      vertex 55.67780420053512 17.824210124715165 2.4
    endloop
  endfacet
  facet normal 0 0 1
    outer loop
      vertex 17.622195799464883 17.824210124715165 2.4
      vertex 55.67780420053512 17.824210124715165 2.4
      vertex 55.760741064560534 18.24116189658319 2.4
    endloop
  endfacet
  facet normal 0 0 1
    outer loop
      vertex 17.539258935439474 18.24116189658319 2.4
      vertex 55.760741064560534 18.24116189658319 2.4
      vertex 55.89739151933832 18.64372115518654 2.4
    endloop
  endfacet
  facet normal 0 0 1
    outer loop
      vertex 17.402608480661684 18.64372115518654 2.4
      vertex 55.89739151933832 18.64372115518654 2.4
      vertex 56.08541743770058 19.025 2.4
    endloop
  endfacet
  facet normal 0 0 1
    outer loop
      vertex 16.69809703885628 15.101902961143718 2.4
      vertex 70.9 2.4 2.4
      vertex 56.60190296114373 15.101902961143718 2.4
    endloop
  endfacet
  facet normal 0 1 0
    outer loop
      vertex 2.4 2.4 2.4
      vertex 70.9 2.4 113.55000000000001
      vertex 70.9 2.4 2.4
    endloop
  endfacet
  facet normal 0 0 1
    outer loop
      vertex 17.214582562299427 19.025 2.4
      vertex 56.08541743770058 19.025 2.4
      vertex 58.47578987528484 78.67780420053512 2.4
    endloop
  endfacet
  facet normal 0 0 1
    outer loop
      vertex 56.92152535572166 14.821601644053484 2.4
      vertex 56.60190296114373 15.101902961143718 2.4
      vertex 70.9 2.4 2.4
    endloop
  endfacet
  facet normal 0 0 1
    outer loop
      vertex 56.92152535572166 14.821601644053484 2.4
      vertex 70.9 2.4 2.4
      vertex 57.275000000000006 14.585417437700574 2.4
    endloop
  endfacet
  facet normal 0 0 1
    outer loop
      vertex 57.275000000000006 14.585417437700574 2.4
      vertex 70.9 2.4 2.4
      vertex 57.656278844813464 14.397391519338317 2.4
    endloop
  endfacet
  facet normal 0 0 1
    outer loop
      vertex 57.656278844813464 14.397391519338317 2.4
      vertex 70.9 2.4 2.4
      vertex 58.05883810341681 14.260741064560527 2.4
    endloop
  endfacet
  facet normal 0 0 1
    outer loop
      vertex 58.05883810341681 14.260741064560527 2.4
      vertex 70.9 2.4 2.4
      vertex 58.47578987528484 14.177804200535114 2.4
    endloop
  endfacet
  facet normal 0 0 1
    outer loop
      vertex 58.47578987528484 14.177804200535114 2.4
      vertex 70.9 2.4 2.4
      vertex 58.900000000000006 14.149999999999999 2.4
    endloop
  endfacet
  facet normal 0 0 1
    outer loop
      vertex 58.900000000000006 14.149999999999999 2.4
      vertex 70.9 2.4 2.4
      vertex 59.32421012471517 14.177804200535114 2.4
    endloop
  endfacet
  facet normal 0 0 1
    outer loop
      vertex 59.32421012471517 14.177804200535114 2.4
      vertex 70.9 2.4 2.4
      vertex 59.7411618965832 14.260741064560527 2.4
    endloop
  endfacet
  facet normal 0 0 1
    outer loop
      vertex 59.7411618965832 14.260741064560527 2.4
      vertex 70.9 2.4 2.4
      vertex 60.14372115518655 14.397391519338317 2.4
    endloop
  endfacet
  facet normal 0 0 1
    outer loop
      vertex 60.14372115518655 14.397391519338317 2.4
      vertex 70.9 2.4 2.4
      vertex 60.525000000000006 14.585417437700574 2.4
    endloop
  endfacet
  facet normal 0 0 1
    outer loop
      vertex 60.525000000000006 14.585417437700574 2.4
      vertex 70.9 2.4 2.4
      vertex 60.87847464427835 14.821601644053484 2.4
    endloop
  endfacet
  facet normal 0 0 1
    outer loop
      vertex 60.87847464427835 14.821601644053484 2.4
      vertex 70.9 2.4 2.4
      vertex 61.19809703885628 15.101902961143718 2.4
    endloop
  endfacet
  facet normal 0 0 1
    outer loop
      vertex 61.19809703885628 15.101902961143718 2.4
      vertex 70.9 2.4 2.4
      vertex 61.47839835594652 15.421525355721656 2.4
    endloop
  endfacet
  facet normal 0 0 1
    outer loop
      vertex 61.47839835594652 15.421525355721656 2.4
      vertex 70.9 2.4 2.4
      vertex 61.714582562299434 15.774999999999999 2.4
    endloop
  endfacet
  facet normal 0 0 1
    outer loop
      vertex 61.714582562299434 15.774999999999999 2.4
      vertex 70.9 2.4 2.4
      vertex 61.90260848066169 16.156278844813457 2.4
    endloop
  endfacet
  facet normal 0 0 1
    outer loop
      vertex 61.90260848066169 16.156278844813457 2.4
      vertex 70.9 2.4 2.4
      vertex 62.03925893543948 16.558838103416807 2.4
    endloop
  endfacet
  facet normal 0 0 1
    outer loop
      vertex 62.03925893543948 16.558838103416807 2.4
      vertex 70.9 2.4 2.4
      vertex 62.12219579946489 16.975789875284832 2.4
    endloop
  endfacet
  facet normal 0 0 1
    outer loop
      vertex 62.12219579946489 16.975789875284832 2.4
      vertex 70.9 2.4 2.4
      vertex 62.150000000000006 17.4 2.4
    endloop
  endfacet
  facet normal 0 0 1
    outer loop
      vertex 56.08541743770058 19.025 2.4
      vertex 56.321601644053494 19.37847464427834 2.4
      vertex 58.47578987528484 78.67780420053512 2.4
    endloop
  endfacet
  facet normal 0 0 1
    outer loop
      vertex 56.321601644053494 19.37847464427834 2.4
      vertex 56.60190296114373 19.69809703885628 2.4
      vertex 58.47578987528484 78.67780420053512 2.4
    endloop
  endfacet
  facet normal 0 0 1
    outer loop
      vertex 56.60190296114373 19.69809703885628 2.4
      vertex 56.92152535572166 19.978398355946513 2.4
      vertex 58.47578987528484 78.67780420053512 2.4
    endloop
  endfacet
  facet normal 0 0 1
    outer loop
      vertex 56.92152535572166 19.978398355946513 2.4
      vertex 57.275000000000006 20.214582562299423 2.4
      vertex 58.47578987528484 78.67780420053512 2.4
    endloop
  endfacet
  facet normal 0 0 1
    outer loop
      vertex 57.275000000000006 20.214582562299423 2.4
      vertex 57.656278844813464 20.40260848066168 2.4
      vertex 58.47578987528484 78.67780420053512 2.4
    endloop
  endfacet
  facet normal 0 0 1
    outer loop
      vertex 57.656278844813464 20.40260848066168 2.4
      vertex 58.05883810341681 20.53925893543947 2.4
      vertex 58.47578987528484 78.67780420053512 2.4
    endloop
  endfacet
  facet normal 0 0 1
    outer loop
      vertex 58.05883810341681 20.53925893543947 2.4
      vertex 58.47578987528484 20.622195799464883 2.4
      vertex 58.47578987528484 78.67780420053512 2.4
    endloop
  endfacet
  facet normal 0 0 1
    outer loop
      vertex 58.47578987528484 20.622195799464883 2.4
      vertex 58.900000000000006 20.65 2.4
      vertex 58.47578987528484 78.67780420053512 2.4
    endloop
  endfacet
  facet normal 0 0 1
    outer loop
      vertex 58.900000000000006 20.65 2.4
      vertex 59.32421012471517 20.622195799464883 2.4
      vertex 58.900000000000006 78.65 2.4
    endloop
  endfacet
  facet normal 0 0 1
    outer loop
      vertex 59.32421012471517 20.622195799464883 2.4
      vertex 59.7411618965832 20.53925893543947 2.4
      vertex 59.32421012471517 78.67780420053512 2.4
    endloop
  endfacet
  facet normal 0 0 1
    outer loop
      vertex 60.14372115518655 20.40260848066168 2.4
      vertex 59.7411618965832 78.76074106456053 2.4
      vertex 59.7411618965832 20.53925893543947 2.4
    endloop
  endfacet
  facet normal 0 0 1
    outer loop
      vertex 60.14372115518655 20.40260848066168 2.4
      vertex 60.525000000000006 20.214582562299423 2.4
      vertex 60.14372115518655 78.89739151933833 2.4
    endloop
  endfacet
  facet normal 0 0 1
    outer loop
      vertex 60.525000000000006 20.214582562299423 2.4
      vertex 60.87847464427835 19.978398355946513 2.4
      vertex 60.525000000000006 79.08541743770058 2.4
    endloop
  endfacet
  facet normal 0 0 1
    outer loop
      vertex 62.150000000000006 17.4 2.4
      vertex 61.19809703885628 79.60190296114372 2.4
      vertex 62.12219579946489 17.824210124715165 2.4
    endloop
  endfacet
  facet normal 0 0 1
    outer loop
      vertex 62.12219579946489 17.824210124715165 2.4
      vertex 61.19809703885628 79.60190296114372 2.4
      vertex 62.03925893543948 18.24116189658319 2.4
    endloop
  endfacet
  facet normal 0 0 1
    outer loop
      vertex 60.87847464427835 19.978398355946513 2.4
      vertex 61.19809703885628 19.69809703885628 2.4
      vertex 60.87847464427835 79.32160164405349 2.4
    endloop
  endfacet
  facet normal 0 0 1
    outer loop
      vertex 61.19809703885628 19.69809703885628 2.4
      vertex 61.47839835594652 19.37847464427834 2.4
      vertex 61.19809703885628 79.60190296114372 2.4
    endloop
  endfacet
  facet normal 0 0 1
    outer loop
      vertex 61.47839835594652 19.37847464427834 2.4
      vertex 61.714582562299434 19.025 2.4
      vertex 61.19809703885628 79.60190296114372 2.4
    endloop
  endfacet
  facet normal 0 0 1
    outer loop
      vertex 61.90260848066169 18.64372115518654 2.4
      vertex 61.19809703885628 79.60190296114372 2.4
      vertex 61.714582562299434 19.025 2.4
    endloop
  endfacet
  facet normal 0 0 1
    outer loop
      vertex 62.03925893543948 18.24116189658319 2.4
      vertex 61.19809703885628 79.60190296114372 2.4
      vertex 61.90260848066169 18.64372115518654 2.4
    endloop
  endfacet
  facet normal 0 0 1
    outer loop
      vertex 62.150000000000006 17.4 2.4
      vertex 70.9 2.4 2.4
      vertex 61.19809703885628 79.60190296114372 2.4
    endloop
  endfacet
  facet normal -1 0 0
    outer loop
      vertex 70.9 2.4 2.4
      vertex 70.9 3.4000000000000004 113.55000000000001
      vertex 70.9 96.9 2.4
    endloop
  endfacet
  facet normal -1 0 0
    outer loop
      vertex 70.9 2.4 2.4
      vertex 70.9 2.4 113.55000000000001
      vertex 70.9 3.4000000000000004 113.55000000000001
    endloop
  endfacet
  facet normal -1 0 0
    outer loop
      vertex 70.9 3.4000000000000004 113.55000000000001
      vertex 70.9 3.4000000000000004 115.4
      vertex 70.9 96.9 2.4
    endloop
  endfacet
  facet normal 0 0 -1
    outer loop
      vertex 64.9 3.4000000000000004 115.4
      vertex 70.9 96.9 115.4
      vertex 70.9 3.4000000000000004 115.4
    endloop
  endfacet
  facet normal 0 0 -1
    outer loop
      vertex 64.9 3.4000000000000004 115.4
      vertex 64.9 38.31 115.4
      vertex 70.9 96.9 115.4
    endloop
  endfacet
  facet normal 0 0 1
    outer loop
      vertex 14.4 20.65 2.4
      vertex 55.89739151933832 80.65627884481347 2.4
      vertex 55.760741064560534 81.05883810341682 2.4
    endloop
  endfacet
  facet normal 0 0 1
    outer loop
      vertex 13.975789875284832 20.622195799464883 2.4
      vertex 55.760741064560534 81.05883810341682 2.4
      vertex 55.67780420053512 81.47578987528483 2.4
    endloop
  endfacet
  facet normal 0 0 1
    outer loop
      vertex 14.824210124715169 20.622195799464883 2.4
      vertex 56.08541743770058 80.275 2.4
      vertex 55.89739151933832 80.65627884481347 2.4
    endloop
  endfacet
  facet normal 0 0 1
    outer loop
      vertex 15.241161896583193 20.53925893543947 2.4
      vertex 56.321601644053494 79.92152535572167 2.4
      vertex 56.08541743770058 80.275 2.4
    endloop
  endfacet
  facet normal 0 0 1
    outer loop
      vertex 15.643721155186542 20.40260848066168 2.4
      vertex 56.60190296114373 79.60190296114372 2.4
      vertex 56.321601644053494 79.92152535572167 2.4
    endloop
  endfacet
  facet normal 0 0 1
    outer loop
      vertex 15.643721155186542 20.40260848066168 2.4
      vertex 57.275000000000006 79.08541743770058 2.4
      vertex 56.92152535572166 79.32160164405349 2.4
    endloop
  endfacet
  facet normal 0 0 1
    outer loop
      vertex 15.643721155186542 20.40260848066168 2.4
      vertex 56.92152535572166 79.32160164405349 2.4
      vertex 56.60190296114373 79.60190296114372 2.4
    endloop
  endfacet
  facet normal 0 0 1
    outer loop
      vertex 17.214582562299427 19.025 2.4
      vertex 58.47578987528484 78.67780420053512 2.4
      vertex 58.05883810341681 78.76074106456053 2.4
    endloop
  endfacet
  facet normal 0 0 1
    outer loop
      vertex 15.643721155186542 20.40260848066168 2.4
      vertex 57.656278844813464 78.89739151933833 2.4
      vertex 57.275000000000006 79.08541743770058 2.4
    endloop
  endfacet
  facet normal 0 0 1
    outer loop
      vertex 16.978398355946513 19.37847464427834 2.4
      vertex 58.05883810341681 78.76074106456053 2.4
      vertex 57.656278844813464 78.89739151933833 2.4
    endloop
  endfacet
  facet normal 0 0 1
    outer loop
      vertex 17.622195799464883 81.47578987528483 2.4
      vertex 55.67780420053512 81.47578987528483 2.4
      vertex 55.650000000000006 81.9 2.4
    endloop
  endfacet
  facet normal 0 0 1
    outer loop
      vertex 17.65 81.9 2.4
      vertex 55.650000000000006 81.9 2.4
      vertex 55.67780420053512 82.32421012471518 2.4
    endloop
  endfacet
  facet normal 0 0 1
    outer loop
      vertex 17.622195799464883 82.32421012471518 2.4
      vertex 55.67780420053512 82.32421012471518 2.4
      vertex 55.760741064560534 82.7411618965832 2.4
    endloop
  endfacet
  facet normal 0 0 1
    outer loop
      vertex 17.539258935439474 82.7411618965832 2.4
      vertex 55.760741064560534 82.7411618965832 2.4
      vertex 55.89739151933832 83.14372115518654 2.4
    endloop
  endfacet
  facet normal 0 0 1
    outer loop
      vertex 17.402608480661684 83.14372115518654 2.4
      vertex 55.89739151933832 83.14372115518654 2.4
      vertex 56.08541743770058 83.525 2.4
    endloop
  endfacet
  facet normal 0 0 1
    outer loop
      vertex 17.214582562299427 83.525 2.4
      vertex 56.08541743770058 83.525 2.4
      vertex 56.321601644053494 83.87847464427834 2.4
    endloop
  endfacet
  facet normal 0 0 1
    outer loop
      vertex 16.978398355946513 83.87847464427834 2.4
      vertex 56.321601644053494 83.87847464427834 2.4
      vertex 56.60190296114373 84.19809703885629 2.4
    endloop
  endfacet
  facet normal 0 0 1
    outer loop
      vertex 16.69809703885628 84.19809703885629 2.4
      vertex 56.60190296114373 84.19809703885629 2.4
      vertex 56.92152535572166 84.47839835594652 2.4
    endloop
  endfacet
  facet normal 0 0 1
    outer loop
      vertex 16.37847464427834 84.47839835594652 2.4
      vertex 56.92152535572166 84.47839835594652 2.4
      vertex 57.275000000000006 84.71458256229943 2.4
    endloop
  endfacet
  facet normal 0 0 1
    outer loop
      vertex 16.025 84.71458256229943 2.4
      vertex 57.275000000000006 84.71458256229943 2.4
      vertex 57.656278844813464 84.90260848066168 2.4
    endloop
  endfacet
  facet normal 0 0 1
    outer loop
      vertex 15.643721155186542 84.90260848066168 2.4
      vertex 57.656278844813464 84.90260848066168 2.4
      vertex 58.05883810341681 85.03925893543948 2.4
    endloop
  endfacet
  facet normal 0 0 1
    outer loop
      vertex 15.241161896583193 85.03925893543948 2.4
      vertex 58.05883810341681 85.03925893543948 2.4
      vertex 58.47578987528484 85.12219579946489 2.4
    endloop
  endfacet
  facet normal 0 0 1
    outer loop
      vertex 14.824210124715169 85.12219579946489 2.4
      vertex 58.47578987528484 85.12219579946489 2.4
      vertex 58.900000000000006 85.15 2.4
    endloop
  endfacet
  facet normal 0 0 1
    outer loop
      vertex 2.4 96.9 2.4
      vertex 58.900000000000006 85.15 2.4
      vertex 70.9 96.9 2.4
    endloop
  endfacet
  facet normal 0 0 1
    outer loop
      vertex 58.900000000000006 20.65 2.4
      vertex 58.900000000000006 78.65 2.4
      vertex 58.47578987528484 78.67780420053512 2.4
    endloop
  endfacet
  facet normal 0 0 1
    outer loop
      vertex 59.32421012471517 20.622195799464883 2.4
      vertex 59.32421012471517 78.67780420053512 2.4
      vertex 58.900000000000006 78.65 2.4
    endloop
  endfacet
  facet normal 0 0 1
    outer loop
      vertex 59.7411618965832 20.53925893543947 2.4
      vertex 59.7411618965832 78.76074106456053 2.4
      vertex 59.32421012471517 78.67780420053512 2.4
    endloop
  endfacet
  facet normal 0 0 1
    outer loop
      vertex 60.14372115518655 20.40260848066168 2.4
      vertex 60.14372115518655 78.89739151933833 2.4
      vertex 59.7411618965832 78.76074106456053 2.4
    endloop
  endfacet
  facet normal 0 0 1
    outer loop
      vertex 60.525000000000006 20.214582562299423 2.4
      vertex 60.525000000000006 79.08541743770058 2.4
      vertex 60.14372115518655 78.89739151933833 2.4
    endloop
  endfacet
  facet normal 0 0 1
    outer loop
      vertex 60.87847464427835 19.978398355946513 2.4
      vertex 60.87847464427835 79.32160164405349 2.4
      vertex 60.525000000000006 79.08541743770058 2.4
    endloop
  endfacet
  facet normal 0 0 1
    outer loop
      vertex 61.19809703885628 19.69809703885628 2.4
      vertex 61.19809703885628 79.60190296114372 2.4
      vertex 60.87847464427835 79.32160164405349 2.4
    endloop
  endfacet
  facet normal 0 0 1
    outer loop
      vertex 70.9 2.4 2.4
      vertex 61.47839835594652 79.92152535572167 2.4
      vertex 61.19809703885628 79.60190296114372 2.4
    endloop
  endfacet
  facet normal 0 0 1
    outer loop
      vertex 70.9 2.4 2.4
      vertex 61.714582562299434 80.275 2.4
      vertex 61.47839835594652 79.92152535572167 2.4
    endloop
  endfacet
  facet normal 0 0 1
    outer loop
      vertex 70.9 2.4 2.4
      vertex 61.90260848066169 80.65627884481347 2.4
      vertex 61.714582562299434 80.275 2.4
    endloop
  endfacet
  facet normal 0 0 1
    outer loop
      vertex 70.9 2.4 2.4
      vertex 62.03925893543948 81.05883810341682 2.4
      vertex 61.90260848066169 80.65627884481347 2.4
    endloop
  endfacet
  facet normal 0 0 1
    outer loop
      vertex 70.9 2.4 2.4
      vertex 62.12219579946489 81.47578987528483 2.4
      vertex 62.03925893543948 81.05883810341682 2.4
    endloop
  endfacet
  facet normal 0 0 1
    outer loop
      vertex 70.9 2.4 2.4
      vertex 62.150000000000006 81.9 2.4
      vertex 62.12219579946489 81.47578987528483 2.4
    endloop
  endfacet
  facet normal 0 0 1
    outer loop
      vertex 70.9 2.4 2.4
      vertex 62.12219579946489 82.32421012471518 2.4
      vertex 62.150000000000006 81.9 2.4
    endloop
  endfacet
  facet normal 0 0 1
    outer loop
      vertex 70.9 2.4 2.4
      vertex 70.9 96.9 2.4
      vertex 62.12219579946489 82.32421012471518 2.4
    endloop
  endfacet
  facet normal 0 0 1
    outer loop
      vertex 58.900000000000006 85.15 2.4
      vertex 59.32421012471517 85.12219579946489 2.4
      vertex 70.9 96.9 2.4
    endloop
  endfacet
  facet normal 0 0 1
    outer loop
      vertex 59.32421012471517 85.12219579946489 2.4
      vertex 59.7411618965832 85.03925893543948 2.4
      vertex 70.9 96.9 2.4
    endloop
  endfacet
  facet normal 0 0 1
    outer loop
      vertex 59.7411618965832 85.03925893543948 2.4
      vertex 60.14372115518655 84.90260848066168 2.4
      vertex 70.9 96.9 2.4
    endloop
  endfacet
  facet normal 0 0 1
    outer loop
      vertex 60.87847464427835 84.47839835594652 2.4
      vertex 70.9 96.9 2.4
      vertex 60.525000000000006 84.71458256229943 2.4
    endloop
  endfacet
  facet normal 0 0 1
    outer loop
      vertex 60.14372115518655 84.90260848066168 2.4
      vertex 60.525000000000006 84.71458256229943 2.4
      vertex 70.9 96.9 2.4
    endloop
  endfacet
  facet normal 0 0 1
    outer loop
      vertex 61.19809703885628 84.19809703885629 2.4
      vertex 61.47839835594652 83.87847464427834 2.4
      vertex 70.9 96.9 2.4
    endloop
  endfacet
  facet normal 0 0 1
    outer loop
      vertex 61.47839835594652 83.87847464427834 2.4
      vertex 61.714582562299434 83.525 2.4
      vertex 70.9 96.9 2.4
    endloop
  endfacet
  facet normal 0 0 1
    outer loop
      vertex 62.03925893543948 82.7411618965832 2.4
      vertex 70.9 96.9 2.4
      vertex 61.90260848066169 83.14372115518654 2.4
    endloop
  endfacet
  facet normal 0 0 1
    outer loop
      vertex 62.12219579946489 82.32421012471518 2.4
      vertex 70.9 96.9 2.4
      vertex 62.03925893543948 82.7411618965832 2.4
    endloop
  endfacet
  facet normal 0 0 1
    outer loop
      vertex 61.714582562299434 83.525 2.4
      vertex 61.90260848066169 83.14372115518654 2.4
      vertex 70.9 96.9 2.4
    endloop
  endfacet
  facet normal 0 0 1
    outer loop
      vertex 60.87847464427835 84.47839835594652 2.4
      vertex 61.19809703885628 84.19809703885629 2.4
      vertex 70.9 96.9 2.4
    endloop
  endfacet
  facet normal 0 -1 0
    outer loop
      vertex 2.4 96.9 115.4
      vertex 70.9 96.9 2.4
      vertex 70.9 96.9 115.4
    endloop
  endfacet
  facet normal 0 0 -1
    outer loop
      vertex 2.4 96.9 115.4
      vertex 70.9 96.9 115.4
      vertex 64.9 38.31 115.4
    endloop
  endfacet
  facet normal -1 0 0
    outer loop
      vertex 70.9 3.4000000000000004 115.4
      vertex 70.9 96.9 115.4
      vertex 70.9 96.9 2.4
    endloop
  endfacet
  facet normal 1 0 0
    outer loop
      vertex 8.4 3.4000000000000004 115.4
      vertex 8.4 38.31 117.80000000000001
      vertex 8.4 3.4000000000000004 117.80000000000001
    endloop
  endfacet
  facet normal 1 0 0
    outer loop
      vertex 8.4 3.4000000000000004 115.4
      vertex 8.4 38.31 115.4
      vertex 8.4 38.31 117.80000000000001
    endloop
  endfacet
  facet normal 0 -1 0
    outer loop
      vertex 8.4 38.31 115.4
      vertex 64.9 38.31 117.80000000000001
      vertex 8.4 38.31 117.80000000000001
    endloop
  endfacet
  facet normal 0 -1 0
    outer loop
      vertex 8.4 38.31 115.4
      vertex 64.9 38.31 115.4
      vertex 64.9 38.31 117.80000000000001
    endloop
  endfacet
  facet normal -1 0 0
    outer loop
      vertex 64.9 3.4000000000000004 115.4
      vertex 64.9 3.4000000000000004 117.80000000000001
      vertex 64.9 38.31 115.4
    endloop
  endfacet
  facet normal -1 0 0
    outer loop
      vertex 64.9 38.31 115.4
      vertex 64.9 3.4000000000000004 117.80000000000001
      vertex 64.9 38.31 117.80000000000001
    endloop
  endfacet
  facet normal 1 0 0
    outer loop
      vertex 2.4 2.4 113.55000000000001
      vertex 2.4 0 117.80000000000001
      vertex 2.4 0 113.55000000000001
    endloop
  endfacet
  facet normal 1 0 0
    outer loop
      vertex 2.4 2.4 113.55000000000001
      vertex 2.4 3.4000000000000004 113.55000000000001
      vertex 2.4 3.4000000000000004 115.4
    endloop
  endfacet
  facet normal 1 0 0
    outer loop
      vertex 2.4 2.4 113.55000000000001
      vertex 2.4 3.4000000000000004 115.4
      vertex 2.4 3.4000000000000004 117.80000000000001
    endloop
  endfacet
  facet normal 1 0 0
    outer loop
      vertex 2.4 2.4 113.55000000000001
      vertex 2.4 3.4000000000000004 117.80000000000001
      vertex 2.4 0 117.80000000000001
    endloop
  endfacet
  facet normal 0 -1 0
    outer loop
      vertex 2.4 3.4000000000000004 115.4
      vertex 8.4 3.4000000000000004 117.80000000000001
      vertex 2.4 3.4000000000000004 117.80000000000001
    endloop
  endfacet
  facet normal 0 -1 0
    outer loop
      vertex 2.4 3.4000000000000004 115.4
      vertex 8.4 3.4000000000000004 115.4
      vertex 8.4 3.4000000000000004 117.80000000000001
    endloop
  endfacet
  facet normal 0 0 1
    outer loop
      vertex 2.4 2.4 113.55000000000001
      vertex 2.4 0 113.55000000000001
      vertex 70.9 2.4 113.55000000000001
    endloop
  endfacet
  facet normal 0 0 1
    outer loop
      vertex 70.9 2.4 113.55000000000001
      vertex 2.4 0 113.55000000000001
      vertex 70.9 0 113.55000000000001
    endloop
  endfacet
  facet normal 0 -1 0
    outer loop
      vertex 64.9 3.4000000000000004 115.4
      vertex 70.9 3.4000000000000004 117.80000000000001
      vertex 64.9 3.4000000000000004 117.80000000000001
    endloop
  endfacet
  facet normal -1 0 0
    outer loop
      vertex 70.9 2.4 113.55000000000001
      vertex 70.9 0 113.55000000000001
      vertex 70.9 0 117.80000000000001
    endloop
  endfacet
  facet normal -1 0 0
    outer loop
      vertex 70.9 2.4 113.55000000000001
      vertex 70.9 0 117.80000000000001
      vertex 70.9 3.4000000000000004 113.55000000000001
    endloop
  endfacet
  facet normal -1 0 0
    outer loop
      vertex 70.9 3.4000000000000004 113.55000000000001
      vertex 70.9 0 117.80000000000001
      vertex 70.9 3.4000000000000004 115.4
    endloop
  endfacet
  facet normal -1 0 0
    outer loop
      vertex 70.9 3.4000000000000004 115.4
      vertex 70.9 0 117.80000000000001
      vertex 70.9 3.4000000000000004 117.80000000000001
    endloop
  endfacet
  facet normal 0 -1 0
    outer loop
      vertex 64.9 3.4000000000000004 115.4
      vertex 70.9 3.4000000000000004 115.4
      vertex 70.9 3.4000000000000004 117.80000000000001
    endloop
  endfacet
endsolid OpenSCAD_Model
