solid OpenSCAD_Model
  facet normal 0 1 0
    outer loop
      vertex 10 5 0
      vertex 4 5 0
      vertex 4 5 3
    endloop
  endfacet
  facet normal -1 0 0
    outer loop
      vertex 10 5 0
      vertex 10 5 3
      vertex 10 25 0
    endloop
  endfacet
  facet normal 0 1 0
    outer loop
      vertex 10 5 3
      vertex 10 5 0
      vertex 4 5 3
    endloop
  endfacet
  facet normal 1 0 0
    outer loop
      vertex 4 5 3
      vertex 4 5 0
      vertex 4 25 3
    endloop
  endfacet
  facet normal 1 0 0
    outer loop
      vertex 4 25 0
      vertex 4 25 3
      vertex 4 5 0
    endloop
  endfacet
  facet normal -1 0 0
    outer loop
      vertex 10 25 3
      vertex 10 25 0
      vertex 10 5 3
    endloop
  endfacet
  facet normal 0 1 0
    outer loop
      vertex 21 5 0
      vertex 14 5 0
      vertex 14 5 3
    endloop
  endfacet
  facet normal -1 0 0
    outer loop
      vertex 21 25 0
      vertex 21 5 0
      vertex 21 5 3
    endloop
  endfacet
  facet normal 0 1 0
    outer loop
      vertex 21 5 3
      vertex 21 5 0
      vertex 14 5 3
    endloop
  endfacet
  facet normal 1 0 0
    outer loop
      vertex 14 25 3
      vertex 14 5 3
      vertex 14 5 0
    endloop
  endfacet
  facet normal 1 0 0
    outer loop
      vertex 14 25 0
      vertex 14 25 3
      vertex 14 5 0
    endloop
  endfacet
  facet normal -1 0 0
    outer loop
      vertex 21 25 3
      vertex 21 25 0
      vertex 21 5 3
    endloop
  endfacet
  facet normal 0 1 0
    outer loop
      vertex 25 5 3
      vertex 33 5 0
      vertex 25 5 0
    endloop
  endfacet
  facet normal -1 0 0
    outer loop
      vertex 33 25 0
      vertex 33 5 0
      vertex 33 5 3
    endloop
  endfacet
  facet normal 0 1 0
    outer loop
      vertex 33 5 3
      vertex 33 5 0
      vertex 25 5 3
    endloop
  endfacet
  facet normal 1 0 0
    outer loop
      vertex 25 25 3
      vertex 25 5 3
      vertex 25 5 0
    endloop
  endfacet
  facet normal 1 0 0
    outer loop
      vertex 25 25 0
      vertex 25 25 3
      vertex 25 5 0
    endloop
  endfacet
  facet normal -1 0 0
    outer loop
      vertex 33 5 3
      vertex 33 25 3
      vertex 33 25 0
    endloop
  endfacet
  facet normal 0 1 0
    outer loop
      vertex 46 5 0
      vertex 37 5 0
      vertex 37 5 3
    endloop
  endfacet
  facet normal -1 0 0
    outer loop
      vertex 46 25 0
      vertex 46 5 0
      vertex 46 5 3
    endloop
  endfacet
  facet normal 0 1 0
    outer loop
      vertex 46 5 3
      vertex 46 5 0
      vertex 37 5 3
    endloop
  endfacet
  facet normal 1 0 0
    outer loop
      vertex 37 25 3
      vertex 37 5 3
      vertex 37 5 0
    endloop
  endfacet
  facet normal 1 0 0
    outer loop
      vertex 37 25 0
      vertex 37 25 3
      vertex 37 5 0
    endloop
  endfacet
  facet normal -1 0 0
    outer loop
      vertex 46 5 3
      vertex 46 25 3
      vertex 46 25 0
    endloop
  endfacet
  facet normal 0 1 0
    outer loop
      vertex 60 5 0
      vertex 50 5 0
      vertex 50 5 3
    endloop
  endfacet
  facet normal -1 0 0
    outer loop
      vertex 60 25 0
      vertex 60 5 0
      vertex 60 5 3
    endloop
  endfacet
  facet normal 0 1 0
    outer loop
      vertex 60 5 3
      vertex 60 5 0
      vertex 50 5 3
    endloop
  endfacet
  facet normal 1 0 0
    outer loop
      vertex 50 25 3
      vertex 50 5 3
      vertex 50 5 0
    endloop
  endfacet
  facet normal 1 0 0
    outer loop
      vertex 50 25 0
      vertex 50 25 3
      vertex 50 5 0
    endloop
  endfacet
  facet normal -1 0 0
    outer loop
      vertex 60 5 3
      vertex 60 25 3
      vertex 60 25 0
    endloop
  endfacet
  facet normal 0 1 0
    outer loop
      vertex 75 5 0
      vertex 64 5 0
      vertex 64 5 3
    endloop
  endfacet
  facet normal -1 0 0
    outer loop
      vertex 75 25 0
      vertex 75 5 0
      vertex 75 5 3
    endloop
  endfacet
  facet normal 1 0 0
    outer loop
      vertex 64 25 3
      vertex 64 5 3
      vertex 64 5 0
    endloop
  endfacet
  facet normal 0 1 0
    outer loop
      vertex 75 5 3
      vertex 75 5 0
      vertex 64 5 3
    endloop
  endfacet
  facet normal 1 0 0
    outer loop
      vertex 64 25 0
      vertex 64 25 3
      vertex 64 5 0
    endloop
  endfacet
  facet normal -1 0 0
    outer loop
      vertex 75 25 3
      vertex 75 25 0
      vertex 75 5 3
    endloop
  endfacet
  facet normal 0 1 0
    outer loop
      vertex 91 5 0
      vertex 79 5 0
      vertex 79 5 3
    endloop
  endfacet
  facet normal -1 0 0
    outer loop
      vertex 91 5 0
      vertex 91 5 3
      vertex 91 25 0
    endloop
  endfacet
  facet normal 0 1 0
    outer loop
      vertex 91 5 0
      vertex 79 5 3
      vertex 91 5 3
    endloop
  endfacet
  facet normal 1 0 0
    outer loop
      vertex 79 5 3
      vertex 79 5 0
      vertex 79 25 3
    endloop
  endfacet
  facet normal 1 0 0
    outer loop
      vertex 79 25 0
      vertex 79 25 3
      vertex 79 5 0
    endloop
  endfacet
  facet normal -1 0 0
    outer loop
      vertex 91 25 3
      vertex 91 25 0
      vertex 91 5 3
    endloop
  endfacet
  facet normal 0 0 1
    outer loop
      vertex 6.698885798454285 1.0826895982027054 2.4
      vertex 6.865220196545124 1.0394823998212814 2.4
      vertex 6.847307801246643 1.3539196029305458 2.4
    endloop
  endfacet
  facet normal 0 0 1
    outer loop
      vertex 6.865220196545124 1.0394823998212814 2.4
      vertex 7.049785003066063 1.0250800028443336 2.4
      vertex 6.938738197088242 1.3285323977470398 2.4
    endloop
  endfacet
  facet normal 0 0 1
    outer loop
      vertex 7.049785003066063 1.0250800028443336 2.4
      vertex 7.215626202523708 1.0355764031410217 2.4
      vertex 7.138798601925373 1.327189601957798 2.4
    endloop
  endfacet
  facet normal 0 0 1
    outer loop
      vertex 7.215626202523708 1.0355764031410217 2.4
      vertex 7.366493798792362 1.0670655965805054 2.4
      vertex 7.230909399688244 1.3485483974218369 2.4
    endloop
  endfacet
  facet normal 0 0 1
    outer loop
      vertex 6.698885798454285 1.0826895982027054 2.4
      vertex 6.763283796608448 1.3962315991520882 2.4
      vertex 6.550781801342964 1.1547015979886055 2.4
    endloop
  endfacet
  facet normal 0 0 1
    outer loop
      vertex 6.550781801342964 1.1547015979886055 2.4
      vertex 6.686666198074818 1.455468401312828 2.4
      vertex 6.420908197760582 1.2555183991789818 2.4
    endloop
  endfacet
  facet normal 0 0 1
    outer loop
      vertex 6.550781801342964 1.1547015979886055 2.4
      vertex 6.763283796608448 1.3962315991520882 2.4
      vertex 6.686666198074818 1.455468401312828 2.4
    endloop
  endfacet
  facet normal 0 0 1
    outer loop
      vertex 6.309265002608299 1.3851400017738342 2.4
      vertex 6.420908197760582 1.2555183991789818 2.4
      vertex 6.617454998195171 1.531630001962185 2.4
    endloop
  endfacet
  facet normal 0 0 1
    outer loop
      vertex 6.420908197760582 1.2555183991789818 2.4
      vertex 6.686666198074818 1.455468401312828 2.4
      vertex 6.617454998195171 1.531630001962185 2.4
    endloop
  endfacet
  facet normal 0 0 1
    outer loop
      vertex 6.309265002608299 1.3851400017738342 2.4
      vertex 6.558508597314358 1.6210659965872765 2.4
      vertex 6.216989800333977 1.5422775968909264 2.4
    endloop
  endfacet
  facet normal 0 0 1
    outer loop
      vertex 6.309265002608299 1.3851400017738342 2.4
      vertex 6.617454998195171 1.531630001962185 2.4
      vertex 6.558508597314358 1.6210659965872765 2.4
    endloop
  endfacet
  facet normal 0 0 1
    outer loop
      vertex 6.865220196545124 1.0394823998212814 2.4
      vertex 6.938738197088242 1.3285323977470398 2.4
      vertex 6.847307801246643 1.3539196029305458 2.4
    endloop
  endfacet
  facet normal 0 0 1
    outer loop
      vertex 7.049785003066063 1.0250800028443336 2.4
      vertex 7.037574999034405 1.3200699985027313 2.4
      vertex 6.938738197088242 1.3285323977470398 2.4
    endloop
  endfacet
  facet normal 0 0 1
    outer loop
      vertex 6.698885798454285 1.0826895982027054 2.4
      vertex 6.847307801246643 1.3539196029305458 2.4
      vertex 6.763283796608448 1.3962315991520882 2.4
    endloop
  endfacet
  facet normal 0 0 1
    outer loop
      vertex 7.049785003066063 1.0250800028443336 2.4
      vertex 7.138798601925373 1.327189601957798 2.4
      vertex 7.037574999034405 1.3200699985027313 2.4
    endloop
  endfacet
  facet normal 0 0 1
    outer loop
      vertex 7.215626202523708 1.0355764031410217 2.4
      vertex 7.230909399688244 1.3485483974218369 2.4
      vertex 7.138798601925373 1.327189601957798 2.4
    endloop
  endfacet
  facet normal 0 0 1
    outer loop
      vertex 7.366493798792362 1.0670655965805054 2.4
      vertex 7.502387799322605 1.1195475980639458 2.4
      vertex 7.313907399773598 1.384146399796009 2.4
    endloop
  endfacet
  facet normal 0 0 1
    outer loop
      vertex 7.366493798792362 1.0670655965805054 2.4
      vertex 7.313907399773598 1.384146399796009 2.4
      vertex 7.230909399688244 1.3485483974218369 2.4
    endloop
  endfacet
  facet normal 0 0 1
    outer loop
      vertex 7.313907399773598 1.384146399796009 2.4
      vertex 7.502387799322605 1.1195475980639458 2.4
      vertex 7.387792602181435 1.433983601629734 2.4
    endloop
  endfacet
  facet normal 0 0 1
    outer loop
      vertex 7.502387799322605 1.1195475980639458 2.4
      vertex 7.6233081966638565 1.1930224001407623 2.4
      vertex 7.387792602181435 1.433983601629734 2.4
    endloop
  endfacet
  facet normal 0 0 1
    outer loop
      vertex 7.6233081966638565 1.1930224001407623 2.4
      vertex 7.729254998266697 1.287490002810955 2.4
      vertex 7.452564999461174 1.4980600029230118 2.4
    endloop
  endfacet
  facet normal 0 0 1
    outer loop
      vertex 7.6233081966638565 1.1930224001407623 2.4
      vertex 7.452564999461174 1.4980600029230118 2.4
      vertex 7.387792602181435 1.433983601629734 2.4
    endloop
  endfacet
  facet normal 0 0 1
    outer loop
      vertex 7.729254998266697 1.287490002810955 2.4
      vertex 7.506770201027393 1.5745972022414207 2.4
      vertex 7.452564999461174 1.4980600029230118 2.4
    endloop
  endfacet
  facet normal 0 0 1
    outer loop
      vertex 7.729254998266697 1.287490002810955 2.4
      vertex 7.817869000136852 1.4001159965991974 2.4
      vertex 7.506770201027393 1.5745972022414207 2.4
    endloop
  endfacet
  facet normal 0 0 1
    outer loop
      vertex 7.817869000136852 1.4001159965991974 2.4
      vertex 7.548929803073406 1.6617927998304367 2.4
      vertex 7.506770201027393 1.5745972022414207 2.4
    endloop
  endfacet
  facet normal 0 0 1
    outer loop
      vertex 7.817869000136852 1.4001159965991974 2.4
      vertex 7.886790998280048 1.5280420035123825 2.4
      vertex 7.548929803073406 1.6617927998304367 2.4
    endloop
  endfacet
  facet normal 0.4372762085543793 0.8993272582504698 0
    outer loop
      vertex 6.698885798454285 1.0826895982027054 2.4
      vertex 6.550781801342964 1.1547015979886055 2.4
      vertex 6.550781801342964 1.1547015979886055 3
    endloop
  endfacet
  facet normal 0.2514172176659118 0.9678788057712243 0
    outer loop
      vertex 6.698885798454285 1.0826895982027054 2.4
      vertex 6.698885798454285 1.0826895982027054 3
      vertex 6.865220196545124 1.0394823998212814 2.4
    endloop
  endfacet
  facet normal 0.07779785215604618 0.9969691540864772 0
    outer loop
      vertex 6.865220196545124 1.0394823998212814 2.4
      vertex 6.865220196545124 1.0394823998212814 3
      vertex 7.049785003066063 1.0250800028443336 2.4
    endloop
  endfacet
  facet normal -0.0631654843428796 0.9980030669230078 0
    outer loop
      vertex 7.049785003066063 1.0250800028443336 2.4
      vertex 7.049785003066063 1.0250800028443336 3
      vertex 7.215626202523708 1.0355764031410217 2.4
    endloop
  endfacet
  facet normal -0.2043176810993073 0.97890463539111 0
    outer loop
      vertex 7.215626202523708 1.0355764031410217 2.4
      vertex 7.215626202523708 1.0355764031410217 3
      vertex 7.366493798792362 1.0670655965805054 2.4
    endloop
  endfacet
  facet normal -0.36026489233932246 0.9328500454776943 0
    outer loop
      vertex 7.366493798792362 1.0670655965805054 2.4
      vertex 7.366493798792362 1.0670655965805054 3
      vertex 7.502387799322605 1.1195475980639458 2.4
    endloop
  endfacet
  facet normal 0.6131975470340782 0.7899295970600098 0
    outer loop
      vertex 6.550781801342964 1.1547015979886055 2.4
      vertex 6.420908197760582 1.2555183991789818 2.4
      vertex 6.420908197760582 1.2555183991789818 3
    endloop
  endfacet
  facet normal 0.7576977155877849 0.6526056786399059 0
    outer loop
      vertex 6.309265002608299 1.3851400017738342 2.4
      vertex 6.309265002608299 1.3851400017738342 3
      vertex 6.420908197760582 1.2555183991789818 2.4
    endloop
  endfacet
  facet normal 0.8623145116393313 0.5063730670328168 0
    outer loop
      vertex 6.309265002608299 1.3851400017738342 2.4
      vertex 6.216989800333977 1.5422775968909264 2.4
      vertex 6.216989800333977 1.5422775968909264 3
    endloop
  endfacet
  facet normal -0.7400688036748098 -0.6725311634618398 0
    outer loop
      vertex 6.686666198074818 1.455468401312828 2.4
      vertex 6.617454998195171 1.531630001962185 3
      vertex 6.617454998195171 1.531630001962185 2.4
    endloop
  endfacet
  facet normal -0.2675447833376642 -0.9635454264894843 0
    outer loop
      vertex 6.847307801246643 1.3539196029305458 2.4
      vertex 6.938738197088242 1.3285323977470398 2.4
      vertex 6.847307801246643 1.3539196029305458 3
    endloop
  endfacet
  facet normal -0.08530780667520113 -0.9963546447526938 0
    outer loop
      vertex 6.938738197088242 1.3285323977470398 2.4
      vertex 7.037574999034405 1.3200699985027313 2.4
      vertex 6.938738197088242 1.3285323977470398 3
    endloop
  endfacet
  facet normal 0.07016207423385476 -0.9975356050483627 0
    outer loop
      vertex 7.037574999034405 1.3200699985027313 2.4
      vertex 7.138798601925373 1.327189601957798 2.4
      vertex 7.037574999034405 1.3200699985027313 3
    endloop
  endfacet
  facet normal 0.2258881726382298 -0.9741532392093973 0
    outer loop
      vertex 7.138798601925373 1.327189601957798 2.4
      vertex 7.230909399688244 1.3485483974218369 2.4
      vertex 7.138798601925373 1.327189601957798 3
    endloop
  endfacet
  facet normal 0.3941758927204041 -0.9190350187006329 0
    outer loop
      vertex 7.230909399688244 1.3485483974218369 2.4
      vertex 7.313907399773598 1.384146399796009 2.4
      vertex 7.230909399688244 1.3485483974218369 3
    endloop
  endfacet
  facet normal -0.44976284705974223 -0.8931480176346553 0
    outer loop
      vertex 6.847307801246643 1.3539196029305458 2.4
      vertex 6.763283796608448 1.3962315991520882 3
      vertex 6.763283796608448 1.3962315991520882 2.4
    endloop
  endfacet
  facet normal -0.611656268140994 -0.7911236373942018 0
    outer loop
      vertex 6.686666198074818 1.455468401312828 2.4
      vertex 6.763283796608448 1.3962315991520882 2.4
      vertex 6.686666198074818 1.455468401312828 3
    endloop
  endfacet
  facet normal 0.5592006426730096 -0.8290323523446436 0
    outer loop
      vertex 7.313907399773598 1.384146399796009 2.4
      vertex 7.387792602181435 1.433983601629734 2.4
      vertex 7.313907399773598 1.384146399796009 3
    endloop
  endfacet
  facet normal 0.7032769785684093 -0.7109159524273522 0
    outer loop
      vertex 7.387792602181435 1.433983601629734 2.4
      vertex 7.452564999461174 1.4980600029230118 2.4
      vertex 7.387792602181435 1.433983601629734 3
    endloop
  endfacet
  facet normal -0.519281981478059 0.8546029626161031 0
    outer loop
      vertex 7.502387799322605 1.1195475980639458 2.4
      vertex 7.502387799322605 1.1195475980639458 3
      vertex 7.6233081966638565 1.1930224001407623 2.4
    endloop
  endfacet
  facet normal -0.6655148231710926 0.746384632839898 0
    outer loop
      vertex 7.6233081966638565 1.1930224001407623 2.4
      vertex 7.6233081966638565 1.1930224001407623 3
      vertex 7.729254998266697 1.287490002810955 2.4
    endloop
  endfacet
  facet normal -0.7859040820330787 0.6183484243076421 0
    outer loop
      vertex 7.729254998266697 1.287490002810955 2.4
      vertex 7.729254998266697 1.287490002810955 3
      vertex 7.817869000136852 1.4001159965991974 2.4
    endloop
  endfacet
  facet normal 0.8160679709581389 -0.5779559384384472 0
    outer loop
      vertex 7.452564999461174 1.4980600029230118 2.4
      vertex 7.506770201027393 1.5745972022414207 2.4
      vertex 7.452564999461174 1.4980600029230118 3
    endloop
  endfacet
  facet normal -0.8803597203338924 0.4743066126606613 0
    outer loop
      vertex 7.817869000136852 1.4001159965991974 2.4
      vertex 7.817869000136852 1.4001159965991974 3
      vertex 7.886790998280048 1.5280420035123825 2.4
    endloop
  endfacet
  facet normal 0 0 1
    outer loop
      vertex 6.216989800333977 1.5422775968909264 2.4
      vertex 6.512661397457123 1.720101997256279 2.4
      vertex 6.145220197737217 1.7256183996796608 2.4
    endloop
  endfacet
  facet normal 0 0 1
    outer loop
      vertex 6.216989800333977 1.5422775968909264 2.4
      vertex 6.558508597314358 1.6210659965872765 2.4
      vertex 6.512661397457123 1.720101997256279 2.4
    endloop
  endfacet
  facet normal 0 0 1
    outer loop
      vertex 6.145220197737217 1.7256183996796608 2.4
      vertex 6.460264600813389 1.9469740018248558 2.4
      vertex 6.0939562022686005 1.935162402689457 2.4
    endloop
  endfacet
  facet normal 0 0 1
    outer loop
      vertex 6.145220197737217 1.7256183996796608 2.4
      vertex 6.512661397457123 1.720101997256279 2.4
      vertex 6.4799133986234665 1.828737996518612 2.4
    endloop
  endfacet
  facet normal 0 0 1
    outer loop
      vertex 6.145220197737217 1.7256183996796608 2.4
      vertex 6.4799133986234665 1.828737996518612 2.4
      vertex 6.460264600813389 1.9469740018248558 2.4
    endloop
  endfacet
  facet normal 0 0 1
    outer loop
      vertex 6.0939562022686005 1.935162402689457 2.4
      vertex 6.453714996576309 2.0748099982738495 2.4
      vertex 6.063197799026966 2.170909598469734 2.4
    endloop
  endfacet
  facet normal 0 0 1
    outer loop
      vertex 6.0939562022686005 1.935162402689457 2.4
      vertex 6.460264600813389 1.9469740018248558 2.4
      vertex 6.453714996576309 2.0748099982738495 2.4
    endloop
  endfacet
  facet normal 0 0 1
    outer loop
      vertex 6.063197799026966 2.170909598469734 2.4
      vertex 6.453714996576309 2.0748099982738495 2.4
      vertex 6.460020996630192 2.175269201397896 2.4
    endloop
  endfacet
  facet normal 0 0 1
    outer loop
      vertex 6.063197799026966 2.170909598469734 2.4
      vertex 6.460020996630192 2.175269201397896 2.4
      vertex 6.052945002913475 2.4328600019216537 2.4
    endloop
  endfacet
  facet normal 0 0 1
    outer loop
      vertex 6.460020996630192 2.175269201397896 2.4
      vertex 6.47893899679184 2.26669479906559 2.4
      vertex 6.052945002913475 2.4328600019216537 2.4
    endloop
  endfacet
  facet normal 0 0 1
    outer loop
      vertex 7.886790998280048 1.5280420035123825 2.4
      vertex 7.936021000146866 1.6712680011987686 2.4
      vertex 7.548929803073406 1.6617927998304367 2.4
    endloop
  endfacet
  facet normal 0 0 1
    outer loop
      vertex 7.548929803073406 1.6617927998304367 2.4
      vertex 7.936021000146866 1.6712680011987686 2.4
      vertex 7.579043798148632 1.7596468031406403 2.4
    endloop
  endfacet
  facet normal 0 0 1
    outer loop
      vertex 7.579043798148632 1.7596468031406403 2.4
      vertex 7.936021000146866 1.6712680011987686 2.4
      vertex 7.965558998286724 1.8297939971089363 2.4
    endloop
  endfacet
  facet normal 0 0 1
    outer loop
      vertex 7.579043798148632 1.7596468031406403 2.4
      vertex 7.965558998286724 1.8297939971089363 2.4
      vertex 7.597112201154232 1.8681591972708702 2.4
    endloop
  endfacet
  facet normal 0 0 1
    outer loop
      vertex 7.597112201154232 1.8681591972708702 2.4
      vertex 7.965558998286724 1.8297939971089363 2.4
      vertex 7.603134997189045 1.9873299971222878 2.4
    endloop
  endfacet
  facet normal 0 0 1
    outer loop
      vertex 7.603134997189045 1.9873299971222878 2.4
      vertex 7.965558998286724 1.8297939971089363 2.4
      vertex 7.975405000150204 2.003619998693466 2.4
    endloop
  endfacet
  facet normal 0 0 1
    outer loop
      vertex 7.603134997189045 1.9873299971222878 2.4
      vertex 7.975405000150204 2.003619998693466 2.4
      vertex 7.597031801939011 2.1061336025595665 2.4
    endloop
  endfacet
  facet normal 0 0 1
    outer loop
      vertex 7.597031801939011 2.1061336025595665 2.4
      vertex 7.975405000150204 2.003619998693466 2.4
      vertex 7.966086998581886 2.164412796497345 2.4
    endloop
  endfacet
  facet normal 0 0 1
    outer loop
      vertex 7.597031801939011 2.1061336025595665 2.4
      vertex 7.966086998581886 2.164412796497345 2.4
      vertex 7.578722201287746 2.213544398546219 2.4
    endloop
  endfacet
  facet normal 0 0 1
    outer loop
      vertex 7.578722201287746 2.213544398546219 2.4
      vertex 7.938133001327515 2.3115352019667625 2.4
      vertex 7.548206202685833 2.309562399983406 2.4
    endloop
  endfacet
  facet normal 0 0 1
    outer loop
      vertex 7.966086998581886 2.164412796497345 2.4
      vertex 7.938133001327515 2.3115352019667625 2.4
      vertex 7.578722201287746 2.213544398546219 2.4
    endloop
  endfacet
  facet normal 0 0 1
    outer loop
      vertex 6.47893899679184 2.26669479906559 2.4
      vertex 6.510468997061253 2.3490867987275124 2.4
      vertex 6.052945002913475 2.4328600019216537 2.4
    endloop
  endfacet
  facet normal 0 0 1
    outer loop
      vertex 6.510468997061253 2.3490867987275124 2.4
      vertex 6.417084999382496 2.5406799986958504 2.4
      vertex 6.052945002913475 2.4328600019216537 2.4
    endloop
  endfacet
  facet normal 0 0 1
    outer loop
      vertex 6.510468997061253 2.3490867987275124 2.4
      vertex 6.554610997438431 2.422445200383663 2.4
      vertex 6.417084999382496 2.5406799986958504 2.4
    endloop
  endfacet
  facet normal 0 0 1
    outer loop
      vertex 6.554610997438431 2.422445200383663 2.4
      vertex 6.611364997923374 2.4867699965834618 2.4
      vertex 6.417084999382496 2.5406799986958504 2.4
    endloop
  endfacet
  facet normal 0 0 1
    outer loop
      vertex 6.052945002913475 2.4328600019216537 2.4
      vertex 6.417084999382496 2.5406799986958504 2.4
      vertex 6.063604600727558 2.716854400932789 2.4
    endloop
  endfacet
  facet normal 0 0 1
    outer loop
      vertex 6.417084999382496 2.5406799986958504 2.4
      vertex 6.4239609986543655 2.75156319886446 2.4
      vertex 6.063604600727558 2.716854400932789 2.4
    endloop
  endfacet
  facet normal 0 0 1
    outer loop
      vertex 6.611364997923374 2.4867699965834618 2.4
      vertex 6.460215397179127 2.611192002892494 2.4
      vertex 6.417084999382496 2.5406799986958504 2.4
    endloop
  endfacet
  facet normal 0 0 1
    outer loop
      vertex 6.611364997923374 2.4867699965834618 2.4
      vertex 6.678382597863674 2.5405972003936768 2.4
      vertex 6.5098545998334885 2.674624003469944 2.4
    endloop
  endfacet
  facet normal 0 0 1
    outer loop
      vertex 6.611364997923374 2.4867699965834618 2.4
      vertex 6.5098545998334885 2.674624003469944 2.4
      vertex 6.460215397179127 2.611192002892494 2.4
    endloop
  endfacet
  facet normal 0 0 1
    outer loop
      vertex 6.678382597863674 2.5405972003936768 2.4
      vertex 6.7532913982868195 2.582462802529335 2.4
      vertex 6.5660025998950005 2.7309760004281998 2.4
    endloop
  endfacet
  facet normal 0 0 1
    outer loop
      vertex 6.678382597863674 2.5405972003936768 2.4
      vertex 6.5660025998950005 2.7309760004281998 2.4
      vertex 6.5098545998334885 2.674624003469944 2.4
    endloop
  endfacet
  facet normal 0 0 1
    outer loop
      vertex 6.7532913982868195 2.582462802529335 2.4
      vertex 6.628659397363663 2.780248001217842 2.4
      vertex 6.5660025998950005 2.7309760004281998 2.4
    endloop
  endfacet
  facet normal 0 0 1
    outer loop
      vertex 6.7532913982868195 2.582462802529335 2.4
      vertex 6.83609139919281 2.6123668029904366 2.4
      vertex 6.697824999690056 2.8224399983882904 2.4
    endloop
  endfacet
  facet normal 0 0 1
    outer loop
      vertex 6.7532913982868195 2.582462802529335 2.4
      vertex 6.697824999690056 2.8224399983882904 2.4
      vertex 6.628659397363663 2.780248001217842 2.4
    endloop
  endfacet
  facet normal 0 0 1
    outer loop
      vertex 6.83609139919281 2.6123668029904366 2.4
      vertex 6.926782600581646 2.6303092017769814 2.4
      vertex 6.772361800074577 2.8572267964482307 2.4
    endloop
  endfacet
  facet normal 0 0 1
    outer loop
      vertex 6.926782600581646 2.6303092017769814 2.4
      vertex 7.025365002453327 2.6362899988889694 2.4
      vertex 6.93413619697094 2.903609201312065 2.4
    endloop
  endfacet
  facet normal 0 0 1
    outer loop
      vertex 7.025365002453327 2.6362899988889694 2.4
      vertex 7.129607796669006 2.62953519821167 2.4
      vertex 7.112845003604889 2.9190699979662895 2.4
    endloop
  endfacet
  facet normal 0 0 1
    outer loop
      vertex 7.129607796669006 2.62953519821167 2.4
      vertex 7.2242482006549835 2.609270803630352 2.4
      vertex 7.264970198273659 2.9091423973441124 2.4
    endloop
  endfacet
  facet normal 0 0 1
    outer loop
      vertex 7.384721800684929 2.5282132029533386 2.4
      vertex 7.529915802180767 2.829721599817276 2.4
      vertex 7.3092861995100975 2.5754968002438545 2.4
    endloop
  endfacet
  facet normal 0 0 1
    outer loop
      vertex 7.3092861995100975 2.5754968002438545 2.4
      vertex 7.403993800282478 2.8793596029281616 2.4
      vertex 7.2242482006549835 2.609270803630352 2.4
    endloop
  endfacet
  facet normal 0 0 1
    outer loop
      vertex 6.063604600727558 2.716854400932789 2.4
      vertex 6.4239609986543655 2.75156319886446 2.4
      vertex 6.095583401620388 2.9731815978884697 2.4
    endloop
  endfacet
  facet normal 0 0 1
    outer loop
      vertex 6.4239609986543655 2.75156319886446 2.4
      vertex 6.4445889964699745 2.9415327981114388 2.4
      vertex 6.095583401620388 2.9731815978884697 2.4
    endloop
  endfacet
  facet normal 0 0 1
    outer loop
      vertex 6.095583401620388 2.9731815978884697 2.4
      vertex 6.4445889964699745 2.9415327981114388 2.4
      vertex 6.148881398141384 3.201841600239277 2.4
    endloop
  endfacet
  facet normal 0 0 1
    outer loop
      vertex 6.4445889964699745 2.9415327981114388 2.4
      vertex 6.478969000279903 3.1105887964367867 2.4
      vertex 6.148881398141384 3.201841600239277 2.4
    endloop
  endfacet
  facet normal 0 0 1
    outer loop
      vertex 6.697824999690056 2.8224399983882904 2.4
      vertex 6.83609139919281 2.6123668029904366 2.4
      vertex 6.772361800074577 2.8572267964482307 2.4
    endloop
  endfacet
  facet normal 0 0 1
    outer loop
      vertex 6.926782600581646 2.6303092017769814 2.4
      vertex 6.851132199168205 2.884283199906349 2.4
      vertex 6.772361800074577 2.8572267964482307 2.4
    endloop
  endfacet
  facet normal 0 0 1
    outer loop
      vertex 6.926782600581646 2.6303092017769814 2.4
      vertex 6.93413619697094 2.903609201312065 2.4
      vertex 6.851132199168205 2.884283199906349 2.4
    endloop
  endfacet
  facet normal 0 0 1
    outer loop
      vertex 7.025365002453327 2.6362899988889694 2.4
      vertex 7.021373800933361 2.9152048006653786 2.4
      vertex 6.93413619697094 2.903609201312065 2.4
    endloop
  endfacet
  facet normal 0 0 1
    outer loop
      vertex 7.025365002453327 2.6362899988889694 2.4
      vertex 7.112845003604889 2.9190699979662895 2.4
      vertex 7.021373800933361 2.9152048006653786 2.4
    endloop
  endfacet
  facet normal 0 0 1
    outer loop
      vertex 7.129607796669006 2.62953519821167 2.4
      vertex 7.264970198273659 2.9091423973441124 2.4
      vertex 7.112845003604889 2.9190699979662895 2.4
    endloop
  endfacet
  facet normal 0 0 1
    outer loop
      vertex 7.3092861995100975 2.5754968002438545 2.4
      vertex 7.529915802180767 2.829721599817276 2.4
      vertex 7.403993800282478 2.8793596029281616 2.4
    endloop
  endfacet
  facet normal 0 0 1
    outer loop
      vertex 7.2242482006549835 2.609270803630352 2.4
      vertex 7.403993800282478 2.8793596029281616 2.4
      vertex 7.264970198273659 2.9091423973441124 2.4
    endloop
  endfacet
  facet normal 0 0 1
    outer loop
      vertex 7.548206202685833 2.309562399983406 2.4
      vertex 7.938133001327515 2.3115352019667625 2.4
      vertex 7.891543000936508 2.4449872002005577 2.4
    endloop
  endfacet
  facet normal 0 0 1
    outer loop
      vertex 7.548206202685833 2.309562399983406 2.4
      vertex 7.826316997408867 2.564768798649311 2.4
      vertex 7.50548379868269 2.3941875994205475 2.4
    endloop
  endfacet
  facet normal 0 0 1
    outer loop
      vertex 7.548206202685833 2.309562399983406 2.4
      vertex 7.891543000936508 2.4449872002005577 2.4
      vertex 7.826316997408867 2.564768798649311 2.4
    endloop
  endfacet
  facet normal 0 0 1
    outer loop
      vertex 7.50548379868269 2.3941875994205475 2.4
      vertex 7.742454998195171 2.6708799973130226 2.4
      vertex 7.450554996728897 2.467419996857643 2.4
    endloop
  endfacet
  facet normal 0 0 1
    outer loop
      vertex 7.384721800684929 2.5282132029533386 2.4
      vertex 7.450554996728897 2.467419996857643 2.4
      vertex 7.642736196517944 2.7602284029126167 2.4
    endloop
  endfacet
  facet normal 0 0 1
    outer loop
      vertex 7.50548379868269 2.3941875994205475 2.4
      vertex 7.826316997408867 2.564768798649311 2.4
      vertex 7.742454998195171 2.6708799973130226 2.4
    endloop
  endfacet
  facet normal 0 0 1
    outer loop
      vertex 7.450554996728897 2.467419996857643 2.4
      vertex 7.742454998195171 2.6708799973130226 2.4
      vertex 7.642736196517944 2.7602284029126167 2.4
    endloop
  endfacet
  facet normal 0 0 1
    outer loop
      vertex 7.384721800684929 2.5282132029533386 2.4
      vertex 7.642736196517944 2.7602284029126167 2.4
      vertex 7.529915802180767 2.829721599817276 2.4
    endloop
  endfacet
  facet normal 0.9311952893391512 0.3645206895535213 0
    outer loop
      vertex 6.216989800333977 1.5422775968909264 2.4
      vertex 6.145220197737217 1.7256183996796608 2.4
      vertex 6.145220197737217 1.7256183996796608 3
    endloop
  endfacet
  facet normal -0.834958419625679 -0.5503130359133687 0
    outer loop
      vertex 6.617454998195171 1.531630001962185 2.4
      vertex 6.558508597314358 1.6210659965872765 3
      vertex 6.558508597314358 1.6210659965872765 2.4
    endloop
  endfacet
  facet normal -0.9074766900175519 -0.4201024364066316 0
    outer loop
      vertex 6.558508597314358 1.6210659965872765 2.4
      vertex 6.512661397457123 1.720101997256279 3
      vertex 6.512661397457123 1.720101997256279 2.4
    endloop
  endfacet
  facet normal 0.971353943739418 0.23763736234413899 0
    outer loop
      vertex 6.145220197737217 1.7256183996796608 2.4
      vertex 6.0939562022686005 1.935162402689457 2.4
      vertex 6.0939562022686005 1.935162402689457 3
    endloop
  endfacet
  facet normal -0.9574441264517022 -0.2886186839467205 0
    outer loop
      vertex 6.512661397457123 1.720101997256279 2.4
      vertex 6.4799133986234665 1.828737996518612 3
      vertex 6.4799133986234665 1.828737996518612 2.4
    endloop
  endfacet
  facet normal -0.9864712078649355 -0.16393460907781215 0
    outer loop
      vertex 6.4799133986234665 1.828737996518612 2.4
      vertex 6.460264600813389 1.9469740018248558 3
      vertex 6.460264600813389 1.9469740018248558 2.4
    endloop
  endfacet
  facet normal 0.9915956800404774 0.12937545101395131 0
    outer loop
      vertex 6.0939562022686005 1.935162402689457 2.4
      vertex 6.063197799026966 2.170909598469734 2.4
      vertex 6.063197799026966 2.170909598469734 3
    endloop
  endfacet
  facet normal -0.9986900949406838 -0.051167316397950614 0
    outer loop
      vertex 6.460264600813389 1.9469740018248558 2.4
      vertex 6.453714996576309 2.0748099982738495 3
      vertex 6.453714996576309 2.0748099982738495 2.4
    endloop
  endfacet
  facet normal -0.9980356568200229 0.06264844543821943 0
    outer loop
      vertex 6.453714996576309 2.0748099982738495 2.4
      vertex 6.460020996630192 2.175269201397896 3
      vertex 6.460020996630192 2.175269201397896 2.4
    endloop
  endfacet
  facet normal -0.9792554055513275 0.20262983664432344 0
    outer loop
      vertex 6.460020996630192 2.175269201397896 2.4
      vertex 6.47893899679184 2.26669479906559 3
      vertex 6.47893899679184 2.26669479906559 2.4
    endloop
  endfacet
  facet normal -0.9339490314848237 0.3574062206909107 0
    outer loop
      vertex 6.47893899679184 2.26669479906559 2.4
      vertex 6.510468997061253 2.3490867987275124 3
      vertex 6.510468997061253 2.3490867987275124 2.4
    endloop
  endfacet
  facet normal 0.9002880081541179 -0.4352947304687835 0
    outer loop
      vertex 7.506770201027393 1.5745972022414207 2.4
      vertex 7.548929803073406 1.6617927998304367 2.4
      vertex 7.506770201027393 1.5745972022414207 3
    endloop
  endfacet
  facet normal 0.9557650858296002 -0.2941310944275306 0
    outer loop
      vertex 7.548929803073406 1.6617927998304367 2.4
      vertex 7.579043798148632 1.7596468031406403 2.4
      vertex 7.548929803073406 1.6617927998304367 3
    endloop
  endfacet
  facet normal -0.9456945861919728 0.3250565330018663 0
    outer loop
      vertex 7.886790998280048 1.5280420035123825 2.4
      vertex 7.886790998280048 1.5280420035123825 3
      vertex 7.936021000146866 1.6712680011987686 2.4
    endloop
  endfacet
  facet normal -0.983080065870732 0.1831763742615221 0
    outer loop
      vertex 7.936021000146866 1.6712680011987686 2.4
      vertex 7.936021000146866 1.6712680011987686 3
      vertex 7.965558998286724 1.8297939971089363 2.4
    endloop
  endfacet
  facet normal 0.9864189664730729 -0.16424866082313877 0
    outer loop
      vertex 7.579043798148632 1.7596468031406403 2.4
      vertex 7.597112201154232 1.8681591972708702 2.4
      vertex 7.579043798148632 1.7596468031406403 3
    endloop
  endfacet
  facet normal 0.9987253362934666 -0.05047477236701578 0
    outer loop
      vertex 7.597112201154232 1.8681591972708702 2.4
      vertex 7.603134997189045 1.9873299971222878 2.4
      vertex 7.597112201154232 1.8681591972708702 3
    endloop
  endfacet
  facet normal -0.9983996431353772 0.056552211160583794 0
    outer loop
      vertex 7.965558998286724 1.8297939971089363 2.4
      vertex 7.965558998286724 1.8297939971089363 3
      vertex 7.975405000150204 2.003619998693466 2.4
    endloop
  endfacet
  facet normal 0.998683057783599 0.05130448417049519 0
    outer loop
      vertex 7.603134997189045 1.9873299971222878 2.4
      vertex 7.597031801939011 2.1061336025595665 2.4
      vertex 7.603134997189045 1.9873299971222878 3
    endloop
  endfacet
  facet normal 0.9857802835933898 0.16803937776169034 0
    outer loop
      vertex 7.597031801939011 2.1061336025595665 2.4
      vertex 7.578722201287746 2.213544398546219 2.4
      vertex 7.597031801939011 2.1061336025595665 3
    endloop
  endfacet
  facet normal -0.9983250948871141 -0.057853305166037476 0
    outer loop
      vertex 7.975405000150204 2.003619998693466 2.4
      vertex 7.975405000150204 2.003619998693466 3
      vertex 7.966086998581886 2.164412796497345 2.4
    endloop
  endfacet
  facet normal 0.9530266262972081 0.30288652919626796 0
    outer loop
      vertex 7.578722201287746 2.213544398546219 2.4
      vertex 7.548206202685833 2.309562399983406 2.4
      vertex 7.578722201287746 2.213544398546219 3
    endloop
  endfacet
  facet normal 0.8926913334334391 0.4506685957694727 0
    outer loop
      vertex 7.548206202685833 2.309562399983406 2.4
      vertex 7.50548379868269 2.3941875994205475 2.4
      vertex 7.548206202685833 2.309562399983406 3
    endloop
  endfacet
  facet normal -0.9824235452690426 -0.18666541645683976 0
    outer loop
      vertex 7.966086998581886 2.164412796497345 2.4
      vertex 7.966086998581886 2.164412796497345 3
      vertex 7.938133001327515 2.3115352019667625 2.4
    endloop
  endfacet
  facet normal 0.9992349005972483 0.03911027267109565 0
    outer loop
      vertex 6.063197799026966 2.170909598469734 2.4
      vertex 6.052945002913475 2.4328600019216537 2.4
      vertex 6.052945002913475 2.4328600019216537 3
    endloop
  endfacet
  facet normal -0.8568380091596948 0.5155857116515649 0
    outer loop
      vertex 6.510468997061253 2.3490867987275124 2.4
      vertex 6.554610997438431 2.422445200383663 3
      vertex 6.554610997438431 2.422445200383663 2.4
    endloop
  endfacet
  facet normal -0.7498562034008787 0.6616008420650781 0
    outer loop
      vertex 6.554610997438431 2.422445200383663 2.4
      vertex 6.611364997923374 2.4867699965834618 3
      vertex 6.611364997923374 2.4867699965834618 2.4
    endloop
  endfacet
  facet normal -0.6262057083538779 0.7796578806277905 0
    outer loop
      vertex 6.611364997923374 2.4867699965834618 2.4
      vertex 6.678382597863674 2.5405972003936768 3
      vertex 6.678382597863674 2.5405972003936768 2.4
    endloop
  endfacet
  facet normal 0.9992963227672961 -0.03750812317032313 0
    outer loop
      vertex 6.052945002913475 2.4328600019216537 2.4
      vertex 6.063604600727558 2.716854400932789 2.4
      vertex 6.063604600727558 2.716854400932789 3
    endloop
  endfacet
  facet normal 0.8530679023619259 -0.5217999175544433 0
    outer loop
      vertex 6.417084999382496 2.5406799986958504 2.4
      vertex 6.460215397179127 2.611192002892494 2.4
      vertex 6.460215397179127 2.611192002892494 3
    endloop
  endfacet
  facet normal -0.9994688568736805 0.03258840498733474 0
    outer loop
      vertex 6.417084999382496 2.5406799986958504 2.4
      vertex 6.417084999382496 2.5406799986958504 3
      vertex 6.4239609986543655 2.75156319886446 2.4
    endloop
  endfacet
  facet normal 0.7875244791482363 -0.6162833721124552 0
    outer loop
      vertex 6.460215397179127 2.611192002892494 2.4
      vertex 6.5098545998334885 2.674624003469944 2.4
      vertex 6.5098545998334885 2.674624003469944 3
    endloop
  endfacet
  facet normal 0.7083878173956683 -0.7058234199609711 0
    outer loop
      vertex 6.5098545998334885 2.674624003469944 2.4
      vertex 6.5660025998950005 2.7309760004281998 2.4
      vertex 6.5660025998950005 2.7309760004281998 3
    endloop
  endfacet
  facet normal -0.4878639980181188 0.8729196523379325 0
    outer loop
      vertex 6.678382597863674 2.5405972003936768 2.4
      vertex 6.7532913982868195 2.582462802529335 3
      vertex 6.7532913982868195 2.582462802529335 2.4
    endloop
  endfacet
  facet normal -0.33968465999648334 0.9405393834194683 0
    outer loop
      vertex 6.7532913982868195 2.582462802529335 2.4
      vertex 6.83609139919281 2.6123668029904366 3
      vertex 6.83609139919281 2.6123668029904366 2.4
    endloop
  endfacet
  facet normal -0.19407881536804114 0.9809859394636286 0
    outer loop
      vertex 6.83609139919281 2.6123668029904366 2.4
      vertex 6.926782600581646 2.6303092017769814 3
      vertex 6.926782600581646 2.6303092017769814 2.4
    endloop
  endfacet
  facet normal -0.06055665929485518 0.9981647614572691 0
    outer loop
      vertex 6.926782600581646 2.6303092017769814 2.4
      vertex 7.025365002453327 2.6362899988889694 3
      vertex 7.025365002453327 2.6362899988889694 2.4
    endloop
  endfacet
  facet normal 0.0646631160280371 0.9979071507036839 0
    outer loop
      vertex 7.025365002453327 2.6362899988889694 2.4
      vertex 7.129607796669006 2.62953519821167 3
      vertex 7.129607796669006 2.62953519821167 2.4
    endloop
  endfacet
  facet normal 0.2093740726342008 0.97783561896086 0
    outer loop
      vertex 7.129607796669006 2.62953519821167 2.4
      vertex 7.2242482006549835 2.609270803630352 3
      vertex 7.2242482006549835 2.609270803630352 2.4
    endloop
  endfacet
  facet normal 0.3691171155760157 0.9293828893350912 0
    outer loop
      vertex 7.3092861995100975 2.5754968002438545 2.4
      vertex 7.2242482006549835 2.609270803630352 2.4
      vertex 7.3092861995100975 2.5754968002438545 3
    endloop
  endfacet
  facet normal 0.5310997781254768 0.8473092857245631 0
    outer loop
      vertex 7.384721800684929 2.5282132029533386 2.4
      vertex 7.3092861995100975 2.5754968002438545 2.4
      vertex 7.384721800684929 2.5282132029533386 3
    endloop
  endfacet
  facet normal 0.9923074361598091 -0.123798029636768 0
    outer loop
      vertex 6.063604600727558 2.716854400932789 2.4
      vertex 6.095583401620388 2.9731815978884697 2.4
      vertex 6.095583401620388 2.9731815978884697 3
    endloop
  endfacet
  facet normal -0.9941561910126152 0.10795122913282934 0
    outer loop
      vertex 6.4239609986543655 2.75156319886446 2.4
      vertex 6.4239609986543655 2.75156319886446 3
      vertex 6.4445889964699745 2.9415327981114388 2.4
    endloop
  endfacet
  facet normal 0.6181446505120493 -0.7860643682570382 0
    outer loop
      vertex 6.5660025998950005 2.7309760004281998 2.4
      vertex 6.628659397363663 2.780248001217842 2.4
      vertex 6.628659397363663 2.780248001217842 3
    endloop
  endfacet
  facet normal 0.5207680154115565 -0.8536982336424908 0
    outer loop
      vertex 6.628659397363663 2.780248001217842 2.4
      vertex 6.697824999690056 2.8224399983882904 2.4
      vertex 6.697824999690056 2.8224399983882904 3
    endloop
  endfacet
  facet normal -0.9799414928090765 0.19928540004505713 0
    outer loop
      vertex 6.4445889964699745 2.9415327981114388 2.4
      vertex 6.4445889964699745 2.9415327981114388 3
      vertex 6.478969000279903 3.1105887964367867 2.4
    endloop
  endfacet
  facet normal 0.42291499427429574 -0.906169359235884 0
    outer loop
      vertex 6.697824999690056 2.8224399983882904 2.4
      vertex 6.772361800074577 2.8572267964482307 2.4
      vertex 6.772361800074577 2.8572267964482307 3
    endloop
  endfacet
  facet normal 0.32485511197371036 -0.9457637951542384 0
    outer loop
      vertex 6.772361800074577 2.8572267964482307 2.4
      vertex 6.851132199168205 2.884283199906349 2.4
      vertex 6.851132199168205 2.884283199906349 3
    endloop
  endfacet
  facet normal 0.22676669028425314 -0.9739491096446086 0
    outer loop
      vertex 6.851132199168205 2.884283199906349 2.4
      vertex 6.93413619697094 2.903609201312065 2.4
      vertex 6.93413619697094 2.903609201312065 3
    endloop
  endfacet
  facet normal 0.13176087993149765 -0.9912815293949936 0
    outer loop
      vertex 6.93413619697094 2.903609201312065 2.4
      vertex 7.021373800933361 2.9152048006653786 2.4
      vertex 7.021373800933361 2.9152048006653786 3
    endloop
  endfacet
  facet normal 0.0422182176545446 -0.9991084135858699 0
    outer loop
      vertex 7.021373800933361 2.9152048006653786 2.4
      vertex 7.112845003604889 2.9190699979662895 2.4
      vertex 7.112845003604889 2.9190699979662895 3
    endloop
  endfacet
  facet normal -0.06512089033404925 -0.9978773820676069 0
    outer loop
      vertex 7.112845003604889 2.9190699979662895 2.4
      vertex 7.264970198273659 2.9091423973441124 2.4
      vertex 7.264970198273659 2.9091423973441124 3
    endloop
  endfacet
  facet normal -0.20947544287838962 -0.977813908078067 0
    outer loop
      vertex 7.264970198273659 2.9091423973441124 2.4
      vertex 7.403993800282478 2.8793596029281616 2.4
      vertex 7.403993800282478 2.8793596029281616 3
    endloop
  endfacet
  facet normal 0.7999763836395094 0.6000314871896744 0
    outer loop
      vertex 7.50548379868269 2.3941875994205475 2.4
      vertex 7.450554996728897 2.467419996857643 2.4
      vertex 7.50548379868269 2.3941875994205475 3
    endloop
  endfacet
  facet normal 0.6784253151728715 0.7346693757960719 0
    outer loop
      vertex 7.384721800684929 2.5282132029533386 2.4
      vertex 7.450554996728897 2.467419996857643 3
      vertex 7.450554996728897 2.467419996857643 2.4
    endloop
  endfacet
  facet normal -0.944118795998708 -0.32960536864855494 0
    outer loop
      vertex 7.938133001327515 2.3115352019667625 2.4
      vertex 7.938133001327515 2.3115352019667625 3
      vertex 7.891543000936508 2.4449872002005577 2.4
    endloop
  endfacet
  facet normal -0.8782325927039527 -0.4782337431763815 0
    outer loop
      vertex 7.891543000936508 2.4449872002005577 2.4
      vertex 7.891543000936508 2.4449872002005577 3
      vertex 7.826316997408867 2.564768798649311 2.4
    endloop
  endfacet
  facet normal -0.6673186714440522 -0.7447723079855647 0
    outer loop
      vertex 7.642736196517944 2.7602284029126167 2.4
      vertex 7.742454998195171 2.6708799973130226 2.4
      vertex 7.742454998195171 2.6708799973130226 3
    endloop
  endfacet
  facet normal -0.7845590235036374 -0.6200541416997543 0
    outer loop
      vertex 7.826316997408867 2.564768798649311 2.4
      vertex 7.826316997408867 2.564768798649311 3
      vertex 7.742454998195171 2.6708799973130226 2.4
    endloop
  endfacet
  facet normal -0.5244546164514466 -0.8514384036926957 0
    outer loop
      vertex 7.642736196517944 2.7602284029126167 2.4
      vertex 7.642736196517944 2.7602284029126167 3
      vertex 7.529915802180767 2.829721599817276 2.4
    endloop
  endfacet
  facet normal -0.3667315092346496 -0.9303268243657581 0
    outer loop
      vertex 7.529915802180767 2.829721599817276 2.4
      vertex 7.529915802180767 2.829721599817276 3
      vertex 7.403993800282478 2.8793596029281616 2.4
    endloop
  endfacet
  facet normal 0.4372762085543793 0.8993272582504698 0
    outer loop
      vertex 6.698885798454285 1.0826895982027054 2.4
      vertex 6.550781801342964 1.1547015979886055 3
      vertex 6.698885798454285 1.0826895982027054 3
    endloop
  endfacet
  facet normal 0.2514172176659118 0.9678788057712243 0
    outer loop
      vertex 6.865220196545124 1.0394823998212814 2.4
      vertex 6.698885798454285 1.0826895982027054 3
      vertex 6.865220196545124 1.0394823998212814 3
    endloop
  endfacet
  facet normal 0.07779785215604618 0.9969691540864772 0
    outer loop
      vertex 7.049785003066063 1.0250800028443336 2.4
      vertex 6.865220196545124 1.0394823998212814 3
      vertex 7.049785003066063 1.0250800028443336 3
    endloop
  endfacet
  facet normal -0.0631654843428796 0.9980030669230078 0
    outer loop
      vertex 7.215626202523708 1.0355764031410217 2.4
      vertex 7.049785003066063 1.0250800028443336 3
      vertex 7.215626202523708 1.0355764031410217 3
    endloop
  endfacet
  facet normal -0.2043176810993073 0.97890463539111 0
    outer loop
      vertex 7.366493798792362 1.0670655965805054 2.4
      vertex 7.215626202523708 1.0355764031410217 3
      vertex 7.366493798792362 1.0670655965805054 3
    endloop
  endfacet
  facet normal 0.6131975470340782 0.7899295970600098 0
    outer loop
      vertex 6.550781801342964 1.1547015979886055 2.4
      vertex 6.420908197760582 1.2555183991789818 3
      vertex 6.550781801342964 1.1547015979886055 3
    endloop
  endfacet
  facet normal 0.7576977155877849 0.6526056786399059 0
    outer loop
      vertex 6.420908197760582 1.2555183991789818 2.4
      vertex 6.309265002608299 1.3851400017738342 3
      vertex 6.420908197760582 1.2555183991789818 3
    endloop
  endfacet
  facet normal 0.8623145116393313 0.5063730670328168 0
    outer loop
      vertex 6.309265002608299 1.3851400017738342 2.4
      vertex 6.216989800333977 1.5422775968909264 3
      vertex 6.309265002608299 1.3851400017738342 3
    endloop
  endfacet
  facet normal -0.7400688036748098 -0.6725311634618398 0
    outer loop
      vertex 6.686666198074818 1.455468401312828 2.4
      vertex 6.686666198074818 1.455468401312828 3
      vertex 6.617454998195171 1.531630001962185 3
    endloop
  endfacet
  facet normal -0.834958419625679 -0.5503130359133687 0
    outer loop
      vertex 6.617454998195171 1.531630001962185 2.4
      vertex 6.617454998195171 1.531630001962185 3
      vertex 6.558508597314358 1.6210659965872765 3
    endloop
  endfacet
  facet normal -0.2675447833376642 -0.9635454264894843 0
    outer loop
      vertex 6.938738197088242 1.3285323977470398 2.4
      vertex 6.938738197088242 1.3285323977470398 3
      vertex 6.847307801246643 1.3539196029305458 3
    endloop
  endfacet
  facet normal -0.08530780667520113 -0.9963546447526938 0
    outer loop
      vertex 7.037574999034405 1.3200699985027313 2.4
      vertex 7.037574999034405 1.3200699985027313 3
      vertex 6.938738197088242 1.3285323977470398 3
    endloop
  endfacet
  facet normal 0.07016207423385476 -0.9975356050483627 0
    outer loop
      vertex 7.138798601925373 1.327189601957798 2.4
      vertex 7.138798601925373 1.327189601957798 3
      vertex 7.037574999034405 1.3200699985027313 3
    endloop
  endfacet
  facet normal 0.2258881726382298 -0.9741532392093973 0
    outer loop
      vertex 7.230909399688244 1.3485483974218369 2.4
      vertex 7.230909399688244 1.3485483974218369 3
      vertex 7.138798601925373 1.327189601957798 3
    endloop
  endfacet
  facet normal -0.611656268140994 -0.7911236373942018 0
    outer loop
      vertex 6.763283796608448 1.3962315991520882 2.4
      vertex 6.763283796608448 1.3962315991520882 3
      vertex 6.686666198074818 1.455468401312828 3
    endloop
  endfacet
  facet normal -0.44976284705974223 -0.8931480176346553 0
    outer loop
      vertex 6.847307801246643 1.3539196029305458 2.4
      vertex 6.847307801246643 1.3539196029305458 3
      vertex 6.763283796608448 1.3962315991520882 3
    endloop
  endfacet
  facet normal 0.3941758927204041 -0.9190350187006329 0
    outer loop
      vertex 7.313907399773598 1.384146399796009 2.4
      vertex 7.313907399773598 1.384146399796009 3
      vertex 7.230909399688244 1.3485483974218369 3
    endloop
  endfacet
  facet normal 0.5592006426730096 -0.8290323523446436 0
    outer loop
      vertex 7.387792602181435 1.433983601629734 2.4
      vertex 7.387792602181435 1.433983601629734 3
      vertex 7.313907399773598 1.384146399796009 3
    endloop
  endfacet
  facet normal -0.36026489233932246 0.9328500454776943 0
    outer loop
      vertex 7.502387799322605 1.1195475980639458 2.4
      vertex 7.366493798792362 1.0670655965805054 3
      vertex 7.502387799322605 1.1195475980639458 3
    endloop
  endfacet
  facet normal -0.519281981478059 0.8546029626161031 0
    outer loop
      vertex 7.6233081966638565 1.1930224001407623 2.4
      vertex 7.502387799322605 1.1195475980639458 3
      vertex 7.6233081966638565 1.1930224001407623 3
    endloop
  endfacet
  facet normal -0.6655148231710926 0.746384632839898 0
    outer loop
      vertex 7.729254998266697 1.287490002810955 2.4
      vertex 7.6233081966638565 1.1930224001407623 3
      vertex 7.729254998266697 1.287490002810955 3
    endloop
  endfacet
  facet normal -0.7859040820330787 0.6183484243076421 0
    outer loop
      vertex 7.817869000136852 1.4001159965991974 2.4
      vertex 7.729254998266697 1.287490002810955 3
      vertex 7.817869000136852 1.4001159965991974 3
    endloop
  endfacet
  facet normal 0.7032769785684093 -0.7109159524273522 0
    outer loop
      vertex 7.452564999461174 1.4980600029230118 2.4
      vertex 7.452564999461174 1.4980600029230118 3
      vertex 7.387792602181435 1.433983601629734 3
    endloop
  endfacet
  facet normal 0.8160679709581389 -0.5779559384384472 0
    outer loop
      vertex 7.506770201027393 1.5745972022414207 2.4
      vertex 7.506770201027393 1.5745972022414207 3
      vertex 7.452564999461174 1.4980600029230118 3
    endloop
  endfacet
  facet normal -0.8803597203338924 0.4743066126606613 0
    outer loop
      vertex 7.886790998280048 1.5280420035123825 2.4
      vertex 7.817869000136852 1.4001159965991974 3
      vertex 7.886790998280048 1.5280420035123825 3
    endloop
  endfacet
  facet normal 0.9311952893391512 0.3645206895535213 0
    outer loop
      vertex 6.216989800333977 1.5422775968909264 2.4
      vertex 6.145220197737217 1.7256183996796608 3
      vertex 6.216989800333977 1.5422775968909264 3
    endloop
  endfacet
  facet normal -0.9074766900175519 -0.4201024364066316 0
    outer loop
      vertex 6.558508597314358 1.6210659965872765 2.4
      vertex 6.558508597314358 1.6210659965872765 3
      vertex 6.512661397457123 1.720101997256279 3
    endloop
  endfacet
  facet normal -0.9574441264517022 -0.2886186839467205 0
    outer loop
      vertex 6.512661397457123 1.720101997256279 2.4
      vertex 6.512661397457123 1.720101997256279 3
      vertex 6.4799133986234665 1.828737996518612 3
    endloop
  endfacet
  facet normal 0.971353943739418 0.23763736234413899 0
    outer loop
      vertex 6.145220197737217 1.7256183996796608 2.4
      vertex 6.0939562022686005 1.935162402689457 3
      vertex 6.145220197737217 1.7256183996796608 3
    endloop
  endfacet
  facet normal -0.9864712078649355 -0.16393460907781215 0
    outer loop
      vertex 6.4799133986234665 1.828737996518612 2.4
      vertex 6.4799133986234665 1.828737996518612 3
      vertex 6.460264600813389 1.9469740018248558 3
    endloop
  endfacet
  facet normal 0.9915956800404774 0.12937545101395131 0
    outer loop
      vertex 6.0939562022686005 1.935162402689457 2.4
      vertex 6.063197799026966 2.170909598469734 3
      vertex 6.0939562022686005 1.935162402689457 3
    endloop
  endfacet
  facet normal -0.9986900949406838 -0.051167316397950614 0
    outer loop
      vertex 6.460264600813389 1.9469740018248558 2.4
      vertex 6.460264600813389 1.9469740018248558 3
      vertex 6.453714996576309 2.0748099982738495 3
    endloop
  endfacet
  facet normal -0.9980356568200229 0.06264844543821943 0
    outer loop
      vertex 6.453714996576309 2.0748099982738495 2.4
      vertex 6.453714996576309 2.0748099982738495 3
      vertex 6.460020996630192 2.175269201397896 3
    endloop
  endfacet
  facet normal 0.9992349005972483 0.03911027267109565 0
    outer loop
      vertex 6.063197799026966 2.170909598469734 2.4
      vertex 6.052945002913475 2.4328600019216537 3
      vertex 6.063197799026966 2.170909598469734 3
    endloop
  endfacet
  facet normal -0.9792554055513275 0.20262983664432344 0
    outer loop
      vertex 6.460020996630192 2.175269201397896 2.4
      vertex 6.460020996630192 2.175269201397896 3
      vertex 6.47893899679184 2.26669479906559 3
    endloop
  endfacet
  facet normal -0.9339490314848237 0.3574062206909107 0
    outer loop
      vertex 6.47893899679184 2.26669479906559 2.4
      vertex 6.47893899679184 2.26669479906559 3
      vertex 6.510468997061253 2.3490867987275124 3
    endloop
  endfacet
  facet normal 0.9002880081541179 -0.4352947304687835 0
    outer loop
      vertex 7.548929803073406 1.6617927998304367 2.4
      vertex 7.548929803073406 1.6617927998304367 3
      vertex 7.506770201027393 1.5745972022414207 3
    endloop
  endfacet
  facet normal 0.9557650858296002 -0.2941310944275306 0
    outer loop
      vertex 7.579043798148632 1.7596468031406403 2.4
      vertex 7.579043798148632 1.7596468031406403 3
      vertex 7.548929803073406 1.6617927998304367 3
    endloop
  endfacet
  facet normal -0.9456945861919728 0.3250565330018663 0
    outer loop
      vertex 7.936021000146866 1.6712680011987686 2.4
      vertex 7.886790998280048 1.5280420035123825 3
      vertex 7.936021000146866 1.6712680011987686 3
    endloop
  endfacet
  facet normal 0.9864189664730729 -0.16424866082313877 0
    outer loop
      vertex 7.597112201154232 1.8681591972708702 2.4
      vertex 7.597112201154232 1.8681591972708702 3
      vertex 7.579043798148632 1.7596468031406403 3
    endloop
  endfacet
  facet normal 0.9987253362934666 -0.05047477236701578 0
    outer loop
      vertex 7.603134997189045 1.9873299971222878 2.4
      vertex 7.603134997189045 1.9873299971222878 3
      vertex 7.597112201154232 1.8681591972708702 3
    endloop
  endfacet
  facet normal -0.983080065870732 0.1831763742615221 0
    outer loop
      vertex 7.965558998286724 1.8297939971089363 2.4
      vertex 7.936021000146866 1.6712680011987686 3
      vertex 7.965558998286724 1.8297939971089363 3
    endloop
  endfacet
  facet normal -0.9983996431353772 0.056552211160583794 0
    outer loop
      vertex 7.975405000150204 2.003619998693466 2.4
      vertex 7.965558998286724 1.8297939971089363 3
      vertex 7.975405000150204 2.003619998693466 3
    endloop
  endfacet
  facet normal 0.998683057783599 0.05130448417049519 0
    outer loop
      vertex 7.597031801939011 2.1061336025595665 2.4
      vertex 7.597031801939011 2.1061336025595665 3
      vertex 7.603134997189045 1.9873299971222878 3
    endloop
  endfacet
  facet normal -0.9983250948871141 -0.057853305166037476 0
    outer loop
      vertex 7.966086998581886 2.164412796497345 2.4
      vertex 7.975405000150204 2.003619998693466 3
      vertex 7.966086998581886 2.164412796497345 3
    endloop
  endfacet
  facet normal 0.9857802835933898 0.16803937776169034 0
    outer loop
      vertex 7.578722201287746 2.213544398546219 2.4
      vertex 7.578722201287746 2.213544398546219 3
      vertex 7.597031801939011 2.1061336025595665 3
    endloop
  endfacet
  facet normal 0.9530266262972081 0.30288652919626796 0
    outer loop
      vertex 7.548206202685833 2.309562399983406 2.4
      vertex 7.548206202685833 2.309562399983406 3
      vertex 7.578722201287746 2.213544398546219 3
    endloop
  endfacet
  facet normal -0.9824235452690426 -0.18666541645683976 0
    outer loop
      vertex 7.938133001327515 2.3115352019667625 2.4
      vertex 7.966086998581886 2.164412796497345 3
      vertex 7.938133001327515 2.3115352019667625 3
    endloop
  endfacet
  facet normal 0.9992963227672961 -0.03750812317032313 0
    outer loop
      vertex 6.052945002913475 2.4328600019216537 2.4
      vertex 6.063604600727558 2.716854400932789 3
      vertex 6.052945002913475 2.4328600019216537 3
    endloop
  endfacet
  facet normal -0.8568380091596948 0.5155857116515649 0
    outer loop
      vertex 6.510468997061253 2.3490867987275124 2.4
      vertex 6.510468997061253 2.3490867987275124 3
      vertex 6.554610997438431 2.422445200383663 3
    endloop
  endfacet
  facet normal -0.7498562034008787 0.6616008420650781 0
    outer loop
      vertex 6.554610997438431 2.422445200383663 2.4
      vertex 6.554610997438431 2.422445200383663 3
      vertex 6.611364997923374 2.4867699965834618 3
    endloop
  endfacet
  facet normal -0.6262057083538779 0.7796578806277905 0
    outer loop
      vertex 6.611364997923374 2.4867699965834618 2.4
      vertex 6.611364997923374 2.4867699965834618 3
      vertex 6.678382597863674 2.5405972003936768 3
    endloop
  endfacet
  facet normal 0.8530679023619259 -0.5217999175544433 0
    outer loop
      vertex 6.417084999382496 2.5406799986958504 2.4
      vertex 6.460215397179127 2.611192002892494 3
      vertex 6.417084999382496 2.5406799986958504 3
    endloop
  endfacet
  facet normal 0.7875244791482363 -0.6162833721124552 0
    outer loop
      vertex 6.460215397179127 2.611192002892494 2.4
      vertex 6.5098545998334885 2.674624003469944 3
      vertex 6.460215397179127 2.611192002892494 3
    endloop
  endfacet
  facet normal -0.9994688568736805 0.03258840498733474 0
    outer loop
      vertex 6.4239609986543655 2.75156319886446 2.4
      vertex 6.417084999382496 2.5406799986958504 3
      vertex 6.4239609986543655 2.75156319886446 3
    endloop
  endfacet
  facet normal 0.7083878173956683 -0.7058234199609711 0
    outer loop
      vertex 6.5098545998334885 2.674624003469944 2.4
      vertex 6.5660025998950005 2.7309760004281998 3
      vertex 6.5098545998334885 2.674624003469944 3
    endloop
  endfacet
  facet normal 0.6784253151728715 0.7346693757960719 0
    outer loop
      vertex 7.384721800684929 2.5282132029533386 2.4
      vertex 7.384721800684929 2.5282132029533386 3
      vertex 7.450554996728897 2.467419996857643 3
    endloop
  endfacet
  facet normal -0.4878639980181188 0.8729196523379325 0
    outer loop
      vertex 6.678382597863674 2.5405972003936768 2.4
      vertex 6.678382597863674 2.5405972003936768 3
      vertex 6.7532913982868195 2.582462802529335 3
    endloop
  endfacet
  facet normal -0.33968465999648334 0.9405393834194683 0
    outer loop
      vertex 6.7532913982868195 2.582462802529335 2.4
      vertex 6.7532913982868195 2.582462802529335 3
      vertex 6.83609139919281 2.6123668029904366 3
    endloop
  endfacet
  facet normal -0.19407881536804114 0.9809859394636286 0
    outer loop
      vertex 6.83609139919281 2.6123668029904366 2.4
      vertex 6.83609139919281 2.6123668029904366 3
      vertex 6.926782600581646 2.6303092017769814 3
    endloop
  endfacet
  facet normal -0.06055665929485518 0.9981647614572691 0
    outer loop
      vertex 6.926782600581646 2.6303092017769814 2.4
      vertex 6.926782600581646 2.6303092017769814 3
      vertex 7.025365002453327 2.6362899988889694 3
    endloop
  endfacet
  facet normal 0.0646631160280371 0.9979071507036839 0
    outer loop
      vertex 7.025365002453327 2.6362899988889694 2.4
      vertex 7.025365002453327 2.6362899988889694 3
      vertex 7.129607796669006 2.62953519821167 3
    endloop
  endfacet
  facet normal 0.2093740726342008 0.97783561896086 0
    outer loop
      vertex 7.129607796669006 2.62953519821167 2.4
      vertex 7.129607796669006 2.62953519821167 3
      vertex 7.2242482006549835 2.609270803630352 3
    endloop
  endfacet
  facet normal 0.5310997781254768 0.8473092857245631 0
    outer loop
      vertex 7.3092861995100975 2.5754968002438545 2.4
      vertex 7.3092861995100975 2.5754968002438545 3
      vertex 7.384721800684929 2.5282132029533386 3
    endloop
  endfacet
  facet normal 0.3691171155760157 0.9293828893350912 0
    outer loop
      vertex 7.2242482006549835 2.609270803630352 2.4
      vertex 7.2242482006549835 2.609270803630352 3
      vertex 7.3092861995100975 2.5754968002438545 3
    endloop
  endfacet
  facet normal 0.9923074361598091 -0.123798029636768 0
    outer loop
      vertex 6.063604600727558 2.716854400932789 2.4
      vertex 6.095583401620388 2.9731815978884697 3
      vertex 6.063604600727558 2.716854400932789 3
    endloop
  endfacet
  facet normal 0.6181446505120493 -0.7860643682570382 0
    outer loop
      vertex 6.5660025998950005 2.7309760004281998 2.4
      vertex 6.628659397363663 2.780248001217842 3
      vertex 6.5660025998950005 2.7309760004281998 3
    endloop
  endfacet
  facet normal 0.5207680154115565 -0.8536982336424908 0
    outer loop
      vertex 6.628659397363663 2.780248001217842 2.4
      vertex 6.697824999690056 2.8224399983882904 3
      vertex 6.628659397363663 2.780248001217842 3
    endloop
  endfacet
  facet normal -0.9941561910126152 0.10795122913282934 0
    outer loop
      vertex 6.4445889964699745 2.9415327981114388 2.4
      vertex 6.4239609986543655 2.75156319886446 3
      vertex 6.4445889964699745 2.9415327981114388 3
    endloop
  endfacet
  facet normal 0.9738939664372981 -0.22700339675217784 0
    outer loop
      vertex 6.095583401620388 2.9731815978884697 2.4
      vertex 6.148881398141384 3.201841600239277 3
      vertex 6.095583401620388 2.9731815978884697 3
    endloop
  endfacet
  facet normal -0.9799414928090765 0.19928540004505713 0
    outer loop
      vertex 6.478969000279903 3.1105887964367867 2.4
      vertex 6.4445889964699745 2.9415327981114388 3
      vertex 6.478969000279903 3.1105887964367867 3
    endloop
  endfacet
  facet normal 0.42291499427429574 -0.906169359235884 0
    outer loop
      vertex 6.697824999690056 2.8224399983882904 2.4
      vertex 6.772361800074577 2.8572267964482307 3
      vertex 6.697824999690056 2.8224399983882904 3
    endloop
  endfacet
  facet normal 0.32485511197371036 -0.9457637951542384 0
    outer loop
      vertex 6.772361800074577 2.8572267964482307 2.4
      vertex 6.851132199168205 2.884283199906349 3
      vertex 6.772361800074577 2.8572267964482307 3
    endloop
  endfacet
  facet normal 0.22676669028425314 -0.9739491096446086 0
    outer loop
      vertex 6.851132199168205 2.884283199906349 2.4
      vertex 6.93413619697094 2.903609201312065 3
      vertex 6.851132199168205 2.884283199906349 3
    endloop
  endfacet
  facet normal 0.13176087993149765 -0.9912815293949936 0
    outer loop
      vertex 6.93413619697094 2.903609201312065 2.4
      vertex 7.021373800933361 2.9152048006653786 3
      vertex 6.93413619697094 2.903609201312065 3
    endloop
  endfacet
  facet normal 0.0422182176545446 -0.9991084135858699 0
    outer loop
      vertex 7.021373800933361 2.9152048006653786 2.4
      vertex 7.112845003604889 2.9190699979662895 3
      vertex 7.021373800933361 2.9152048006653786 3
    endloop
  endfacet
  facet normal -0.06512089033404925 -0.9978773820676069 0
    outer loop
      vertex 7.112845003604889 2.9190699979662895 2.4
      vertex 7.264970198273659 2.9091423973441124 3
      vertex 7.112845003604889 2.9190699979662895 3
    endloop
  endfacet
  facet normal -0.20947544287838962 -0.977813908078067 0
    outer loop
      vertex 7.264970198273659 2.9091423973441124 2.4
      vertex 7.403993800282478 2.8793596029281616 3
      vertex 7.264970198273659 2.9091423973441124 3
    endloop
  endfacet
  facet normal 0.8926913334334391 0.4506685957694727 0
    outer loop
      vertex 7.50548379868269 2.3941875994205475 2.4
      vertex 7.50548379868269 2.3941875994205475 3
      vertex 7.548206202685833 2.309562399983406 3
    endloop
  endfacet
  facet normal 0.7999763836395094 0.6000314871896744 0
    outer loop
      vertex 7.450554996728897 2.467419996857643 2.4
      vertex 7.450554996728897 2.467419996857643 3
      vertex 7.50548379868269 2.3941875994205475 3
    endloop
  endfacet
  facet normal -0.944118795998708 -0.32960536864855494 0
    outer loop
      vertex 7.891543000936508 2.4449872002005577 2.4
      vertex 7.938133001327515 2.3115352019667625 3
      vertex 7.891543000936508 2.4449872002005577 3
    endloop
  endfacet
  facet normal -0.8782325927039527 -0.4782337431763815 0
    outer loop
      vertex 7.826316997408867 2.564768798649311 2.4
      vertex 7.891543000936508 2.4449872002005577 3
      vertex 7.826316997408867 2.564768798649311 3
    endloop
  endfacet
  facet normal -0.7845590235036374 -0.6200541416997543 0
    outer loop
      vertex 7.742454998195171 2.6708799973130226 2.4
      vertex 7.826316997408867 2.564768798649311 3
      vertex 7.742454998195171 2.6708799973130226 3
    endloop
  endfacet
  facet normal -0.6673186714440522 -0.7447723079855647 0
    outer loop
      vertex 7.642736196517944 2.7602284029126167 2.4
      vertex 7.742454998195171 2.6708799973130226 3
      vertex 7.642736196517944 2.7602284029126167 3
    endloop
  endfacet
  facet normal -0.5244546164514466 -0.8514384036926957 0
    outer loop
      vertex 7.529915802180767 2.829721599817276 2.4
      vertex 7.642736196517944 2.7602284029126167 3
      vertex 7.529915802180767 2.829721599817276 3
    endloop
  endfacet
  facet normal -0.3667315092346496 -0.9303268243657581 0
    outer loop
      vertex 7.403993800282478 2.8793596029281616 2.4
      vertex 7.529915802180767 2.829721599817276 3
      vertex 7.403993800282478 2.8793596029281616 3
    endloop
  endfacet
  facet normal 0 0 1
    outer loop
      vertex 6.148881398141384 3.201841600239277 2.4
      vertex 6.527101002633572 3.2587312012910843 2.4
      vertex 6.223498597741127 3.40283440053463 2.4
    endloop
  endfacet
  facet normal 0 0 1
    outer loop
      vertex 6.478969000279903 3.1105887964367867 2.4
      vertex 6.527101002633572 3.2587312012910843 2.4
      vertex 6.148881398141384 3.201841600239277 2.4
    endloop
  endfacet
  facet normal 0 0 1
    outer loop
      vertex 6.527101002633572 3.2587312012910843 2.4
      vertex 6.588985003530979 3.3859599977731705 2.4
      vertex 6.223498597741127 3.40283440053463 2.4
    endloop
  endfacet
  facet normal 0 0 1
    outer loop
      vertex 6.223498597741127 3.40283440053463 2.4
      vertex 6.588985003530979 3.3859599977731705 2.4
      vertex 6.319435000419617 3.5761599987745285 2.4
    endloop
  endfacet
  facet normal 0 0 1
    outer loop
      vertex 6.588985003530979 3.3859599977731705 2.4
      vertex 6.66340059787035 3.491054803133011 2.4
      vertex 6.319435000419617 3.5761599987745285 2.4
    endloop
  endfacet
  facet normal 0 0 1
    outer loop
      vertex 6.66340059787035 3.491054803133011 2.4
      vertex 6.435064598917961 3.7197135984897614 2.4
      vertex 6.319435000419617 3.5761599987745285 2.4
    endloop
  endfacet
  facet normal 0 0 1
    outer loop
      vertex 6.66340059787035 3.491054803133011 2.4
      vertex 6.7491274029016495 3.572795197367668 2.4
      vertex 6.435064598917961 3.7197135984897614 2.4
    endloop
  endfacet
  facet normal 0 0 1
    outer loop
      vertex 6.435064598917961 3.7197135984897614 2.4
      vertex 6.7491274029016495 3.572795197367668 2.4
      vertex 6.568761400878429 3.8313663974404335 2.4
    endloop
  endfacet
  facet normal 0 0 1
    outer loop
      vertex 6.568761400878429 3.8313663974404335 2.4
      vertex 6.7491274029016495 3.572795197367668 2.4
      vertex 6.846165403723717 3.631181202828884 2.4
    endloop
  endfacet
  facet normal 0 0 1
    outer loop
      vertex 7.324495002627373 3.621907599270344 2.4
      vertex 7.418893001973629 3.5519296005368233 2.4
      vertex 7.520608596503735 3.8815023973584175 2.4
    endloop
  endfacet
  facet normal 0 0 1
    outer loop
      vertex 6.568761400878429 3.8313663974404335 2.4
      vertex 6.846165403723717 3.631181202828884 2.4
      vertex 6.720525398850441 3.9111184030771255 2.4
    endloop
  endfacet
  facet normal 0 0 1
    outer loop
      vertex 6.846165403723717 3.631181202828884 2.4
      vertex 6.954514600336552 3.666212797164917 2.4
      vertex 6.890356600284576 3.9589696004986763 2.4
    endloop
  endfacet
  facet normal 0 0 1
    outer loop
      vertex 6.954514600336552 3.666212797164917 2.4
      vertex 7.074175000190735 3.6778900027275085 2.4
      vertex 7.078254997730255 3.9749199971556664 2.4
    endloop
  endfacet
  facet normal 0 0 1
    outer loop
      vertex 6.846165403723717 3.631181202828884 2.4
      vertex 6.890356600284576 3.9589696004986763 2.4
      vertex 6.720525398850441 3.9111184030771255 2.4
    endloop
  endfacet
  facet normal 0 0 1
    outer loop
      vertex 6.954514600336552 3.666212797164917 2.4
      vertex 7.078254997730255 3.9749199971556664 2.4
      vertex 6.890356600284576 3.9589696004986763 2.4
    endloop
  endfacet
  facet normal 0 0 1
    outer loop
      vertex 7.074175000190735 3.6778900027275085 2.4
      vertex 7.209588997066021 3.663894400000572 2.4
      vertex 7.078254997730255 3.9749199971556664 2.4
    endloop
  endfacet
  facet normal 0 0 1
    outer loop
      vertex 7.324495002627373 3.621907599270344 2.4
      vertex 7.318635396659374 3.9515656009316444 2.4
      vertex 7.209588997066021 3.663894400000572 2.4
    endloop
  endfacet
  facet normal 0 0 1
    outer loop
      vertex 7.209588997066021 3.663894400000572 2.4
      vertex 7.318635396659374 3.9515656009316444 2.4
      vertex 7.078254997730255 3.9749199971556664 2.4
    endloop
  endfacet
  facet normal 0 0 1
    outer loop
      vertex 7.324495002627373 3.621907599270344 2.4
      vertex 7.520608596503735 3.8815023973584175 2.4
      vertex 7.318635396659374 3.9515656009316444 2.4
    endloop
  endfacet
  facet normal 0 0 1
    outer loop
      vertex 7.546164996922016 3.3280000016093254 2.4
      vertex 7.809333398938179 3.601249597966671 2.4
      vertex 7.49278300255537 3.45396039634943 2.4
    endloop
  endfacet
  facet normal 0 0 1
    outer loop
      vertex 7.546164996922016 3.3280000016093254 2.4
      vertex 7.896085001528263 3.3910600021481514 2.4
      vertex 7.809333398938179 3.601249597966671 2.4
    endloop
  endfacet
  facet normal 0 0 1
    outer loop
      vertex 7.49278300255537 3.45396039634943 2.4
      vertex 7.684174597263336 3.7647304013371468 2.4
      vertex 7.418893001973629 3.5519296005368233 2.4
    endloop
  endfacet
  facet normal 0 0 1
    outer loop
      vertex 7.49278300255537 3.45396039634943 2.4
      vertex 7.809333398938179 3.601249597966671 2.4
      vertex 7.684174597263336 3.7647304013371468 2.4
    endloop
  endfacet
  facet normal 0 0 1
    outer loop
      vertex 7.418893001973629 3.5519296005368233 2.4
      vertex 7.684174597263336 3.7647304013371468 2.4
      vertex 7.520608596503735 3.8815023973584175 2.4
    endloop
  endfacet
  facet normal 0.9738939664372981 -0.22700339675217784 0
    outer loop
      vertex 6.095583401620388 2.9731815978884697 2.4
      vertex 6.148881398141384 3.201841600239277 2.4
      vertex 6.148881398141384 3.201841600239277 3
    endloop
  endfacet
  facet normal -0.9510610120348739 0.30900315756833513 0
    outer loop
      vertex 6.478969000279903 3.1105887964367867 2.4
      vertex 6.478969000279903 3.1105887964367867 3
      vertex 6.527101002633572 3.2587312012910843 2.4
    endloop
  endfacet
  facet normal -0.899265920057015 0.43740233769838316 0
    outer loop
      vertex 6.527101002633572 3.2587312012910843 2.4
      vertex 6.527101002633572 3.2587312012910843 3
      vertex 6.588985003530979 3.3859599977731705 2.4
    endloop
  endfacet
  facet normal 0.9374819983112743 -0.34803376681336534 0
    outer loop
      vertex 6.148881398141384 3.201841600239277 2.4
      vertex 6.223498597741127 3.40283440053463 2.4
      vertex 6.223498597741127 3.40283440053463 3
    endloop
  endfacet
  facet normal -0.8161217525438569 0.5778799918882327 0
    outer loop
      vertex 6.588985003530979 3.3859599977731705 2.4
      vertex 6.588985003530979 3.3859599977731705 3
      vertex 6.66340059787035 3.491054803133011 2.4
    endloop
  endfacet
  facet normal 0.8749182240667115 -0.48427069000296885 0
    outer loop
      vertex 6.223498597741127 3.40283440053463 2.4
      vertex 6.319435000419617 3.5761599987745285 2.4
      vertex 6.319435000419617 3.5761599987745285 3
    endloop
  endfacet
  facet normal 0.7787825350857838 -0.6272940004857052 0
    outer loop
      vertex 6.319435000419617 3.5761599987745285 2.4
      vertex 6.435064598917961 3.7197135984897614 2.4
      vertex 6.435064598917961 3.7197135984897614 3
    endloop
  endfacet
  facet normal 0.6409931141802627 -0.7675466289245811 0
    outer loop
      vertex 6.435064598917961 3.7197135984897614 2.4
      vertex 6.568761400878429 3.8313663974404335 2.4
      vertex 6.568761400878429 3.8313663974404335 3
    endloop
  endfacet
  facet normal 0.4651809495196388 -0.8852156145278999 0
    outer loop
      vertex 6.568761400878429 3.8313663974404335 2.4
      vertex 6.720525398850441 3.9111184030771255 2.4
      vertex 6.720525398850441 3.9111184030771255 3
    endloop
  endfacet
  facet normal -0.6900792358549142 0.7237338241659689 0
    outer loop
      vertex 6.66340059787035 3.491054803133011 2.4
      vertex 6.66340059787035 3.491054803133011 3
      vertex 6.7491274029016495 3.572795197367668 2.4
    endloop
  endfacet
  facet normal -0.5155550083704205 0.8568564835164496 0
    outer loop
      vertex 6.7491274029016495 3.572795197367668 2.4
      vertex 6.7491274029016495 3.572795197367668 3
      vertex 6.846165403723717 3.631181202828884 2.4
    endloop
  endfacet
  facet normal -0.307640954332331 0.9515025187657113 0
    outer loop
      vertex 6.846165403723717 3.631181202828884 2.4
      vertex 6.846165403723717 3.631181202828884 3
      vertex 6.954514600336552 3.666212797164917 2.4
    endloop
  endfacet
  facet normal -0.09712484793333179 0.9952722059386201 0
    outer loop
      vertex 6.954514600336552 3.666212797164917 2.4
      vertex 6.954514600336552 3.666212797164917 3
      vertex 7.074175000190735 3.6778900027275085 2.4
    endloop
  endfacet
  facet normal 0.5955217955656017 0.8033391506744345 0
    outer loop
      vertex 7.324495002627373 3.621907599270344 2.4
      vertex 7.324495002627373 3.621907599270344 3
      vertex 7.418893001973629 3.5519296005368233 2.4
    endloop
  endfacet
  facet normal 0.10280654525431844 0.9947013693832294 0
    outer loop
      vertex 7.074175000190735 3.6778900027275085 2.4
      vertex 7.074175000190735 3.6778900027275085 3
      vertex 7.209588997066021 3.663894400000572 2.4
    endloop
  endfacet
  facet normal 0.34320675609269363 0.9392598802101206 0
    outer loop
      vertex 7.324495002627373 3.621907599270344 2.4
      vertex 7.209588997066021 3.663894400000572 2.4
      vertex 7.209588997066021 3.663894400000572 3
    endloop
  endfacet
  facet normal 0.9207282287805767 0.39020447040824896 0
    outer loop
      vertex 7.546164996922016 3.3280000016093254 2.4
      vertex 7.49278300255537 3.45396039634943 2.4
      vertex 7.49278300255537 3.45396039634943 3
    endloop
  endfacet
  facet normal -0.17735567617890638 0.9841468204120374 0
    outer loop
      vertex 7.546164996922016 3.3280000016093254 2.4
      vertex 7.546164996922016 3.3280000016093254 3
      vertex 7.896085001528263 3.3910600021481514 2.4
    endloop
  endfacet
  facet normal -0.9243635581992562 -0.3815127943768207 0
    outer loop
      vertex 7.896085001528263 3.3910600021481514 2.4
      vertex 7.896085001528263 3.3910600021481514 3
      vertex 7.809333398938179 3.601249597966671 2.4
    endloop
  endfacet
  facet normal 0.7983811988025504 0.6021523572972232 0
    outer loop
      vertex 7.49278300255537 3.45396039634943 2.4
      vertex 7.418893001973629 3.5519296005368233 2.4
      vertex 7.418893001973629 3.5519296005368233 3
    endloop
  endfacet
  facet normal -0.7940200623138108 -0.6078915533573169 0
    outer loop
      vertex 7.809333398938179 3.601249597966671 2.4
      vertex 7.809333398938179 3.601249597966671 3
      vertex 7.684174597263336 3.7647304013371468 2.4
    endloop
  endfacet
  facet normal -0.5810376486565317 -0.8138766803660668 0
    outer loop
      vertex 7.684174597263336 3.7647304013371468 2.4
      vertex 7.684174597263336 3.7647304013371468 3
      vertex 7.520608596503735 3.8815023973584175 2.4
    endloop
  endfacet
  facet normal -0.327734578247853 -0.9447698376963048 0
    outer loop
      vertex 7.318635396659374 3.9515656009316444 2.4
      vertex 7.520608596503735 3.8815023973584175 2.4
      vertex 7.520608596503735 3.8815023973584175 3
    endloop
  endfacet
  facet normal 0.271198129565116 -0.9625235449174127 0
    outer loop
      vertex 6.720525398850441 3.9111184030771255 2.4
      vertex 6.890356600284576 3.9589696004986763 2.4
      vertex 6.890356600284576 3.9589696004986763 3
    endloop
  endfacet
  facet normal 0.08458420080937146 -0.9964163351598767 0
    outer loop
      vertex 6.890356600284576 3.9589696004986763 2.4
      vertex 7.078254997730255 3.9749199971556664 2.4
      vertex 7.078254997730255 3.9749199971556664 3
    endloop
  endfacet
  facet normal -0.09670067171393905 -0.9953135084434818 0
    outer loop
      vertex 7.318635396659374 3.9515656009316444 2.4
      vertex 7.318635396659374 3.9515656009316444 3
      vertex 7.078254997730255 3.9749199971556664 2.4
    endloop
  endfacet
  facet normal 0.9374819983112743 -0.34803376681336534 0
    outer loop
      vertex 6.148881398141384 3.201841600239277 2.4
      vertex 6.223498597741127 3.40283440053463 3
      vertex 6.148881398141384 3.201841600239277 3
    endloop
  endfacet
  facet normal -0.9510610120348739 0.30900315756833513 0
    outer loop
      vertex 6.527101002633572 3.2587312012910843 2.4
      vertex 6.478969000279903 3.1105887964367867 3
      vertex 6.527101002633572 3.2587312012910843 3
    endloop
  endfacet
  facet normal 0.8749182240667115 -0.48427069000296885 0
    outer loop
      vertex 6.223498597741127 3.40283440053463 2.4
      vertex 6.319435000419617 3.5761599987745285 3
      vertex 6.223498597741127 3.40283440053463 3
    endloop
  endfacet
  facet normal -0.899265920057015 0.43740233769838316 0
    outer loop
      vertex 6.588985003530979 3.3859599977731705 2.4
      vertex 6.527101002633572 3.2587312012910843 3
      vertex 6.588985003530979 3.3859599977731705 3
    endloop
  endfacet
  facet normal -0.8161217525438569 0.5778799918882327 0
    outer loop
      vertex 6.66340059787035 3.491054803133011 2.4
      vertex 6.588985003530979 3.3859599977731705 3
      vertex 6.66340059787035 3.491054803133011 3
    endloop
  endfacet
  facet normal 0.7787825350857838 -0.6272940004857052 0
    outer loop
      vertex 6.319435000419617 3.5761599987745285 2.4
      vertex 6.435064598917961 3.7197135984897614 3
      vertex 6.319435000419617 3.5761599987745285 3
    endloop
  endfacet
  facet normal 0.6409931141802627 -0.7675466289245811 0
    outer loop
      vertex 6.435064598917961 3.7197135984897614 2.4
      vertex 6.568761400878429 3.8313663974404335 3
      vertex 6.435064598917961 3.7197135984897614 3
    endloop
  endfacet
  facet normal 0.4651809495196388 -0.8852156145278999 0
    outer loop
      vertex 6.568761400878429 3.8313663974404335 2.4
      vertex 6.720525398850441 3.9111184030771255 3
      vertex 6.568761400878429 3.8313663974404335 3
    endloop
  endfacet
  facet normal -0.6900792358549142 0.7237338241659689 0
    outer loop
      vertex 6.7491274029016495 3.572795197367668 2.4
      vertex 6.66340059787035 3.491054803133011 3
      vertex 6.7491274029016495 3.572795197367668 3
    endloop
  endfacet
  facet normal -0.5155550083704205 0.8568564835164496 0
    outer loop
      vertex 6.846165403723717 3.631181202828884 2.4
      vertex 6.7491274029016495 3.572795197367668 3
      vertex 6.846165403723717 3.631181202828884 3
    endloop
  endfacet
  facet normal -0.307640954332331 0.9515025187657113 0
    outer loop
      vertex 6.954514600336552 3.666212797164917 2.4
      vertex 6.846165403723717 3.631181202828884 3
      vertex 6.954514600336552 3.666212797164917 3
    endloop
  endfacet
  facet normal -0.09712484793333179 0.9952722059386201 0
    outer loop
      vertex 7.074175000190735 3.6778900027275085 2.4
      vertex 6.954514600336552 3.666212797164917 3
      vertex 7.074175000190735 3.6778900027275085 3
    endloop
  endfacet
  facet normal 0.5955217955656017 0.8033391506744345 0
    outer loop
      vertex 7.418893001973629 3.5519296005368233 2.4
      vertex 7.324495002627373 3.621907599270344 3
      vertex 7.418893001973629 3.5519296005368233 3
    endloop
  endfacet
  facet normal 0.10280654525431844 0.9947013693832294 0
    outer loop
      vertex 7.209588997066021 3.663894400000572 2.4
      vertex 7.074175000190735 3.6778900027275085 3
      vertex 7.209588997066021 3.663894400000572 3
    endloop
  endfacet
  facet normal 0.34320675609269363 0.9392598802101206 0
    outer loop
      vertex 7.324495002627373 3.621907599270344 2.4
      vertex 7.209588997066021 3.663894400000572 3
      vertex 7.324495002627373 3.621907599270344 3
    endloop
  endfacet
  facet normal 0.9207282287805767 0.39020447040824896 0
    outer loop
      vertex 7.546164996922016 3.3280000016093254 2.4
      vertex 7.49278300255537 3.45396039634943 3
      vertex 7.546164996922016 3.3280000016093254 3
    endloop
  endfacet
  facet normal -0.17735567617890638 0.9841468204120374 0
    outer loop
      vertex 7.896085001528263 3.3910600021481514 2.4
      vertex 7.546164996922016 3.3280000016093254 3
      vertex 7.896085001528263 3.3910600021481514 3
    endloop
  endfacet
  facet normal 0.7983811988025504 0.6021523572972232 0
    outer loop
      vertex 7.49278300255537 3.45396039634943 2.4
      vertex 7.418893001973629 3.5519296005368233 3
      vertex 7.49278300255537 3.45396039634943 3
    endloop
  endfacet
  facet normal -0.7940200623138108 -0.6078915533573169 0
    outer loop
      vertex 7.684174597263336 3.7647304013371468 2.4
      vertex 7.809333398938179 3.601249597966671 3
      vertex 7.684174597263336 3.7647304013371468 3
    endloop
  endfacet
  facet normal -0.9243635581992562 -0.3815127943768207 0
    outer loop
      vertex 7.809333398938179 3.601249597966671 2.4
      vertex 7.896085001528263 3.3910600021481514 3
      vertex 7.809333398938179 3.601249597966671 3
    endloop
  endfacet
  facet normal -0.5810376486565317 -0.8138766803660668 0
    outer loop
      vertex 7.520608596503735 3.8815023973584175 2.4
      vertex 7.684174597263336 3.7647304013371468 3
      vertex 7.520608596503735 3.8815023973584175 3
    endloop
  endfacet
  facet normal 0.271198129565116 -0.9625235449174127 0
    outer loop
      vertex 6.720525398850441 3.9111184030771255 2.4
      vertex 6.890356600284576 3.9589696004986763 3
      vertex 6.720525398850441 3.9111184030771255 3
    endloop
  endfacet
  facet normal 0.08458420080937146 -0.9964163351598767 0
    outer loop
      vertex 6.890356600284576 3.9589696004986763 2.4
      vertex 7.078254997730255 3.9749199971556664 3
      vertex 6.890356600284576 3.9589696004986763 3
    endloop
  endfacet
  facet normal -0.09670067171393905 -0.9953135084434818 0
    outer loop
      vertex 7.078254997730255 3.9749199971556664 2.4
      vertex 7.318635396659374 3.9515656009316444 3
      vertex 7.078254997730255 3.9749199971556664 3
    endloop
  endfacet
  facet normal -0.327734578247853 -0.9447698376963048 0
    outer loop
      vertex 7.318635396659374 3.9515656009316444 2.4
      vertex 7.520608596503735 3.8815023973584175 3
      vertex 7.318635396659374 3.9515656009316444 3
    endloop
  endfacet
  facet normal 0 0 1
    outer loop
      vertex 17.083915002644062 1.066720001399517 2.4
      vertex 17.46635500341654 1.066720001399517 2.4
      vertex 17.469976596534252 1.2243387997150421 2.4
    endloop
  endfacet
  facet normal 0 0 1
    outer loop
      vertex 17.083915002644062 1.066720001399517 2.4
      vertex 17.469976596534252 1.2243387997150421 2.4
      vertex 17.093231797218323 1.288747601211071 2.4
    endloop
  endfacet
  facet normal 0 0 1
    outer loop
      vertex 17.093231797218323 1.288747601211071 2.4
      vertex 17.469976596534252 1.2243387997150421 2.4
      vertex 17.480841398239136 1.3798431977629662 2.4
    endloop
  endfacet
  facet normal 0 0 1
    outer loop
      vertex 17.093231797218323 1.288747601211071 2.4
      vertex 17.480841398239136 1.3798431977629662 2.4
      vertex 17.121182203292847 1.5154144018888474 2.4
    endloop
  endfacet
  facet normal 0 0 1
    outer loop
      vertex 17.480841398239136 1.3798431977629662 2.4
      vertex 17.49894940108061 1.5332332029938698 2.4
      vertex 17.121182203292847 1.5154144018888474 2.4
    endloop
  endfacet
  facet normal 0 1 0
    outer loop
      vertex 17.083915002644062 1.066720001399517 2.4
      vertex 17.083915002644062 1.066720001399517 3
      vertex 17.46635500341654 1.066720001399517 2.4
    endloop
  endfacet
  facet normal -0.9997361352516501 0.022970848310297474 0
    outer loop
      vertex 17.46635500341654 1.066720001399517 2.4
      vertex 17.46635500341654 1.066720001399517 3
      vertex 17.469976596534252 1.2243387997150421 2.4
    endloop
  endfacet
  facet normal 0.9991207425902717 -0.04192543053880265 0
    outer loop
      vertex 17.083915002644062 1.066720001399517 2.4
      vertex 17.093231797218323 1.288747601211071 2.4
      vertex 17.093231797218323 1.288747601211071 3
    endloop
  endfacet
  facet normal -0.9975681220103032 0.06969822055717569 0
    outer loop
      vertex 17.469976596534252 1.2243387997150421 2.4
      vertex 17.469976596534252 1.2243387997150421 3
      vertex 17.480841398239136 1.3798431977629662 2.4
    endloop
  endfacet
  facet normal 0.9924828734850348 -0.12238360118450681 0
    outer loop
      vertex 17.093231797218323 1.288747601211071 2.4
      vertex 17.121182203292847 1.5154144018888474 2.4
      vertex 17.121182203292847 1.5154144018888474 3
    endloop
  endfacet
  facet normal -0.9931038549176257 0.11723793476410095 0
    outer loop
      vertex 17.480841398239136 1.3798431977629662 2.4
      vertex 17.480841398239136 1.3798431977629662 3
      vertex 17.49894940108061 1.5332332029938698 2.4
    endloop
  endfacet
  facet normal 0 0 1
    outer loop
      vertex 17.121182203292847 1.5154144018888474 2.4
      vertex 17.49894940108061 1.5332332029938698 2.4
      vertex 17.167766198515892 1.746720403432846 2.4
    endloop
  endfacet
  facet normal 0 0 1
    outer loop
      vertex 17.49894940108061 1.5332332029938698 2.4
      vertex 17.52430059760809 1.6845088005065918 2.4
      vertex 17.167766198515892 1.746720403432846 2.4
    endloop
  endfacet
  facet normal 0 0 1
    outer loop
      vertex 17.167766198515892 1.746720403432846 2.4
      vertex 17.52430059760809 1.6845088005065918 2.4
      vertex 17.55689500272274 1.8336699977517128 2.4
    endloop
  endfacet
  facet normal 0 0 1
    outer loop
      vertex 17.167766198515892 1.746720403432846 2.4
      vertex 17.55689500272274 1.8336699977517128 2.4
      vertex 17.23298379778862 1.9826655983924866 2.4
    endloop
  endfacet
  facet normal 0 0 1
    outer loop
      vertex 17.23298379778862 1.9826655983924866 2.4
      vertex 17.55689500272274 1.8336699977517128 2.4
      vertex 17.596731401979923 1.9821807965636253 2.4
    endloop
  endfacet
  facet normal 0 0 1
    outer loop
      vertex 17.23298379778862 1.9826655983924866 2.4
      vertex 17.596731401979923 1.9821807965636253 2.4
      vertex 17.31683500111103 2.22325000166893 2.4
    endloop
  endfacet
  facet normal 0 0 1
    outer loop
      vertex 17.31683500111103 2.22325000166893 2.4
      vertex 17.596731401979923 1.9821807965636253 2.4
      vertex 17.643808603286743 2.131505198776722 2.4
    endloop
  endfacet
  facet normal 0 0 1
    outer loop
      vertex 17.31683500111103 2.22325000166893 2.4
      vertex 17.643808603286743 2.131505198776722 2.4
      vertex 17.69812659919262 2.281643196940422 2.4
    endloop
  endfacet
  facet normal 0 0 1
    outer loop
      vertex 17.31683500111103 2.22325000166893 2.4
      vertex 17.69812659919262 2.281643196940422 2.4
      vertex 17.422504596412182 2.4735196009278297 2.4
    endloop
  endfacet
  facet normal 0 0 1
    outer loop
      vertex 17.422504596412182 2.4735196009278297 2.4
      vertex 17.69812659919262 2.281643196940422 2.4
      vertex 17.759685397148132 2.4325947985053062 2.4
    endloop
  endfacet
  facet normal 0 0 1
    outer loop
      vertex 17.422504596412182 2.4735196009278297 2.4
      vertex 17.759685397148132 2.4325947985053062 2.4
      vertex 17.55315340310335 2.738520398736 2.4
    endloop
  endfacet
  facet normal 0 0 1
    outer loop
      vertex 17.759685397148132 2.4325947985053062 2.4
      vertex 17.828484997153282 2.5843600034713745 2.4
      vertex 17.55315340310335 2.738520398736 2.4
    endloop
  endfacet
  facet normal 0 0 1
    outer loop
      vertex 17.828484997153282 2.5843600034713745 2.4
      vertex 17.911240600049496 2.7481684014201164 2.4
      vertex 17.55315340310335 2.738520398736 2.4
    endloop
  endfacet
  facet normal 0 0 1
    outer loop
      vertex 17.55315340310335 2.738520398736 2.4
      vertex 17.911240600049496 2.7481684014201164 2.4
      vertex 17.708781398832798 3.0182524025440216 2.4
    endloop
  endfacet
  facet normal 0.9803167042660897 -0.19743140413032628 0
    outer loop
      vertex 17.121182203292847 1.5154144018888474 2.4
      vertex 17.167766198515892 1.746720403432846 2.4
      vertex 17.167766198515892 1.746720403432846 3
    endloop
  endfacet
  facet normal -0.9862470042458066 0.16527808873584016 0
    outer loop
      vertex 17.49894940108061 1.5332332029938698 2.4
      vertex 17.49894940108061 1.5332332029938698 3
      vertex 17.52430059760809 1.6845088005065918 2.4
    endloop
  endfacet
  facet normal -0.9769473112763304 0.21348056349454564 0
    outer loop
      vertex 17.52430059760809 1.6845088005065918 2.4
      vertex 17.52430059760809 1.6845088005065918 3
      vertex 17.55689500272274 1.8336699977517128 2.4
    endloop
  endfacet
  facet normal 0.9638571186233512 -0.266419696867726 0
    outer loop
      vertex 17.167766198515892 1.746720403432846 2.4
      vertex 17.23298379778862 1.9826655983924866 2.4
      vertex 17.23298379778862 1.9826655983924866 3
    endloop
  endfacet
  facet normal -0.9658557948463226 0.2590802647091796 0
    outer loop
      vertex 17.55689500272274 1.8336699977517128 2.4
      vertex 17.55689500272274 1.8336699977517128 3
      vertex 17.596731401979923 1.9821807965636253 2.4
    endloop
  endfacet
  facet normal 0.9442899716857877 -0.3291146447268101 0
    outer loop
      vertex 17.23298379778862 1.9826655983924866 2.4
      vertex 17.31683500111103 2.22325000166893 2.4
      vertex 17.31683500111103 2.22325000166893 3
    endloop
  endfacet
  facet normal -0.9537253795930022 0.3006790653174644 0
    outer loop
      vertex 17.596731401979923 1.9821807965636253 2.4
      vertex 17.596731401979923 1.9821807965636253 3
      vertex 17.643808603286743 2.131505198776722 2.4
    endloop
  endfacet
  facet normal -0.9403506554770524 0.3402067676338579 0
    outer loop
      vertex 17.643808603286743 2.131505198776722 2.4
      vertex 17.643808603286743 2.131505198776722 3
      vertex 17.69812659919262 2.281643196940422 2.4
    endloop
  endfacet
  facet normal -0.9259637105288416 0.37761250877541047 0
    outer loop
      vertex 17.69812659919262 2.281643196940422 2.4
      vertex 17.69812659919262 2.281643196940422 3
      vertex 17.759685397148132 2.4325947985053062 2.4
    endloop
  endfacet
  facet normal 0.9212492857968844 -0.3889726898109047 0
    outer loop
      vertex 17.31683500111103 2.22325000166893 2.4
      vertex 17.422504596412182 2.4735196009278297 2.4
      vertex 17.422504596412182 2.4735196009278297 3
    endloop
  endfacet
  facet normal -0.9107833131341836 0.41288467701807446 0
    outer loop
      vertex 17.759685397148132 2.4325947985053062 2.4
      vertex 17.759685397148132 2.4325947985053062 3
      vertex 17.828484997153282 2.5843600034713745 2.4
    endloop
  endfacet
  facet normal 0.8969198943988765 -0.4421930608133827 0
    outer loop
      vertex 17.422504596412182 2.4735196009278297 2.4
      vertex 17.55315340310335 2.738520398736 2.4
      vertex 17.55315340310335 2.738520398736 3
    endloop
  endfacet
  facet normal 0.8738635932571717 -0.4861711842341794 0
    outer loop
      vertex 17.55315340310335 2.738520398736 2.4
      vertex 17.708781398832798 3.0182524025440216 2.4
      vertex 17.708781398832798 3.0182524025440216 3
    endloop
  endfacet
  facet normal 0 0 1
    outer loop
      vertex 17.911240600049496 2.7481684014201164 2.4
      vertex 18.01466739922762 2.9352495968341827 2.4
      vertex 17.708781398832798 3.0182524025440216 2.4
    endloop
  endfacet
  facet normal 0 0 1
    outer loop
      vertex 18.01466739922762 2.9352495968341827 2.4
      vertex 17.889388598501682 3.312715597450733 2.4
      vertex 17.708781398832798 3.0182524025440216 2.4
    endloop
  endfacet
  facet normal -0.8925638296088592 0.4509210685629665 0
    outer loop
      vertex 17.828484997153282 2.5843600034713745 2.4
      vertex 17.828484997153282 2.5843600034713745 3
      vertex 17.911240600049496 2.7481684014201164 2.4
    endloop
  endfacet
  facet normal -0.8751626592983424 0.4838288124635131 0
    outer loop
      vertex 17.911240600049496 2.7481684014201164 2.4
      vertex 17.911240600049496 2.7481684014201164 3
      vertex 18.01466739922762 2.9352495968341827 2.4
    endloop
  endfacet
  facet normal -0.8612887127586231 0.5081158856743153 0
    outer loop
      vertex 18.01466739922762 2.9352495968341827 2.4
      vertex 18.01466739922762 2.9352495968341827 3
      vertex 18.138765402138233 3.145603597164154 2.4
    endloop
  endfacet
  facet normal 0 1 0
    outer loop
      vertex 17.46635500341654 1.066720001399517 2.4
      vertex 17.083915002644062 1.066720001399517 3
      vertex 17.46635500341654 1.066720001399517 3
    endloop
  endfacet
  facet normal 0.9991207425902717 -0.04192543053880265 0
    outer loop
      vertex 17.083915002644062 1.066720001399517 2.4
      vertex 17.093231797218323 1.288747601211071 3
      vertex 17.083915002644062 1.066720001399517 3
    endloop
  endfacet
  facet normal -0.9997361352516501 0.022970848310297474 0
    outer loop
      vertex 17.469976596534252 1.2243387997150421 2.4
      vertex 17.46635500341654 1.066720001399517 3
      vertex 17.469976596534252 1.2243387997150421 3
    endloop
  endfacet
  facet normal 0.9924828734850348 -0.12238360118450681 0
    outer loop
      vertex 17.093231797218323 1.288747601211071 2.4
      vertex 17.121182203292847 1.5154144018888474 3
      vertex 17.093231797218323 1.288747601211071 3
    endloop
  endfacet
  facet normal -0.9975681220103032 0.06969822055717569 0
    outer loop
      vertex 17.480841398239136 1.3798431977629662 2.4
      vertex 17.469976596534252 1.2243387997150421 3
      vertex 17.480841398239136 1.3798431977629662 3
    endloop
  endfacet
  facet normal -0.9931038549176257 0.11723793476410095 0
    outer loop
      vertex 17.49894940108061 1.5332332029938698 2.4
      vertex 17.480841398239136 1.3798431977629662 3
      vertex 17.49894940108061 1.5332332029938698 3
    endloop
  endfacet
  facet normal 0.9803167042660897 -0.19743140413032628 0
    outer loop
      vertex 17.121182203292847 1.5154144018888474 2.4
      vertex 17.167766198515892 1.746720403432846 3
      vertex 17.121182203292847 1.5154144018888474 3
    endloop
  endfacet
  facet normal -0.9862470042458066 0.16527808873584016 0
    outer loop
      vertex 17.52430059760809 1.6845088005065918 2.4
      vertex 17.49894940108061 1.5332332029938698 3
      vertex 17.52430059760809 1.6845088005065918 3
    endloop
  endfacet
  facet normal 0.9638571186233512 -0.266419696867726 0
    outer loop
      vertex 17.167766198515892 1.746720403432846 2.4
      vertex 17.23298379778862 1.9826655983924866 3
      vertex 17.167766198515892 1.746720403432846 3
    endloop
  endfacet
  facet normal -0.9769473112763304 0.21348056349454564 0
    outer loop
      vertex 17.55689500272274 1.8336699977517128 2.4
      vertex 17.52430059760809 1.6845088005065918 3
      vertex 17.55689500272274 1.8336699977517128 3
    endloop
  endfacet
  facet normal -0.9658557948463226 0.2590802647091796 0
    outer loop
      vertex 17.596731401979923 1.9821807965636253 2.4
      vertex 17.55689500272274 1.8336699977517128 3
      vertex 17.596731401979923 1.9821807965636253 3
    endloop
  endfacet
  facet normal 0.9442899716857877 -0.3291146447268101 0
    outer loop
      vertex 17.23298379778862 1.9826655983924866 2.4
      vertex 17.31683500111103 2.22325000166893 3
      vertex 17.23298379778862 1.9826655983924866 3
    endloop
  endfacet
  facet normal -0.9537253795930022 0.3006790653174644 0
    outer loop
      vertex 17.643808603286743 2.131505198776722 2.4
      vertex 17.596731401979923 1.9821807965636253 3
      vertex 17.643808603286743 2.131505198776722 3
    endloop
  endfacet
  facet normal 0.9212492857968844 -0.3889726898109047 0
    outer loop
      vertex 17.31683500111103 2.22325000166893 2.4
      vertex 17.422504596412182 2.4735196009278297 3
      vertex 17.31683500111103 2.22325000166893 3
    endloop
  endfacet
  facet normal -0.9403506554770524 0.3402067676338579 0
    outer loop
      vertex 17.69812659919262 2.281643196940422 2.4
      vertex 17.643808603286743 2.131505198776722 3
      vertex 17.69812659919262 2.281643196940422 3
    endloop
  endfacet
  facet normal -0.9259637105288416 0.37761250877541047 0
    outer loop
      vertex 17.759685397148132 2.4325947985053062 2.4
      vertex 17.69812659919262 2.281643196940422 3
      vertex 17.759685397148132 2.4325947985053062 3
    endloop
  endfacet
  facet normal -0.9107833131341836 0.41288467701807446 0
    outer loop
      vertex 17.828484997153282 2.5843600034713745 2.4
      vertex 17.759685397148132 2.4325947985053062 3
      vertex 17.828484997153282 2.5843600034713745 3
    endloop
  endfacet
  facet normal 0.8969198943988765 -0.4421930608133827 0
    outer loop
      vertex 17.422504596412182 2.4735196009278297 2.4
      vertex 17.55315340310335 2.738520398736 3
      vertex 17.422504596412182 2.4735196009278297 3
    endloop
  endfacet
  facet normal 0.8738635932571717 -0.4861711842341794 0
    outer loop
      vertex 17.55315340310335 2.738520398736 2.4
      vertex 17.708781398832798 3.0182524025440216 3
      vertex 17.55315340310335 2.738520398736 3
    endloop
  endfacet
  facet normal 0.8524338507116946 -0.52283508887682 0
    outer loop
      vertex 17.708781398832798 3.0182524025440216 2.4
      vertex 17.889388598501682 3.312715597450733 3
      vertex 17.708781398832798 3.0182524025440216 3
    endloop
  endfacet
  facet normal -0.8925638296088592 0.4509210685629665 0
    outer loop
      vertex 17.911240600049496 2.7481684014201164 2.4
      vertex 17.828484997153282 2.5843600034713745 3
      vertex 17.911240600049496 2.7481684014201164 3
    endloop
  endfacet
  facet normal -0.8751626592983424 0.4838288124635131 0
    outer loop
      vertex 18.01466739922762 2.9352495968341827 2.4
      vertex 17.911240600049496 2.7481684014201164 3
      vertex 18.01466739922762 2.9352495968341827 3
    endloop
  endfacet
  facet normal -0.8612887127586231 0.5081158856743153 0
    outer loop
      vertex 18.138765402138233 3.145603597164154 2.4
      vertex 18.01466739922762 2.9352495968341827 3
      vertex 18.138765402138233 3.145603597164154 3
    endloop
  endfacet
  facet normal 0 0 1
    outer loop
      vertex 16.55495499819517 3.621909998357296 2.4
      vertex 18.094975002110004 3.621909998357296 2.4
      vertex 16.55495499819517 3.933159999549389 2.4
    endloop
  endfacet
  facet normal 0 0 1
    outer loop
      vertex 16.55495499819517 3.933159999549389 2.4
      vertex 18.094975002110004 3.621909998357296 2.4
      vertex 18.44897499680519 3.933159999549389 2.4
    endloop
  endfacet
  facet normal 0 1 0
    outer loop
      vertex 16.55495499819517 3.621909998357296 2.4
      vertex 16.55495499819517 3.621909998357296 3
      vertex 18.094975002110004 3.621909998357296 2.4
    endloop
  endfacet
  facet normal 1 0 0
    outer loop
      vertex 16.55495499819517 3.621909998357296 2.4
      vertex 16.55495499819517 3.933159999549389 2.4
      vertex 16.55495499819517 3.933159999549389 3
    endloop
  endfacet
  facet normal 0 0 1
    outer loop
      vertex 18.01466739922762 2.9352495968341827 2.4
      vertex 18.138765402138233 3.145603597164154 2.4
      vertex 17.889388598501682 3.312715597450733 2.4
    endloop
  endfacet
  facet normal 0 0 1
    outer loop
      vertex 18.138765402138233 3.145603597164154 2.4
      vertex 18.283534601330757 3.3792304024100304 2.4
      vertex 17.889388598501682 3.312715597450733 2.4
    endloop
  endfacet
  facet normal 0 0 1
    outer loop
      vertex 17.889388598501682 3.312715597450733 2.4
      vertex 18.283534601330757 3.3792304024100304 2.4
      vertex 18.094975002110004 3.621909998357296 2.4
    endloop
  endfacet
  facet normal 0 0 1
    outer loop
      vertex 18.094975002110004 3.621909998357296 2.4
      vertex 18.283534601330757 3.3792304024100304 2.4
      vertex 18.44897499680519 3.6361299976706505 2.4
    endloop
  endfacet
  facet normal 0 0 1
    outer loop
      vertex 18.094975002110004 3.621909998357296 2.4
      vertex 18.44897499680519 3.6361299976706505 2.4
      vertex 18.44897499680519 3.933159999549389 2.4
    endloop
  endfacet
  facet normal 0.8524338507116946 -0.52283508887682 0
    outer loop
      vertex 17.708781398832798 3.0182524025440216 2.4
      vertex 17.889388598501682 3.312715597450733 2.4
      vertex 17.889388598501682 3.312715597450733 3
    endloop
  endfacet
  facet normal -0.8500320776062132 0.5267309247048866 0
    outer loop
      vertex 18.138765402138233 3.145603597164154 2.4
      vertex 18.138765402138233 3.145603597164154 3
      vertex 18.283534601330757 3.3792304024100304 2.4
    endloop
  endfacet
  facet normal -0.8407455222285625 0.541430482012808 0
    outer loop
      vertex 18.283534601330757 3.3792304024100304 2.4
      vertex 18.283534601330757 3.3792304024100304 3
      vertex 18.44897499680519 3.6361299976706505 2.4
    endloop
  endfacet
  facet normal 0.832724882190103 -0.5536869788801964 0
    outer loop
      vertex 17.889388598501682 3.312715597450733 2.4
      vertex 18.094975002110004 3.621909998357296 2.4
      vertex 18.094975002110004 3.621909998357296 3
    endloop
  endfacet
  facet normal -1 0 0
    outer loop
      vertex 18.44897499680519 3.6361299976706505 2.4
      vertex 18.44897499680519 3.6361299976706505 3
      vertex 18.44897499680519 3.933159999549389 2.4
    endloop
  endfacet
  facet normal 0 -1 0
    outer loop
      vertex 16.55495499819517 3.933159999549389 2.4
      vertex 18.44897499680519 3.933159999549389 2.4
      vertex 18.44897499680519 3.933159999549389 3
    endloop
  endfacet
  facet normal 1 0 0
    outer loop
      vertex 16.55495499819517 3.621909998357296 2.4
      vertex 16.55495499819517 3.933159999549389 3
      vertex 16.55495499819517 3.621909998357296 3
    endloop
  endfacet
  facet normal 0 1 0
    outer loop
      vertex 18.094975002110004 3.621909998357296 2.4
      vertex 16.55495499819517 3.621909998357296 3
      vertex 18.094975002110004 3.621909998357296 3
    endloop
  endfacet
  facet normal 0 -1 0
    outer loop
      vertex 16.55495499819517 3.933159999549389 2.4
      vertex 18.44897499680519 3.933159999549389 3
      vertex 16.55495499819517 3.933159999549389 3
    endloop
  endfacet
  facet normal -0.8500320776062132 0.5267309247048866 0
    outer loop
      vertex 18.283534601330757 3.3792304024100304 2.4
      vertex 18.138765402138233 3.145603597164154 3
      vertex 18.283534601330757 3.3792304024100304 3
    endloop
  endfacet
  facet normal 0.832724882190103 -0.5536869788801964 0
    outer loop
      vertex 17.889388598501682 3.312715597450733 2.4
      vertex 18.094975002110004 3.621909998357296 3
      vertex 17.889388598501682 3.312715597450733 3
    endloop
  endfacet
  facet normal -0.8407455222285625 0.541430482012808 0
    outer loop
      vertex 18.44897499680519 3.6361299976706505 2.4
      vertex 18.283534601330757 3.3792304024100304 3
      vertex 18.44897499680519 3.6361299976706505 3
    endloop
  endfacet
  facet normal -1 0 0
    outer loop
      vertex 18.44897499680519 3.933159999549389 2.4
      vertex 18.44897499680519 3.6361299976706505 3
      vertex 18.44897499680519 3.933159999549389 3
    endloop
  endfacet
  facet normal 0 0 1
    outer loop
      vertex 28.665199398994446 1.0599087998270988 2.4
      vertex 28.825058601796627 1.0337871983647346 2.4
      vertex 28.787502199411392 1.3233807981014252 2.4
    endloop
  endfacet
  facet normal 0 0 1
    outer loop
      vertex 28.825058601796627 1.0337871983647346 2.4
      vertex 29.00094500184059 1.0250800028443336 2.4
      vertex 29.00502499938011 1.2996999993920326 2.4
    endloop
  endfacet
  facet normal 0 0 1
    outer loop
      vertex 29.00094500184059 1.0250800028443336 2.4
      vertex 29.18095099925995 1.0339491963386536 2.4
      vertex 29.118537798523903 1.3054371997714043 2.4
    endloop
  endfacet
  facet normal 0 0 1
    outer loop
      vertex 29.18095099925995 1.0339491963386536 2.4
      vertex 29.343377001583576 1.060556799173355 2.4
      vertex 29.219844199717045 1.3226488009095192 2.4
    endloop
  endfacet
  facet normal 0 0 1
    outer loop
      vertex 28.393562600016594 1.164395198225975 2.4
      vertex 28.52136740088463 1.1034447997808456 2.4
      vertex 28.618317797780037 1.3944232016801834 2.4
    endloop
  endfacet
  facet normal 0 0 1
    outer loop
      vertex 28.281784996390343 1.2427600026130676 2.4
      vertex 28.497471801936626 1.5128272026777267 2.4
      vertex 28.188408203423023 1.3371556028723717 2.4
    endloop
  endfacet
  facet normal 0 0 1
    outer loop
      vertex 28.393562600016594 1.164395198225975 2.4
      vertex 28.497471801936626 1.5128272026777267 2.4
      vertex 28.281784996390343 1.2427600026130676 2.4
    endloop
  endfacet
  facet normal 0 0 1
    outer loop
      vertex 28.393562600016594 1.164395198225975 2.4
      vertex 28.618317797780037 1.3944232016801834 2.4
      vertex 28.497471801936626 1.5128272026777267 2.4
    endloop
  endfacet
  facet normal 0 0 1
    outer loop
      vertex 28.52136740088463 1.1034447997808456 2.4
      vertex 28.665199398994446 1.0599087998270988 2.4
      vertex 28.618317797780037 1.3944232016801834 2.4
    endloop
  endfacet
  facet normal 0 0 1
    outer loop
      vertex 28.665199398994446 1.0599087998270988 2.4
      vertex 28.787502199411392 1.3233807981014252 2.4
      vertex 28.618317797780037 1.3944232016801834 2.4
    endloop
  endfacet
  facet normal 0 0 1
    outer loop
      vertex 28.825058601796627 1.0337871983647346 2.4
      vertex 29.00502499938011 1.2996999993920326 2.4
      vertex 28.787502199411392 1.3233807981014252 2.4
    endloop
  endfacet
  facet normal 0 0 1
    outer loop
      vertex 28.188408203423023 1.3371556028723717 2.4
      vertex 28.497471801936626 1.5128272026777267 2.4
      vertex 28.11578179895878 1.446198396384716 2.4
    endloop
  endfacet
  facet normal 0 0 1
    outer loop
      vertex 28.11578179895878 1.446198396384716 2.4
      vertex 28.497471801936626 1.5128272026777267 2.4
      vertex 28.42496419698 1.6785928010940552 2.4
    endloop
  endfacet
  facet normal 0 0 1
    outer loop
      vertex 29.00094500184059 1.0250800028443336 2.4
      vertex 29.118537798523903 1.3054371997714043 2.4
      vertex 29.00502499938011 1.2996999993920326 2.4
    endloop
  endfacet
  facet normal 0 0 1
    outer loop
      vertex 29.118537798523903 1.3054371997714043 2.4
      vertex 29.18095099925995 1.0339491963386536 2.4
      vertex 29.219844199717045 1.3226488009095192 2.4
    endloop
  endfacet
  facet normal 0 0 1
    outer loop
      vertex 29.343377001583576 1.060556799173355 2.4
      vertex 29.308944202959538 1.3513348028063774 2.4
      vertex 29.219844199717045 1.3226488009095192 2.4
    endloop
  endfacet
  facet normal 0 0 1
    outer loop
      vertex 29.343377001583576 1.060556799173355 2.4
      vertex 29.488223001360893 1.104902796447277 2.4
      vertex 29.308944202959538 1.3513348028063774 2.4
    endloop
  endfacet
  facet normal 0 0 1
    outer loop
      vertex 29.488223001360893 1.104902796447277 2.4
      vertex 29.6154889985919 1.1669872030615807 2.4
      vertex 29.3858378008008 1.3914951980113983 2.4
    endloop
  endfacet
  facet normal 0 0 1
    outer loop
      vertex 29.488223001360893 1.104902796447277 2.4
      vertex 29.3858378008008 1.3914951980113983 2.4
      vertex 29.308944202959538 1.3513348028063774 2.4
    endloop
  endfacet
  facet normal 0 0 1
    outer loop
      vertex 29.6154889985919 1.1669872030615807 2.4
      vertex 29.450525000691414 1.443130001425743 2.4
      vertex 29.3858378008008 1.3914951980113983 2.4
    endloop
  endfacet
  facet normal 0 0 1
    outer loop
      vertex 29.6154889985919 1.1669872030615807 2.4
      vertex 29.725175000727177 1.246809996664524 2.4
      vertex 29.450525000691414 1.443130001425743 2.4
    endloop
  endfacet
  facet normal 0 0 1
    outer loop
      vertex 29.725175000727177 1.246809996664524 2.4
      vertex 29.815992198884487 1.34251119941473 2.4
      vertex 29.503261402249336 1.507296398282051 2.4
    endloop
  endfacet
  facet normal 0 0 1
    outer loop
      vertex 29.725175000727177 1.246809996664524 2.4
      vertex 29.503261402249336 1.507296398282051 2.4
      vertex 29.450525000691414 1.443130001425743 2.4
    endloop
  endfacet
  facet normal 0 0 1
    outer loop
      vertex 29.815992198884487 1.34251119941473 2.4
      vertex 29.544278599321842 1.585051603615284 2.4
      vertex 29.503261402249336 1.507296398282051 2.4
    endloop
  endfacet
  facet normal 0.8322925520246034 0.5543366376529454 0
    outer loop
      vertex 28.188408203423023 1.3371556028723717 2.4
      vertex 28.11578179895878 1.446198396384716 2.4
      vertex 28.11578179895878 1.446198396384716 3
    endloop
  endfacet
  facet normal 0.9221784265012576 0.38676472136903167 0
    outer loop
      vertex 28.11578179895878 1.446198396384716 2.4
      vertex 28.06390579789877 1.569888398051262 2.4
      vertex 28.06390579789877 1.569888398051262 3
    endloop
  endfacet
  facet normal 0.2897059716757311 0.9571156930984992 0
    outer loop
      vertex 28.52136740088463 1.1034447997808456 2.4
      vertex 28.52136740088463 1.1034447997808456 3
      vertex 28.665199398994446 1.0599087998270988 2.4
    endloop
  endfacet
  facet normal 0.43045721748615373 0.902610981494286 0
    outer loop
      vertex 28.393562600016594 1.164395198225975 2.4
      vertex 28.393562600016594 1.164395198225975 3
      vertex 28.52136740088463 1.1034447997808456 2.4
    endloop
  endfacet
  facet normal 0.16126503142710802 0.986911135634214 0
    outer loop
      vertex 28.665199398994446 1.0599087998270988 2.4
      vertex 28.665199398994446 1.0599087998270988 3
      vertex 28.825058601796627 1.0337871983647346 2.4
    endloop
  endfacet
  facet normal 0.04944410528461129 0.9987768922299937 0
    outer loop
      vertex 28.825058601796627 1.0337871983647346 2.4
      vertex 28.825058601796627 1.0337871983647346 3
      vertex 29.00094500184059 1.0250800028443336 2.4
    endloop
  endfacet
  facet normal -0.04921195588459721 0.9987883576604267 0
    outer loop
      vertex 29.00094500184059 1.0250800028443336 2.4
      vertex 29.00094500184059 1.0250800028443336 3
      vertex 29.18095099925995 1.0339491963386536 2.4
    endloop
  endfacet
  facet normal -0.16165899629540342 0.986846679538804 0
    outer loop
      vertex 29.18095099925995 1.0339491963386536 2.4
      vertex 29.18095099925995 1.0339491963386536 3
      vertex 29.343377001583576 1.060556799173355 2.4
    endloop
  endfacet
  facet normal -0.29274677531645066 0.956190004937209 0
    outer loop
      vertex 29.343377001583576 1.060556799173355 2.4
      vertex 29.343377001583576 1.060556799173355 3
      vertex 29.488223001360893 1.104902796447277 2.4
    endloop
  endfacet
  facet normal -0.43844321218772303 0.8987588940792248 0
    outer loop
      vertex 29.488223001360893 1.104902796447277 2.4
      vertex 29.488223001360893 1.104902796447277 3
      vertex 29.6154889985919 1.1669872030615807 2.4
    endloop
  endfacet
  facet normal 0.5740545295383414 0.8188170718277151 0
    outer loop
      vertex 28.393562600016594 1.164395198225975 2.4
      vertex 28.281784996390343 1.2427600026130676 2.4
      vertex 28.281784996390343 1.2427600026130676 3
    endloop
  endfacet
  facet normal 0.7109329059934073 0.7032598404400532 0
    outer loop
      vertex 28.281784996390343 1.2427600026130676 2.4
      vertex 28.188408203423023 1.3371556028723717 2.4
      vertex 28.188408203423023 1.3371556028723717 3
    endloop
  endfacet
  facet normal -0.1082263754667724 -0.9941262755069524 0
    outer loop
      vertex 28.787502199411392 1.3233807981014252 2.4
      vertex 29.00502499938011 1.2996999993920326 2.4
      vertex 28.787502199411392 1.3233807981014252 3
    endloop
  endfacet
  facet normal -0.6998529760606346 -0.7142869254711812 0
    outer loop
      vertex 28.618317797780037 1.3944232016801834 2.4
      vertex 28.497471801936626 1.5128272026777267 3
      vertex 28.497471801936626 1.5128272026777267 2.4
    endloop
  endfacet
  facet normal -0.3871627859079888 -0.9220113758560492 0
    outer loop
      vertex 28.618317797780037 1.3944232016801834 2.4
      vertex 28.787502199411392 1.3233807981014252 2.4
      vertex 28.618317797780037 1.3944232016801834 3
    endloop
  endfacet
  facet normal 0.050477888993891384 -0.9987251787767847 0
    outer loop
      vertex 29.00502499938011 1.2996999993920326 2.4
      vertex 29.118537798523903 1.3054371997714043 2.4
      vertex 29.00502499938011 1.2996999993920326 3
    endloop
  endfacet
  facet normal 0.16749630380610966 -0.9858727038574967 0
    outer loop
      vertex 29.118537798523903 1.3054371997714043 2.4
      vertex 29.219844199717045 1.3226488009095192 2.4
      vertex 29.118537798523903 1.3054371997714043 3
    endloop
  endfacet
  facet normal 0.3064614843072868 -0.9518830593282845 0
    outer loop
      vertex 29.219844199717045 1.3226488009095192 2.4
      vertex 29.308944202959538 1.3513348028063774 2.4
      vertex 29.219844199717045 1.3226488009095192 3
    endloop
  endfacet
  facet normal -0.5884183121987486 0.8085566707839198 0
    outer loop
      vertex 29.6154889985919 1.1669872030615807 2.4
      vertex 29.6154889985919 1.1669872030615807 3
      vertex 29.725175000727177 1.246809996664524 2.4
    endloop
  endfacet
  facet normal 0.462946490477348 -0.88638622899654 0
    outer loop
      vertex 29.308944202959538 1.3513348028063774 2.4
      vertex 29.3858378008008 1.3914951980113983 2.4
      vertex 29.308944202959538 1.3513348028063774 3
    endloop
  endfacet
  facet normal 0.6238477925233049 -0.7815458603075058 0
    outer loop
      vertex 29.3858378008008 1.3914951980113983 2.4
      vertex 29.450525000691414 1.443130001425743 2.4
      vertex 29.3858378008008 1.3914951980113983 3
    endloop
  endfacet
  facet normal 0.7725591664240659 -0.6349427803937553 0
    outer loop
      vertex 29.450525000691414 1.443130001425743 2.4
      vertex 29.503261402249336 1.507296398282051 2.4
      vertex 29.450525000691414 1.443130001425743 3
    endloop
  endfacet
  facet normal 0.8844799257994227 -0.46657824730461644 0
    outer loop
      vertex 29.503261402249336 1.507296398282051 2.4
      vertex 29.544278599321842 1.585051603615284 2.4
      vertex 29.503261402249336 1.507296398282051 3
    endloop
  endfacet
  facet normal 0 0 1
    outer loop
      vertex 28.11578179895878 1.446198396384716 2.4
      vertex 28.42496419698 1.6785928010940552 2.4
      vertex 28.06390579789877 1.569888398051262 2.4
    endloop
  endfacet
  facet normal 0 0 1
    outer loop
      vertex 28.06390579789877 1.569888398051262 2.4
      vertex 28.42496419698 1.6785928010940552 2.4
      vertex 28.032780200242996 1.7082256004214287 2.4
    endloop
  endfacet
  facet normal 0 0 1
    outer loop
      vertex 28.032780200242996 1.7082256004214287 2.4
      vertex 28.400794997811317 1.8917199969291687 2.4
      vertex 28.02240499854088 1.8612100034952164 2.4
    endloop
  endfacet
  facet normal 0 0 1
    outer loop
      vertex 28.02240499854088 1.8612100034952164 2.4
      vertex 28.400794997811317 1.8917199969291687 2.4
      vertex 28.028833396732807 1.9699252024292946 2.4
    endloop
  endfacet
  facet normal 0 0 1
    outer loop
      vertex 28.028833396732807 1.9699252024292946 2.4
      vertex 28.407061398029327 1.9890796020627022 2.4
      vertex 28.048118598759174 2.0714787989854813 2.4
    endloop
  endfacet
  facet normal 0 0 1
    outer loop
      vertex 28.407061398029327 1.9890796020627022 2.4
      vertex 28.0802605971694 2.165870800614357 2.4
      vertex 28.048118598759174 2.0714787989854813 2.4
    endloop
  endfacet
  facet normal 0 0 1
    outer loop
      vertex 28.032780200242996 1.7082256004214287 2.4
      vertex 28.42496419698 1.6785928010940552 2.4
      vertex 28.400794997811317 1.8917199969291687 2.4
    endloop
  endfacet
  facet normal 0 0 1
    outer loop
      vertex 28.028833396732807 1.9699252024292946 2.4
      vertex 28.400794997811317 1.8917199969291687 2.4
      vertex 28.407061398029327 1.9890796020627022 2.4
    endloop
  endfacet
  facet normal 0 0 1
    outer loop
      vertex 29.544278599321842 1.585051603615284 2.4
      vertex 29.937081798911095 1.5758967995643616 2.4
      vertex 29.573576599359512 1.6763956025242805 2.4
    endloop
  endfacet
  facet normal 0 0 1
    outer loop
      vertex 28.407061398029327 1.9890796020627022 2.4
      vertex 28.425860598683357 2.0777344033122063 2.4
      vertex 28.0802605971694 2.165870800614357 2.4
    endloop
  endfacet
  facet normal 0 0 1
    outer loop
      vertex 28.0802605971694 2.165870800614357 2.4
      vertex 28.425860598683357 2.0777344033122063 2.4
      vertex 28.125259399414062 2.253101199865341 2.4
    endloop
  endfacet
  facet normal 0 0 1
    outer loop
      vertex 28.425860598683357 2.0777344033122063 2.4
      vertex 28.457192599773407 2.157684400677681 2.4
      vertex 28.125259399414062 2.253101199865341 2.4
    endloop
  endfacet
  facet normal 0 0 1
    outer loop
      vertex 28.457192599773407 2.157684400677681 2.4
      vertex 28.183114998042583 2.333169996738434 2.4
      vertex 28.125259399414062 2.253101199865341 2.4
    endloop
  endfacet
  facet normal 0 0 1
    outer loop
      vertex 28.457192599773407 2.157684400677681 2.4
      vertex 28.250990599393845 2.4036471992731094 2.4
      vertex 28.183114998042583 2.333169996738434 2.4
    endloop
  endfacet
  facet normal 0 0 1
    outer loop
      vertex 28.457192599773407 2.157684400677681 2.4
      vertex 28.501057401299477 2.228929601609707 2.4
      vertex 28.250990599393845 2.4036471992731094 2.4
    endloop
  endfacet
  facet normal 0 0 1
    outer loop
      vertex 28.326025396585464 2.4620788022875786 2.4
      vertex 28.501057401299477 2.228929601609707 2.4
      vertex 28.557455003261566 2.2914699986577034 2.4
    endloop
  endfacet
  facet normal 0 0 1
    outer loop
      vertex 29.571622997522354 2.0920659974217415 2.4
      vertex 29.87979380041361 2.2571704015135765 2.4
      vertex 29.539883002638817 2.172424003481865 2.4
    endloop
  endfacet
  facet normal 0 0 1
    outer loop
      vertex 29.539883002638817 2.172424003481865 2.4
      vertex 29.758951403200626 2.405767597258091 2.4
      vertex 29.495447002351284 2.2422820031642914 2.4
    endloop
  endfacet
  facet normal 0 0 1
    outer loop
      vertex 28.250990599393845 2.4036471992731094 2.4
      vertex 28.501057401299477 2.228929601609707 2.4
      vertex 28.326025396585464 2.4620788022875786 2.4
    endloop
  endfacet
  facet normal 0 0 1
    outer loop
      vertex 28.326025396585464 2.4620788022875786 2.4
      vertex 28.557455003261566 2.2914699986577034 2.4
      vertex 28.408219397068024 2.5084647983312607 2.4
    endloop
  endfacet
  facet normal 0 0 1
    outer loop
      vertex 28.557455003261566 2.2914699986577034 2.4
      vertex 28.62500060349703 2.3438391983509064 2.4
      vertex 28.497572600841522 2.542805202305317 2.4
    endloop
  endfacet
  facet normal 0 0 1
    outer loop
      vertex 28.408219397068024 2.5084647983312607 2.4
      vertex 28.557455003261566 2.2914699986577034 2.4
      vertex 28.497572600841522 2.542805202305317 2.4
    endloop
  endfacet
  facet normal 0 0 1
    outer loop
      vertex 28.62500060349703 2.3438391983509064 2.4
      vertex 28.59408500045538 2.565099999308586 2.4
      vertex 28.497572600841522 2.542805202305317 2.4
    endloop
  endfacet
  facet normal 0 0 1
    outer loop
      vertex 28.62500060349703 2.3438391983509064 2.4
      vertex 28.702309399843216 2.384570799767971 2.4
      vertex 28.59408500045538 2.565099999308586 2.4
    endloop
  endfacet
  facet normal 0 0 1
    outer loop
      vertex 28.702309399843216 2.384570799767971 2.4
      vertex 28.78938139975071 2.4136648029088974 2.4
      vertex 28.59408500045538 2.565099999308586 2.4
    endloop
  endfacet
  facet normal 0 0 1
    outer loop
      vertex 28.78938139975071 2.4136648029088974 2.4
      vertex 28.88621660321951 2.431121200323105 2.4
      vertex 28.81184060126543 2.7322288006544113 2.4
    endloop
  endfacet
  facet normal 0 0 1
    outer loop
      vertex 28.88621660321951 2.431121200323105 2.4
      vertex 28.992815002799034 2.436939999461174 2.4
      vertex 28.89976940304041 2.7167271971702576 2.4
    endloop
  endfacet
  facet normal 0 0 1
    outer loop
      vertex 28.422696202993393 2.637679599225521 2.4
      vertex 28.504443801939487 2.6003284007310867 2.4
      vertex 28.603234998881817 2.8407400026917458 2.4
    endloop
  endfacet
  facet normal 0 0 1
    outer loop
      vertex 28.78938139975071 2.4136648029088974 2.4
      vertex 28.81184060126543 2.7322288006544113 2.4
      vertex 28.59408500045538 2.565099999308586 2.4
    endloop
  endfacet
  facet normal 0 0 1
    outer loop
      vertex 28.59408500045538 2.565099999308586 2.4
      vertex 28.81184060126543 2.7322288006544113 2.4
      vertex 28.59408500045538 2.5732299983501434 2.4
    endloop
  endfacet
  facet normal 0 0 1
    outer loop
      vertex 28.88621660321951 2.431121200323105 2.4
      vertex 28.89976940304041 2.7167271971702576 2.4
      vertex 28.81184060126543 2.7322288006544113 2.4
    endloop
  endfacet
  facet normal 0 0 1
    outer loop
      vertex 28.59408500045538 2.5732299983501434 2.4
      vertex 28.663573399186134 2.794235199689865 2.4
      vertex 28.504443801939487 2.6003284007310867 2.4
    endloop
  endfacet
  facet normal 0 0 1
    outer loop
      vertex 28.59408500045538 2.5732299983501434 2.4
      vertex 28.7331086024642 2.7580647990107536 2.4
      vertex 28.663573399186134 2.794235199689865 2.4
    endloop
  endfacet
  facet normal 0 0 1
    outer loop
      vertex 28.59408500045538 2.5732299983501434 2.4
      vertex 28.81184060126543 2.7322288006544113 2.4
      vertex 28.7331086024642 2.7580647990107536 2.4
    endloop
  endfacet
  facet normal 0 0 1
    outer loop
      vertex 28.992815002799034 2.436939999461174 2.4
      vertex 29.10242059826851 2.431528002023697 2.4
      vertex 28.996895000338554 2.7115600034594536 2.4
    endloop
  endfacet
  facet normal 0 0 1
    outer loop
      vertex 29.290873400866985 2.388232000172138 2.4
      vertex 29.39766500145197 2.569150000810623 2.4
      vertex 29.201773397624493 2.415292002260685 2.4
    endloop
  endfacet
  facet normal 0 0 1
    outer loop
      vertex 29.10242059826851 2.431528002023697 2.4
      vertex 29.201773397624493 2.415292002260685 2.4
      vertex 29.183888599276543 2.7306016013026237 2.4
    endloop
  endfacet
  facet normal 0 0 1
    outer loop
      vertex 29.290873400866985 2.388232000172138 2.4
      vertex 29.369720600545406 2.3503480032086372 2.4
      vertex 29.39766500145197 2.569150000810623 2.4
    endloop
  endfacet
  facet normal 0 0 1
    outer loop
      vertex 29.438314996659756 2.301639996469021 2.4
      vertex 29.502631403505802 2.545519597828388 2.4
      vertex 29.369720600545406 2.3503480032086372 2.4
    endloop
  endfacet
  facet normal 0 0 1
    outer loop
      vertex 29.438314996659756 2.301639996469021 2.4
      vertex 29.495447002351284 2.2422820031642914 2.4
      vertex 29.59783460199833 2.5104124024510384 2.4
    endloop
  endfacet
  facet normal 0 0 1
    outer loop
      vertex 29.495447002351284 2.2422820031642914 2.4
      vertex 29.758951403200626 2.405767597258091 2.4
      vertex 29.68327459692955 2.4638283997774124 2.4
    endloop
  endfacet
  facet normal 0 0 1
    outer loop
      vertex 29.495447002351284 2.2422820031642914 2.4
      vertex 29.68327459692955 2.4638283997774124 2.4
      vertex 29.59783460199833 2.5104124024510384 2.4
    endloop
  endfacet
  facet normal 0 0 1
    outer loop
      vertex 29.369720600545406 2.3503480032086372 2.4
      vertex 29.502631403505802 2.545519597828388 2.4
      vertex 29.39766500145197 2.569150000810623 2.4
    endloop
  endfacet
  facet normal 0 0 1
    outer loop
      vertex 29.438314996659756 2.301639996469021 2.4
      vertex 29.59783460199833 2.5104124024510384 2.4
      vertex 29.502631403505802 2.545519597828388 2.4
    endloop
  endfacet
  facet normal 0 0 1
    outer loop
      vertex 28.992815002799034 2.436939999461174 2.4
      vertex 28.996895000338554 2.7115600034594536 2.4
      vertex 28.89976940304041 2.7167271971702576 2.4
    endloop
  endfacet
  facet normal 0 0 1
    outer loop
      vertex 29.10242059826851 2.431528002023697 2.4
      vertex 29.095315396785736 2.716320402920246 2.4
      vertex 28.996895000338554 2.7115600034594536 2.4
    endloop
  endfacet
  facet normal 0 0 1
    outer loop
      vertex 29.10242059826851 2.431528002023697 2.4
      vertex 29.183888599276543 2.7306016013026237 2.4
      vertex 29.095315396785736 2.716320402920246 2.4
    endloop
  endfacet
  facet normal 0 0 1
    outer loop
      vertex 29.201773397624493 2.415292002260685 2.4
      vertex 29.39766500145197 2.569150000810623 2.4
      vertex 29.183888599276543 2.7306016013026237 2.4
    endloop
  endfacet
  facet normal 0 0 1
    outer loop
      vertex 29.39766500145197 2.5773100033402443 2.4
      vertex 29.262614600360394 2.7544035986065865 2.4
      vertex 29.183888599276543 2.7306016013026237 2.4
    endloop
  endfacet
  facet normal 0 0 1
    outer loop
      vertex 29.39766500145197 2.569150000810623 2.4
      vertex 29.39766500145197 2.5773100033402443 2.4
      vertex 29.183888599276543 2.7306016013026237 2.4
    endloop
  endfacet
  facet normal 0 0 1
    outer loop
      vertex 29.39766500145197 2.5773100033402443 2.4
      vertex 29.488069400191307 2.601470798254013 2.4
      vertex 29.33149340003729 2.787726402282715 2.4
    endloop
  endfacet
  facet normal 0 0 1
    outer loop
      vertex 29.39766500145197 2.5773100033402443 2.4
      vertex 29.33149340003729 2.787726402282715 2.4
      vertex 29.262614600360394 2.7544035986065865 2.4
    endloop
  endfacet
  facet normal 0 0 1
    outer loop
      vertex 29.488069400191307 2.601470798254013 2.4
      vertex 29.57049860060215 2.6365372017025948 2.4
      vertex 29.390524998307228 2.8305699974298477 2.4
    endloop
  endfacet
  facet normal 0 0 1
    outer loop
      vertex 29.57049860060215 2.6365372017025948 2.4
      vertex 29.644952602684498 2.682509198784828 2.4
      vertex 29.439232997596264 2.8840743973851204 2.4
    endloop
  endfacet
  facet normal 0 0 1
    outer loop
      vertex 28.422696202993393 2.637679599225521 2.4
      vertex 28.55306900292635 2.897101603448391 2.4
      vertex 28.348842203617096 2.685283601284027 2.4
    endloop
  endfacet
  facet normal 0 0 1
    outer loop
      vertex 28.282881796360016 2.743140399456024 2.4
      vertex 28.348842203617096 2.685283601284027 2.4
      vertex 28.55306900292635 2.897101603448391 2.4
    endloop
  endfacet
  facet normal 0 0 1
    outer loop
      vertex 28.422696202993393 2.637679599225521 2.4
      vertex 28.603234998881817 2.8407400026917458 2.4
      vertex 28.55306900292635 2.897101603448391 2.4
    endloop
  endfacet
  facet normal 0 0 1
    outer loop
      vertex 28.282881796360016 2.743140399456024 2.4
      vertex 28.514050997793674 2.9628183990716934 2.4
      vertex 28.224815003573895 2.811250001192093 2.4
    endloop
  endfacet
  facet normal 0 0 1
    outer loop
      vertex 28.224815003573895 2.811250001192093 2.4
      vertex 28.514050997793674 2.9628183990716934 2.4
      vertex 28.176117800176144 2.887009598314762 2.4
    endloop
  endfacet
  facet normal 0 0 1
    outer loop
      vertex 28.282881796360016 2.743140399456024 2.4
      vertex 28.55306900292635 2.897101603448391 2.4
      vertex 28.514050997793674 2.9628183990716934 2.4
    endloop
  endfacet
  facet normal 0 0 1
    outer loop
      vertex 28.504443801939487 2.6003284007310867 2.4
      vertex 28.663573399186134 2.794235199689865 2.4
      vertex 28.603234998881817 2.8407400026917458 2.4
    endloop
  endfacet
  facet normal 0 0 1
    outer loop
      vertex 28.176117800176144 2.887009598314762 2.4
      vertex 28.486180998384953 3.0378903970122337 2.4
      vertex 28.138242200016975 2.967816397547722 2.4
    endloop
  endfacet
  facet normal 0 0 1
    outer loop
      vertex 28.176117800176144 2.887009598314762 2.4
      vertex 28.514050997793674 2.9628183990716934 2.4
      vertex 28.486180998384953 3.0378903970122337 2.4
    endloop
  endfacet
  facet normal 0 0 1
    outer loop
      vertex 28.138242200016975 2.967816397547722 2.4
      vertex 28.469458997249603 3.122317597270012 2.4
      vertex 28.11118820309639 3.053670398890972 2.4
    endloop
  endfacet
  facet normal 0 0 1
    outer loop
      vertex 28.138242200016975 2.967816397547722 2.4
      vertex 28.486180998384953 3.0378903970122337 2.4
      vertex 28.469458997249603 3.122317597270012 2.4
    endloop
  endfacet
  facet normal 0 0 1
    outer loop
      vertex 28.11118820309639 3.053670398890972 2.4
      vertex 28.469458997249603 3.122317597270012 2.4
      vertex 28.094955801963806 3.144571602344513 2.4
    endloop
  endfacet
  facet normal 0 0 1
    outer loop
      vertex 29.488069400191307 2.601470798254013 2.4
      vertex 29.390524998307228 2.8305699974298477 2.4
      vertex 29.33149340003729 2.787726402282715 2.4
    endloop
  endfacet
  facet normal 0 0 1
    outer loop
      vertex 29.57049860060215 2.6365372017025948 2.4
      vertex 29.439232997596264 2.8840743973851204 2.4
      vertex 29.390524998307228 2.8305699974298477 2.4
    endloop
  endfacet
  facet normal 0 0 1
    outer loop
      vertex 29.644952602684498 2.682509198784828 2.4
      vertex 29.71143139898777 2.739386796951294 2.4
      vertex 29.439232997596264 2.8840743973851204 2.4
    endloop
  endfacet
  facet normal 0 0 1
    outer loop
      vertex 29.71143139898777 2.739386796951294 2.4
      vertex 29.769934996962547 2.8071700036525726 2.4
      vertex 29.477117002010345 2.949379600584507 2.4
    endloop
  endfacet
  facet normal 0 0 1
    outer loop
      vertex 29.71143139898777 2.739386796951294 2.4
      vertex 29.477117002010345 2.949379600584507 2.4
      vertex 29.439232997596264 2.8840743973851204 2.4
    endloop
  endfacet
  facet normal 0 0 1
    outer loop
      vertex 29.477117002010345 2.949379600584507 2.4
      vertex 29.769934996962547 2.8071700036525726 2.4
      vertex 29.50417699664831 3.026485599577427 2.4
    endloop
  endfacet
  facet normal 0 0 1
    outer loop
      vertex 29.50417699664831 3.026485599577427 2.4
      vertex 29.857179798185825 2.9637508019804955 2.4
      vertex 29.520412996411324 3.1153924018144608 2.4
    endloop
  endfacet
  facet normal 0.9756101682311918 0.2195103634088956 0
    outer loop
      vertex 28.06390579789877 1.569888398051262 2.4
      vertex 28.032780200242996 1.7082256004214287 2.4
      vertex 28.032780200242996 1.7082256004214287 3
    endloop
  endfacet
  facet normal 0.9977082152491416 0.0676632634771089 0
    outer loop
      vertex 28.032780200242996 1.7082256004214287 2.4
      vertex 28.02240499854088 1.8612100034952164 2.4
      vertex 28.02240499854088 1.8612100034952164 3
    endloop
  endfacet
  facet normal 0.9982563553746407 -0.059027527088121666 0
    outer loop
      vertex 28.02240499854088 1.8612100034952164 2.4
      vertex 28.028833396732807 1.9699252024292946 2.4
      vertex 28.028833396732807 1.9699252024292946 3
    endloop
  endfacet
  facet normal 0.9824421545488129 -0.18656744883683868 0
    outer loop
      vertex 28.028833396732807 1.9699252024292946 2.4
      vertex 28.048118598759174 2.0714787989854813 2.4
      vertex 28.048118598759174 2.0714787989854813 3
    endloop
  endfacet
  facet normal 0.9466237414442799 -0.32234064610910196 0
    outer loop
      vertex 28.048118598759174 2.0714787989854813 2.4
      vertex 28.0802605971694 2.165870800614357 2.4
      vertex 28.0802605971694 2.165870800614357 3
    endloop
  endfacet
  facet normal 0.888717548624397 -0.4584551436804288 0
    outer loop
      vertex 28.0802605971694 2.165870800614357 2.4
      vertex 28.125259399414062 2.253101199865341 2.4
      vertex 28.125259399414062 2.253101199865341 3
    endloop
  endfacet
  facet normal 0.8105440253339637 -0.5856777125650375 0
    outer loop
      vertex 28.125259399414062 2.253101199865341 2.4
      vertex 28.183114998042583 2.333169996738434 2.4
      vertex 28.183114998042583 2.333169996738434 3
    endloop
  endfacet
  facet normal -0.9161874602460213 -0.40074996904297483 0
    outer loop
      vertex 28.42496419698 1.6785928010940552 2.4
      vertex 28.497471801936626 1.5128272026777267 2.4
      vertex 28.42496419698 1.6785928010940552 3
    endloop
  endfacet
  facet normal -0.9936312757237654 -0.11268046815470162 0
    outer loop
      vertex 28.42496419698 1.6785928010940552 2.4
      vertex 28.400794997811317 1.8917199969291687 3
      vertex 28.400794997811317 1.8917199969291687 2.4
    endloop
  endfacet
  facet normal 0.9522184043075053 -0.30541792759769104 0
    outer loop
      vertex 29.544278599321842 1.585051603615284 2.4
      vertex 29.573576599359512 1.6763956025242805 2.4
      vertex 29.544278599321842 1.585051603615284 3
    endloop
  endfacet
  facet normal 0.9862564022219358 -0.16522199937127996 0
    outer loop
      vertex 29.573576599359512 1.6763956025242805 2.4
      vertex 29.591155402362347 1.7813284024596214 2.4
      vertex 29.573576599359512 1.6763956025242805 3
    endloop
  endfacet
  facet normal 0.9987801246288419 -0.049378767161553726 0
    outer loop
      vertex 29.591155402362347 1.7813284024596214 2.4
      vertex 29.597015000879765 1.8998500034213066 2.4
      vertex 29.591155402362347 1.7813284024596214 3
    endloop
  endfacet
  facet normal 0.9980445247094173 0.06250701318694811 0
    outer loop
      vertex 29.597015000879765 1.8998500034213066 2.4
      vertex 29.590667001903057 2.0012079998850822 2.4
      vertex 29.597015000879765 1.8998500034213066 3
    endloop
  endfacet
  facet normal -0.9979350865150005 0.06423054648917739 0
    outer loop
      vertex 28.400794997811317 1.8917199969291687 2.4
      vertex 28.407061398029327 1.9890796020627022 3
      vertex 28.407061398029327 1.9890796020627022 2.4
    endloop
  endfacet
  facet normal -0.978248375437667 0.20743701683538873 0
    outer loop
      vertex 28.407061398029327 1.9890796020627022 2.4
      vertex 28.425860598683357 2.0777344033122063 3
      vertex 28.425860598683357 2.0777344033122063 2.4
    endloop
  endfacet
  facet normal -0.9310560542787927 0.3648761759704323 0
    outer loop
      vertex 28.425860598683357 2.0777344033122063 2.4
      vertex 28.457192599773407 2.157684400677681 3
      vertex 28.457192599773407 2.157684400677681 2.4
    endloop
  endfacet
  facet normal -0.8515430566293791 0.5242846771614578 0
    outer loop
      vertex 28.457192599773407 2.157684400677681 2.4
      vertex 28.501057401299477 2.228929601609707 3
      vertex 28.501057401299477 2.228929601609707 2.4
    endloop
  endfacet
  facet normal -0.7426369490493223 0.6696942301578491 0
    outer loop
      vertex 28.501057401299477 2.228929601609707 2.4
      vertex 28.557455003261566 2.2914699986577034 3
      vertex 28.557455003261566 2.2914699986577034 2.4
    endloop
  endfacet
  facet normal -0.6127277859951707 0.7902940340591319 0
    outer loop
      vertex 28.557455003261566 2.2914699986577034 2.4
      vertex 28.62500060349703 2.3438391983509064 3
      vertex 28.62500060349703 2.3438391983509064 2.4
    endloop
  endfacet
  facet normal 0.9787318022305713 0.20514399650610715 0
    outer loop
      vertex 29.590667001903057 2.0012079998850822 2.4
      vertex 29.571622997522354 2.0920659974217415 2.4
      vertex 29.590667001903057 2.0012079998850822 3
    endloop
  endfacet
  facet normal 0.9300772136061992 0.36736409287045013 0
    outer loop
      vertex 29.571622997522354 2.0920659974217415 2.4
      vertex 29.539883002638817 2.172424003481865 2.4
      vertex 29.571622997522354 2.0920659974217415 3
    endloop
  endfacet
  facet normal 0.8437659108650949 0.5367113634552529 0
    outer loop
      vertex 29.539883002638817 2.172424003481865 2.4
      vertex 29.495447002351284 2.2422820031642914 2.4
      vertex 29.539883002638817 2.172424003481865 3
    endloop
  endfacet
  facet normal 0.7204872346043576 0.6934682002602323 0
    outer loop
      vertex 29.438314996659756 2.301639996469021 2.4
      vertex 29.495447002351284 2.2422820031642914 3
      vertex 29.495447002351284 2.2422820031642914 2.4
    endloop
  endfacet
  facet normal 0.5789692200217745 0.8153493988882178 0
    outer loop
      vertex 29.438314996659756 2.301639996469021 2.4
      vertex 29.369720600545406 2.3503480032086372 2.4
      vertex 29.438314996659756 2.301639996469021 3
    endloop
  endfacet
  facet normal 0.8412057218215274 0.5407152056070947 0
    outer loop
      vertex 28.224815003573895 2.811250001192093 2.4
      vertex 28.176117800176144 2.887009598314762 2.4
      vertex 28.176117800176144 2.887009598314762 3
    endloop
  endfacet
  facet normal 0.9054700759827979 0.4244101100347469 0
    outer loop
      vertex 28.176117800176144 2.887009598314762 2.4
      vertex 28.138242200016975 2.967816397547722 2.4
      vertex 28.138242200016975 2.967816397547722 3
    endloop
  endfacet
  facet normal 0.9537668482860175 0.30054749892580507 0
    outer loop
      vertex 28.138242200016975 2.967816397547722 2.4
      vertex 28.11118820309639 3.053670398890972 2.4
      vertex 28.11118820309639 3.053670398890972 3
    endloop
  endfacet
  facet normal 0.9844274942228348 0.17579109368267395 0
    outer loop
      vertex 28.11118820309639 3.053670398890972 2.4
      vertex 28.094955801963806 3.144571602344513 2.4
      vertex 28.094955801963806 3.144571602344513 3
    endloop
  endfacet
  facet normal 0.7202759625078031 -0.6936876370769899 0
    outer loop
      vertex 28.183114998042583 2.333169996738434 2.4
      vertex 28.250990599393845 2.4036471992731094 2.4
      vertex 28.250990599393845 2.4036471992731094 3
    endloop
  endfacet
  facet normal 0.6144070171302883 -0.7889892377599721 0
    outer loop
      vertex 28.250990599393845 2.4036471992731094 2.4
      vertex 28.326025396585464 2.4620788022875786 2.4
      vertex 28.326025396585464 2.4620788022875786 3
    endloop
  endfacet
  facet normal 0.4914831368015176 -0.8708870915565006 0
    outer loop
      vertex 28.326025396585464 2.4620788022875786 2.4
      vertex 28.408219397068024 2.5084647983312607 2.4
      vertex 28.408219397068024 2.5084647983312607 3
    endloop
  endfacet
  facet normal 0.35874052031557035 -0.9334373246681932 0
    outer loop
      vertex 28.408219397068024 2.5084647983312607 2.4
      vertex 28.497572600841522 2.542805202305317 2.4
      vertex 28.497572600841522 2.542805202305317 3
    endloop
  endfacet
  facet normal -0.46612959463948705 0.8847164523174798 0
    outer loop
      vertex 28.62500060349703 2.3438391983509064 2.4
      vertex 28.702309399843216 2.384570799767971 3
      vertex 28.702309399843216 2.384570799767971 2.4
    endloop
  endfacet
  facet normal -0.3169139581727472 0.9484542915266303 0
    outer loop
      vertex 28.702309399843216 2.384570799767971 2.4
      vertex 28.78938139975071 2.4136648029088974 3
      vertex 28.78938139975071 2.4136648029088974 2.4
    endloop
  endfacet
  facet normal -0.17740953632994924 0.9841371126114453 0
    outer loop
      vertex 28.78938139975071 2.4136648029088974 2.4
      vertex 28.88621660321951 2.431121200323105 3
      vertex 28.88621660321951 2.431121200323105 2.4
    endloop
  endfacet
  facet normal 0.22507712766773186 -0.9743409498737305 0
    outer loop
      vertex 28.497572600841522 2.542805202305317 2.4
      vertex 28.59408500045538 2.565099999308586 2.4
      vertex 28.59408500045538 2.565099999308586 3
    endloop
  endfacet
  facet normal 0.4155836742688113 0.9095549514357197 0
    outer loop
      vertex 28.422696202993393 2.637679599225521 2.4
      vertex 28.422696202993393 2.637679599225521 3
      vertex 28.504443801939487 2.6003284007310867 2.4
    endloop
  endfacet
  facet normal 0.2893657740787584 0.9572186003164591 0
    outer loop
      vertex 28.59408500045538 2.5732299983501434 2.4
      vertex 28.504443801939487 2.6003284007310867 2.4
      vertex 28.504443801939487 2.6003284007310867 3
    endloop
  endfacet
  facet normal 0.5417753310898237 0.8405233432942312 0
    outer loop
      vertex 28.422696202993393 2.637679599225521 2.4
      vertex 28.348842203617096 2.685283601284027 2.4
      vertex 28.348842203617096 2.685283601284027 3
    endloop
  endfacet
  facet normal 0.6594171536089926 0.7517772392977952 0
    outer loop
      vertex 28.282881796360016 2.743140399456024 2.4
      vertex 28.282881796360016 2.743140399456024 3
      vertex 28.348842203617096 2.685283601284027 2.4
    endloop
  endfacet
  facet normal 1 0 0
    outer loop
      vertex 28.59408500045538 2.565099999308586 2.4
      vertex 28.59408500045538 2.5732299983501434 2.4
      vertex 28.59408500045538 2.5732299983501434 3
    endloop
  endfacet
  facet normal -0.17361975451763453 -0.984812764357386 0
    outer loop
      vertex 28.81184060126543 2.7322288006544113 2.4
      vertex 28.89976940304041 2.7167271971702576 2.4
      vertex 28.81184060126543 2.7322288006544113 3
    endloop
  endfacet
  facet normal -0.05312602264128686 -0.9985878157269482 0
    outer loop
      vertex 28.89976940304041 2.7167271971702576 2.4
      vertex 28.996895000338554 2.7115600034594536 2.4
      vertex 28.89976940304041 2.7167271971702576 3
    endloop
  endfacet
  facet normal -0.05450503470342942 0.9985134957485442 0
    outer loop
      vertex 28.88621660321951 2.431121200323105 2.4
      vertex 28.992815002799034 2.436939999461174 3
      vertex 28.992815002799034 2.436939999461174 2.4
    endloop
  endfacet
  facet normal 0.04931693483050019 0.9987831796435723 0
    outer loop
      vertex 28.992815002799034 2.436939999461174 2.4
      vertex 29.10242059826851 2.431528002023697 3
      vertex 29.10242059826851 2.431528002023697 2.4
    endloop
  endfacet
  facet normal 0.1612783311801757 0.9869089623119944 0
    outer loop
      vertex 29.10242059826851 2.431528002023697 2.4
      vertex 29.201773397624493 2.415292002260685 3
      vertex 29.201773397624493 2.415292002260685 2.4
    endloop
  endfacet
  facet normal 0.29059749954104763 0.9568453862879263 0
    outer loop
      vertex 29.290873400866985 2.388232000172138 2.4
      vertex 29.201773397624493 2.415292002260685 2.4
      vertex 29.290873400866985 2.388232000172138 3
    endloop
  endfacet
  facet normal 0.4330779730816388 0.9013564606921611 0
    outer loop
      vertex 29.290873400866985 2.388232000172138 2.4
      vertex 29.369720600545406 2.3503480032086372 3
      vertex 29.369720600545406 2.3503480032086372 2.4
    endloop
  endfacet
  facet normal -0.4786966519271414 -0.8779803616446925 0
    outer loop
      vertex 29.68327459692955 2.4638283997774124 2.4
      vertex 29.68327459692955 2.4638283997774124 3
      vertex 29.59783460199833 2.5104124024510384 2.4
    endloop
  endfacet
  facet normal -0.3459859052097093 -0.9382397099868552 0
    outer loop
      vertex 29.59783460199833 2.5104124024510384 2.4
      vertex 29.59783460199833 2.5104124024510384 3
      vertex 29.502631403505802 2.545519597828388 2.4
    endloop
  endfacet
  facet normal 0.048311538964241764 -0.9988323158583259 0
    outer loop
      vertex 28.996895000338554 2.7115600034594536 2.4
      vertex 29.095315396785736 2.716320402920246 2.4
      vertex 28.996895000338554 2.7115600034594536 3
    endloop
  endfacet
  facet normal 0.1591802717095496 -0.9872495333493322 0
    outer loop
      vertex 29.095315396785736 2.716320402920246 2.4
      vertex 29.183888599276543 2.7306016013026237 2.4
      vertex 29.095315396785736 2.716320402920246 3
    endloop
  endfacet
  facet normal -1 0 0
    outer loop
      vertex 29.39766500145197 2.569150000810623 2.4
      vertex 29.39766500145197 2.569150000810623 3
      vertex 29.39766500145197 2.5773100033402443 2.4
    endloop
  endfacet
  facet normal -0.21962686525198702 -0.9755839482379698 0
    outer loop
      vertex 29.39766500145197 2.569150000810623 2.4
      vertex 29.502631403505802 2.545519597828388 2.4
      vertex 29.502631403505802 2.545519597828388 3
    endloop
  endfacet
  facet normal -0.2581909408344133 0.9660939074805515 0
    outer loop
      vertex 29.39766500145197 2.5773100033402443 2.4
      vertex 29.39766500145197 2.5773100033402443 3
      vertex 29.488069400191307 2.601470798254013 2.4
    endloop
  endfacet
  facet normal -0.3914620413406477 0.9201942567683267 0
    outer loop
      vertex 29.488069400191307 2.601470798254013 2.4
      vertex 29.488069400191307 2.601470798254013 3
      vertex 29.57049860060215 2.6365372017025948 2.4
    endloop
  endfacet
  facet normal -0.5253745950009551 0.8508710448285232 0
    outer loop
      vertex 29.57049860060215 2.6365372017025948 2.4
      vertex 29.57049860060215 2.6365372017025948 3
      vertex 29.644952602684498 2.682509198784828 2.4
    endloop
  endfacet
  facet normal -0.6501043548119687 0.7598449367170345 0
    outer loop
      vertex 29.644952602684498 2.682509198784828 2.4
      vertex 29.644952602684498 2.682509198784828 3
      vertex 29.71143139898777 2.739386796951294 2.4
    endloop
  endfacet
  facet normal 0.7609811738101121 0.6487739614893496 0
    outer loop
      vertex 28.282881796360016 2.743140399456024 2.4
      vertex 28.224815003573895 2.811250001192093 2.4
      vertex 28.224815003573895 2.811250001192093 3
    endloop
  endfacet
  facet normal -0.7469695832226317 -0.6648582117566181 0
    outer loop
      vertex 28.603234998881817 2.8407400026917458 2.4
      vertex 28.55306900292635 2.897101603448391 3
      vertex 28.55306900292635 2.897101603448391 2.4
    endloop
  endfacet
  facet normal -0.311792875377566 -0.9501500949133193 0
    outer loop
      vertex 28.7331086024642 2.7580647990107536 2.4
      vertex 28.81184060126543 2.7322288006544113 2.4
      vertex 28.7331086024642 2.7580647990107536 3
    endloop
  endfacet
  facet normal -0.46147419939447104 -0.8871536300400468 0
    outer loop
      vertex 28.7331086024642 2.7580647990107536 2.4
      vertex 28.663573399186134 2.794235199689865 3
      vertex 28.663573399186134 2.794235199689865 2.4
    endloop
  endfacet
  facet normal -0.610458065219998 -0.7920485784393888 0
    outer loop
      vertex 28.603234998881817 2.8407400026917458 2.4
      vertex 28.663573399186134 2.794235199689865 2.4
      vertex 28.603234998881817 2.8407400026917458 3
    endloop
  endfacet
  facet normal -0.8598624535915227 -0.5105257690886589 0
    outer loop
      vertex 28.55306900292635 2.897101603448391 2.4
      vertex 28.514050997793674 2.9628183990716934 3
      vertex 28.514050997793674 2.9628183990716934 2.4
    endloop
  endfacet
  facet normal -0.9374818570035676 -0.3480341474469743 0
    outer loop
      vertex 28.514050997793674 2.9628183990716934 2.4
      vertex 28.486180998384953 3.0378903970122337 3
      vertex 28.486180998384953 3.0378903970122337 2.4
    endloop
  endfacet
  facet normal -0.9809441615904781 -0.19428986551427183 0
    outer loop
      vertex 28.486180998384953 3.0378903970122337 2.4
      vertex 28.469458997249603 3.122317597270012 3
      vertex 28.469458997249603 3.122317597270012 2.4
    endloop
  endfacet
  facet normal 0.2894019034461431 -0.9572076777177194 0
    outer loop
      vertex 29.183888599276543 2.7306016013026237 2.4
      vertex 29.262614600360394 2.7544035986065865 2.4
      vertex 29.183888599276543 2.7306016013026237 3
    endloop
  endfacet
  facet normal 0.4355011184593005 -0.9001881891141975 0
    outer loop
      vertex 29.262614600360394 2.7544035986065865 2.4
      vertex 29.33149340003729 2.787726402282715 2.4
      vertex 29.262614600360394 2.7544035986065865 3
    endloop
  endfacet
  facet normal 0.5873780506278772 -0.8093126871862291 0
    outer loop
      vertex 29.33149340003729 2.787726402282715 2.4
      vertex 29.390524998307228 2.8305699974298477 2.4
      vertex 29.33149340003729 2.787726402282715 3
    endloop
  endfacet
  facet normal 0.7394746209483171 -0.6731844360747973 0
    outer loop
      vertex 29.390524998307228 2.8305699974298477 2.4
      vertex 29.439232997596264 2.8840743973851204 2.4
      vertex 29.390524998307228 2.8305699974298477 3
    endloop
  endfacet
  facet normal 0.8649910241844956 -0.5017873335191486 0
    outer loop
      vertex 29.439232997596264 2.8840743973851204 2.4
      vertex 29.477117002010345 2.949379600584507 2.4
      vertex 29.439232997596264 2.8840743973851204 3
    endloop
  endfacet
  facet normal 0.9435798776932892 -0.33114500511455275 0
    outer loop
      vertex 29.477117002010345 2.949379600584507 2.4
      vertex 29.50417699664831 3.026485599577427 2.4
      vertex 29.477117002010345 2.949379600584507 3
    endloop
  endfacet
  facet normal 0.9837311035107899 -0.17964719865737813 0
    outer loop
      vertex 29.50417699664831 3.026485599577427 2.4
      vertex 29.520412996411324 3.1153924018144608 2.4
      vertex 29.50417699664831 3.026485599577427 3
    endloop
  endfacet
  facet normal 0 0 1
    outer loop
      vertex 29.815992198884487 1.34251119941473 2.4
      vertex 29.886627800762653 1.4522067978978157 2.4
      vertex 29.544278599321842 1.585051603615284 2.4
    endloop
  endfacet
  facet normal 0 0 1
    outer loop
      vertex 29.544278599321842 1.585051603615284 2.4
      vertex 29.886627800762653 1.4522067978978157 2.4
      vertex 29.937081798911095 1.5758967995643616 2.4
    endloop
  endfacet
  facet normal -0.725373811818495 0.6883551649605795 0
    outer loop
      vertex 29.725175000727177 1.246809996664524 2.4
      vertex 29.725175000727177 1.246809996664524 3
      vertex 29.815992198884487 1.34251119941473 2.4
    endloop
  endfacet
  facet normal -0.8407703156689527 0.5413919802600791 0
    outer loop
      vertex 29.815992198884487 1.34251119941473 2.4
      vertex 29.815992198884487 1.34251119941473 3
      vertex 29.886627800762653 1.4522067978978157 2.4
    endloop
  endfacet
  facet normal -0.9259306917549758 0.37769346574457957 0
    outer loop
      vertex 29.886627800762653 1.4522067978978157 2.4
      vertex 29.886627800762653 1.4522067978978157 3
      vertex 29.937081798911095 1.5758967995643616 2.4
    endloop
  endfacet
  facet normal 0 0 1
    outer loop
      vertex 29.573576599359512 1.6763956025242805 2.4
      vertex 29.937081798911095 1.5758967995643616 2.4
      vertex 29.96735420078039 1.713581196963787 2.4
    endloop
  endfacet
  facet normal 0 0 1
    outer loop
      vertex 29.573576599359512 1.6763956025242805 2.4
      vertex 29.96735420078039 1.713581196963787 2.4
      vertex 29.591155402362347 1.7813284024596214 2.4
    endloop
  endfacet
  facet normal 0 0 1
    outer loop
      vertex 29.591155402362347 1.7813284024596214 2.4
      vertex 29.96735420078039 1.713581196963787 2.4
      vertex 29.977444998919964 1.8652599975466728 2.4
    endloop
  endfacet
  facet normal 0 0 1
    outer loop
      vertex 29.591155402362347 1.7813284024596214 2.4
      vertex 29.977444998919964 1.8652599975466728 2.4
      vertex 29.597015000879765 1.8998500034213066 2.4
    endloop
  endfacet
  facet normal 0 0 1
    outer loop
      vertex 29.597015000879765 1.8998500034213066 2.4
      vertex 29.977444998919964 1.8652599975466728 2.4
      vertex 29.97134180366993 1.9745884016156197 2.4
    endloop
  endfacet
  facet normal 0 0 1
    outer loop
      vertex 29.597015000879765 1.8998500034213066 2.4
      vertex 29.97134180366993 1.9745884016156197 2.4
      vertex 29.590667001903057 2.0012079998850822 2.4
    endloop
  endfacet
  facet normal 0 0 1
    outer loop
      vertex 29.590667001903057 2.0012079998850822 2.4
      vertex 29.97134180366993 1.9745884016156197 2.4
      vertex 29.953032203018665 2.076349601149559 2.4
    endloop
  endfacet
  facet normal 0 0 1
    outer loop
      vertex 29.590667001903057 2.0012079998850822 2.4
      vertex 29.92251619696617 2.1705436035990715 2.4
      vertex 29.571622997522354 2.0920659974217415 2.4
    endloop
  endfacet
  facet normal 0 0 1
    outer loop
      vertex 29.590667001903057 2.0012079998850822 2.4
      vertex 29.953032203018665 2.076349601149559 2.4
      vertex 29.92251619696617 2.1705436035990715 2.4
    endloop
  endfacet
  facet normal 0 0 1
    outer loop
      vertex 29.571622997522354 2.0920659974217415 2.4
      vertex 29.92251619696617 2.1705436035990715 2.4
      vertex 29.87979380041361 2.2571704015135765 2.4
    endloop
  endfacet
  facet normal 0 0 1
    outer loop
      vertex 29.539883002638817 2.172424003481865 2.4
      vertex 29.87979380041361 2.2571704015135765 2.4
      vertex 29.824864998459816 2.3362300023436546 2.4
    endloop
  endfacet
  facet normal 0 0 1
    outer loop
      vertex 29.539883002638817 2.172424003481865 2.4
      vertex 29.824864998459816 2.3362300023436546 2.4
      vertex 29.758951403200626 2.405767597258091 2.4
    endloop
  endfacet
  facet normal 0 0 1
    outer loop
      vertex 29.769934996962547 2.8071700036525726 2.4
      vertex 29.819010198116302 2.8829391971230507 2.4
      vertex 29.50417699664831 3.026485599577427 2.4
    endloop
  endfacet
  facet normal 0 0 1
    outer loop
      vertex 29.819010198116302 2.8829391971230507 2.4
      vertex 29.857179798185825 2.9637508019804955 2.4
      vertex 29.50417699664831 3.026485599577427 2.4
    endloop
  endfacet
  facet normal 0 0 1
    outer loop
      vertex 29.520412996411324 3.1153924018144608 2.4
      vertex 29.857179798185825 2.9637508019804955 2.4
      vertex 29.884443797171116 3.0496048033237457 2.4
    endloop
  endfacet
  facet normal 0 0 1
    outer loop
      vertex 29.520412996411324 3.1153924018144608 2.4
      vertex 29.884443797171116 3.0496048033237457 2.4
      vertex 29.900802202522755 3.1405012011528015 2.4
    endloop
  endfacet
  facet normal -0.9766714990659824 0.21473887145136708 0
    outer loop
      vertex 29.937081798911095 1.5758967995643616 2.4
      vertex 29.937081798911095 1.5758967995643616 3
      vertex 29.96735420078039 1.713581196963787 2.4
    endloop
  endfacet
  facet normal -0.9977943704125721 0.06638067770804087 0
    outer loop
      vertex 29.96735420078039 1.713581196963787 2.4
      vertex 29.96735420078039 1.713581196963787 3
      vertex 29.977444998919964 1.8652599975466728 2.4
    endloop
  endfacet
  facet normal -0.9984454492788959 -0.05573764270458405 0
    outer loop
      vertex 29.977444998919964 1.8652599975466728 2.4
      vertex 29.977444998919964 1.8652599975466728 3
      vertex 29.97134180366993 1.9745884016156197 2.4
    endloop
  endfacet
  facet normal -0.9841958255656312 -0.17708353096543322 0
    outer loop
      vertex 29.97134180366993 1.9745884016156197 2.4
      vertex 29.97134180366993 1.9745884016156197 3
      vertex 29.953032203018665 2.076349601149559 2.4
    endloop
  endfacet
  facet normal -0.9513217611833279 -0.3081994592776749 0
    outer loop
      vertex 29.953032203018665 2.076349601149559 2.4
      vertex 29.953032203018665 2.076349601149559 3
      vertex 29.92251619696617 2.1705436035990715 2.4
    endloop
  endfacet
  facet normal -0.896861293820502 -0.44231190312562857 0
    outer loop
      vertex 29.92251619696617 2.1705436035990715 2.4
      vertex 29.92251619696617 2.1705436035990715 3
      vertex 29.87979380041361 2.2571704015135765 2.4
    endloop
  endfacet
  facet normal -0.8212419449411552 -0.5705801152066803 0
    outer loop
      vertex 29.824864998459816 2.3362300023436546 2.4
      vertex 29.87979380041361 2.2571704015135765 2.4
      vertex 29.87979380041361 2.2571704015135765 3
    endloop
  endfacet
  facet normal -0.7257657226860678 -0.6879419421535292 0
    outer loop
      vertex 29.824864998459816 2.3362300023436546 2.4
      vertex 29.824864998459816 2.3362300023436546 3
      vertex 29.758951403200626 2.405767597258091 2.4
    endloop
  endfacet
  facet normal -0.6087082862200907 -0.7933941153594475 0
    outer loop
      vertex 29.758951403200626 2.405767597258091 2.4
      vertex 29.758951403200626 2.405767597258091 3
      vertex 29.68327459692955 2.4638283997774124 2.4
    endloop
  endfacet
  facet normal -0.757024314349226 0.6533867059284909 0
    outer loop
      vertex 29.71143139898777 2.739386796951294 2.4
      vertex 29.71143139898777 2.739386796951294 3
      vertex 29.769934996962547 2.8071700036525726 2.4
    endloop
  endfacet
  facet normal -0.8393271749735933 0.5436266120701295 0
    outer loop
      vertex 29.769934996962547 2.8071700036525726 2.4
      vertex 29.769934996962547 2.8071700036525726 3
      vertex 29.819010198116302 2.8829391971230507 2.4
    endloop
  endfacet
  facet normal -0.9042116419975823 0.4270846596121615 0
    outer loop
      vertex 29.819010198116302 2.8829391971230507 2.4
      vertex 29.819010198116302 2.8829391971230507 3
      vertex 29.857179798185825 2.9637508019804955 2.4
    endloop
  endfacet
  facet normal -0.9530962157023125 0.302667480271553 0
    outer loop
      vertex 29.857179798185825 2.9637508019804955 2.4
      vertex 29.857179798185825 2.9637508019804955 3
      vertex 29.884443797171116 3.0496048033237457 2.4
    endloop
  endfacet
  facet normal -0.9841888854376897 0.17712209851093683 0
    outer loop
      vertex 29.884443797171116 3.0496048033237457 2.4
      vertex 29.884443797171116 3.0496048033237457 3
      vertex 29.900802202522755 3.1405012011528015 2.4
    endloop
  endfacet
  facet normal 0.8322925520246034 0.5543366376529454 0
    outer loop
      vertex 28.188408203423023 1.3371556028723717 2.4
      vertex 28.11578179895878 1.446198396384716 3
      vertex 28.188408203423023 1.3371556028723717 3
    endloop
  endfacet
  facet normal 0.9221784265012576 0.38676472136903167 0
    outer loop
      vertex 28.11578179895878 1.446198396384716 2.4
      vertex 28.06390579789877 1.569888398051262 3
      vertex 28.11578179895878 1.446198396384716 3
    endloop
  endfacet
  facet normal 0.43045721748615373 0.902610981494286 0
    outer loop
      vertex 28.52136740088463 1.1034447997808456 2.4
      vertex 28.393562600016594 1.164395198225975 3
      vertex 28.52136740088463 1.1034447997808456 3
    endloop
  endfacet
  facet normal 0.16126503142710802 0.986911135634214 0
    outer loop
      vertex 28.825058601796627 1.0337871983647346 2.4
      vertex 28.665199398994446 1.0599087998270988 3
      vertex 28.825058601796627 1.0337871983647346 3
    endloop
  endfacet
  facet normal 0.04944410528461129 0.9987768922299937 0
    outer loop
      vertex 29.00094500184059 1.0250800028443336 2.4
      vertex 28.825058601796627 1.0337871983647346 3
      vertex 29.00094500184059 1.0250800028443336 3
    endloop
  endfacet
  facet normal 0.2897059716757311 0.9571156930984992 0
    outer loop
      vertex 28.665199398994446 1.0599087998270988 2.4
      vertex 28.52136740088463 1.1034447997808456 3
      vertex 28.665199398994446 1.0599087998270988 3
    endloop
  endfacet
  facet normal -0.04921195588459721 0.9987883576604267 0
    outer loop
      vertex 29.18095099925995 1.0339491963386536 2.4
      vertex 29.00094500184059 1.0250800028443336 3
      vertex 29.18095099925995 1.0339491963386536 3
    endloop
  endfacet
  facet normal -0.16165899629540342 0.986846679538804 0
    outer loop
      vertex 29.343377001583576 1.060556799173355 2.4
      vertex 29.18095099925995 1.0339491963386536 3
      vertex 29.343377001583576 1.060556799173355 3
    endloop
  endfacet
  facet normal -0.29274677531645066 0.956190004937209 0
    outer loop
      vertex 29.488223001360893 1.104902796447277 2.4
      vertex 29.343377001583576 1.060556799173355 3
      vertex 29.488223001360893 1.104902796447277 3
    endloop
  endfacet
  facet normal -0.43844321218772303 0.8987588940792248 0
    outer loop
      vertex 29.6154889985919 1.1669872030615807 2.4
      vertex 29.488223001360893 1.104902796447277 3
      vertex 29.6154889985919 1.1669872030615807 3
    endloop
  endfacet
  facet normal 0.5740545295383414 0.8188170718277151 0
    outer loop
      vertex 28.393562600016594 1.164395198225975 2.4
      vertex 28.281784996390343 1.2427600026130676 3
      vertex 28.393562600016594 1.164395198225975 3
    endloop
  endfacet
  facet normal 0.7109329059934073 0.7032598404400532 0
    outer loop
      vertex 28.281784996390343 1.2427600026130676 2.4
      vertex 28.188408203423023 1.3371556028723717 3
      vertex 28.281784996390343 1.2427600026130676 3
    endloop
  endfacet
  facet normal -0.3871627859079888 -0.9220113758560492 0
    outer loop
      vertex 28.787502199411392 1.3233807981014252 2.4
      vertex 28.787502199411392 1.3233807981014252 3
      vertex 28.618317797780037 1.3944232016801834 3
    endloop
  endfacet
  facet normal -0.1082263754667724 -0.9941262755069524 0
    outer loop
      vertex 29.00502499938011 1.2996999993920326 2.4
      vertex 29.00502499938011 1.2996999993920326 3
      vertex 28.787502199411392 1.3233807981014252 3
    endloop
  endfacet
  facet normal -0.6998529760606346 -0.7142869254711812 0
    outer loop
      vertex 28.618317797780037 1.3944232016801834 2.4
      vertex 28.618317797780037 1.3944232016801834 3
      vertex 28.497471801936626 1.5128272026777267 3
    endloop
  endfacet
  facet normal 0.050477888993891384 -0.9987251787767847 0
    outer loop
      vertex 29.118537798523903 1.3054371997714043 2.4
      vertex 29.118537798523903 1.3054371997714043 3
      vertex 29.00502499938011 1.2996999993920326 3
    endloop
  endfacet
  facet normal 0.16749630380610966 -0.9858727038574967 0
    outer loop
      vertex 29.219844199717045 1.3226488009095192 2.4
      vertex 29.219844199717045 1.3226488009095192 3
      vertex 29.118537798523903 1.3054371997714043 3
    endloop
  endfacet
  facet normal 0.3064614843072868 -0.9518830593282845 0
    outer loop
      vertex 29.308944202959538 1.3513348028063774 2.4
      vertex 29.308944202959538 1.3513348028063774 3
      vertex 29.219844199717045 1.3226488009095192 3
    endloop
  endfacet
  facet normal 0.462946490477348 -0.88638622899654 0
    outer loop
      vertex 29.3858378008008 1.3914951980113983 2.4
      vertex 29.3858378008008 1.3914951980113983 3
      vertex 29.308944202959538 1.3513348028063774 3
    endloop
  endfacet
  facet normal 0.6238477925233049 -0.7815458603075058 0
    outer loop
      vertex 29.450525000691414 1.443130001425743 2.4
      vertex 29.450525000691414 1.443130001425743 3
      vertex 29.3858378008008 1.3914951980113983 3
    endloop
  endfacet
  facet normal 0.7725591664240659 -0.6349427803937553 0
    outer loop
      vertex 29.503261402249336 1.507296398282051 2.4
      vertex 29.503261402249336 1.507296398282051 3
      vertex 29.450525000691414 1.443130001425743 3
    endloop
  endfacet
  facet normal 0.8844799257994227 -0.46657824730461644 0
    outer loop
      vertex 29.544278599321842 1.585051603615284 2.4
      vertex 29.544278599321842 1.585051603615284 3
      vertex 29.503261402249336 1.507296398282051 3
    endloop
  endfacet
  facet normal 0.9756101682311918 0.2195103634088956 0
    outer loop
      vertex 28.06390579789877 1.569888398051262 2.4
      vertex 28.032780200242996 1.7082256004214287 3
      vertex 28.06390579789877 1.569888398051262 3
    endloop
  endfacet
  facet normal 0.9977082152491416 0.0676632634771089 0
    outer loop
      vertex 28.032780200242996 1.7082256004214287 2.4
      vertex 28.02240499854088 1.8612100034952164 3
      vertex 28.032780200242996 1.7082256004214287 3
    endloop
  endfacet
  facet normal 0.9982563553746407 -0.059027527088121666 0
    outer loop
      vertex 28.02240499854088 1.8612100034952164 2.4
      vertex 28.028833396732807 1.9699252024292946 3
      vertex 28.02240499854088 1.8612100034952164 3
    endloop
  endfacet
  facet normal 0.9824421545488129 -0.18656744883683868 0
    outer loop
      vertex 28.028833396732807 1.9699252024292946 2.4
      vertex 28.048118598759174 2.0714787989854813 3
      vertex 28.028833396732807 1.9699252024292946 3
    endloop
  endfacet
  facet normal 0.9466237414442799 -0.32234064610910196 0
    outer loop
      vertex 28.048118598759174 2.0714787989854813 2.4
      vertex 28.0802605971694 2.165870800614357 3
      vertex 28.048118598759174 2.0714787989854813 3
    endloop
  endfacet
  facet normal 0.888717548624397 -0.4584551436804288 0
    outer loop
      vertex 28.0802605971694 2.165870800614357 2.4
      vertex 28.125259399414062 2.253101199865341 3
      vertex 28.0802605971694 2.165870800614357 3
    endloop
  endfacet
  facet normal 0.8105440253339637 -0.5856777125650375 0
    outer loop
      vertex 28.125259399414062 2.253101199865341 2.4
      vertex 28.183114998042583 2.333169996738434 3
      vertex 28.125259399414062 2.253101199865341 3
    endloop
  endfacet
  facet normal -0.9161874602460213 -0.40074996904297483 0
    outer loop
      vertex 28.497471801936626 1.5128272026777267 2.4
      vertex 28.497471801936626 1.5128272026777267 3
      vertex 28.42496419698 1.6785928010940552 3
    endloop
  endfacet
  facet normal -0.9936312757237654 -0.11268046815470162 0
    outer loop
      vertex 28.42496419698 1.6785928010940552 2.4
      vertex 28.42496419698 1.6785928010940552 3
      vertex 28.400794997811317 1.8917199969291687 3
    endloop
  endfacet
  facet normal -0.9979350865150005 0.06423054648917739 0
    outer loop
      vertex 28.400794997811317 1.8917199969291687 2.4
      vertex 28.400794997811317 1.8917199969291687 3
      vertex 28.407061398029327 1.9890796020627022 3
    endloop
  endfacet
  facet normal 0.9522184043075053 -0.30541792759769104 0
    outer loop
      vertex 29.573576599359512 1.6763956025242805 2.4
      vertex 29.573576599359512 1.6763956025242805 3
      vertex 29.544278599321842 1.585051603615284 3
    endloop
  endfacet
  facet normal 0.9862564022219358 -0.16522199937127996 0
    outer loop
      vertex 29.591155402362347 1.7813284024596214 2.4
      vertex 29.591155402362347 1.7813284024596214 3
      vertex 29.573576599359512 1.6763956025242805 3
    endloop
  endfacet
  facet normal 0.9987801246288419 -0.049378767161553726 0
    outer loop
      vertex 29.597015000879765 1.8998500034213066 2.4
      vertex 29.597015000879765 1.8998500034213066 3
      vertex 29.591155402362347 1.7813284024596214 3
    endloop
  endfacet
  facet normal -0.978248375437667 0.20743701683538873 0
    outer loop
      vertex 28.407061398029327 1.9890796020627022 2.4
      vertex 28.407061398029327 1.9890796020627022 3
      vertex 28.425860598683357 2.0777344033122063 3
    endloop
  endfacet
  facet normal -0.9310560542787927 0.3648761759704323 0
    outer loop
      vertex 28.425860598683357 2.0777344033122063 2.4
      vertex 28.425860598683357 2.0777344033122063 3
      vertex 28.457192599773407 2.157684400677681 3
    endloop
  endfacet
  facet normal -0.8515430566293791 0.5242846771614578 0
    outer loop
      vertex 28.457192599773407 2.157684400677681 2.4
      vertex 28.457192599773407 2.157684400677681 3
      vertex 28.501057401299477 2.228929601609707 3
    endloop
  endfacet
  facet normal -0.7426369490493223 0.6696942301578491 0
    outer loop
      vertex 28.501057401299477 2.228929601609707 2.4
      vertex 28.501057401299477 2.228929601609707 3
      vertex 28.557455003261566 2.2914699986577034 3
    endloop
  endfacet
  facet normal -0.6127277859951707 0.7902940340591319 0
    outer loop
      vertex 28.557455003261566 2.2914699986577034 2.4
      vertex 28.557455003261566 2.2914699986577034 3
      vertex 28.62500060349703 2.3438391983509064 3
    endloop
  endfacet
  facet normal 0.9980445247094173 0.06250701318694811 0
    outer loop
      vertex 29.590667001903057 2.0012079998850822 2.4
      vertex 29.590667001903057 2.0012079998850822 3
      vertex 29.597015000879765 1.8998500034213066 3
    endloop
  endfacet
  facet normal 0.9787318022305713 0.20514399650610715 0
    outer loop
      vertex 29.571622997522354 2.0920659974217415 2.4
      vertex 29.571622997522354 2.0920659974217415 3
      vertex 29.590667001903057 2.0012079998850822 3
    endloop
  endfacet
  facet normal 0.9300772136061992 0.36736409287045013 0
    outer loop
      vertex 29.539883002638817 2.172424003481865 2.4
      vertex 29.539883002638817 2.172424003481865 3
      vertex 29.571622997522354 2.0920659974217415 3
    endloop
  endfacet
  facet normal 0.8437659108650949 0.5367113634552529 0
    outer loop
      vertex 29.495447002351284 2.2422820031642914 2.4
      vertex 29.495447002351284 2.2422820031642914 3
      vertex 29.539883002638817 2.172424003481865 3
    endloop
  endfacet
  facet normal 0.7204872346043576 0.6934682002602323 0
    outer loop
      vertex 29.438314996659756 2.301639996469021 2.4
      vertex 29.438314996659756 2.301639996469021 3
      vertex 29.495447002351284 2.2422820031642914 3
    endloop
  endfacet
  facet normal 0.5789692200217745 0.8153493988882178 0
    outer loop
      vertex 29.369720600545406 2.3503480032086372 2.4
      vertex 29.369720600545406 2.3503480032086372 3
      vertex 29.438314996659756 2.301639996469021 3
    endloop
  endfacet
  facet normal 0.9054700759827979 0.4244101100347469 0
    outer loop
      vertex 28.176117800176144 2.887009598314762 2.4
      vertex 28.138242200016975 2.967816397547722 3
      vertex 28.176117800176144 2.887009598314762 3
    endloop
  endfacet
  facet normal 0.9537668482860175 0.30054749892580507 0
    outer loop
      vertex 28.138242200016975 2.967816397547722 2.4
      vertex 28.11118820309639 3.053670398890972 3
      vertex 28.138242200016975 2.967816397547722 3
    endloop
  endfacet
  facet normal 0.9844274942228348 0.17579109368267395 0
    outer loop
      vertex 28.11118820309639 3.053670398890972 2.4
      vertex 28.094955801963806 3.144571602344513 3
      vertex 28.11118820309639 3.053670398890972 3
    endloop
  endfacet
  facet normal 0.7202759625078031 -0.6936876370769899 0
    outer loop
      vertex 28.183114998042583 2.333169996738434 2.4
      vertex 28.250990599393845 2.4036471992731094 3
      vertex 28.183114998042583 2.333169996738434 3
    endloop
  endfacet
  facet normal 0.6144070171302883 -0.7889892377599721 0
    outer loop
      vertex 28.250990599393845 2.4036471992731094 2.4
      vertex 28.326025396585464 2.4620788022875786 3
      vertex 28.250990599393845 2.4036471992731094 3
    endloop
  endfacet
  facet normal 0.4914831368015176 -0.8708870915565006 0
    outer loop
      vertex 28.326025396585464 2.4620788022875786 2.4
      vertex 28.408219397068024 2.5084647983312607 3
      vertex 28.326025396585464 2.4620788022875786 3
    endloop
  endfacet
  facet normal 0.35874052031557035 -0.9334373246681932 0
    outer loop
      vertex 28.408219397068024 2.5084647983312607 2.4
      vertex 28.497572600841522 2.542805202305317 3
      vertex 28.408219397068024 2.5084647983312607 3
    endloop
  endfacet
  facet normal -0.46612959463948705 0.8847164523174798 0
    outer loop
      vertex 28.62500060349703 2.3438391983509064 2.4
      vertex 28.62500060349703 2.3438391983509064 3
      vertex 28.702309399843216 2.384570799767971 3
    endloop
  endfacet
  facet normal -0.3169139581727472 0.9484542915266303 0
    outer loop
      vertex 28.702309399843216 2.384570799767971 2.4
      vertex 28.702309399843216 2.384570799767971 3
      vertex 28.78938139975071 2.4136648029088974 3
    endloop
  endfacet
  facet normal -0.17740953632994924 0.9841371126114453 0
    outer loop
      vertex 28.78938139975071 2.4136648029088974 2.4
      vertex 28.78938139975071 2.4136648029088974 3
      vertex 28.88621660321951 2.431121200323105 3
    endloop
  endfacet
  facet normal -0.05450503470342942 0.9985134957485442 0
    outer loop
      vertex 28.88621660321951 2.431121200323105 2.4
      vertex 28.88621660321951 2.431121200323105 3
      vertex 28.992815002799034 2.436939999461174 3
    endloop
  endfacet
  facet normal 0.22507712766773186 -0.9743409498737305 0
    outer loop
      vertex 28.497572600841522 2.542805202305317 2.4
      vertex 28.59408500045538 2.565099999308586 3
      vertex 28.497572600841522 2.542805202305317 3
    endloop
  endfacet
  facet normal 0.2893657740787584 0.9572186003164591 0
    outer loop
      vertex 28.59408500045538 2.5732299983501434 2.4
      vertex 28.504443801939487 2.6003284007310867 3
      vertex 28.59408500045538 2.5732299983501434 3
    endloop
  endfacet
  facet normal 0.4155836742688113 0.9095549514357197 0
    outer loop
      vertex 28.504443801939487 2.6003284007310867 2.4
      vertex 28.422696202993393 2.637679599225521 3
      vertex 28.504443801939487 2.6003284007310867 3
    endloop
  endfacet
  facet normal 0.6594171536089926 0.7517772392977952 0
    outer loop
      vertex 28.348842203617096 2.685283601284027 2.4
      vertex 28.282881796360016 2.743140399456024 3
      vertex 28.348842203617096 2.685283601284027 3
    endloop
  endfacet
  facet normal 0.5417753310898237 0.8405233432942312 0
    outer loop
      vertex 28.422696202993393 2.637679599225521 2.4
      vertex 28.348842203617096 2.685283601284027 3
      vertex 28.422696202993393 2.637679599225521 3
    endloop
  endfacet
  facet normal 1 0 0
    outer loop
      vertex 28.59408500045538 2.565099999308586 2.4
      vertex 28.59408500045538 2.5732299983501434 3
      vertex 28.59408500045538 2.565099999308586 3
    endloop
  endfacet
  facet normal -0.17361975451763453 -0.984812764357386 0
    outer loop
      vertex 28.89976940304041 2.7167271971702576 2.4
      vertex 28.89976940304041 2.7167271971702576 3
      vertex 28.81184060126543 2.7322288006544113 3
    endloop
  endfacet
  facet normal 0.04931693483050019 0.9987831796435723 0
    outer loop
      vertex 28.992815002799034 2.436939999461174 2.4
      vertex 28.992815002799034 2.436939999461174 3
      vertex 29.10242059826851 2.431528002023697 3
    endloop
  endfacet
  facet normal 0.1612783311801757 0.9869089623119944 0
    outer loop
      vertex 29.10242059826851 2.431528002023697 2.4
      vertex 29.10242059826851 2.431528002023697 3
      vertex 29.201773397624493 2.415292002260685 3
    endloop
  endfacet
  facet normal 0.29059749954104763 0.9568453862879263 0
    outer loop
      vertex 29.201773397624493 2.415292002260685 2.4
      vertex 29.201773397624493 2.415292002260685 3
      vertex 29.290873400866985 2.388232000172138 3
    endloop
  endfacet
  facet normal 0.4330779730816388 0.9013564606921611 0
    outer loop
      vertex 29.290873400866985 2.388232000172138 2.4
      vertex 29.290873400866985 2.388232000172138 3
      vertex 29.369720600545406 2.3503480032086372 3
    endloop
  endfacet
  facet normal -0.3459859052097093 -0.9382397099868552 0
    outer loop
      vertex 29.502631403505802 2.545519597828388 2.4
      vertex 29.59783460199833 2.5104124024510384 3
      vertex 29.502631403505802 2.545519597828388 3
    endloop
  endfacet
  facet normal -0.4786966519271414 -0.8779803616446925 0
    outer loop
      vertex 29.59783460199833 2.5104124024510384 2.4
      vertex 29.68327459692955 2.4638283997774124 3
      vertex 29.59783460199833 2.5104124024510384 3
    endloop
  endfacet
  facet normal -0.05312602264128686 -0.9985878157269482 0
    outer loop
      vertex 28.996895000338554 2.7115600034594536 2.4
      vertex 28.996895000338554 2.7115600034594536 3
      vertex 28.89976940304041 2.7167271971702576 3
    endloop
  endfacet
  facet normal 0.048311538964241764 -0.9988323158583259 0
    outer loop
      vertex 29.095315396785736 2.716320402920246 2.4
      vertex 29.095315396785736 2.716320402920246 3
      vertex 28.996895000338554 2.7115600034594536 3
    endloop
  endfacet
  facet normal 0.1591802717095496 -0.9872495333493322 0
    outer loop
      vertex 29.183888599276543 2.7306016013026237 2.4
      vertex 29.183888599276543 2.7306016013026237 3
      vertex 29.095315396785736 2.716320402920246 3
    endloop
  endfacet
  facet normal -1 0 0
    outer loop
      vertex 29.39766500145197 2.5773100033402443 2.4
      vertex 29.39766500145197 2.569150000810623 3
      vertex 29.39766500145197 2.5773100033402443 3
    endloop
  endfacet
  facet normal -0.21962686525198702 -0.9755839482379698 0
    outer loop
      vertex 29.39766500145197 2.569150000810623 2.4
      vertex 29.502631403505802 2.545519597828388 3
      vertex 29.39766500145197 2.569150000810623 3
    endloop
  endfacet
  facet normal -0.2581909408344133 0.9660939074805515 0
    outer loop
      vertex 29.488069400191307 2.601470798254013 2.4
      vertex 29.39766500145197 2.5773100033402443 3
      vertex 29.488069400191307 2.601470798254013 3
    endloop
  endfacet
  facet normal -0.3914620413406477 0.9201942567683267 0
    outer loop
      vertex 29.57049860060215 2.6365372017025948 2.4
      vertex 29.488069400191307 2.601470798254013 3
      vertex 29.57049860060215 2.6365372017025948 3
    endloop
  endfacet
  facet normal -0.5253745950009551 0.8508710448285232 0
    outer loop
      vertex 29.644952602684498 2.682509198784828 2.4
      vertex 29.57049860060215 2.6365372017025948 3
      vertex 29.644952602684498 2.682509198784828 3
    endloop
  endfacet
  facet normal 0.7609811738101121 0.6487739614893496 0
    outer loop
      vertex 28.282881796360016 2.743140399456024 2.4
      vertex 28.224815003573895 2.811250001192093 3
      vertex 28.282881796360016 2.743140399456024 3
    endloop
  endfacet
  facet normal 0.8412057218215274 0.5407152056070947 0
    outer loop
      vertex 28.224815003573895 2.811250001192093 2.4
      vertex 28.176117800176144 2.887009598314762 3
      vertex 28.224815003573895 2.811250001192093 3
    endloop
  endfacet
  facet normal -0.8598624535915227 -0.5105257690886589 0
    outer loop
      vertex 28.55306900292635 2.897101603448391 2.4
      vertex 28.55306900292635 2.897101603448391 3
      vertex 28.514050997793674 2.9628183990716934 3
    endloop
  endfacet
  facet normal -0.46147419939447104 -0.8871536300400468 0
    outer loop
      vertex 28.7331086024642 2.7580647990107536 2.4
      vertex 28.7331086024642 2.7580647990107536 3
      vertex 28.663573399186134 2.794235199689865 3
    endloop
  endfacet
  facet normal -0.610458065219998 -0.7920485784393888 0
    outer loop
      vertex 28.663573399186134 2.794235199689865 2.4
      vertex 28.663573399186134 2.794235199689865 3
      vertex 28.603234998881817 2.8407400026917458 3
    endloop
  endfacet
  facet normal -0.311792875377566 -0.9501500949133193 0
    outer loop
      vertex 28.81184060126543 2.7322288006544113 2.4
      vertex 28.81184060126543 2.7322288006544113 3
      vertex 28.7331086024642 2.7580647990107536 3
    endloop
  endfacet
  facet normal -0.7469695832226317 -0.6648582117566181 0
    outer loop
      vertex 28.603234998881817 2.8407400026917458 2.4
      vertex 28.603234998881817 2.8407400026917458 3
      vertex 28.55306900292635 2.897101603448391 3
    endloop
  endfacet
  facet normal -0.9374818570035676 -0.3480341474469743 0
    outer loop
      vertex 28.514050997793674 2.9628183990716934 2.4
      vertex 28.514050997793674 2.9628183990716934 3
      vertex 28.486180998384953 3.0378903970122337 3
    endloop
  endfacet
  facet normal -0.9809441615904781 -0.19428986551427183 0
    outer loop
      vertex 28.486180998384953 3.0378903970122337 2.4
      vertex 28.486180998384953 3.0378903970122337 3
      vertex 28.469458997249603 3.122317597270012 3
    endloop
  endfacet
  facet normal 0.2894019034461431 -0.9572076777177194 0
    outer loop
      vertex 29.262614600360394 2.7544035986065865 2.4
      vertex 29.262614600360394 2.7544035986065865 3
      vertex 29.183888599276543 2.7306016013026237 3
    endloop
  endfacet
  facet normal 0.4355011184593005 -0.9001881891141975 0
    outer loop
      vertex 29.33149340003729 2.787726402282715 2.4
      vertex 29.33149340003729 2.787726402282715 3
      vertex 29.262614600360394 2.7544035986065865 3
    endloop
  endfacet
  facet normal 0.5873780506278772 -0.8093126871862291 0
    outer loop
      vertex 29.390524998307228 2.8305699974298477 2.4
      vertex 29.390524998307228 2.8305699974298477 3
      vertex 29.33149340003729 2.787726402282715 3
    endloop
  endfacet
  facet normal 0.7394746209483171 -0.6731844360747973 0
    outer loop
      vertex 29.439232997596264 2.8840743973851204 2.4
      vertex 29.439232997596264 2.8840743973851204 3
      vertex 29.390524998307228 2.8305699974298477 3
    endloop
  endfacet
  facet normal 0.8649910241844956 -0.5017873335191486 0
    outer loop
      vertex 29.477117002010345 2.949379600584507 2.4
      vertex 29.477117002010345 2.949379600584507 3
      vertex 29.439232997596264 2.8840743973851204 3
    endloop
  endfacet
  facet normal 0.9435798776932892 -0.33114500511455275 0
    outer loop
      vertex 29.50417699664831 3.026485599577427 2.4
      vertex 29.50417699664831 3.026485599577427 3
      vertex 29.477117002010345 2.949379600584507 3
    endloop
  endfacet
  facet normal 0.9837311035107899 -0.17964719865737813 0
    outer loop
      vertex 29.520412996411324 3.1153924018144608 2.4
      vertex 29.520412996411324 3.1153924018144608 3
      vertex 29.50417699664831 3.026485599577427 3
    endloop
  endfacet
  facet normal -0.5884183121987486 0.8085566707839198 0
    outer loop
      vertex 29.725175000727177 1.246809996664524 2.4
      vertex 29.6154889985919 1.1669872030615807 3
      vertex 29.725175000727177 1.246809996664524 3
    endloop
  endfacet
  facet normal -0.725373811818495 0.6883551649605795 0
    outer loop
      vertex 29.815992198884487 1.34251119941473 2.4
      vertex 29.725175000727177 1.246809996664524 3
      vertex 29.815992198884487 1.34251119941473 3
    endloop
  endfacet
  facet normal -0.8407703156689527 0.5413919802600791 0
    outer loop
      vertex 29.886627800762653 1.4522067978978157 2.4
      vertex 29.815992198884487 1.34251119941473 3
      vertex 29.886627800762653 1.4522067978978157 3
    endloop
  endfacet
  facet normal -0.9259306917549758 0.37769346574457957 0
    outer loop
      vertex 29.937081798911095 1.5758967995643616 2.4
      vertex 29.886627800762653 1.4522067978978157 3
      vertex 29.937081798911095 1.5758967995643616 3
    endloop
  endfacet
  facet normal -0.9766714990659824 0.21473887145136708 0
    outer loop
      vertex 29.96735420078039 1.713581196963787 2.4
      vertex 29.937081798911095 1.5758967995643616 3
      vertex 29.96735420078039 1.713581196963787 3
    endloop
  endfacet
  facet normal -0.9977943704125721 0.06638067770804087 0
    outer loop
      vertex 29.977444998919964 1.8652599975466728 2.4
      vertex 29.96735420078039 1.713581196963787 3
      vertex 29.977444998919964 1.8652599975466728 3
    endloop
  endfacet
  facet normal -0.9984454492788959 -0.05573764270458405 0
    outer loop
      vertex 29.97134180366993 1.9745884016156197 2.4
      vertex 29.977444998919964 1.8652599975466728 3
      vertex 29.97134180366993 1.9745884016156197 3
    endloop
  endfacet
  facet normal -0.9841958255656312 -0.17708353096543322 0
    outer loop
      vertex 29.953032203018665 2.076349601149559 2.4
      vertex 29.97134180366993 1.9745884016156197 3
      vertex 29.953032203018665 2.076349601149559 3
    endloop
  endfacet
  facet normal -0.9513217611833279 -0.3081994592776749 0
    outer loop
      vertex 29.92251619696617 2.1705436035990715 2.4
      vertex 29.953032203018665 2.076349601149559 3
      vertex 29.92251619696617 2.1705436035990715 3
    endloop
  endfacet
  facet normal -0.896861293820502 -0.44231190312562857 0
    outer loop
      vertex 29.87979380041361 2.2571704015135765 2.4
      vertex 29.92251619696617 2.1705436035990715 3
      vertex 29.87979380041361 2.2571704015135765 3
    endloop
  endfacet
  facet normal -0.8212419449411552 -0.5705801152066803 0
    outer loop
      vertex 29.824864998459816 2.3362300023436546 2.4
      vertex 29.87979380041361 2.2571704015135765 3
      vertex 29.824864998459816 2.3362300023436546 3
    endloop
  endfacet
  facet normal -0.7257657226860678 -0.6879419421535292 0
    outer loop
      vertex 29.758951403200626 2.405767597258091 2.4
      vertex 29.824864998459816 2.3362300023436546 3
      vertex 29.758951403200626 2.405767597258091 3
    endloop
  endfacet
  facet normal -0.6087082862200907 -0.7933941153594475 0
    outer loop
      vertex 29.68327459692955 2.4638283997774124 2.4
      vertex 29.758951403200626 2.405767597258091 3
      vertex 29.68327459692955 2.4638283997774124 3
    endloop
  endfacet
  facet normal -0.6501043548119687 0.7598449367170345 0
    outer loop
      vertex 29.71143139898777 2.739386796951294 2.4
      vertex 29.644952602684498 2.682509198784828 3
      vertex 29.71143139898777 2.739386796951294 3
    endloop
  endfacet
  facet normal -0.757024314349226 0.6533867059284909 0
    outer loop
      vertex 29.769934996962547 2.8071700036525726 2.4
      vertex 29.71143139898777 2.739386796951294 3
      vertex 29.769934996962547 2.8071700036525726 3
    endloop
  endfacet
  facet normal -0.8393271749735933 0.5436266120701295 0
    outer loop
      vertex 29.819010198116302 2.8829391971230507 2.4
      vertex 29.769934996962547 2.8071700036525726 3
      vertex 29.819010198116302 2.8829391971230507 3
    endloop
  endfacet
  facet normal -0.9042116419975823 0.4270846596121615 0
    outer loop
      vertex 29.857179798185825 2.9637508019804955 2.4
      vertex 29.819010198116302 2.8829391971230507 3
      vertex 29.857179798185825 2.9637508019804955 3
    endloop
  endfacet
  facet normal -0.9530962157023125 0.302667480271553 0
    outer loop
      vertex 29.884443797171116 3.0496048033237457 2.4
      vertex 29.857179798185825 2.9637508019804955 3
      vertex 29.884443797171116 3.0496048033237457 3
    endloop
  endfacet
  facet normal -0.9841888854376897 0.17712209851093683 0
    outer loop
      vertex 29.900802202522755 3.1405012011528015 2.4
      vertex 29.884443797171116 3.0496048033237457 3
      vertex 29.900802202522755 3.1405012011528015 3
    endloop
  endfacet
  facet normal 0 0 1
    outer loop
      vertex 28.094955801963806 3.144571602344513 2.4
      vertex 28.469458997249603 3.122317597270012 2.4
      vertex 28.463885001838207 3.216099999845028 2.4
    endloop
  endfacet
  facet normal 0 0 1
    outer loop
      vertex 28.094955801963806 3.144571602344513 2.4
      vertex 28.463885001838207 3.216099999845028 2.4
      vertex 28.089544996619225 3.2405200004577637 2.4
    endloop
  endfacet
  facet normal 0 0 1
    outer loop
      vertex 28.089544996619225 3.2405200004577637 2.4
      vertex 28.463885001838207 3.216099999845028 2.4
      vertex 28.46929579973221 3.3081376031041145 2.4
    endloop
  endfacet
  facet normal 0 0 1
    outer loop
      vertex 28.089544996619225 3.2405200004577637 2.4
      vertex 28.46929579973221 3.3081376031041145 2.4
      vertex 28.099350199103355 3.3665608018636703 2.4
    endloop
  endfacet
  facet normal 0 0 1
    outer loop
      vertex 28.099350199103355 3.3665608018636703 2.4
      vertex 28.46929579973221 3.3081376031041145 2.4
      vertex 28.485528200864792 3.3905704021453857 2.4
    endloop
  endfacet
  facet normal 0 0 1
    outer loop
      vertex 28.099350199103355 3.3665608018636703 2.4
      vertex 28.485528200864792 3.3905704021453857 2.4
      vertex 28.128765799105167 3.482675202190876 2.4
    endloop
  endfacet
  facet normal 0 0 1
    outer loop
      vertex 28.128765799105167 3.482675202190876 2.4
      vertex 28.485528200864792 3.3905704021453857 2.4
      vertex 28.17779179662466 3.5888632014393806 2.4
    endloop
  endfacet
  facet normal 0 0 1
    outer loop
      vertex 28.17779179662466 3.5888632014393806 2.4
      vertex 28.485528200864792 3.3905704021453857 2.4
      vertex 28.512582197785378 3.4633983969688416 2.4
    endloop
  endfacet
  facet normal 0 0 1
    outer loop
      vertex 29.520412996411324 3.1153924018144608 2.4
      vertex 29.900802202522755 3.1405012011528015 2.4
      vertex 29.52582500129938 3.216099999845028 2.4
    endloop
  endfacet
  facet normal 0 0 1
    outer loop
      vertex 29.52582500129938 3.216099999845028 2.4
      vertex 29.896448597311974 3.3667239993810654 2.4
      vertex 29.50450459867716 3.3911356031894684 2.4
    endloop
  endfacet
  facet normal 0 0 1
    outer loop
      vertex 28.17779179662466 3.5888632014393806 2.4
      vertex 28.512582197785378 3.4633983969688416 2.4
      vertex 28.246428199112415 3.6851247996091843 2.4
    endloop
  endfacet
  facet normal 0 0 1
    outer loop
      vertex 28.246428199112415 3.6851247996091843 2.4
      vertex 28.512582197785378 3.4633983969688416 2.4
      vertex 28.550457797944546 3.526621602475643 2.4
    endloop
  endfacet
  facet normal 0 0 1
    outer loop
      vertex 28.246428199112415 3.6851247996091843 2.4
      vertex 28.550457797944546 3.526621602475643 2.4
      vertex 28.33467499911785 3.771459996700287 2.4
    endloop
  endfacet
  facet normal 0 0 1
    outer loop
      vertex 28.33467499911785 3.771459996700287 2.4
      vertex 28.550457797944546 3.526621602475643 2.4
      vertex 28.599155001342297 3.5802399963140488 2.4
    endloop
  endfacet
  facet normal 0 0 1
    outer loop
      vertex 28.439451798796654 3.8447055965662003 2.4
      vertex 28.599155001342297 3.5802399963140488 2.4
      vertex 28.6581974029541 3.62418519705534 2.4
    endloop
  endfacet
  facet normal 0 0 1
    outer loop
      vertex 28.33467499911785 3.771459996700287 2.4
      vertex 28.599155001342297 3.5802399963140488 2.4
      vertex 28.439451798796654 3.8447055965662003 2.4
    endloop
  endfacet
  facet normal 0 0 1
    outer loop
      vertex 28.439451798796654 3.8447055965662003 2.4
      vertex 28.6581974029541 3.62418519705534 2.4
      vertex 28.557654201984406 3.901674397289753 2.4
    endloop
  endfacet
  facet normal 0 0 1
    outer loop
      vertex 28.6581974029541 3.62418519705534 2.4
      vertex 28.72708459943533 3.6583648025989532 2.4
      vertex 28.557654201984406 3.901674397289753 2.4
    endloop
  endfacet
  facet normal 0 0 1
    outer loop
      vertex 28.72708459943533 3.6583648025989532 2.4
      vertex 28.80581659823656 3.682778798043728 2.4
      vertex 28.689282201230526 3.942366398870945 2.4
    endloop
  endfacet
  facet normal 0 0 1
    outer loop
      vertex 28.80581659823656 3.682778798043728 2.4
      vertex 28.894393399357796 3.697427198290825 2.4
      vertex 28.834335796535015 3.9667816013097763 2.4
    endloop
  endfacet
  facet normal 0 0 1
    outer loop
      vertex 28.72708459943533 3.6583648025989532 2.4
      vertex 28.689282201230526 3.942366398870945 2.4
      vertex 28.557654201984406 3.901674397289753 2.4
    endloop
  endfacet
  facet normal 0 0 1
    outer loop
      vertex 28.80581659823656 3.682778798043728 2.4
      vertex 28.834335796535015 3.9667816013097763 2.4
      vertex 28.689282201230526 3.942366398870945 2.4
    endloop
  endfacet
  facet normal 0 0 1
    outer loop
      vertex 28.894393399357796 3.697427198290825 2.4
      vertex 28.992815002799034 3.9749199971556664 2.4
      vertex 28.834335796535015 3.9667816013097763 2.4
    endloop
  endfacet
  facet normal 0 0 1
    outer loop
      vertex 29.44054339826107 3.527274399995804 2.4
      vertex 29.50450459867716 3.3911356031894684 2.4
      vertex 29.74935259670019 3.690183997154236 2.4
    endloop
  endfacet
  facet normal 0 0 1
    outer loop
      vertex 29.44054339826107 3.527274399995804 2.4
      vertex 29.55592220276594 3.847316801548004 2.4
      vertex 29.333941400051117 3.624516397714615 2.4
    endloop
  endfacet
  facet normal 0 0 1
    outer loop
      vertex 29.44054339826107 3.527274399995804 2.4
      vertex 29.74935259670019 3.690183997154236 2.4
      vertex 29.66109500080347 3.7755400016903877 2.4
    endloop
  endfacet
  facet normal 0 0 1
    outer loop
      vertex 28.894393399357796 3.697427198290825 2.4
      vertex 28.992815002799034 3.7023100033402443 2.4
      vertex 28.992815002799034 3.9749199971556664 2.4
    endloop
  endfacet
  facet normal 0 0 1
    outer loop
      vertex 28.992815002799034 3.7023100033402443 2.4
      vertex 29.184698596596718 3.6828615963459015 2.4
      vertex 29.154954202473164 3.9669447988271713 2.4
    endloop
  endfacet
  facet normal 0 0 1
    outer loop
      vertex 29.333941400051117 3.624516397714615 2.4
      vertex 29.302851803600788 3.9430191963911057 2.4
      vertex 29.184698596596718 3.6828615963459015 2.4
    endloop
  endfacet
  facet normal 0 0 1
    outer loop
      vertex 28.992815002799034 3.7023100033402443 2.4
      vertex 29.154954202473164 3.9669447988271713 2.4
      vertex 28.992815002799034 3.9749199971556664 2.4
    endloop
  endfacet
  facet normal 0 0 1
    outer loop
      vertex 29.184698596596718 3.6828615963459015 2.4
      vertex 29.302851803600788 3.9430191963911057 2.4
      vertex 29.154954202473164 3.9669447988271713 2.4
    endloop
  endfacet
  facet normal 0 0 1
    outer loop
      vertex 29.333941400051117 3.624516397714615 2.4
      vertex 29.55592220276594 3.847316801548004 2.4
      vertex 29.436507798731327 3.90314319729805 2.4
    endloop
  endfacet
  facet normal 0 0 1
    outer loop
      vertex 29.44054339826107 3.527274399995804 2.4
      vertex 29.66109500080347 3.7755400016903877 2.4
      vertex 29.55592220276594 3.847316801548004 2.4
    endloop
  endfacet
  facet normal 0 0 1
    outer loop
      vertex 29.333941400051117 3.624516397714615 2.4
      vertex 29.436507798731327 3.90314319729805 2.4
      vertex 29.302851803600788 3.9430191963911057 2.4
    endloop
  endfacet
  facet normal 0.9984137047205477 0.056303412207351876 0
    outer loop
      vertex 28.094955801963806 3.144571602344513 2.4
      vertex 28.089544996619225 3.2405200004577637 2.4
      vertex 28.089544996619225 3.2405200004577637 3
    endloop
  endfacet
  facet normal 0.9969877220233514 -0.07755953928878472 0
    outer loop
      vertex 28.089544996619225 3.2405200004577637 2.4
      vertex 28.099350199103355 3.3665608018636703 2.4
      vertex 28.099350199103355 3.3665608018636703 3
    endloop
  endfacet
  facet normal 0.9693775329376648 -0.24557524027410949 0
    outer loop
      vertex 28.099350199103355 3.3665608018636703 2.4
      vertex 28.128765799105167 3.482675202190876 2.4
      vertex 28.128765799105167 3.482675202190876 3
    endloop
  endfacet
  facet normal 0.9079068331171767 -0.4191720200337079 0
    outer loop
      vertex 28.128765799105167 3.482675202190876 2.4
      vertex 28.17779179662466 3.5888632014393806 2.4
      vertex 28.17779179662466 3.5888632014393806 3
    endloop
  endfacet
  facet normal -0.9982383820102239 -0.05933070606027211 0
    outer loop
      vertex 28.463885001838207 3.216099999845028 2.4
      vertex 28.469458997249603 3.122317597270012 2.4
      vertex 28.463885001838207 3.216099999845028 3
    endloop
  endfacet
  facet normal -0.9982763937185766 0.05868766262370182 0
    outer loop
      vertex 28.463885001838207 3.216099999845028 2.4
      vertex 28.46929579973221 3.3081376031041145 3
      vertex 28.46929579973221 3.3081376031041145 2.4
    endloop
  endfacet
  facet normal -0.981158116976085 0.19320649443521073 0
    outer loop
      vertex 28.46929579973221 3.3081376031041145 2.4
      vertex 28.485528200864792 3.3905704021453857 3
      vertex 28.485528200864792 3.3905704021453857 2.4
    endloop
  endfacet
  facet normal -0.9374101514368763 0.348227236130508 0
    outer loop
      vertex 28.485528200864792 3.3905704021453857 2.4
      vertex 28.512582197785378 3.4633983969688416 3
      vertex 28.512582197785378 3.4633983969688416 2.4
    endloop
  endfacet
  facet normal -0.8578418557368532 0.5139137578874027 0
    outer loop
      vertex 28.512582197785378 3.4633983969688416 2.4
      vertex 28.550457797944546 3.526621602475643 3
      vertex 28.550457797944546 3.526621602475643 2.4
    endloop
  endfacet
  facet normal 0.9985591377551067 -0.05366235557425392 0
    outer loop
      vertex 29.520412996411324 3.1153924018144608 2.4
      vertex 29.52582500129938 3.216099999845028 2.4
      vertex 29.520412996411324 3.1153924018144608 3
    endloop
  endfacet
  facet normal 0.9926631786976904 0.12091242143715887 0
    outer loop
      vertex 29.52582500129938 3.216099999845028 2.4
      vertex 29.50450459867716 3.3911356031894684 2.4
      vertex 29.52582500129938 3.216099999845028 3
    endloop
  endfacet
  facet normal 0.9050852032995254 0.42523026088021637 0
    outer loop
      vertex 29.44054339826107 3.527274399995804 2.4
      vertex 29.50450459867716 3.3911356031894684 3
      vertex 29.50450459867716 3.3911356031894684 2.4
    endloop
  endfacet
  facet normal 0.8142207860282387 -0.5805553475764021 0
    outer loop
      vertex 28.17779179662466 3.5888632014393806 2.4
      vertex 28.246428199112415 3.6851247996091843 2.4
      vertex 28.246428199112415 3.6851247996091843 3
    endloop
  endfacet
  facet normal -0.7402615282093495 0.6723190238667641 0
    outer loop
      vertex 28.550457797944546 3.526621602475643 2.4
      vertex 28.599155001342297 3.5802399963140488 3
      vertex 28.599155001342297 3.5802399963140488 2.4
    endloop
  endfacet
  facet normal -0.5970690847560299 0.8021898204468795 0
    outer loop
      vertex 28.599155001342297 3.5802399963140488 2.4
      vertex 28.6581974029541 3.62418519705534 3
      vertex 28.6581974029541 3.62418519705534 2.4
    endloop
  endfacet
  facet normal -0.4444651582704422 0.8957961392435395 0
    outer loop
      vertex 28.6581974029541 3.62418519705534 2.4
      vertex 28.72708459943533 3.6583648025989532 3
      vertex 28.72708459943533 3.6583648025989532 2.4
    endloop
  endfacet
  facet normal -0.2961770840402773 0.9551330456483004 0
    outer loop
      vertex 28.72708459943533 3.6583648025989532 2.4
      vertex 28.80581659823656 3.682778798043728 3
      vertex 28.80581659823656 3.682778798043728 2.4
    endloop
  endfacet
  facet normal -0.16315906897899646 0.9865997761047319 0
    outer loop
      vertex 28.80581659823656 3.682778798043728 2.4
      vertex 28.894393399357796 3.697427198290825 3
      vertex 28.894393399357796 3.697427198290825 2.4
    endloop
  endfacet
  facet normal 0.6993223243429205 -0.7148064679866959 0
    outer loop
      vertex 28.246428199112415 3.6851247996091843 2.4
      vertex 28.33467499911785 3.771459996700287 2.4
      vertex 28.33467499911785 3.771459996700287 3
    endloop
  endfacet
  facet normal 0.5729469064940313 -0.8195924855310227 0
    outer loop
      vertex 28.33467499911785 3.771459996700287 2.4
      vertex 28.439451798796654 3.8447055965662003 2.4
      vertex 28.439451798796654 3.8447055965662003 3
    endloop
  endfacet
  facet normal 0.43416534406514756 -0.9008331998837475 0
    outer loop
      vertex 28.439451798796654 3.8447055965662003 2.4
      vertex 28.557654201984406 3.901674397289753 2.4
      vertex 28.557654201984406 3.901674397289753 3
    endloop
  endfacet
  facet normal -0.04955017004805594 0.9987716358849047 0
    outer loop
      vertex 28.894393399357796 3.697427198290825 2.4
      vertex 28.992815002799034 3.7023100033402443 3
      vertex 28.992815002799034 3.7023100033402443 2.4
    endloop
  endfacet
  facet normal 0.10083860808217178 0.9949027968198955 0
    outer loop
      vertex 28.992815002799034 3.7023100033402443 2.4
      vertex 29.184698596596718 3.6828615963459015 3
      vertex 29.184698596596718 3.6828615963459015 2.4
    endloop
  endfacet
  facet normal 0.3641062267645973 0.9313574263574902 0
    outer loop
      vertex 29.333941400051117 3.624516397714615 2.4
      vertex 29.184698596596718 3.6828615963459015 2.4
      vertex 29.333941400051117 3.624516397714615 3
    endloop
  endfacet
  facet normal 0.673928141362144 0.7387969005621005 0
    outer loop
      vertex 29.44054339826107 3.527274399995804 2.4
      vertex 29.333941400051117 3.624516397714615 2.4
      vertex 29.44054339826107 3.527274399995804 3
    endloop
  endfacet
  facet normal -0.5637017296106009 -0.8259784258889677 0
    outer loop
      vertex 29.55592220276594 3.847316801548004 2.4
      vertex 29.66109500080347 3.7755400016903877 2.4
      vertex 29.66109500080347 3.7755400016903877 3
    endloop
  endfacet
  facet normal -0.42350628303218 -0.9058931660147719 0
    outer loop
      vertex 29.436507798731327 3.90314319729805 2.4
      vertex 29.55592220276594 3.847316801548004 2.4
      vertex 29.55592220276594 3.847316801548004 3
    endloop
  endfacet
  facet normal 0.29535253905425696 -0.9553883386739674 0
    outer loop
      vertex 28.557654201984406 3.901674397289753 2.4
      vertex 28.689282201230526 3.942366398870945 2.4
      vertex 28.689282201230526 3.942366398870945 3
    endloop
  endfacet
  facet normal 0.16598366260738942 -0.9861285026544139 0
    outer loop
      vertex 28.689282201230526 3.942366398870945 2.4
      vertex 28.834335796535015 3.9667816013097763 2.4
      vertex 28.834335796535015 3.9667816013097763 3
    endloop
  endfacet
  facet normal 0.051285504100339156 -0.9986840326495533 0
    outer loop
      vertex 28.834335796535015 3.9667816013097763 2.4
      vertex 28.992815002799034 3.9749199971556664 2.4
      vertex 28.992815002799034 3.9749199971556664 3
    endloop
  endfacet
  facet normal -0.04912796063102028 -0.9987924927051849 0
    outer loop
      vertex 28.992815002799034 3.9749199971556664 2.4
      vertex 29.154954202473164 3.9669447988271713 2.4
      vertex 29.154954202473164 3.9669447988271713 3
    endloop
  endfacet
  facet normal -0.1596952864994579 -0.987166356532604 0
    outer loop
      vertex 29.302851803600788 3.9430191963911057 2.4
      vertex 29.302851803600788 3.9430191963911057 3
      vertex 29.154954202473164 3.9669447988271713 2.4
    endloop
  endfacet
  facet normal -0.2858952202595238 -0.9582608846408991 0
    outer loop
      vertex 29.302851803600788 3.9430191963911057 2.4
      vertex 29.436507798731327 3.90314319729805 2.4
      vertex 29.436507798731327 3.90314319729805 3
    endloop
  endfacet
  facet normal 0 0 1
    outer loop
      vertex 29.52582500129938 3.216099999845028 2.4
      vertex 29.900802202522755 3.1405012011528015 2.4
      vertex 29.90625499933958 3.2364400029182434 2.4
    endloop
  endfacet
  facet normal 0 0 1
    outer loop
      vertex 29.52582500129938 3.216099999845028 2.4
      vertex 29.90625499933958 3.2364400029182434 2.4
      vertex 29.896448597311974 3.3667239993810654 2.4
    endloop
  endfacet
  facet normal 0 0 1
    outer loop
      vertex 29.50450459867716 3.3911356031894684 2.4
      vertex 29.896448597311974 3.3667239993810654 2.4
      vertex 29.867029398679733 3.485775999724865 2.4
    endloop
  endfacet
  facet normal 0 0 1
    outer loop
      vertex 29.50450459867716 3.3911356031894684 2.4
      vertex 29.867029398679733 3.485775999724865 2.4
      vertex 29.81799740344286 3.5935959964990616 2.4
    endloop
  endfacet
  facet normal 0 0 1
    outer loop
      vertex 29.50450459867716 3.3911356031894684 2.4
      vertex 29.81799740344286 3.5935959964990616 2.4
      vertex 29.74935259670019 3.690183997154236 2.4
    endloop
  endfacet
  facet normal -0.9983887259382351 0.05674462018048497 0
    outer loop
      vertex 29.900802202522755 3.1405012011528015 2.4
      vertex 29.900802202522755 3.1405012011528015 3
      vertex 29.90625499933958 3.2364400029182434 2.4
    endloop
  endfacet
  facet normal -0.9971792366312868 -0.07505711179791061 0
    outer loop
      vertex 29.90625499933958 3.2364400029182434 2.4
      vertex 29.90625499933958 3.2364400029182434 3
      vertex 29.896448597311974 3.3667239993810654 2.4
    endloop
  endfacet
  facet normal -0.9707985583487113 -0.2398961423367693 0
    outer loop
      vertex 29.896448597311974 3.3667239993810654 2.4
      vertex 29.896448597311974 3.3667239993810654 3
      vertex 29.867029398679733 3.485775999724865 2.4
    endloop
  endfacet
  facet normal -0.9102936120442594 -0.4139632107704928 0
    outer loop
      vertex 29.81799740344286 3.5935959964990616 2.4
      vertex 29.867029398679733 3.485775999724865 2.4
      vertex 29.867029398679733 3.485775999724865 3
    endloop
  endfacet
  facet normal -0.8151146952580157 -0.5792996060540972 0
    outer loop
      vertex 29.81799740344286 3.5935959964990616 2.4
      vertex 29.81799740344286 3.5935959964990616 3
      vertex 29.74935259670019 3.690183997154236 2.4
    endloop
  endfacet
  facet normal -0.6951918730713053 -0.7188242202483235 0
    outer loop
      vertex 29.74935259670019 3.690183997154236 2.4
      vertex 29.74935259670019 3.690183997154236 3
      vertex 29.66109500080347 3.7755400016903877 2.4
    endloop
  endfacet
  facet normal 0.9984137047205477 0.056303412207351876 0
    outer loop
      vertex 28.094955801963806 3.144571602344513 2.4
      vertex 28.089544996619225 3.2405200004577637 3
      vertex 28.094955801963806 3.144571602344513 3
    endloop
  endfacet
  facet normal 0.9969877220233514 -0.07755953928878472 0
    outer loop
      vertex 28.089544996619225 3.2405200004577637 2.4
      vertex 28.099350199103355 3.3665608018636703 3
      vertex 28.089544996619225 3.2405200004577637 3
    endloop
  endfacet
  facet normal 0.9693775329376648 -0.24557524027410949 0
    outer loop
      vertex 28.099350199103355 3.3665608018636703 2.4
      vertex 28.128765799105167 3.482675202190876 3
      vertex 28.099350199103355 3.3665608018636703 3
    endloop
  endfacet
  facet normal 0.9079068331171767 -0.4191720200337079 0
    outer loop
      vertex 28.128765799105167 3.482675202190876 2.4
      vertex 28.17779179662466 3.5888632014393806 3
      vertex 28.128765799105167 3.482675202190876 3
    endloop
  endfacet
  facet normal 0.8142207860282387 -0.5805553475764021 0
    outer loop
      vertex 28.17779179662466 3.5888632014393806 2.4
      vertex 28.246428199112415 3.6851247996091843 3
      vertex 28.17779179662466 3.5888632014393806 3
    endloop
  endfacet
  facet normal -0.9982383820102239 -0.05933070606027211 0
    outer loop
      vertex 28.469458997249603 3.122317597270012 2.4
      vertex 28.469458997249603 3.122317597270012 3
      vertex 28.463885001838207 3.216099999845028 3
    endloop
  endfacet
  facet normal -0.9982763937185766 0.05868766262370182 0
    outer loop
      vertex 28.463885001838207 3.216099999845028 2.4
      vertex 28.463885001838207 3.216099999845028 3
      vertex 28.46929579973221 3.3081376031041145 3
    endloop
  endfacet
  facet normal -0.981158116976085 0.19320649443521073 0
    outer loop
      vertex 28.46929579973221 3.3081376031041145 2.4
      vertex 28.46929579973221 3.3081376031041145 3
      vertex 28.485528200864792 3.3905704021453857 3
    endloop
  endfacet
  facet normal -0.9374101514368763 0.348227236130508 0
    outer loop
      vertex 28.485528200864792 3.3905704021453857 2.4
      vertex 28.485528200864792 3.3905704021453857 3
      vertex 28.512582197785378 3.4633983969688416 3
    endloop
  endfacet
  facet normal -0.8578418557368532 0.5139137578874027 0
    outer loop
      vertex 28.512582197785378 3.4633983969688416 2.4
      vertex 28.512582197785378 3.4633983969688416 3
      vertex 28.550457797944546 3.526621602475643 3
    endloop
  endfacet
  facet normal 0.9985591377551067 -0.05366235557425392 0
    outer loop
      vertex 29.52582500129938 3.216099999845028 2.4
      vertex 29.52582500129938 3.216099999845028 3
      vertex 29.520412996411324 3.1153924018144608 3
    endloop
  endfacet
  facet normal 0.9926631786976904 0.12091242143715887 0
    outer loop
      vertex 29.50450459867716 3.3911356031894684 2.4
      vertex 29.50450459867716 3.3911356031894684 3
      vertex 29.52582500129938 3.216099999845028 3
    endloop
  endfacet
  facet normal 0.9050852032995254 0.42523026088021637 0
    outer loop
      vertex 29.44054339826107 3.527274399995804 2.4
      vertex 29.44054339826107 3.527274399995804 3
      vertex 29.50450459867716 3.3911356031894684 3
    endloop
  endfacet
  facet normal -0.7402615282093495 0.6723190238667641 0
    outer loop
      vertex 28.550457797944546 3.526621602475643 2.4
      vertex 28.550457797944546 3.526621602475643 3
      vertex 28.599155001342297 3.5802399963140488 3
    endloop
  endfacet
  facet normal -0.5970690847560299 0.8021898204468795 0
    outer loop
      vertex 28.599155001342297 3.5802399963140488 2.4
      vertex 28.599155001342297 3.5802399963140488 3
      vertex 28.6581974029541 3.62418519705534 3
    endloop
  endfacet
  facet normal -0.4444651582704422 0.8957961392435395 0
    outer loop
      vertex 28.6581974029541 3.62418519705534 2.4
      vertex 28.6581974029541 3.62418519705534 3
      vertex 28.72708459943533 3.6583648025989532 3
    endloop
  endfacet
  facet normal -0.2961770840402773 0.9551330456483004 0
    outer loop
      vertex 28.72708459943533 3.6583648025989532 2.4
      vertex 28.72708459943533 3.6583648025989532 3
      vertex 28.80581659823656 3.682778798043728 3
    endloop
  endfacet
  facet normal -0.16315906897899646 0.9865997761047319 0
    outer loop
      vertex 28.80581659823656 3.682778798043728 2.4
      vertex 28.80581659823656 3.682778798043728 3
      vertex 28.894393399357796 3.697427198290825 3
    endloop
  endfacet
  facet normal -0.04955017004805594 0.9987716358849047 0
    outer loop
      vertex 28.894393399357796 3.697427198290825 2.4
      vertex 28.894393399357796 3.697427198290825 3
      vertex 28.992815002799034 3.7023100033402443 3
    endloop
  endfacet
  facet normal 0.6993223243429205 -0.7148064679866959 0
    outer loop
      vertex 28.246428199112415 3.6851247996091843 2.4
      vertex 28.33467499911785 3.771459996700287 3
      vertex 28.246428199112415 3.6851247996091843 3
    endloop
  endfacet
  facet normal 0.5729469064940313 -0.8195924855310227 0
    outer loop
      vertex 28.33467499911785 3.771459996700287 2.4
      vertex 28.439451798796654 3.8447055965662003 3
      vertex 28.33467499911785 3.771459996700287 3
    endloop
  endfacet
  facet normal 0.43416534406514756 -0.9008331998837475 0
    outer loop
      vertex 28.439451798796654 3.8447055965662003 2.4
      vertex 28.557654201984406 3.901674397289753 3
      vertex 28.439451798796654 3.8447055965662003 3
    endloop
  endfacet
  facet normal 0.10083860808217178 0.9949027968198955 0
    outer loop
      vertex 28.992815002799034 3.7023100033402443 2.4
      vertex 28.992815002799034 3.7023100033402443 3
      vertex 29.184698596596718 3.6828615963459015 3
    endloop
  endfacet
  facet normal 0.3641062267645973 0.9313574263574902 0
    outer loop
      vertex 29.184698596596718 3.6828615963459015 2.4
      vertex 29.184698596596718 3.6828615963459015 3
      vertex 29.333941400051117 3.624516397714615 3
    endloop
  endfacet
  facet normal 0.673928141362144 0.7387969005621005 0
    outer loop
      vertex 29.333941400051117 3.624516397714615 2.4
      vertex 29.333941400051117 3.624516397714615 3
      vertex 29.44054339826107 3.527274399995804 3
    endloop
  endfacet
  facet normal -0.42350628303218 -0.9058931660147719 0
    outer loop
      vertex 29.436507798731327 3.90314319729805 2.4
      vertex 29.55592220276594 3.847316801548004 3
      vertex 29.436507798731327 3.90314319729805 3
    endloop
  endfacet
  facet normal -0.5637017296106009 -0.8259784258889677 0
    outer loop
      vertex 29.55592220276594 3.847316801548004 2.4
      vertex 29.66109500080347 3.7755400016903877 3
      vertex 29.55592220276594 3.847316801548004 3
    endloop
  endfacet
  facet normal 0.29535253905425696 -0.9553883386739674 0
    outer loop
      vertex 28.557654201984406 3.901674397289753 2.4
      vertex 28.689282201230526 3.942366398870945 3
      vertex 28.557654201984406 3.901674397289753 3
    endloop
  endfacet
  facet normal 0.16598366260738942 -0.9861285026544139 0
    outer loop
      vertex 28.689282201230526 3.942366398870945 2.4
      vertex 28.834335796535015 3.9667816013097763 3
      vertex 28.689282201230526 3.942366398870945 3
    endloop
  endfacet
  facet normal 0.051285504100339156 -0.9986840326495533 0
    outer loop
      vertex 28.834335796535015 3.9667816013097763 2.4
      vertex 28.992815002799034 3.9749199971556664 3
      vertex 28.834335796535015 3.9667816013097763 3
    endloop
  endfacet
  facet normal -0.04912796063102028 -0.9987924927051849 0
    outer loop
      vertex 28.992815002799034 3.9749199971556664 2.4
      vertex 29.154954202473164 3.9669447988271713 3
      vertex 28.992815002799034 3.9749199971556664 3
    endloop
  endfacet
  facet normal -0.1596952864994579 -0.987166356532604 0
    outer loop
      vertex 29.154954202473164 3.9669447988271713 2.4
      vertex 29.302851803600788 3.9430191963911057 3
      vertex 29.154954202473164 3.9669447988271713 3
    endloop
  endfacet
  facet normal -0.2858952202595238 -0.9582608846408991 0
    outer loop
      vertex 29.302851803600788 3.9430191963911057 2.4
      vertex 29.436507798731327 3.90314319729805 3
      vertex 29.302851803600788 3.9430191963911057 3
    endloop
  endfacet
  facet normal -0.9983887259382351 0.05674462018048497 0
    outer loop
      vertex 29.90625499933958 3.2364400029182434 2.4
      vertex 29.900802202522755 3.1405012011528015 3
      vertex 29.90625499933958 3.2364400029182434 3
    endloop
  endfacet
  facet normal -0.9971792366312868 -0.07505711179791061 0
    outer loop
      vertex 29.896448597311974 3.3667239993810654 2.4
      vertex 29.90625499933958 3.2364400029182434 3
      vertex 29.896448597311974 3.3667239993810654 3
    endloop
  endfacet
  facet normal -0.9707985583487113 -0.2398961423367693 0
    outer loop
      vertex 29.867029398679733 3.485775999724865 2.4
      vertex 29.896448597311974 3.3667239993810654 3
      vertex 29.867029398679733 3.485775999724865 3
    endloop
  endfacet
  facet normal -0.9102936120442594 -0.4139632107704928 0
    outer loop
      vertex 29.81799740344286 3.5935959964990616 2.4
      vertex 29.867029398679733 3.485775999724865 3
      vertex 29.81799740344286 3.5935959964990616 3
    endloop
  endfacet
  facet normal -0.8151146952580157 -0.5792996060540972 0
    outer loop
      vertex 29.74935259670019 3.690183997154236 2.4
      vertex 29.81799740344286 3.5935959964990616 3
      vertex 29.74935259670019 3.690183997154236 3
    endloop
  endfacet
  facet normal -0.6951918730713053 -0.7188242202483235 0
    outer loop
      vertex 29.66109500080347 3.7755400016903877 2.4
      vertex 29.74935259670019 3.690183997154236 3
      vertex 29.66109500080347 3.7755400016903877 3
    endloop
  endfacet
  facet normal 0 0 1
    outer loop
      vertex 41.17642059922218 1.0477024018764496 2.4
      vertex 41.17259979993105 1.3773579970002174 2.4
      vertex 41.06880459934473 1.0759804025292397 2.4
    endloop
  endfacet
  facet normal 0 0 1
    outer loop
      vertex 41.17642059922218 1.0477024018764496 2.4
      vertex 41.294697396457195 1.0307355970144272 2.4
      vertex 41.29059819877148 1.3343920037150383 2.4
    endloop
  endfacet
  facet normal 0 0 1
    outer loop
      vertex 41.294697396457195 1.0307355970144272 2.4
      vertex 41.42363499850035 1.0250800028443336 2.4
      vertex 41.42975500226021 1.3200699985027313 2.4
    endloop
  endfacet
  facet normal 0 0 1
    outer loop
      vertex 41.42363499850035 1.0250800028443336 2.4
      vertex 41.61384820193052 1.04094760119915 2.4
      vertex 41.5501905977726 1.3317880034446716 2.4
    endloop
  endfacet
  facet normal 0 0 1
    outer loop
      vertex 40.684037797152996 1.3987563997507095 2.4
      vertex 40.742015801370144 1.307412400841713 2.4
      vertex 41.000078201293945 1.5492219999432564 2.4
    endloop
  endfacet
  facet normal 0 0 1
    outer loop
      vertex 40.684037797152996 1.3987563997507095 2.4
      vertex 41.000078201293945 1.5492219999432564 2.4
      vertex 40.63525419682264 1.504015602171421 2.4
    endloop
  endfacet
  facet normal 0 0 1
    outer loop
      vertex 40.97184939682484 1.1155695989727974 2.4
      vertex 41.075759798288345 1.4489680007100105 2.4
      vertex 40.88555499911308 1.1664699986577034 2.4
    endloop
  endfacet
  facet normal 0 0 1
    outer loop
      vertex 40.97184939682484 1.1155695989727974 2.4
      vertex 41.06880459934473 1.0759804025292397 2.4
      vertex 41.17259979993105 1.3773579970002174 2.4
    endloop
  endfacet
  facet normal 0 0 1
    outer loop
      vertex 40.88555499911308 1.1664699986577034 2.4
      vertex 41.075759798288345 1.4489680007100105 2.4
      vertex 40.809188202023506 1.2299835979938507 2.4
    endloop
  endfacet
  facet normal 0 0 1
    outer loop
      vertex 40.809188202023506 1.2299835979938507 2.4
      vertex 41.075759798288345 1.4489680007100105 2.4
      vertex 40.742015801370144 1.307412400841713 2.4
    endloop
  endfacet
  facet normal 0 0 1
    outer loop
      vertex 40.97184939682484 1.1155695989727974 2.4
      vertex 41.17259979993105 1.3773579970002174 2.4
      vertex 41.075759798288345 1.4489680007100105 2.4
    endloop
  endfacet
  facet normal 0 0 1
    outer loop
      vertex 41.17642059922218 1.0477024018764496 2.4
      vertex 41.29059819877148 1.3343920037150383 2.4
      vertex 41.17259979993105 1.3773579970002174 2.4
    endloop
  endfacet
  facet normal 0 0 1
    outer loop
      vertex 41.294697396457195 1.0307355970144272 2.4
      vertex 41.42975500226021 1.3200699985027313 2.4
      vertex 41.29059819877148 1.3343920037150383 2.4
    endloop
  endfacet
  facet normal 0 0 1
    outer loop
      vertex 41.42363499850035 1.0250800028443336 2.4
      vertex 41.5501905977726 1.3317880034446716 2.4
      vertex 41.42975500226021 1.3200699985027313 2.4
    endloop
  endfacet
  facet normal 0 0 1
    outer loop
      vertex 40.742015801370144 1.307412400841713 2.4
      vertex 41.075759798288345 1.4489680007100105 2.4
      vertex 41.000078201293945 1.5492219999432564 2.4
    endloop
  endfacet
  facet normal 0.254140272416559 0.9671673701774876 0
    outer loop
      vertex 41.17642059922218 1.0477024018764496 2.4
      vertex 41.06880459934473 1.0759804025292397 2.4
      vertex 41.06880459934473 1.0759804025292397 3
    endloop
  endfacet
  facet normal 0.3780250444364741 0.9257953692791953 0
    outer loop
      vertex 40.97184939682484 1.1155695989727974 2.4
      vertex 40.97184939682484 1.1155695989727974 3
      vertex 41.06880459934473 1.0759804025292397 2.4
    endloop
  endfacet
  facet normal 0.5080504233942638 0.8613273287716519 0
    outer loop
      vertex 40.97184939682484 1.1155695989727974 2.4
      vertex 40.88555499911308 1.1664699986577034 2.4
      vertex 40.88555499911308 1.1664699986577034 3
    endloop
  endfacet
  facet normal 0.141996431244957 0.9898671696312067 0
    outer loop
      vertex 41.17642059922218 1.0477024018764496 2.4
      vertex 41.17642059922218 1.0477024018764496 3
      vertex 41.294697396457195 1.0307355970144272 2.4
    endloop
  endfacet
  facet normal 0.0438208973515757 0.9990394031044535 0
    outer loop
      vertex 41.294697396457195 1.0307355970144272 2.4
      vertex 41.294697396457195 1.0307355970144272 3
      vertex 41.42363499850035 1.0250800028443336 2.4
    endloop
  endfacet
  facet normal -0.08313131783833898 0.9965386013569474 0
    outer loop
      vertex 41.42363499850035 1.0250800028443336 2.4
      vertex 41.42363499850035 1.0250800028443336 3
      vertex 41.61384820193052 1.04094760119915 2.4
    endloop
  endfacet
  facet normal 0.7553633794623371 0.655306161246205 0
    outer loop
      vertex 40.809188202023506 1.2299835979938507 2.4
      vertex 40.742015801370144 1.307412400841713 2.4
      vertex 40.742015801370144 1.307412400841713 3
    endloop
  endfacet
  facet normal 0.8442888676018979 0.5358883354239994 0
    outer loop
      vertex 40.684037797152996 1.3987563997507095 2.4
      vertex 40.684037797152996 1.3987563997507095 3
      vertex 40.742015801370144 1.307412400841713 2.4
    endloop
  endfacet
  facet normal 0.9072943434623151 0.4204961050013266 0
    outer loop
      vertex 40.684037797152996 1.3987563997507095 2.4
      vertex 40.63525419682264 1.504015602171421 2.4
      vertex 40.63525419682264 1.504015602171421 3
    endloop
  endfacet
  facet normal 0.6394390295350129 0.7688418091566828 0
    outer loop
      vertex 40.88555499911308 1.1664699986577034 2.4
      vertex 40.809188202023506 1.2299835979938507 2.4
      vertex 40.809188202023506 1.2299835979938507 3
    endloop
  endfacet
  facet normal -0.34214733239193135 -0.9396463180032608 0
    outer loop
      vertex 41.17259979993105 1.3773579970002174 2.4
      vertex 41.29059819877148 1.3343920037150383 2.4
      vertex 41.29059819877148 1.3343920037150383 3
    endloop
  endfacet
  facet normal -0.10237910916430785 -0.9947454538758761 0
    outer loop
      vertex 41.29059819877148 1.3343920037150383 2.4
      vertex 41.42975500226021 1.3200699985027313 2.4
      vertex 41.42975500226021 1.3200699985027313 3
    endloop
  endfacet
  facet normal 0.09683956244768664 -0.9953000045940624 0
    outer loop
      vertex 41.42975500226021 1.3200699985027313 2.4
      vertex 41.5501905977726 1.3317880034446716 2.4
      vertex 41.5501905977726 1.3317880034446716 3
    endloop
  endfacet
  facet normal -0.594566150771225 -0.8040466978708942 0
    outer loop
      vertex 41.17259979993105 1.3773579970002174 2.4
      vertex 41.17259979993105 1.3773579970002174 3
      vertex 41.075759798288345 1.4489680007100105 2.4
    endloop
  endfacet
  facet normal -0.798119471838538 -0.6024992188145751 0
    outer loop
      vertex 41.000078201293945 1.5492219999432564 2.4
      vertex 41.075759798288345 1.4489680007100105 2.4
      vertex 41.075759798288345 1.4489680007100105 3
    endloop
  endfacet
  facet normal 0 0 1
    outer loop
      vertex 40.63525419682264 1.504015602171421 2.4
      vertex 40.94555500149727 1.6781200021505356 2.4
      vertex 40.595665000379086 1.623190000653267 2.4
    endloop
  endfacet
  facet normal 0 0 1
    outer loop
      vertex 40.63525419682264 1.504015602171421 2.4
      vertex 41.000078201293945 1.5492219999432564 2.4
      vertex 40.94555500149727 1.6781200021505356 2.4
    endloop
  endfacet
  facet normal 0 0 1
    outer loop
      vertex 41.23859979957342 2.054877996444702 2.4
      vertex 41.38703499734402 2.0442999973893166 2.4
      vertex 41.374667800962925 2.3404527977108955 2.4
    endloop
  endfacet
  facet normal 0 0 1
    outer loop
      vertex 41.38703499734402 2.0442999973893166 2.4
      vertex 41.4798813983798 2.048734001815319 2.4
      vertex 41.47451499849558 2.333169996738434 2.4
    endloop
  endfacet
  facet normal 0 0 1
    outer loop
      vertex 40.978838197886944 2.1395019963383675 2.4
      vertex 41.10253419727087 2.0866120010614395 2.4
      vertex 41.20085020363331 2.3987151980400085 2.4
    endloop
  endfacet
  facet normal 0 0 1
    outer loop
      vertex 40.978838197886944 2.1395019963383675 2.4
      vertex 41.126879796385765 2.44969479739666 2.4
      vertex 40.86751180142164 2.213547997176647 2.4
    endloop
  endfacet
  facet normal 0 0 1
    outer loop
      vertex 40.978838197886944 2.1395019963383675 2.4
      vertex 41.20085020363331 2.3987151980400085 2.4
      vertex 41.126879796385765 2.44969479739666 2.4
    endloop
  endfacet
  facet normal 0 0 1
    outer loop
      vertex 41.10253419727087 2.0866120010614395 2.4
      vertex 41.23859979957342 2.054877996444702 2.4
      vertex 41.283446200191975 2.3623012006282806 2.4
    endloop
  endfacet
  facet normal 0 0 1
    outer loop
      vertex 41.4798813983798 2.048734001815319 2.4
      vertex 41.56963659822941 2.0620360001921654 2.4
      vertex 41.53708779811859 2.3360584005713463 2.4
    endloop
  endfacet
  facet normal 0 0 1
    outer loop
      vertex 41.38703499734402 2.0442999973893166 2.4
      vertex 41.47451499849558 2.333169996738434 2.4
      vertex 41.374667800962925 2.3404527977108955 2.4
    endloop
  endfacet
  facet normal 0 0 1
    outer loop
      vertex 41.4798813983798 2.048734001815319 2.4
      vertex 41.53708779811859 2.3360584005713463 2.4
      vertex 41.47451499849558 2.333169996738434 2.4
    endloop
  endfacet
  facet normal 0 0 1
    outer loop
      vertex 41.10253419727087 2.0866120010614395 2.4
      vertex 41.283446200191975 2.3623012006282806 2.4
      vertex 41.20085020363331 2.3987151980400085 2.4
    endloop
  endfacet
  facet normal 0 0 1
    outer loop
      vertex 41.23859979957342 2.054877996444702 2.4
      vertex 41.374667800962925 2.3404527977108955 2.4
      vertex 41.283446200191975 2.3623012006282806 2.4
    endloop
  endfacet
  facet normal 0 0 1
    outer loop
      vertex 40.685070998966694 2.4214588031172752 2.4
      vertex 40.768555000424385 2.3087500035762787 2.4
      vertex 41.006606198847294 2.593327596783638 2.4
    endloop
  endfacet
  facet normal 0 0 1
    outer loop
      vertex 40.685070998966694 2.4214588031172752 2.4
      vertex 40.96388380229473 2.681910403072834 2.4
      vertex 40.62013900279999 2.5480011999607086 2.4
    endloop
  endfacet
  facet normal 0 0 1
    outer loop
      vertex 40.62013900279999 2.5480011999607086 2.4
      vertex 40.96388380229473 2.681910403072834 2.4
      vertex 40.573758997023106 2.6883772015571594 2.4
    endloop
  endfacet
  facet normal 0 0 1
    outer loop
      vertex 40.86751180142164 2.213547997176647 2.4
      vertex 41.061535000801086 2.5152399986982346 2.4
      vertex 40.768555000424385 2.3087500035762787 2.4
    endloop
  endfacet
  facet normal 0 0 1
    outer loop
      vertex 40.86751180142164 2.213547997176647 2.4
      vertex 41.126879796385765 2.44969479739666 2.4
      vertex 41.061535000801086 2.5152399986982346 2.4
    endloop
  endfacet
  facet normal 0 0 1
    outer loop
      vertex 40.768555000424385 2.3087500035762787 2.4
      vertex 41.061535000801086 2.5152399986982346 2.4
      vertex 41.006606198847294 2.593327596783638 2.4
    endloop
  endfacet
  facet normal 0 0 1
    outer loop
      vertex 40.685070998966694 2.4214588031172752 2.4
      vertex 41.006606198847294 2.593327596783638 2.4
      vertex 40.96388380229473 2.681910403072834 2.4
    endloop
  endfacet
  facet normal 0 0 1
    outer loop
      vertex 40.573758997023106 2.6883772015571594 2.4
      vertex 40.96388380229473 2.681910403072834 2.4
      vertex 40.93336780369282 2.7809884026646614 2.4
    endloop
  endfacet
  facet normal 0 0 1
    outer loop
      vertex 40.573758997023106 2.6883772015571594 2.4
      vertex 40.93336780369282 2.7809884026646614 2.4
      vertex 40.54593099653721 2.842586800456047 2.4
    endloop
  endfacet
  facet normal 0 0 1
    outer loop
      vertex 40.54593099653721 2.842586800456047 2.4
      vertex 40.93336780369282 2.7809884026646614 2.4
      vertex 40.91505820304155 2.8905616030097008 2.4
    endloop
  endfacet
  facet normal 0 0 1
    outer loop
      vertex 40.54593099653721 2.842586800456047 2.4
      vertex 40.91505820304155 2.8905616030097008 2.4
      vertex 40.5366550013423 3.0106299966573715 2.4
    endloop
  endfacet
  facet normal 0 0 1
    outer loop
      vertex 40.5366550013423 3.0106299966573715 2.4
      vertex 40.91505820304155 2.8905616030097008 2.4
      vertex 40.90895500034094 3.0106299966573715 2.4
    endloop
  endfacet
  facet normal 0 0 1
    outer loop
      vertex 40.5366550013423 3.0106299966573715 2.4
      vertex 40.90895500034094 3.0106299966573715 2.4
      vertex 40.91505820304155 3.128412403166294 2.4
    endloop
  endfacet
  facet normal 0 0 1
    outer loop
      vertex 40.5366550013423 3.0106299966573715 2.4
      vertex 40.91505820304155 3.128412403166294 2.4
      vertex 40.54674579948187 3.182772397994995 2.4
    endloop
  endfacet
  facet normal 0.9490067495618094 0.315255752185633 0
    outer loop
      vertex 40.63525419682264 1.504015602171421 2.4
      vertex 40.595665000379086 1.623190000653267 2.4
      vertex 40.595665000379086 1.623190000653267 3
    endloop
  endfacet
  facet normal -0.9209943512934207 -0.3895759295511096 0
    outer loop
      vertex 41.000078201293945 1.5492219999432564 2.4
      vertex 41.000078201293945 1.5492219999432564 3
      vertex 40.94555500149727 1.6781200021505356 2.4
    endloop
  endfacet
  facet normal 0.1550925861326795 -0.9878999391267707 0
    outer loop
      vertex 40.595665000379086 1.623190000653267 2.4
      vertex 40.94555500149727 1.6781200021505356 2.4
      vertex 40.94555500149727 1.6781200021505356 3
    endloop
  endfacet
  facet normal 0.6933025667588975 0.7206466200056201 0
    outer loop
      vertex 40.86751180142164 2.213547997176647 2.4
      vertex 40.768555000424385 2.3087500035762787 2.4
      vertex 40.768555000424385 2.3087500035762787 3
    endloop
  endfacet
  facet normal 0.22713026931866268 0.9738643851991057 0
    outer loop
      vertex 41.10253419727087 2.0866120010614395 2.4
      vertex 41.10253419727087 2.0866120010614395 3
      vertex 41.23859979957342 2.054877996444702 2.4
    endloop
  endfacet
  facet normal 0.3931493971065481 0.9194746062587903 0
    outer loop
      vertex 40.978838197886944 2.1395019963383675 2.4
      vertex 40.978838197886944 2.1395019963383675 3
      vertex 41.10253419727087 2.0866120010614395 2.4
    endloop
  endfacet
  facet normal -0.04770197619488471 0.9988616127708095 0
    outer loop
      vertex 41.38703499734402 2.0442999973893166 2.4
      vertex 41.38703499734402 2.0442999973893166 3
      vertex 41.4798813983798 2.048734001815319 2.4
    endloop
  endfacet
  facet normal 0.07108314632117141 0.9974703937005263 0
    outer loop
      vertex 41.23859979957342 2.054877996444702 2.4
      vertex 41.23859979957342 2.054877996444702 3
      vertex 41.38703499734402 2.0442999973893166 2.4
    endloop
  endfacet
  facet normal -0.14660184638589804 0.9891955815895285 0
    outer loop
      vertex 41.4798813983798 2.048734001815319 2.4
      vertex 41.4798813983798 2.048734001815319 3
      vertex 41.56963659822941 2.0620360001921654 2.4
    endloop
  endfacet
  facet normal 0.5538113570904492 0.8326421684959481 0
    outer loop
      vertex 40.978838197886944 2.1395019963383675 2.4
      vertex 40.86751180142164 2.213547997176647 2.4
      vertex 40.86751180142164 2.213547997176647 3
    endloop
  endfacet
  facet normal -0.07274620879230441 -0.997350484587212 0
    outer loop
      vertex 41.374667800962925 2.3404527977108955 2.4
      vertex 41.47451499849558 2.333169996738434 2.4
      vertex 41.374667800962925 2.3404527977108955 3
    endloop
  endfacet
  facet normal 0.046111592259025586 -0.9989362947952873 0
    outer loop
      vertex 41.47451499849558 2.333169996738434 2.4
      vertex 41.53708779811859 2.3360584005713463 2.4
      vertex 41.47451499849558 2.333169996738434 3
    endloop
  endfacet
  facet normal 0.14113397902658953 -0.9899905049868519 0
    outer loop
      vertex 41.53708779811859 2.3360584005713463 2.4
      vertex 41.59787020087242 2.3447235971689224 2.4
      vertex 41.53708779811859 2.3360584005713463 3
    endloop
  endfacet
  facet normal 0.8035708273735139 0.59520914424616 0
    outer loop
      vertex 40.685070998966694 2.4214588031172752 2.4
      vertex 40.685070998966694 2.4214588031172752 3
      vertex 40.768555000424385 2.3087500035762787 2.4
    endloop
  endfacet
  facet normal 0.8897076426660114 0.45653073344703626 0
    outer loop
      vertex 40.685070998966694 2.4214588031172752 2.4
      vertex 40.62013900279999 2.5480011999607086 2.4
      vertex 40.62013900279999 2.5480011999607086 3
    endloop
  endfacet
  facet normal 0.9495160136179335 0.31371856796037517 0
    outer loop
      vertex 40.62013900279999 2.5480011999607086 2.4
      vertex 40.573758997023106 2.6883772015571594 2.4
      vertex 40.573758997023106 2.6883772015571594 3
    endloop
  endfacet
  facet normal -0.5674728682730753 -0.8233920960113286 0
    outer loop
      vertex 41.20085020363331 2.3987151980400085 2.4
      vertex 41.126879796385765 2.44969479739666 3
      vertex 41.126879796385765 2.44969479739666 2.4
    endloop
  endfacet
  facet normal -0.7081886025181766 -0.706023302209886 0
    outer loop
      vertex 41.126879796385765 2.44969479739666 2.4
      vertex 41.061535000801086 2.5152399986982346 3
      vertex 41.061535000801086 2.5152399986982346 2.4
    endloop
  endfacet
  facet normal -0.40340453111921243 -0.9150217397813498 0
    outer loop
      vertex 41.283446200191975 2.3623012006282806 2.4
      vertex 41.20085020363331 2.3987151980400085 3
      vertex 41.20085020363331 2.3987151980400085 2.4
    endloop
  endfacet
  facet normal -0.23292152388580437 -0.9724955340312441 0
    outer loop
      vertex 41.374667800962925 2.3404527977108955 2.4
      vertex 41.283446200191975 2.3623012006282806 3
      vertex 41.283446200191975 2.3623012006282806 2.4
    endloop
  endfacet
  facet normal -0.8179135266131532 -0.5753411709440188 0
    outer loop
      vertex 41.061535000801086 2.5152399986982346 2.4
      vertex 41.006606198847294 2.593327596783638 3
      vertex 41.006606198847294 2.593327596783638 2.4
    endloop
  endfacet
  facet normal -0.9007176431874193 -0.4344050267330029 0
    outer loop
      vertex 41.006606198847294 2.593327596783638 2.4
      vertex 40.96388380229473 2.681910403072834 3
      vertex 40.96388380229473 2.681910403072834 2.4
    endloop
  endfacet
  facet normal 0.9841050399358795 0.17758735983397303 0
    outer loop
      vertex 40.573758997023106 2.6883772015571594 2.4
      vertex 40.54593099653721 2.842586800456047 2.4
      vertex 40.54593099653721 2.842586800456047 3
    endloop
  endfacet
  facet normal 0.9984799493327037 0.055116157164315435 0
    outer loop
      vertex 40.54593099653721 2.842586800456047 2.4
      vertex 40.5366550013423 3.0106299966573715 2.4
      vertex 40.5366550013423 3.0106299966573715 3
    endloop
  endfacet
  facet normal -0.9556963847326271 -0.2943542427229246 0
    outer loop
      vertex 40.96388380229473 2.681910403072834 2.4
      vertex 40.93336780369282 2.7809884026646614 3
      vertex 40.93336780369282 2.7809884026646614 2.4
    endloop
  endfacet
  facet normal -0.9863246455918661 -0.1648141180180865 0
    outer loop
      vertex 40.93336780369282 2.7809884026646614 2.4
      vertex 40.91505820304155 2.8905616030097008 3
      vertex 40.91505820304155 2.8905616030097008 2.4
    endloop
  endfacet
  facet normal -0.9987106002238593 -0.050765509950147156 0
    outer loop
      vertex 40.91505820304155 2.8905616030097008 2.4
      vertex 40.90895500034094 3.0106299966573715 3
      vertex 40.90895500034094 3.0106299966573715 2.4
    endloop
  endfacet
  facet normal -0.9986601652472616 0.05174818207736239 0
    outer loop
      vertex 40.90895500034094 3.0106299966573715 2.4
      vertex 40.91505820304155 3.128412403166294 3
      vertex 40.91505820304155 3.128412403166294 2.4
    endloop
  endfacet
  facet normal 0 0 1
    outer loop
      vertex 41.61384820193052 1.04094760119915 2.4
      vertex 41.785751797258854 1.08855040371418 2.4
      vertex 41.65923339873552 1.3669420033693314 2.4
    endloop
  endfacet
  facet normal 0 0 1
    outer loop
      vertex 41.61384820193052 1.04094760119915 2.4
      vertex 41.65923339873552 1.3669420033693314 2.4
      vertex 41.5501905977726 1.3317880034446716 2.4
    endloop
  endfacet
  facet normal 0 0 1
    outer loop
      vertex 41.785751797258854 1.08855040371418 2.4
      vertex 41.9393457993865 1.1678884029388428 2.4
      vertex 41.65923339873552 1.3669420033693314 2.4
    endloop
  endfacet
  facet normal 0 0 1
    outer loop
      vertex 41.9393457993865 1.1678884029388428 2.4
      vertex 42.074630200862885 1.2789615988731384 2.4
      vertex 41.7568833976984 1.4255319982767105 2.4
    endloop
  endfacet
  facet normal 0 0 1
    outer loop
      vertex 41.9393457993865 1.1678884029388428 2.4
      vertex 41.7568833976984 1.4255319982767105 2.4
      vertex 41.65923339873552 1.3669420033693314 2.4
    endloop
  endfacet
  facet normal 0 0 1
    outer loop
      vertex 41.7568833976984 1.4255319982767105 2.4
      vertex 42.074630200862885 1.2789615988731384 2.4
      vertex 41.843140602111816 1.5075580030679703 2.4
    endloop
  endfacet
  facet normal 0 0 1
    outer loop
      vertex 41.843140602111816 1.5075580030679703 2.4
      vertex 42.074630200862885 1.2789615988731384 2.4
      vertex 42.191605001688 1.4217699989676476 2.4
    endloop
  endfacet
  facet normal 0 0 1
    outer loop
      vertex 41.843140602111816 1.5075580030679703 2.4
      vertex 42.191605001688 1.4217699989676476 2.4
      vertex 41.918004997074604 1.6130200028419495 2.4
    endloop
  endfacet
  facet normal 0 0 1
    outer loop
      vertex 41.918004997074604 1.6130200028419495 2.4
      vertex 42.191605001688 1.4217699989676476 2.4
      vertex 42.288653798401356 1.5941284000873566 2.4
    endloop
  endfacet
  facet normal -0.2668724699746131 0.9637318531467397 0
    outer loop
      vertex 41.61384820193052 1.04094760119915 2.4
      vertex 41.61384820193052 1.04094760119915 3
      vertex 41.785751797258854 1.08855040371418 2.4
    endloop
  endfacet
  facet normal -0.4589337486649419 0.8884704915394456 0
    outer loop
      vertex 41.785751797258854 1.08855040371418 2.4
      vertex 41.785751797258854 1.08855040371418 3
      vertex 41.9393457993865 1.1678884029388428 2.4
    endloop
  endfacet
  facet normal 0.30683598768828735 -0.951762405571555 0
    outer loop
      vertex 41.5501905977726 1.3317880034446716 2.4
      vertex 41.65923339873552 1.3669420033693314 2.4
      vertex 41.65923339873552 1.3669420033693314 3
    endloop
  endfacet
  facet normal -0.6345576657988066 0.7728755195864143 0
    outer loop
      vertex 41.9393457993865 1.1678884029388428 2.4
      vertex 41.9393457993865 1.1678884029388428 3
      vertex 42.074630200862885 1.2789615988731384 2.4
    endloop
  endfacet
  facet normal -0.7736078889306957 0.6336646070155665 0
    outer loop
      vertex 42.074630200862885 1.2789615988731384 2.4
      vertex 42.074630200862885 1.2789615988731384 3
      vertex 42.191605001688 1.4217699989676476 2.4
    endloop
  endfacet
  facet normal 0.5144957265632434 -0.8574929430311133 0
    outer loop
      vertex 41.65923339873552 1.3669420033693314 2.4
      vertex 41.7568833976984 1.4255319982767105 2.4
      vertex 41.7568833976984 1.4255319982767105 3
    endloop
  endfacet
  facet normal 0.6891099760146574 -0.7246567745885485 0
    outer loop
      vertex 41.7568833976984 1.4255319982767105 2.4
      vertex 41.843140602111816 1.5075580030679703 2.4
      vertex 41.843140602111816 1.5075580030679703 3
    endloop
  endfacet
  facet normal -0.8713654910567222 0.4906344678021281 0
    outer loop
      vertex 42.191605001688 1.4217699989676476 2.4
      vertex 42.191605001688 1.4217699989676476 3
      vertex 42.288653798401356 1.5941284000873566 2.4
    endloop
  endfacet
  facet normal 0 0 1
    outer loop
      vertex 41.918004997074604 1.6130200028419495 2.4
      vertex 42.288653798401356 1.5941284000873566 2.4
      vertex 41.980581402778625 1.740209199488163 2.4
    endloop
  endfacet
  facet normal 0 0 1
    outer loop
      vertex 41.980581402778625 1.740209199488163 2.4
      vertex 42.288653798401356 1.5941284000873566 2.4
      vertex 42.364136196672916 1.7938276007771492 2.4
    endloop
  endfacet
  facet normal 0 0 1
    outer loop
      vertex 41.980581402778625 1.740209199488163 2.4
      vertex 42.364136196672916 1.7938276007771492 2.4
      vertex 42.02997460216284 1.8874168023467064 2.4
    endloop
  endfacet
  facet normal 0 0 1
    outer loop
      vertex 42.02997460216284 1.8874168023467064 2.4
      vertex 42.364136196672916 1.7938276007771492 2.4
      vertex 42.06618460267782 2.0546427965164185 2.4
    endloop
  endfacet
  facet normal 0 0 1
    outer loop
      vertex 42.364136196672916 1.7938276007771492 2.4
      vertex 42.418052196502686 2.0208676010370255 2.4
      vertex 42.06618460267782 2.0546427965164185 2.4
    endloop
  endfacet
  facet normal 0 0 1
    outer loop
      vertex 42.06618460267782 2.0546427965164185 2.4
      vertex 42.418052196502686 2.0208676010370255 2.4
      vertex 42.089211396873 2.2418871968984604 2.4
    endloop
  endfacet
  facet normal 0 0 1
    outer loop
      vertex 41.56963659822941 2.0620360001921654 2.4
      vertex 41.656300596892834 2.084205999970436 2.4
      vertex 41.59787020087242 2.3447235971689224 2.4
    endloop
  endfacet
  facet normal 0 0 1
    outer loop
      vertex 41.656300596892834 2.084205999970436 2.4
      vertex 41.73987340182066 2.1152440011501312 2.4
      vertex 41.65686219930649 2.3591656014323235 2.4
    endloop
  endfacet
  facet normal 0 0 1
    outer loop
      vertex 41.73987340182066 2.1152440011501312 2.4
      vertex 41.820354998111725 2.15514999628067 2.4
      vertex 41.71406380087137 2.379384398460388 2.4
    endloop
  endfacet
  facet normal 0 0 1
    outer loop
      vertex 41.56963659822941 2.0620360001921654 2.4
      vertex 41.59787020087242 2.3447235971689224 2.4
      vertex 41.53708779811859 2.3360584005713463 2.4
    endloop
  endfacet
  facet normal 0 0 1
    outer loop
      vertex 41.656300596892834 2.084205999970436 2.4
      vertex 41.65686219930649 2.3591656014323235 2.4
      vertex 41.59787020087242 2.3447235971689224 2.4
    endloop
  endfacet
  facet normal 0 0 1
    outer loop
      vertex 41.73987340182066 2.1152440011501312 2.4
      vertex 41.71406380087137 2.379384398460388 2.4
      vertex 41.65686219930649 2.3591656014323235 2.4
    endloop
  endfacet
  facet normal 0 0 1
    outer loop
      vertex 41.820354998111725 2.15514999628067 2.4
      vertex 41.89465180039406 2.202391602098942 2.4
      vertex 41.76947499811649 2.405380003154278 2.4
    endloop
  endfacet
  facet normal 0 0 1
    outer loop
      vertex 41.820354998111725 2.15514999628067 2.4
      vertex 41.76947499811649 2.405380003154278 2.4
      vertex 41.71406380087137 2.379384398460388 2.4
    endloop
  endfacet
  facet normal 0 0 1
    outer loop
      vertex 41.89465180039406 2.202391602098942 2.4
      vertex 41.95967020094395 2.2554123997688293 2.4
      vertex 41.82168219983578 2.436676003038883 2.4
    endloop
  endfacet
  facet normal 0 0 1
    outer loop
      vertex 42.089211396873 2.2418871968984604 2.4
      vertex 42.45040179789066 2.2752484008669853 2.4
      vertex 42.099054999649525 2.449150003492832 2.4
    endloop
  endfacet
  facet normal 0 0 1
    outer loop
      vertex 42.418052196502686 2.0208676010370255 2.4
      vertex 42.45040179789066 2.2752484008669853 2.4
      vertex 42.089211396873 2.2418871968984604 2.4
    endloop
  endfacet
  facet normal 0 0 1
    outer loop
      vertex 41.89465180039406 2.202391602098942 2.4
      vertex 41.82168219983578 2.436676003038883 2.4
      vertex 41.76947499811649 2.405380003154278 2.4
    endloop
  endfacet
  facet normal 0 0 1
    outer loop
      vertex 41.95967020094395 2.2554123997688293 2.4
      vertex 41.86924780160189 2.472772002220154 2.4
      vertex 41.82168219983578 2.436676003038883 2.4
    endloop
  endfacet
  facet normal 0 0 1
    outer loop
      vertex 41.95967020094395 2.2554123997688293 2.4
      vertex 42.01541019976139 2.3142123967409134 2.4
      vertex 41.86924780160189 2.472772002220154 2.4
    endloop
  endfacet
  facet normal 0 0 1
    outer loop
      vertex 42.01541019976139 2.3142123967409134 2.4
      vertex 42.06187179684639 2.3787916004657745 2.4
      vertex 41.86924780160189 2.472772002220154 2.4
    endloop
  endfacet
  facet normal 0 0 1
    outer loop
      vertex 42.06187179684639 2.3787916004657745 2.4
      vertex 41.91217180341482 2.5136680006980896 2.4
      vertex 41.86924780160189 2.472772002220154 2.4
    endloop
  endfacet
  facet normal 0 0 1
    outer loop
      vertex 42.06187179684639 2.3787916004657745 2.4
      vertex 42.099054999649525 2.449150003492832 2.4
      vertex 41.91217180341482 2.5136680006980896 2.4
    endloop
  endfacet
  facet normal 0 0 1
    outer loop
      vertex 41.91217180341482 2.5136680006980896 2.4
      vertex 42.099054999649525 2.449150003492832 2.4
      vertex 41.950454197824 2.5593639984726906 2.4
    endloop
  endfacet
  facet normal 0 0 1
    outer loop
      vertex 41.98409499973059 2.6098600029945374 2.4
      vertex 42.099054999649525 2.449150003492832 2.4
      vertex 42.46118500083685 2.556970000267029 2.4
    endloop
  endfacet
  facet normal 0 0 1
    outer loop
      vertex 41.950454197824 2.5593639984726906 2.4
      vertex 42.099054999649525 2.449150003492832 2.4
      vertex 41.98409499973059 2.6098600029945374 2.4
    endloop
  endfacet
  facet normal 0 0 1
    outer loop
      vertex 41.98409499973059 2.6098600029945374 2.4
      vertex 42.46118500083685 2.556970000267029 2.4
      vertex 42.01229380071163 2.6642199978232384 2.4
    endloop
  endfacet
  facet normal 0 0 1
    outer loop
      vertex 42.01229380071163 2.6642199978232384 2.4
      vertex 42.46118500083685 2.556970000267029 2.4
      vertex 42.03422620147467 2.7215079963207245 2.4
    endloop
  endfacet
  facet normal 0 0 1
    outer loop
      vertex 42.03422620147467 2.7215079963207245 2.4
      vertex 42.46118500083685 2.556970000267029 2.4
      vertex 42.04989220201969 2.7817239984869957 2.4
    endloop
  endfacet
  facet normal 0 0 1
    outer loop
      vertex 42.45040179789066 2.2752484008669853 2.4
      vertex 42.46118500083685 2.556970000267029 2.4
      vertex 42.099054999649525 2.449150003492832 2.4
    endloop
  endfacet
  facet normal 0 0 1
    outer loop
      vertex 42.04989220201969 2.7817239984869957 2.4
      vertex 42.46118500083685 2.556970000267029 2.4
      vertex 42.45133779942989 2.826721601188183 2.4
    endloop
  endfacet
  facet normal 0 0 1
    outer loop
      vertex 42.04989220201969 2.7817239984869957 2.4
      vertex 42.45133779942989 2.826721601188183 2.4
      vertex 42.059291802346706 2.8448679968714714 2.4
    endloop
  endfacet
  facet normal 0 0 1
    outer loop
      vertex 42.059291802346706 2.8448679968714714 2.4
      vertex 42.45133779942989 2.826721601188183 2.4
      vertex 42.06242500245571 2.910939998924732 2.4
    endloop
  endfacet
  facet normal 0 0 1
    outer loop
      vertex 42.06242500245571 2.910939998924732 2.4
      vertex 42.42179620265961 3.0679923966526985 2.4
      vertex 42.05607820302248 3.043863996863365 2.4
    endloop
  endfacet
  facet normal 0 0 1
    outer loop
      vertex 42.05607820302248 3.043863996863365 2.4
      vertex 42.42179620265961 3.0679923966526985 2.4
      vertex 42.037037797272205 3.165963999927044 2.4
    endloop
  endfacet
  facet normal 0 0 1
    outer loop
      vertex 42.06242500245571 2.910939998924732 2.4
      vertex 42.45133779942989 2.826721601188183 2.4
      vertex 42.42179620265961 3.0679923966526985 2.4
    endloop
  endfacet
  facet normal 0.815432710225053 -0.5788518766446427 0
    outer loop
      vertex 41.843140602111816 1.5075580030679703 2.4
      vertex 41.918004997074604 1.6130200028419495 2.4
      vertex 41.918004997074604 1.6130200028419495 3
    endloop
  endfacet
  facet normal 0.8972819496349598 -0.4414579287534493 0
    outer loop
      vertex 41.918004997074604 1.6130200028419495 2.4
      vertex 41.980581402778625 1.740209199488163 2.4
      vertex 41.980581402778625 1.740209199488163 3
    endloop
  endfacet
  facet normal 0.9480554488931427 -0.3181051175696825 0
    outer loop
      vertex 41.980581402778625 1.740209199488163 2.4
      vertex 42.02997460216284 1.8874168023467064 2.4
      vertex 42.02997460216284 1.8874168023467064 3
    endloop
  endfacet
  facet normal -0.9354093969808196 0.3535664860248767 0
    outer loop
      vertex 42.288653798401356 1.5941284000873566 2.4
      vertex 42.288653798401356 1.5941284000873566 3
      vertex 42.364136196672916 1.7938276007771492 2.4
    endloop
  endfacet
  facet normal -0.9729423311813947 0.23104809065498305 0
    outer loop
      vertex 42.364136196672916 1.7938276007771492 2.4
      vertex 42.364136196672916 1.7938276007771492 3
      vertex 42.418052196502686 2.0208676010370255 2.4
    endloop
  endfacet
  facet normal -0.24783471527320522 0.968802329634611 0
    outer loop
      vertex 41.56963659822941 2.0620360001921654 2.4
      vertex 41.56963659822941 2.0620360001921654 3
      vertex 41.656300596892834 2.084205999970436 2.4
    endloop
  endfacet
  facet normal -0.3481537409677024 0.937437449993435 0
    outer loop
      vertex 41.656300596892834 2.084205999970436 2.4
      vertex 41.656300596892834 2.084205999970436 3
      vertex 41.73987340182066 2.1152440011501312 2.4
    endloop
  endfacet
  facet normal -0.444229515952063 0.8959130187451212 0
    outer loop
      vertex 41.73987340182066 2.1152440011501312 2.4
      vertex 41.73987340182066 2.1152440011501312 3
      vertex 41.820354998111725 2.15514999628067 2.4
    endloop
  endfacet
  facet normal 0.9773501023558532 -0.21162886718262988 0
    outer loop
      vertex 42.02997460216284 1.8874168023467064 2.4
      vertex 42.06618460267782 2.0546427965164185 2.4
      vertex 42.06618460267782 2.0546427965164185 3
    endloop
  endfacet
  facet normal -0.5365668231290482 0.8438578341860676 0
    outer loop
      vertex 41.820354998111725 2.15514999628067 2.4
      vertex 41.820354998111725 2.15514999628067 3
      vertex 41.89465180039406 2.202391602098942 2.4
    endloop
  endfacet
  facet normal -0.6319797968113108 0.7749848620601142 0
    outer loop
      vertex 41.89465180039406 2.202391602098942 2.4
      vertex 41.89465180039406 2.202391602098942 3
      vertex 41.95967020094395 2.2554123997688293 2.4
    endloop
  endfacet
  facet normal 0.9925230048265536 -0.12205771130931947 0
    outer loop
      vertex 42.06618460267782 2.0546427965164185 2.4
      vertex 42.089211396873 2.2418871968984604 2.4
      vertex 42.089211396873 2.2418871968984604 3
    endloop
  endfacet
  facet normal -0.7257385816743099 0.6879705742757906 0
    outer loop
      vertex 41.95967020094395 2.2554123997688293 2.4
      vertex 41.95967020094395 2.2554123997688293 3
      vertex 42.01541019976139 2.3142123967409134 2.4
    endloop
  endfacet
  facet normal -0.81174546208658 0.5840113909692556 0
    outer loop
      vertex 42.01541019976139 2.3142123967409134 2.4
      vertex 42.01541019976139 2.3142123967409134 3
      vertex 42.06187179684639 2.3787916004657745 2.4
    endloop
  endfacet
  facet normal -0.9920106722412199 0.12615397797740394 0
    outer loop
      vertex 42.418052196502686 2.0208676010370255 2.4
      vertex 42.418052196502686 2.0208676010370255 3
      vertex 42.45040179789066 2.2752484008669853 2.4
    endloop
  endfacet
  facet normal 0.23779081580917918 -0.9713163891939665 0
    outer loop
      vertex 41.59787020087242 2.3447235971689224 2.4
      vertex 41.65686219930649 2.3591656014323235 2.4
      vertex 41.59787020087242 2.3447235971689224 3
    endloop
  endfacet
  facet normal 0.3332597367973059 -0.9428350586554312 0
    outer loop
      vertex 41.65686219930649 2.3591656014323235 2.4
      vertex 41.71406380087137 2.379384398460388 2.4
      vertex 41.65686219930649 2.3591656014323235 3
    endloop
  endfacet
  facet normal 0.4247232673414526 -0.9053232274601161 0
    outer loop
      vertex 41.71406380087137 2.379384398460388 2.4
      vertex 41.76947499811649 2.405380003154278 2.4
      vertex 41.71406380087137 2.379384398460388 3
    endloop
  endfacet
  facet normal 0.5141535964381992 -0.8576981282885404 0
    outer loop
      vertex 41.76947499811649 2.405380003154278 2.4
      vertex 41.82168219983578 2.436676003038883 2.4
      vertex 41.76947499811649 2.405380003154278 3
    endloop
  endfacet
  facet normal 0.6045113696034258 -0.7965965126839248 0
    outer loop
      vertex 41.82168219983578 2.436676003038883 2.4
      vertex 41.86924780160189 2.472772002220154 2.4
      vertex 41.82168219983578 2.436676003038883 3
    endloop
  endfacet
  facet normal 0.6897966456344942 -0.7240031682744213 0
    outer loop
      vertex 41.86924780160189 2.472772002220154 2.4
      vertex 41.91217180341482 2.5136680006980896 2.4
      vertex 41.86924780160189 2.472772002220154 3
    endloop
  endfacet
  facet normal 0.7665489004944632 -0.6421859412590168 0
    outer loop
      vertex 41.91217180341482 2.5136680006980896 2.4
      vertex 41.950454197824 2.5593639984726906 2.4
      vertex 41.91217180341482 2.5136680006980896 3
    endloop
  endfacet
  facet normal 0.9988740957151944 -0.047439866242988474 0
    outer loop
      vertex 42.089211396873 2.2418871968984604 2.4
      vertex 42.099054999649525 2.449150003492832 2.4
      vertex 42.099054999649525 2.449150003492832 3
    endloop
  endfacet
  facet normal -0.8841273274429824 0.46724604746164444 0
    outer loop
      vertex 42.06187179684639 2.3787916004657745 2.4
      vertex 42.06187179684639 2.3787916004657745 3
      vertex 42.099054999649525 2.449150003492832 2.4
    endloop
  endfacet
  facet normal 0.8322267345727157 -0.5544354446303326 0
    outer loop
      vertex 41.950454197824 2.5593639984726906 2.4
      vertex 41.98409499973059 2.6098600029945374 2.4
      vertex 41.950454197824 2.5593639984726906 3
    endloop
  endfacet
  facet normal 0.8876735270121443 -0.460473353671871 0
    outer loop
      vertex 41.98409499973059 2.6098600029945374 2.4
      vertex 42.01229380071163 2.6642199978232384 2.4
      vertex 41.98409499973059 2.6098600029945374 3
    endloop
  endfacet
  facet normal 0.9338985808567339 -0.35753802689193576 0
    outer loop
      vertex 42.01229380071163 2.6642199978232384 2.4
      vertex 42.03422620147467 2.7215079963207245 2.4
      vertex 42.01229380071163 2.6642199978232384 3
    endloop
  endfacet
  facet normal -0.9992682741609624 0.03824808825773368 0
    outer loop
      vertex 42.45040179789066 2.2752484008669853 2.4
      vertex 42.45040179789066 2.2752484008669853 3
      vertex 42.46118500083685 2.556970000267029 2.4
    endloop
  endfacet
  facet normal -0.9993343686079521 -0.036480401847371294 0
    outer loop
      vertex 42.46118500083685 2.556970000267029 2.4
      vertex 42.46118500083685 2.556970000267029 3
      vertex 42.45133779942989 2.826721601188183 2.4
    endloop
  endfacet
  facet normal 0.9677839808343476 -0.25178198196142504 0
    outer loop
      vertex 42.03422620147467 2.7215079963207245 2.4
      vertex 42.04989220201969 2.7817239984869957 2.4
      vertex 42.03422620147467 2.7215079963207245 3
    endloop
  endfacet
  facet normal 0.9891011873338369 -0.14723736351481567 0
    outer loop
      vertex 42.04989220201969 2.7817239984869957 2.4
      vertex 42.059291802346706 2.8448679968714714 2.4
      vertex 42.04989220201969 2.7817239984869957 3
    endloop
  endfacet
  facet normal 0.9988775173784856 -0.047367766210717276 0
    outer loop
      vertex 42.059291802346706 2.8448679968714714 2.4
      vertex 42.06242500245571 2.910939998924732 2.4
      vertex 42.059291802346706 2.8448679968714714 3
    endloop
  endfacet
  facet normal 0.9988620296437364 0.04769324623042093 0
    outer loop
      vertex 42.06242500245571 2.910939998924732 2.4
      vertex 42.05607820302248 3.043863996863365 2.4
      vertex 42.06242500245571 2.910939998924732 3
    endloop
  endfacet
  facet normal 0.9880585452932263 0.15407891183751737 0
    outer loop
      vertex 42.05607820302248 3.043863996863365 2.4
      vertex 42.037037797272205 3.165963999927044 2.4
      vertex 42.05607820302248 3.043863996863365 3
    endloop
  endfacet
  facet normal -0.9925872651285945 -0.12153403270087453 0
    outer loop
      vertex 42.45133779942989 2.826721601188183 2.4
      vertex 42.45133779942989 2.826721601188183 3
      vertex 42.42179620265961 3.0679923966526985 2.4
    endloop
  endfacet
  facet normal 0.254140272416559 0.9671673701774876 0
    outer loop
      vertex 41.17642059922218 1.0477024018764496 2.4
      vertex 41.06880459934473 1.0759804025292397 3
      vertex 41.17642059922218 1.0477024018764496 3
    endloop
  endfacet
  facet normal 0.5080504233942638 0.8613273287716519 0
    outer loop
      vertex 40.97184939682484 1.1155695989727974 2.4
      vertex 40.88555499911308 1.1664699986577034 3
      vertex 40.97184939682484 1.1155695989727974 3
    endloop
  endfacet
  facet normal 0.3780250444364741 0.9257953692791953 0
    outer loop
      vertex 41.06880459934473 1.0759804025292397 2.4
      vertex 40.97184939682484 1.1155695989727974 3
      vertex 41.06880459934473 1.0759804025292397 3
    endloop
  endfacet
  facet normal 0.141996431244957 0.9898671696312067 0
    outer loop
      vertex 41.294697396457195 1.0307355970144272 2.4
      vertex 41.17642059922218 1.0477024018764496 3
      vertex 41.294697396457195 1.0307355970144272 3
    endloop
  endfacet
  facet normal 0.0438208973515757 0.9990394031044535 0
    outer loop
      vertex 41.42363499850035 1.0250800028443336 2.4
      vertex 41.294697396457195 1.0307355970144272 3
      vertex 41.42363499850035 1.0250800028443336 3
    endloop
  endfacet
  facet normal -0.08313131783833898 0.9965386013569474 0
    outer loop
      vertex 41.61384820193052 1.04094760119915 2.4
      vertex 41.42363499850035 1.0250800028443336 3
      vertex 41.61384820193052 1.04094760119915 3
    endloop
  endfacet
  facet normal 0.7553633794623371 0.655306161246205 0
    outer loop
      vertex 40.809188202023506 1.2299835979938507 2.4
      vertex 40.742015801370144 1.307412400841713 3
      vertex 40.809188202023506 1.2299835979938507 3
    endloop
  endfacet
  facet normal 0.8442888676018979 0.5358883354239994 0
    outer loop
      vertex 40.742015801370144 1.307412400841713 2.4
      vertex 40.684037797152996 1.3987563997507095 3
      vertex 40.742015801370144 1.307412400841713 3
    endloop
  endfacet
  facet normal 0.9072943434623151 0.4204961050013266 0
    outer loop
      vertex 40.684037797152996 1.3987563997507095 2.4
      vertex 40.63525419682264 1.504015602171421 3
      vertex 40.684037797152996 1.3987563997507095 3
    endloop
  endfacet
  facet normal 0.9490067495618094 0.315255752185633 0
    outer loop
      vertex 40.63525419682264 1.504015602171421 2.4
      vertex 40.595665000379086 1.623190000653267 3
      vertex 40.63525419682264 1.504015602171421 3
    endloop
  endfacet
  facet normal 0.6394390295350129 0.7688418091566828 0
    outer loop
      vertex 40.88555499911308 1.1664699986577034 2.4
      vertex 40.809188202023506 1.2299835979938507 3
      vertex 40.88555499911308 1.1664699986577034 3
    endloop
  endfacet
  facet normal -0.34214733239193135 -0.9396463180032608 0
    outer loop
      vertex 41.17259979993105 1.3773579970002174 2.4
      vertex 41.29059819877148 1.3343920037150383 3
      vertex 41.17259979993105 1.3773579970002174 3
    endloop
  endfacet
  facet normal -0.10237910916430785 -0.9947454538758761 0
    outer loop
      vertex 41.29059819877148 1.3343920037150383 2.4
      vertex 41.42975500226021 1.3200699985027313 3
      vertex 41.29059819877148 1.3343920037150383 3
    endloop
  endfacet
  facet normal 0.09683956244768664 -0.9953000045940624 0
    outer loop
      vertex 41.42975500226021 1.3200699985027313 2.4
      vertex 41.5501905977726 1.3317880034446716 3
      vertex 41.42975500226021 1.3200699985027313 3
    endloop
  endfacet
  facet normal -0.594566150771225 -0.8040466978708942 0
    outer loop
      vertex 41.075759798288345 1.4489680007100105 2.4
      vertex 41.17259979993105 1.3773579970002174 3
      vertex 41.075759798288345 1.4489680007100105 3
    endloop
  endfacet
  facet normal -0.798119471838538 -0.6024992188145751 0
    outer loop
      vertex 41.000078201293945 1.5492219999432564 2.4
      vertex 41.075759798288345 1.4489680007100105 3
      vertex 41.000078201293945 1.5492219999432564 3
    endloop
  endfacet
  facet normal 0.1550925861326795 -0.9878999391267707 0
    outer loop
      vertex 40.595665000379086 1.623190000653267 2.4
      vertex 40.94555500149727 1.6781200021505356 3
      vertex 40.595665000379086 1.623190000653267 3
    endloop
  endfacet
  facet normal -0.9209943512934207 -0.3895759295511096 0
    outer loop
      vertex 40.94555500149727 1.6781200021505356 2.4
      vertex 41.000078201293945 1.5492219999432564 3
      vertex 40.94555500149727 1.6781200021505356 3
    endloop
  endfacet
  facet normal 0.3931493971065481 0.9194746062587903 0
    outer loop
      vertex 41.10253419727087 2.0866120010614395 2.4
      vertex 40.978838197886944 2.1395019963383675 3
      vertex 41.10253419727087 2.0866120010614395 3
    endloop
  endfacet
  facet normal 0.07108314632117141 0.9974703937005263 0
    outer loop
      vertex 41.38703499734402 2.0442999973893166 2.4
      vertex 41.23859979957342 2.054877996444702 3
      vertex 41.38703499734402 2.0442999973893166 3
    endloop
  endfacet
  facet normal -0.04770197619488471 0.9988616127708095 0
    outer loop
      vertex 41.4798813983798 2.048734001815319 2.4
      vertex 41.38703499734402 2.0442999973893166 3
      vertex 41.4798813983798 2.048734001815319 3
    endloop
  endfacet
  facet normal 0.22713026931866268 0.9738643851991057 0
    outer loop
      vertex 41.23859979957342 2.054877996444702 2.4
      vertex 41.10253419727087 2.0866120010614395 3
      vertex 41.23859979957342 2.054877996444702 3
    endloop
  endfacet
  facet normal -0.14660184638589804 0.9891955815895285 0
    outer loop
      vertex 41.56963659822941 2.0620360001921654 2.4
      vertex 41.4798813983798 2.048734001815319 3
      vertex 41.56963659822941 2.0620360001921654 3
    endloop
  endfacet
  facet normal 0.5538113570904492 0.8326421684959481 0
    outer loop
      vertex 40.978838197886944 2.1395019963383675 2.4
      vertex 40.86751180142164 2.213547997176647 3
      vertex 40.978838197886944 2.1395019963383675 3
    endloop
  endfacet
  facet normal 0.6933025667588975 0.7206466200056201 0
    outer loop
      vertex 40.86751180142164 2.213547997176647 2.4
      vertex 40.768555000424385 2.3087500035762787 3
      vertex 40.86751180142164 2.213547997176647 3
    endloop
  endfacet
  facet normal -0.07274620879230441 -0.997350484587212 0
    outer loop
      vertex 41.47451499849558 2.333169996738434 2.4
      vertex 41.47451499849558 2.333169996738434 3
      vertex 41.374667800962925 2.3404527977108955 3
    endloop
  endfacet
  facet normal 0.046111592259025586 -0.9989362947952873 0
    outer loop
      vertex 41.53708779811859 2.3360584005713463 2.4
      vertex 41.53708779811859 2.3360584005713463 3
      vertex 41.47451499849558 2.333169996738434 3
    endloop
  endfacet
  facet normal 0.8035708273735139 0.59520914424616 0
    outer loop
      vertex 40.768555000424385 2.3087500035762787 2.4
      vertex 40.685070998966694 2.4214588031172752 3
      vertex 40.768555000424385 2.3087500035762787 3
    endloop
  endfacet
  facet normal 0.8897076426660114 0.45653073344703626 0
    outer loop
      vertex 40.685070998966694 2.4214588031172752 2.4
      vertex 40.62013900279999 2.5480011999607086 3
      vertex 40.685070998966694 2.4214588031172752 3
    endloop
  endfacet
  facet normal 0.9495160136179335 0.31371856796037517 0
    outer loop
      vertex 40.62013900279999 2.5480011999607086 2.4
      vertex 40.573758997023106 2.6883772015571594 3
      vertex 40.62013900279999 2.5480011999607086 3
    endloop
  endfacet
  facet normal -0.5674728682730753 -0.8233920960113286 0
    outer loop
      vertex 41.20085020363331 2.3987151980400085 2.4
      vertex 41.20085020363331 2.3987151980400085 3
      vertex 41.126879796385765 2.44969479739666 3
    endloop
  endfacet
  facet normal -0.7081886025181766 -0.706023302209886 0
    outer loop
      vertex 41.126879796385765 2.44969479739666 2.4
      vertex 41.126879796385765 2.44969479739666 3
      vertex 41.061535000801086 2.5152399986982346 3
    endloop
  endfacet
  facet normal -0.40340453111921243 -0.9150217397813498 0
    outer loop
      vertex 41.283446200191975 2.3623012006282806 2.4
      vertex 41.283446200191975 2.3623012006282806 3
      vertex 41.20085020363331 2.3987151980400085 3
    endloop
  endfacet
  facet normal -0.23292152388580437 -0.9724955340312441 0
    outer loop
      vertex 41.374667800962925 2.3404527977108955 2.4
      vertex 41.374667800962925 2.3404527977108955 3
      vertex 41.283446200191975 2.3623012006282806 3
    endloop
  endfacet
  facet normal -0.9007176431874193 -0.4344050267330029 0
    outer loop
      vertex 41.006606198847294 2.593327596783638 2.4
      vertex 41.006606198847294 2.593327596783638 3
      vertex 40.96388380229473 2.681910403072834 3
    endloop
  endfacet
  facet normal -0.8179135266131532 -0.5753411709440188 0
    outer loop
      vertex 41.061535000801086 2.5152399986982346 2.4
      vertex 41.061535000801086 2.5152399986982346 3
      vertex 41.006606198847294 2.593327596783638 3
    endloop
  endfacet
  facet normal -0.9556963847326271 -0.2943542427229246 0
    outer loop
      vertex 40.96388380229473 2.681910403072834 2.4
      vertex 40.96388380229473 2.681910403072834 3
      vertex 40.93336780369282 2.7809884026646614 3
    endloop
  endfacet
  facet normal 0.9841050399358795 0.17758735983397303 0
    outer loop
      vertex 40.573758997023106 2.6883772015571594 2.4
      vertex 40.54593099653721 2.842586800456047 3
      vertex 40.573758997023106 2.6883772015571594 3
    endloop
  endfacet
  facet normal 0.9984799493327037 0.055116157164315435 0
    outer loop
      vertex 40.54593099653721 2.842586800456047 2.4
      vertex 40.5366550013423 3.0106299966573715 3
      vertex 40.54593099653721 2.842586800456047 3
    endloop
  endfacet
  facet normal 0.9982863274025553 -0.05851844599028687 0
    outer loop
      vertex 40.5366550013423 3.0106299966573715 2.4
      vertex 40.54674579948187 3.182772397994995 3
      vertex 40.5366550013423 3.0106299966573715 3
    endloop
  endfacet
  facet normal -0.9863246455918661 -0.1648141180180865 0
    outer loop
      vertex 40.93336780369282 2.7809884026646614 2.4
      vertex 40.93336780369282 2.7809884026646614 3
      vertex 40.91505820304155 2.8905616030097008 3
    endloop
  endfacet
  facet normal -0.9987106002238593 -0.050765509950147156 0
    outer loop
      vertex 40.91505820304155 2.8905616030097008 2.4
      vertex 40.91505820304155 2.8905616030097008 3
      vertex 40.90895500034094 3.0106299966573715 3
    endloop
  endfacet
  facet normal -0.9986601652472616 0.05174818207736239 0
    outer loop
      vertex 40.90895500034094 3.0106299966573715 2.4
      vertex 40.90895500034094 3.0106299966573715 3
      vertex 40.91505820304155 3.128412403166294 3
    endloop
  endfacet
  facet normal -0.2668724699746131 0.9637318531467397 0
    outer loop
      vertex 41.785751797258854 1.08855040371418 2.4
      vertex 41.61384820193052 1.04094760119915 3
      vertex 41.785751797258854 1.08855040371418 3
    endloop
  endfacet
  facet normal -0.4589337486649419 0.8884704915394456 0
    outer loop
      vertex 41.9393457993865 1.1678884029388428 2.4
      vertex 41.785751797258854 1.08855040371418 3
      vertex 41.9393457993865 1.1678884029388428 3
    endloop
  endfacet
  facet normal 0.30683598768828735 -0.951762405571555 0
    outer loop
      vertex 41.5501905977726 1.3317880034446716 2.4
      vertex 41.65923339873552 1.3669420033693314 3
      vertex 41.5501905977726 1.3317880034446716 3
    endloop
  endfacet
  facet normal -0.6345576657988066 0.7728755195864143 0
    outer loop
      vertex 42.074630200862885 1.2789615988731384 2.4
      vertex 41.9393457993865 1.1678884029388428 3
      vertex 42.074630200862885 1.2789615988731384 3
    endloop
  endfacet
  facet normal 0.5144957265632434 -0.8574929430311133 0
    outer loop
      vertex 41.65923339873552 1.3669420033693314 2.4
      vertex 41.7568833976984 1.4255319982767105 3
      vertex 41.65923339873552 1.3669420033693314 3
    endloop
  endfacet
  facet normal 0.6891099760146574 -0.7246567745885485 0
    outer loop
      vertex 41.7568833976984 1.4255319982767105 2.4
      vertex 41.843140602111816 1.5075580030679703 3
      vertex 41.7568833976984 1.4255319982767105 3
    endloop
  endfacet
  facet normal 0.815432710225053 -0.5788518766446427 0
    outer loop
      vertex 41.843140602111816 1.5075580030679703 2.4
      vertex 41.918004997074604 1.6130200028419495 3
      vertex 41.843140602111816 1.5075580030679703 3
    endloop
  endfacet
  facet normal -0.7736078889306957 0.6336646070155665 0
    outer loop
      vertex 42.191605001688 1.4217699989676476 2.4
      vertex 42.074630200862885 1.2789615988731384 3
      vertex 42.191605001688 1.4217699989676476 3
    endloop
  endfacet
  facet normal -0.8713654910567222 0.4906344678021281 0
    outer loop
      vertex 42.288653798401356 1.5941284000873566 2.4
      vertex 42.191605001688 1.4217699989676476 3
      vertex 42.288653798401356 1.5941284000873566 3
    endloop
  endfacet
  facet normal 0.8972819496349598 -0.4414579287534493 0
    outer loop
      vertex 41.918004997074604 1.6130200028419495 2.4
      vertex 41.980581402778625 1.740209199488163 3
      vertex 41.918004997074604 1.6130200028419495 3
    endloop
  endfacet
  facet normal 0.9480554488931427 -0.3181051175696825 0
    outer loop
      vertex 41.980581402778625 1.740209199488163 2.4
      vertex 42.02997460216284 1.8874168023467064 3
      vertex 41.980581402778625 1.740209199488163 3
    endloop
  endfacet
  facet normal 0.9773501023558532 -0.21162886718262988 0
    outer loop
      vertex 42.02997460216284 1.8874168023467064 2.4
      vertex 42.06618460267782 2.0546427965164185 3
      vertex 42.02997460216284 1.8874168023467064 3
    endloop
  endfacet
  facet normal -0.9354093969808196 0.3535664860248767 0
    outer loop
      vertex 42.364136196672916 1.7938276007771492 2.4
      vertex 42.288653798401356 1.5941284000873566 3
      vertex 42.364136196672916 1.7938276007771492 3
    endloop
  endfacet
  facet normal -0.9729423311813947 0.23104809065498305 0
    outer loop
      vertex 42.418052196502686 2.0208676010370255 2.4
      vertex 42.364136196672916 1.7938276007771492 3
      vertex 42.418052196502686 2.0208676010370255 3
    endloop
  endfacet
  facet normal -0.24783471527320522 0.968802329634611 0
    outer loop
      vertex 41.656300596892834 2.084205999970436 2.4
      vertex 41.56963659822941 2.0620360001921654 3
      vertex 41.656300596892834 2.084205999970436 3
    endloop
  endfacet
  facet normal -0.3481537409677024 0.937437449993435 0
    outer loop
      vertex 41.73987340182066 2.1152440011501312 2.4
      vertex 41.656300596892834 2.084205999970436 3
      vertex 41.73987340182066 2.1152440011501312 3
    endloop
  endfacet
  facet normal -0.444229515952063 0.8959130187451212 0
    outer loop
      vertex 41.820354998111725 2.15514999628067 2.4
      vertex 41.73987340182066 2.1152440011501312 3
      vertex 41.820354998111725 2.15514999628067 3
    endloop
  endfacet
  facet normal 0.9925230048265536 -0.12205771130931947 0
    outer loop
      vertex 42.06618460267782 2.0546427965164185 2.4
      vertex 42.089211396873 2.2418871968984604 3
      vertex 42.06618460267782 2.0546427965164185 3
    endloop
  endfacet
  facet normal -0.5365668231290482 0.8438578341860676 0
    outer loop
      vertex 41.89465180039406 2.202391602098942 2.4
      vertex 41.820354998111725 2.15514999628067 3
      vertex 41.89465180039406 2.202391602098942 3
    endloop
  endfacet
  facet normal 0.14113397902658953 -0.9899905049868519 0
    outer loop
      vertex 41.59787020087242 2.3447235971689224 2.4
      vertex 41.59787020087242 2.3447235971689224 3
      vertex 41.53708779811859 2.3360584005713463 3
    endloop
  endfacet
  facet normal -0.6319797968113108 0.7749848620601142 0
    outer loop
      vertex 41.95967020094395 2.2554123997688293 2.4
      vertex 41.89465180039406 2.202391602098942 3
      vertex 41.95967020094395 2.2554123997688293 3
    endloop
  endfacet
  facet normal -0.7257385816743099 0.6879705742757906 0
    outer loop
      vertex 42.01541019976139 2.3142123967409134 2.4
      vertex 41.95967020094395 2.2554123997688293 3
      vertex 42.01541019976139 2.3142123967409134 3
    endloop
  endfacet
  facet normal 0.9988740957151944 -0.047439866242988474 0
    outer loop
      vertex 42.089211396873 2.2418871968984604 2.4
      vertex 42.099054999649525 2.449150003492832 3
      vertex 42.089211396873 2.2418871968984604 3
    endloop
  endfacet
  facet normal -0.9920106722412199 0.12615397797740394 0
    outer loop
      vertex 42.45040179789066 2.2752484008669853 2.4
      vertex 42.418052196502686 2.0208676010370255 3
      vertex 42.45040179789066 2.2752484008669853 3
    endloop
  endfacet
  facet normal 0.23779081580917918 -0.9713163891939665 0
    outer loop
      vertex 41.65686219930649 2.3591656014323235 2.4
      vertex 41.65686219930649 2.3591656014323235 3
      vertex 41.59787020087242 2.3447235971689224 3
    endloop
  endfacet
  facet normal 0.3332597367973059 -0.9428350586554312 0
    outer loop
      vertex 41.71406380087137 2.379384398460388 2.4
      vertex 41.71406380087137 2.379384398460388 3
      vertex 41.65686219930649 2.3591656014323235 3
    endloop
  endfacet
  facet normal 0.4247232673414526 -0.9053232274601161 0
    outer loop
      vertex 41.76947499811649 2.405380003154278 2.4
      vertex 41.76947499811649 2.405380003154278 3
      vertex 41.71406380087137 2.379384398460388 3
    endloop
  endfacet
  facet normal 0.5141535964381992 -0.8576981282885404 0
    outer loop
      vertex 41.82168219983578 2.436676003038883 2.4
      vertex 41.82168219983578 2.436676003038883 3
      vertex 41.76947499811649 2.405380003154278 3
    endloop
  endfacet
  facet normal 0.6045113696034258 -0.7965965126839248 0
    outer loop
      vertex 41.86924780160189 2.472772002220154 2.4
      vertex 41.86924780160189 2.472772002220154 3
      vertex 41.82168219983578 2.436676003038883 3
    endloop
  endfacet
  facet normal 0.6897966456344942 -0.7240031682744213 0
    outer loop
      vertex 41.91217180341482 2.5136680006980896 2.4
      vertex 41.91217180341482 2.5136680006980896 3
      vertex 41.86924780160189 2.472772002220154 3
    endloop
  endfacet
  facet normal -0.81174546208658 0.5840113909692556 0
    outer loop
      vertex 42.06187179684639 2.3787916004657745 2.4
      vertex 42.01541019976139 2.3142123967409134 3
      vertex 42.06187179684639 2.3787916004657745 3
    endloop
  endfacet
  facet normal -0.8841273274429824 0.46724604746164444 0
    outer loop
      vertex 42.099054999649525 2.449150003492832 2.4
      vertex 42.06187179684639 2.3787916004657745 3
      vertex 42.099054999649525 2.449150003492832 3
    endloop
  endfacet
  facet normal 0.7665489004944632 -0.6421859412590168 0
    outer loop
      vertex 41.950454197824 2.5593639984726906 2.4
      vertex 41.950454197824 2.5593639984726906 3
      vertex 41.91217180341482 2.5136680006980896 3
    endloop
  endfacet
  facet normal 0.8322267345727157 -0.5544354446303326 0
    outer loop
      vertex 41.98409499973059 2.6098600029945374 2.4
      vertex 41.98409499973059 2.6098600029945374 3
      vertex 41.950454197824 2.5593639984726906 3
    endloop
  endfacet
  facet normal 0.8876735270121443 -0.460473353671871 0
    outer loop
      vertex 42.01229380071163 2.6642199978232384 2.4
      vertex 42.01229380071163 2.6642199978232384 3
      vertex 41.98409499973059 2.6098600029945374 3
    endloop
  endfacet
  facet normal 0.9338985808567339 -0.35753802689193576 0
    outer loop
      vertex 42.03422620147467 2.7215079963207245 2.4
      vertex 42.03422620147467 2.7215079963207245 3
      vertex 42.01229380071163 2.6642199978232384 3
    endloop
  endfacet
  facet normal -0.9992682741609624 0.03824808825773368 0
    outer loop
      vertex 42.46118500083685 2.556970000267029 2.4
      vertex 42.45040179789066 2.2752484008669853 3
      vertex 42.46118500083685 2.556970000267029 3
    endloop
  endfacet
  facet normal 0.9677839808343476 -0.25178198196142504 0
    outer loop
      vertex 42.04989220201969 2.7817239984869957 2.4
      vertex 42.04989220201969 2.7817239984869957 3
      vertex 42.03422620147467 2.7215079963207245 3
    endloop
  endfacet
  facet normal 0.9891011873338369 -0.14723736351481567 0
    outer loop
      vertex 42.059291802346706 2.8448679968714714 2.4
      vertex 42.059291802346706 2.8448679968714714 3
      vertex 42.04989220201969 2.7817239984869957 3
    endloop
  endfacet
  facet normal 0.9988775173784856 -0.047367766210717276 0
    outer loop
      vertex 42.06242500245571 2.910939998924732 2.4
      vertex 42.06242500245571 2.910939998924732 3
      vertex 42.059291802346706 2.8448679968714714 3
    endloop
  endfacet
  facet normal 0.9988620296437364 0.04769324623042093 0
    outer loop
      vertex 42.05607820302248 3.043863996863365 2.4
      vertex 42.05607820302248 3.043863996863365 3
      vertex 42.06242500245571 2.910939998924732 3
    endloop
  endfacet
  facet normal -0.9993343686079521 -0.036480401847371294 0
    outer loop
      vertex 42.45133779942989 2.826721601188183 2.4
      vertex 42.46118500083685 2.556970000267029 3
      vertex 42.45133779942989 2.826721601188183 3
    endloop
  endfacet
  facet normal -0.9925872651285945 -0.12153403270087453 0
    outer loop
      vertex 42.42179620265961 3.0679923966526985 2.4
      vertex 42.45133779942989 2.826721601188183 3
      vertex 42.42179620265961 3.0679923966526985 3
    endloop
  endfacet
  facet normal 0 0 1
    outer loop
      vertex 40.54674579948187 3.182772397994995 2.4
      vertex 40.91505820304155 3.128412403166294 2.4
      vertex 40.93336780369282 3.236023597419262 2.4
    endloop
  endfacet
  facet normal 0 0 1
    outer loop
      vertex 40.54674579948187 3.182772397994995 2.4
      vertex 40.93336780369282 3.236023597419262 2.4
      vertex 40.577018201351166 3.339535601437092 2.4
    endloop
  endfacet
  facet normal 0 0 1
    outer loop
      vertex 40.577018201351166 3.339535601437092 2.4
      vertex 40.96388380229473 3.333463601768017 2.4
      vertex 40.62747219949961 3.480919599533081 2.4
    endloop
  endfacet
  facet normal 0 0 1
    outer loop
      vertex 40.62747219949961 3.480919599533081 2.4
      vertex 41.006606198847294 3.4207324013113976 2.4
      vertex 40.69810780137777 3.6069243997335434 2.4
    endloop
  endfacet
  facet normal 0 0 1
    outer loop
      vertex 40.577018201351166 3.339535601437092 2.4
      vertex 40.93336780369282 3.236023597419262 2.4
      vertex 40.96388380229473 3.333463601768017 2.4
    endloop
  endfacet
  facet normal 0 0 1
    outer loop
      vertex 40.96388380229473 3.333463601768017 2.4
      vertex 41.006606198847294 3.4207324013113976 2.4
      vertex 40.62747219949961 3.480919599533081 2.4
    endloop
  endfacet
  facet normal 0 0 1
    outer loop
      vertex 41.006606198847294 3.4207324013113976 2.4
      vertex 41.061535000801086 3.4978300034999847 2.4
      vertex 40.788924999535084 3.717550002038479 2.4
    endloop
  endfacet
  facet normal 0 0 1
    outer loop
      vertex 40.69810780137777 3.6069243997335434 2.4
      vertex 41.006606198847294 3.4207324013113976 2.4
      vertex 40.788924999535084 3.717550002038479 2.4
    endloop
  endfacet
  facet normal 0 0 1
    outer loop
      vertex 41.061535000801086 3.4978300034999847 2.4
      vertex 40.89772540330887 3.8102032020688057 2.4
      vertex 40.788924999535084 3.717550002038479 2.4
    endloop
  endfacet
  facet normal 0 0 1
    outer loop
      vertex 41.061535000801086 3.4978300034999847 2.4
      vertex 41.127041801810265 3.5626515969634056 2.4
      vertex 40.89772540330887 3.8102032020688057 2.4
    endloop
  endfacet
  facet normal 0 0 1
    outer loop
      vertex 41.127041801810265 3.5626515969634056 2.4
      vertex 41.201498202979565 3.613068401813507 2.4
      vertex 41.022310599684715 3.8822667971253395 2.4
    endloop
  endfacet
  facet normal 0 0 1
    outer loop
      vertex 41.127041801810265 3.5626515969634056 2.4
      vertex 41.022310599684715 3.8822667971253395 2.4
      vertex 40.89772540330887 3.8102032020688057 2.4
    endloop
  endfacet
  facet normal 0 0 1
    outer loop
      vertex 41.201498202979565 3.613068401813507 2.4
      vertex 41.162680603563786 3.9337408021092415 2.4
      vertex 41.022310599684715 3.8822667971253395 2.4
    endloop
  endfacet
  facet normal 0 0 1
    outer loop
      vertex 41.201498202979565 3.613068401813507 2.4
      vertex 41.284904196858406 3.649080403149128 2.4
      vertex 41.162680603563786 3.9337408021092415 2.4
    endloop
  endfacet
  facet normal 0 0 1
    outer loop
      vertex 41.284904196858406 3.649080403149128 2.4
      vertex 41.37725979834795 3.6706876009702682 2.4
      vertex 41.31883540004492 3.9646252021193504 2.4
    endloop
  endfacet
  facet normal 0 0 1
    outer loop
      vertex 41.37725979834795 3.6706876009702682 2.4
      vertex 41.478564999997616 3.6778900027275085 2.4
      vertex 41.49077499657869 3.9749199971556664 2.4
    endloop
  endfacet
  facet normal 0 0 1
    outer loop
      vertex 41.478564999997616 3.6778900027275085 2.4
      vertex 41.58085899800062 3.6694672033190727 2.4
      vertex 41.49077499657869 3.9749199971556664 2.4
    endloop
  endfacet
  facet normal 0 0 1
    outer loop
      vertex 41.284904196858406 3.649080403149128 2.4
      vertex 41.31883540004492 3.9646252021193504 2.4
      vertex 41.162680603563786 3.9337408021092415 2.4
    endloop
  endfacet
  facet normal 0 0 1
    outer loop
      vertex 41.37725979834795 3.6706876009702682 2.4
      vertex 41.49077499657869 3.9749199971556664 2.4
      vertex 41.31883540004492 3.9646252021193504 2.4
    endloop
  endfacet
  facet normal 0.9982863274025553 -0.05851844599028687 0
    outer loop
      vertex 40.5366550013423 3.0106299966573715 2.4
      vertex 40.54674579948187 3.182772397994995 2.4
      vertex 40.54674579948187 3.182772397994995 3
    endloop
  endfacet
  facet normal 0.9818602283489447 -0.18960614965384923 0
    outer loop
      vertex 40.54674579948187 3.182772397994995 2.4
      vertex 40.577018201351166 3.339535601437092 2.4
      vertex 40.577018201351166 3.339535601437092 3
    endloop
  endfacet
  facet normal 0.9418268856992247 -0.33609837454843444 0
    outer loop
      vertex 40.577018201351166 3.339535601437092 2.4
      vertex 40.62747219949961 3.480919599533081 2.4
      vertex 40.62747219949961 3.480919599533081 3
    endloop
  endfacet
  facet normal -0.9858320762779215 0.1677352598041402 0
    outer loop
      vertex 40.91505820304155 3.128412403166294 2.4
      vertex 40.93336780369282 3.236023597419262 3
      vertex 40.93336780369282 3.236023597419262 2.4
    endloop
  endfacet
  facet normal -0.9542957805709028 0.2988637870076788 0
    outer loop
      vertex 40.93336780369282 3.236023597419262 2.4
      vertex 40.96388380229473 3.333463601768017 3
      vertex 40.96388380229473 3.333463601768017 2.4
    endloop
  endfacet
  facet normal -0.8981501207965594 0.4396889360822327 0
    outer loop
      vertex 40.96388380229473 3.333463601768017 2.4
      vertex 41.006606198847294 3.4207324013113976 3
      vertex 41.006606198847294 3.4207324013113976 2.4
    endloop
  endfacet
  facet normal -0.8144369294635779 0.5802520899798114 0
    outer loop
      vertex 41.006606198847294 3.4207324013113976 2.4
      vertex 41.061535000801086 3.4978300034999847 3
      vertex 41.061535000801086 3.4978300034999847 2.4
    endloop
  endfacet
  facet normal 0.8722907480210265 -0.48898757746686977 0
    outer loop
      vertex 40.62747219949961 3.480919599533081 2.4
      vertex 40.69810780137777 3.6069243997335434 2.4
      vertex 40.69810780137777 3.6069243997335434 3
    endloop
  endfacet
  facet normal 0.772910697012676 -0.6345148181432639 0
    outer loop
      vertex 40.69810780137777 3.6069243997335434 2.4
      vertex 40.788924999535084 3.717550002038479 2.4
      vertex 40.788924999535084 3.717550002038479 3
    endloop
  endfacet
  facet normal -0.7033794134005843 0.7108146036796443 0
    outer loop
      vertex 41.061535000801086 3.4978300034999847 2.4
      vertex 41.127041801810265 3.5626515969634056 3
      vertex 41.127041801810265 3.5626515969634056 2.4
    endloop
  endfacet
  facet normal -0.5606849864398071 0.8280291939183021 0
    outer loop
      vertex 41.127041801810265 3.5626515969634056 2.4
      vertex 41.201498202979565 3.613068401813507 3
      vertex 41.201498202979565 3.613068401813507 2.4
    endloop
  endfacet
  facet normal -0.39639683466216913 0.9180792718876802 0
    outer loop
      vertex 41.201498202979565 3.613068401813507 2.4
      vertex 41.284904196858406 3.649080403149128 3
      vertex 41.284904196858406 3.649080403149128 2.4
    endloop
  endfacet
  facet normal -0.2278050727943963 0.9737067570932944 0
    outer loop
      vertex 41.284904196858406 3.649080403149128 2.4
      vertex 41.37725979834795 3.6706876009702682 3
      vertex 41.37725979834795 3.6706876009702682 2.4
    endloop
  endfacet
  facet normal -0.07091706588642044 0.9974822152630397 0
    outer loop
      vertex 41.37725979834795 3.6706876009702682 2.4
      vertex 41.478564999997616 3.6778900027275085 3
      vertex 41.478564999997616 3.6778900027275085 2.4
    endloop
  endfacet
  facet normal 0.08206142855013389 0.9966272733295588 0
    outer loop
      vertex 41.478564999997616 3.6778900027275085 2.4
      vertex 41.58085899800062 3.6694672033190727 3
      vertex 41.58085899800062 3.6694672033190727 2.4
    endloop
  endfacet
  facet normal 0.648350370602242 -0.7613421024348617 0
    outer loop
      vertex 40.788924999535084 3.717550002038479 2.4
      vertex 40.89772540330887 3.8102032020688057 2.4
      vertex 40.89772540330887 3.8102032020688057 3
    endloop
  endfacet
  facet normal 0.500699668194948 -0.8656210731431329 0
    outer loop
      vertex 40.89772540330887 3.8102032020688057 2.4
      vertex 41.022310599684715 3.8822667971253395 2.4
      vertex 41.022310599684715 3.8822667971253395 3
    endloop
  endfacet
  facet normal 0.34428414919690004 -0.9388654986800646 0
    outer loop
      vertex 41.022310599684715 3.8822667971253395 2.4
      vertex 41.162680603563786 3.9337408021092415 2.4
      vertex 41.162680603563786 3.9337408021092415 3
    endloop
  endfacet
  facet normal 0.19402226706966724 -0.9809971253174734 0
    outer loop
      vertex 41.162680603563786 3.9337408021092415 2.4
      vertex 41.31883540004492 3.9646252021193504 2.4
      vertex 41.31883540004492 3.9646252021193504 3
    endloop
  endfacet
  facet normal 0.05976745047173755 -0.9982123280465476 0
    outer loop
      vertex 41.31883540004492 3.9646252021193504 2.4
      vertex 41.49077499657869 3.9749199971556664 2.4
      vertex 41.49077499657869 3.9749199971556664 3
    endloop
  endfacet
  facet normal 0 0 1
    outer loop
      vertex 42.037037797272205 3.165963999927044 2.4
      vertex 42.42179620265961 3.0679923966526985 2.4
      vertex 42.37256020307541 3.280782401561737 2.4
    endloop
  endfacet
  facet normal 0 0 1
    outer loop
      vertex 42.037037797272205 3.165963999927044 2.4
      vertex 42.37256020307541 3.280782401561737 2.4
      vertex 42.00530380010605 3.277240000665188 2.4
    endloop
  endfacet
  facet normal 0 0 1
    outer loop
      vertex 42.00530380010605 3.277240000665188 2.4
      vertex 42.3036298006773 3.4650916010141373 2.4
      vertex 41.96087619662285 3.377691999077797 2.4
    endloop
  endfacet
  facet normal 0 0 1
    outer loop
      vertex 42.00530380010605 3.277240000665188 2.4
      vertex 42.37256020307541 3.280782401561737 2.4
      vertex 42.3036298006773 3.4650916010141373 2.4
    endloop
  endfacet
  facet normal 0 0 1
    outer loop
      vertex 41.96087619662285 3.377691999077797 2.4
      vertex 42.21500500291586 3.6209200024604797 2.4
      vertex 41.903755001723766 3.467320002615452 2.4
    endloop
  endfacet
  facet normal 0 0 1
    outer loop
      vertex 41.96087619662285 3.377691999077797 2.4
      vertex 42.3036298006773 3.4650916010141373 2.4
      vertex 42.21500500291586 3.6209200024604797 2.4
    endloop
  endfacet
  facet normal 0 0 1
    outer loop
      vertex 41.835973002016544 3.543125197291374 2.4
      vertex 41.980976201593876 3.847479999065399 2.4
      vertex 41.759562999010086 3.6020848006010056 2.4
    endloop
  endfacet
  facet normal 0 0 1
    outer loop
      vertex 41.835973002016544 3.543125197291374 2.4
      vertex 41.903755001723766 3.467320002615452 2.4
      vertex 42.107267796993256 3.748360000550747 2.4
    endloop
  endfacet
  facet normal 0 0 1
    outer loop
      vertex 41.903755001723766 3.467320002615452 2.4
      vertex 42.21500500291586 3.6209200024604797 2.4
      vertex 42.107267796993256 3.748360000550747 2.4
    endloop
  endfacet
  facet normal 0 0 1
    outer loop
      vertex 41.67452500015497 3.6441987976431847 2.4
      vertex 41.672729797661304 3.960759997367859 2.4
      vertex 41.58085899800062 3.6694672033190727 2.4
    endloop
  endfacet
  facet normal 0 0 1
    outer loop
      vertex 41.67452500015497 3.6441987976431847 2.4
      vertex 41.759562999010086 3.6020848006010056 2.4
      vertex 41.83613020181656 3.9182799980044365 2.4
    endloop
  endfacet
  facet normal 0 0 1
    outer loop
      vertex 41.759562999010086 3.6020848006010056 2.4
      vertex 41.980976201593876 3.847479999065399 2.4
      vertex 41.83613020181656 3.9182799980044365 2.4
    endloop
  endfacet
  facet normal 0 0 1
    outer loop
      vertex 41.67452500015497 3.6441987976431847 2.4
      vertex 41.83613020181656 3.9182799980044365 2.4
      vertex 41.672729797661304 3.960759997367859 2.4
    endloop
  endfacet
  facet normal 0 0 1
    outer loop
      vertex 41.58085899800062 3.6694672033190727 2.4
      vertex 41.672729797661304 3.960759997367859 2.4
      vertex 41.49077499657869 3.9749199971556664 2.4
    endloop
  endfacet
  facet normal 0 0 1
    outer loop
      vertex 41.835973002016544 3.543125197291374 2.4
      vertex 42.107267796993256 3.748360000550747 2.4
      vertex 41.980976201593876 3.847479999065399 2.4
    endloop
  endfacet
  facet normal 0.9616588509668427 0.2742485266270937 0
    outer loop
      vertex 42.037037797272205 3.165963999927044 2.4
      vertex 42.00530380010605 3.277240000665188 2.4
      vertex 42.037037797272205 3.165963999927044 3
    endloop
  endfacet
  facet normal 0.9145457382579207 0.40448249978741313 0
    outer loop
      vertex 42.00530380010605 3.277240000665188 2.4
      vertex 41.96087619662285 3.377691999077797 2.4
      vertex 42.00530380010605 3.277240000665188 3
    endloop
  endfacet
  facet normal 0.7454548259271467 0.6665561510495026 0
    outer loop
      vertex 41.835973002016544 3.543125197291374 2.4
      vertex 41.903755001723766 3.467320002615452 3
      vertex 41.903755001723766 3.467320002615452 2.4
    endloop
  endfacet
  facet normal 0.8432982323275304 0.5374458962102721 0
    outer loop
      vertex 41.96087619662285 3.377691999077797 2.4
      vertex 41.903755001723766 3.467320002615452 2.4
      vertex 41.96087619662285 3.377691999077797 3
    endloop
  endfacet
  facet normal -0.9742600042850755 -0.22542724779947212 0
    outer loop
      vertex 42.42179620265961 3.0679923966526985 2.4
      vertex 42.42179620265961 3.0679923966526985 3
      vertex 42.37256020307541 3.280782401561737 2.4
    endloop
  endfacet
  facet normal -0.9366388174109498 -0.3502966253320425 0
    outer loop
      vertex 42.37256020307541 3.280782401561737 2.4
      vertex 42.37256020307541 3.280782401561737 3
      vertex 42.3036298006773 3.4650916010141373 2.4
    endloop
  endfacet
  facet normal 0.6108992215637636 0.7917083687146346 0
    outer loop
      vertex 41.835973002016544 3.543125197291374 2.4
      vertex 41.759562999010086 3.6020848006010056 2.4
      vertex 41.835973002016544 3.543125197291374 3
    endloop
  endfacet
  facet normal 0.2604601056331728 0.9654846106352791 0
    outer loop
      vertex 41.67452500015497 3.6441987976431847 2.4
      vertex 41.58085899800062 3.6694672033190727 2.4
      vertex 41.67452500015497 3.6441987976431847 3
    endloop
  endfacet
  facet normal 0.44379601487464043 0.8961278352899144 0
    outer loop
      vertex 41.67452500015497 3.6441987976431847 2.4
      vertex 41.759562999010086 3.6020848006010056 3
      vertex 41.759562999010086 3.6020848006010056 2.4
    endloop
  endfacet
  facet normal -0.8692505882096168 -0.49437173755913205 0
    outer loop
      vertex 42.3036298006773 3.4650916010141373 2.4
      vertex 42.3036298006773 3.4650916010141373 3
      vertex 42.21500500291586 3.6209200024604797 2.4
    endloop
  endfacet
  facet normal -0.7636717657399242 -0.6456047042979678 0
    outer loop
      vertex 42.21500500291586 3.6209200024604797 2.4
      vertex 42.21500500291586 3.6209200024604797 3
      vertex 42.107267796993256 3.748360000550747 2.4
    endloop
  endfacet
  facet normal -0.43914204354828484 -0.8984176454123306 0
    outer loop
      vertex 41.980976201593876 3.847479999065399 2.4
      vertex 41.980976201593876 3.847479999065399 3
      vertex 41.83613020181656 3.9182799980044365 2.4
    endloop
  endfacet
  facet normal -0.617401244246786 -0.78664839897029 0
    outer loop
      vertex 41.980976201593876 3.847479999065399 2.4
      vertex 42.107267796993256 3.748360000550747 2.4
      vertex 42.107267796993256 3.748360000550747 3
    endloop
  endfacet
  facet normal -0.07758693731811382 -0.9969855902457142 0
    outer loop
      vertex 41.49077499657869 3.9749199971556664 2.4
      vertex 41.672729797661304 3.960759997367859 2.4
      vertex 41.672729797661304 3.960759997367859 3
    endloop
  endfacet
  facet normal -0.2516110731655363 -0.9678284289379431 0
    outer loop
      vertex 41.83613020181656 3.9182799980044365 2.4
      vertex 41.83613020181656 3.9182799980044365 3
      vertex 41.672729797661304 3.960759997367859 2.4
    endloop
  endfacet
  facet normal 0.9818602283489447 -0.18960614965384923 0
    outer loop
      vertex 40.54674579948187 3.182772397994995 2.4
      vertex 40.577018201351166 3.339535601437092 3
      vertex 40.54674579948187 3.182772397994995 3
    endloop
  endfacet
  facet normal 0.9418268856992247 -0.33609837454843444 0
    outer loop
      vertex 40.577018201351166 3.339535601437092 2.4
      vertex 40.62747219949961 3.480919599533081 3
      vertex 40.577018201351166 3.339535601437092 3
    endloop
  endfacet
  facet normal -0.9858320762779215 0.1677352598041402 0
    outer loop
      vertex 40.91505820304155 3.128412403166294 2.4
      vertex 40.91505820304155 3.128412403166294 3
      vertex 40.93336780369282 3.236023597419262 3
    endloop
  endfacet
  facet normal -0.9542957805709028 0.2988637870076788 0
    outer loop
      vertex 40.93336780369282 3.236023597419262 2.4
      vertex 40.93336780369282 3.236023597419262 3
      vertex 40.96388380229473 3.333463601768017 3
    endloop
  endfacet
  facet normal -0.8981501207965594 0.4396889360822327 0
    outer loop
      vertex 40.96388380229473 3.333463601768017 2.4
      vertex 40.96388380229473 3.333463601768017 3
      vertex 41.006606198847294 3.4207324013113976 3
    endloop
  endfacet
  facet normal -0.8144369294635779 0.5802520899798114 0
    outer loop
      vertex 41.006606198847294 3.4207324013113976 2.4
      vertex 41.006606198847294 3.4207324013113976 3
      vertex 41.061535000801086 3.4978300034999847 3
    endloop
  endfacet
  facet normal 0.8722907480210265 -0.48898757746686977 0
    outer loop
      vertex 40.62747219949961 3.480919599533081 2.4
      vertex 40.69810780137777 3.6069243997335434 3
      vertex 40.62747219949961 3.480919599533081 3
    endloop
  endfacet
  facet normal 0.772910697012676 -0.6345148181432639 0
    outer loop
      vertex 40.69810780137777 3.6069243997335434 2.4
      vertex 40.788924999535084 3.717550002038479 3
      vertex 40.69810780137777 3.6069243997335434 3
    endloop
  endfacet
  facet normal -0.7033794134005843 0.7108146036796443 0
    outer loop
      vertex 41.061535000801086 3.4978300034999847 2.4
      vertex 41.061535000801086 3.4978300034999847 3
      vertex 41.127041801810265 3.5626515969634056 3
    endloop
  endfacet
  facet normal -0.5606849864398071 0.8280291939183021 0
    outer loop
      vertex 41.127041801810265 3.5626515969634056 2.4
      vertex 41.127041801810265 3.5626515969634056 3
      vertex 41.201498202979565 3.613068401813507 3
    endloop
  endfacet
  facet normal -0.39639683466216913 0.9180792718876802 0
    outer loop
      vertex 41.201498202979565 3.613068401813507 2.4
      vertex 41.201498202979565 3.613068401813507 3
      vertex 41.284904196858406 3.649080403149128 3
    endloop
  endfacet
  facet normal -0.2278050727943963 0.9737067570932944 0
    outer loop
      vertex 41.284904196858406 3.649080403149128 2.4
      vertex 41.284904196858406 3.649080403149128 3
      vertex 41.37725979834795 3.6706876009702682 3
    endloop
  endfacet
  facet normal -0.07091706588642044 0.9974822152630397 0
    outer loop
      vertex 41.37725979834795 3.6706876009702682 2.4
      vertex 41.37725979834795 3.6706876009702682 3
      vertex 41.478564999997616 3.6778900027275085 3
    endloop
  endfacet
  facet normal 0.08206142855013389 0.9966272733295588 0
    outer loop
      vertex 41.478564999997616 3.6778900027275085 2.4
      vertex 41.478564999997616 3.6778900027275085 3
      vertex 41.58085899800062 3.6694672033190727 3
    endloop
  endfacet
  facet normal 0.648350370602242 -0.7613421024348617 0
    outer loop
      vertex 40.788924999535084 3.717550002038479 2.4
      vertex 40.89772540330887 3.8102032020688057 3
      vertex 40.788924999535084 3.717550002038479 3
    endloop
  endfacet
  facet normal 0.500699668194948 -0.8656210731431329 0
    outer loop
      vertex 40.89772540330887 3.8102032020688057 2.4
      vertex 41.022310599684715 3.8822667971253395 3
      vertex 40.89772540330887 3.8102032020688057 3
    endloop
  endfacet
  facet normal 0.34428414919690004 -0.9388654986800646 0
    outer loop
      vertex 41.022310599684715 3.8822667971253395 2.4
      vertex 41.162680603563786 3.9337408021092415 3
      vertex 41.022310599684715 3.8822667971253395 3
    endloop
  endfacet
  facet normal 0.19402226706966724 -0.9809971253174734 0
    outer loop
      vertex 41.162680603563786 3.9337408021092415 2.4
      vertex 41.31883540004492 3.9646252021193504 3
      vertex 41.162680603563786 3.9337408021092415 3
    endloop
  endfacet
  facet normal 0.05976745047173755 -0.9982123280465476 0
    outer loop
      vertex 41.31883540004492 3.9646252021193504 2.4
      vertex 41.49077499657869 3.9749199971556664 3
      vertex 41.31883540004492 3.9646252021193504 3
    endloop
  endfacet
  facet normal -0.07758693731811382 -0.9969855902457142 0
    outer loop
      vertex 41.49077499657869 3.9749199971556664 2.4
      vertex 41.672729797661304 3.960759997367859 3
      vertex 41.49077499657869 3.9749199971556664 3
    endloop
  endfacet
  facet normal 0.9880585452932263 0.15407891183751737 0
    outer loop
      vertex 42.037037797272205 3.165963999927044 2.4
      vertex 42.037037797272205 3.165963999927044 3
      vertex 42.05607820302248 3.043863996863365 3
    endloop
  endfacet
  facet normal 0.9616588509668427 0.2742485266270937 0
    outer loop
      vertex 42.00530380010605 3.277240000665188 2.4
      vertex 42.00530380010605 3.277240000665188 3
      vertex 42.037037797272205 3.165963999927044 3
    endloop
  endfacet
  facet normal 0.8432982323275304 0.5374458962102721 0
    outer loop
      vertex 41.903755001723766 3.467320002615452 2.4
      vertex 41.903755001723766 3.467320002615452 3
      vertex 41.96087619662285 3.377691999077797 3
    endloop
  endfacet
  facet normal 0.9145457382579207 0.40448249978741313 0
    outer loop
      vertex 41.96087619662285 3.377691999077797 2.4
      vertex 41.96087619662285 3.377691999077797 3
      vertex 42.00530380010605 3.277240000665188 3
    endloop
  endfacet
  facet normal -0.9742600042850755 -0.22542724779947212 0
    outer loop
      vertex 42.37256020307541 3.280782401561737 2.4
      vertex 42.42179620265961 3.0679923966526985 3
      vertex 42.37256020307541 3.280782401561737 3
    endloop
  endfacet
  facet normal -0.9366388174109498 -0.3502966253320425 0
    outer loop
      vertex 42.3036298006773 3.4650916010141373 2.4
      vertex 42.37256020307541 3.280782401561737 3
      vertex 42.3036298006773 3.4650916010141373 3
    endloop
  endfacet
  facet normal 0.7454548259271467 0.6665561510495026 0
    outer loop
      vertex 41.835973002016544 3.543125197291374 2.4
      vertex 41.835973002016544 3.543125197291374 3
      vertex 41.903755001723766 3.467320002615452 3
    endloop
  endfacet
  facet normal 0.6108992215637636 0.7917083687146346 0
    outer loop
      vertex 41.759562999010086 3.6020848006010056 2.4
      vertex 41.759562999010086 3.6020848006010056 3
      vertex 41.835973002016544 3.543125197291374 3
    endloop
  endfacet
  facet normal 0.2604601056331728 0.9654846106352791 0
    outer loop
      vertex 41.58085899800062 3.6694672033190727 2.4
      vertex 41.58085899800062 3.6694672033190727 3
      vertex 41.67452500015497 3.6441987976431847 3
    endloop
  endfacet
  facet normal 0.44379601487464043 0.8961278352899144 0
    outer loop
      vertex 41.67452500015497 3.6441987976431847 2.4
      vertex 41.67452500015497 3.6441987976431847 3
      vertex 41.759562999010086 3.6020848006010056 3
    endloop
  endfacet
  facet normal -0.8692505882096168 -0.49437173755913205 0
    outer loop
      vertex 42.21500500291586 3.6209200024604797 2.4
      vertex 42.3036298006773 3.4650916010141373 3
      vertex 42.21500500291586 3.6209200024604797 3
    endloop
  endfacet
  facet normal -0.7636717657399242 -0.6456047042979678 0
    outer loop
      vertex 42.107267796993256 3.748360000550747 2.4
      vertex 42.21500500291586 3.6209200024604797 3
      vertex 42.107267796993256 3.748360000550747 3
    endloop
  endfacet
  facet normal -0.43914204354828484 -0.8984176454123306 0
    outer loop
      vertex 41.83613020181656 3.9182799980044365 2.4
      vertex 41.980976201593876 3.847479999065399 3
      vertex 41.83613020181656 3.9182799980044365 3
    endloop
  endfacet
  facet normal -0.617401244246786 -0.78664839897029 0
    outer loop
      vertex 41.980976201593876 3.847479999065399 2.4
      vertex 42.107267796993256 3.748360000550747 3
      vertex 41.980976201593876 3.847479999065399 3
    endloop
  endfacet
  facet normal -0.2516110731655363 -0.9678284289379431 0
    outer loop
      vertex 41.672729797661304 3.960759997367859 2.4
      vertex 41.83613020181656 3.9182799980044365 3
      vertex 41.672729797661304 3.960759997367859 3
    endloop
  endfacet
  facet normal 0 0 1
    outer loop
      vertex 53.00007999688387 1.065760001540184 2.4
      vertex 53.73040000349283 1.377010002732277 2.4
      vertex 53.00007999688387 1.377010002732277 2.4
    endloop
  endfacet
  facet normal 1 0 0
    outer loop
      vertex 53.00007999688387 1.065760001540184 2.4
      vertex 53.00007999688387 1.377010002732277 2.4
      vertex 53.00007999688387 1.377010002732277 3
    endloop
  endfacet
  facet normal 0 0 1
    outer loop
      vertex 53.00007999688387 1.065760001540184 2.4
      vertex 54.79642000049353 1.065760001540184 2.4
      vertex 54.09865000098944 1.377010002732277 2.4
    endloop
  endfacet
  facet normal 0 0 1
    outer loop
      vertex 53.00007999688387 1.065760001540184 2.4
      vertex 54.09865000098944 1.377010002732277 2.4
      vertex 53.73040000349283 1.377010002732277 2.4
    endloop
  endfacet
  facet normal 0 0 1
    outer loop
      vertex 54.09865000098944 1.377010002732277 2.4
      vertex 54.79642000049353 1.065760001540184 2.4
      vertex 54.79642000049353 1.377010002732277 2.4
    endloop
  endfacet
  facet normal 0 0 1
    outer loop
      vertex 55.797392800450325 1.0852959975600243 2.4
      vertex 55.965599201619625 1.040133997797966 2.4
      vertex 55.92530679702759 1.3693647980690002 2.4
    endloop
  endfacet
  facet normal 0 0 1
    outer loop
      vertex 55.965599201619625 1.040133997797966 2.4
      vertex 56.153499998152256 1.0250800028443336 2.4
      vertex 56.034389197826385 1.3354312032461166 2.4
    endloop
  endfacet
  facet normal 0 0 1
    outer loop
      vertex 56.153499998152256 1.0250800028443336 2.4
      vertex 56.34159280359745 1.0402155965566635 2.4
      vertex 56.15754999965429 1.3241200000047684 2.4
    endloop
  endfacet
  facet normal 0 0 1
    outer loop
      vertex 56.280028000473976 1.335674799978733 2.4
      vertex 56.34159280359745 1.0402155965566635 2.4
      vertex 56.51039920002222 1.085622400045395 2.4
    endloop
  endfacet
  facet normal 0 0 1
    outer loop
      vertex 55.52006319910288 1.2659439966082573 2.4
      vertex 55.74937719851732 1.5050991997122765 2.4
      vertex 55.41093999892473 1.4014300033450127 2.4
    endloop
  endfacet
  facet normal 0 0 1
    outer loop
      vertex 55.41093999892473 1.4014300033450127 2.4
      vertex 55.682530000805855 1.6068999990820885 2.4
      vertex 55.32159160077572 1.5658048018813133 2.4
    endloop
  endfacet
  facet normal 0 0 1
    outer loop
      vertex 55.41093999892473 1.4014300033450127 2.4
      vertex 55.74937719851732 1.5050991997122765 2.4
      vertex 55.682530000805855 1.6068999990820885 2.4
    endloop
  endfacet
  facet normal 0 0 1
    outer loop
      vertex 55.648880802094936 1.1605660021305084 2.4
      vertex 55.797392800450325 1.0852959975600243 2.4
      vertex 55.92530679702759 1.3693647980690002 2.4
    endloop
  endfacet
  facet normal 0 0 1
    outer loop
      vertex 55.965599201619625 1.040133997797966 2.4
      vertex 56.034389197826385 1.3354312032461166 2.4
      vertex 55.92530679702759 1.3693647980690002 2.4
    endloop
  endfacet
  facet normal 0 0 1
    outer loop
      vertex 55.648880802094936 1.1605660021305084 2.4
      vertex 55.8303027972579 1.4259207993745804 2.4
      vertex 55.52006319910288 1.2659439966082573 2.4
    endloop
  endfacet
  facet normal 0 0 1
    outer loop
      vertex 55.648880802094936 1.1605660021305084 2.4
      vertex 55.92530679702759 1.3693647980690002 2.4
      vertex 55.8303027972579 1.4259207993745804 2.4
    endloop
  endfacet
  facet normal 0 0 1
    outer loop
      vertex 56.153499998152256 1.0250800028443336 2.4
      vertex 56.15754999965429 1.3241200000047684 2.4
      vertex 56.034389197826385 1.3354312032461166 2.4
    endloop
  endfacet
  facet normal 0 0 1
    outer loop
      vertex 56.15754999965429 1.3241200000047684 2.4
      vertex 56.34159280359745 1.0402155965566635 2.4
      vertex 56.280028000473976 1.335674799978733 2.4
    endloop
  endfacet
  facet normal 0 0 1
    outer loop
      vertex 56.280028000473976 1.335674799978733 2.4
      vertex 56.51039920002222 1.085622400045395 2.4
      vertex 56.38866999745369 1.3703391999006271 2.4
    endloop
  endfacet
  facet normal 0 0 1
    outer loop
      vertex 55.52006319910288 1.2659439966082573 2.4
      vertex 55.8303027972579 1.4259207993745804 2.4
      vertex 55.74937719851732 1.5050991997122765 2.4
    endloop
  endfacet
  facet normal 0 0 1
    outer loop
      vertex 56.51039920002222 1.085622400045395 2.4
      vertex 56.65991920232773 1.1613003984093666 2.4
      vertex 56.38866999745369 1.3703391999006271 2.4
    endloop
  endfacet
  facet normal 0 0 1
    outer loop
      vertex 56.65991920232773 1.1613003984093666 2.4
      vertex 56.483475998044014 1.4281131997704506 2.4
      vertex 56.38866999745369 1.3703391999006271 2.4
    endloop
  endfacet
  facet normal 0 0 1
    outer loop
      vertex 56.65991920232773 1.1613003984093666 2.4
      vertex 56.79015280306339 1.2672495990991592 2.4
      vertex 56.483475998044014 1.4281131997704506 2.4
    endloop
  endfacet
  facet normal 0 0 1
    outer loop
      vertex 56.79015280306339 1.2672495990991592 2.4
      vertex 56.56444600224495 1.5089967995882034 2.4
      vertex 56.483475998044014 1.4281131997704506 2.4
    endloop
  endfacet
  facet normal 0 0 1
    outer loop
      vertex 56.79015280306339 1.2672495990991592 2.4
      vertex 56.901100002229214 1.4034700021147728 2.4
      vertex 56.56444600224495 1.5089967995882034 2.4
    endloop
  endfacet
  facet normal 0 0 1
    outer loop
      vertex 56.901100002229214 1.4034700021147728 2.4
      vertex 56.631580002605915 1.6129899993538857 2.4
      vertex 56.56444600224495 1.5089967995882034 2.4
    endloop
  endfacet
  facet normal 0 0 1
    outer loop
      vertex 56.901100002229214 1.4034700021147728 2.4
      vertex 56.992284402251244 1.5684159994125366 2.4
      vertex 56.631580002605915 1.6129899993538857 2.4
    endloop
  endfacet
  facet normal 0 1 0
    outer loop
      vertex 53.00007999688387 1.065760001540184 2.4
      vertex 53.00007999688387 1.065760001540184 3
      vertex 54.79642000049353 1.065760001540184 2.4
    endloop
  endfacet
  facet normal -1 0 0
    outer loop
      vertex 54.79642000049353 1.065760001540184 2.4
      vertex 54.79642000049353 1.065760001540184 3
      vertex 54.79642000049353 1.377010002732277 2.4
    endloop
  endfacet
  facet normal 0 -1 0
    outer loop
      vertex 53.00007999688387 1.377010002732277 2.4
      vertex 53.73040000349283 1.377010002732277 2.4
      vertex 53.73040000349283 1.377010002732277 3
    endloop
  endfacet
  facet normal 0 -1 0
    outer loop
      vertex 54.09865000098944 1.377010002732277 2.4
      vertex 54.79642000049353 1.377010002732277 2.4
      vertex 54.79642000049353 1.377010002732277 3
    endloop
  endfacet
  facet normal 0.2593077425246146 0.9657947476906199 0
    outer loop
      vertex 55.797392800450325 1.0852959975600243 2.4
      vertex 55.797392800450325 1.0852959975600243 3
      vertex 55.965599201619625 1.040133997797966 2.4
    endloop
  endfacet
  facet normal 0.07986082615996286 0.9968060234795174 0
    outer loop
      vertex 55.965599201619625 1.040133997797966 2.4
      vertex 55.965599201619625 1.040133997797966 3
      vertex 56.153499998152256 1.0250800028443336 2.4
    endloop
  endfacet
  facet normal 0.4520791342548696 0.8919778340134735 0
    outer loop
      vertex 55.648880802094936 1.1605660021305084 2.4
      vertex 55.648880802094936 1.1605660021305084 3
      vertex 55.797392800450325 1.0852959975600243 2.4
    endloop
  endfacet
  facet normal -0.08020948609314947 0.9967780286205514 0
    outer loop
      vertex 56.153499998152256 1.0250800028443336 2.4
      vertex 56.153499998152256 1.0250800028443336 3
      vertex 56.34159280359745 1.0402155965566635 2.4
    endloop
  endfacet
  facet normal -0.2597543873828987 0.96567471657662 0
    outer loop
      vertex 56.34159280359745 1.0402155965566635 2.4
      vertex 56.34159280359745 1.0402155965566635 3
      vertex 56.51039920002222 1.085622400045395 2.4
    endloop
  endfacet
  facet normal 0.6331721884276978 0.7740109687864121 0
    outer loop
      vertex 55.648880802094936 1.1605660021305084 2.4
      vertex 55.52006319910288 1.2659439966082573 2.4
      vertex 55.52006319910288 1.2659439966082573 3
    endloop
  endfacet
  facet normal 0.7788053115526204 0.6272657225589693 0
    outer loop
      vertex 55.52006319910288 1.2659439966082573 2.4
      vertex 55.41093999892473 1.4014300033450127 2.4
      vertex 55.41093999892473 1.4014300033450127 3
    endloop
  endfacet
  facet normal 0.8785925098320844 0.4775721952406346 0
    outer loop
      vertex 55.41093999892473 1.4014300033450127 2.4
      vertex 55.32159160077572 1.5658048018813133 2.4
      vertex 55.32159160077572 1.5658048018813133 3
    endloop
  endfacet
  facet normal -0.2970413953216306 -0.9548646026874066 0
    outer loop
      vertex 55.92530679702759 1.3693647980690002 2.4
      vertex 56.034389197826385 1.3354312032461166 2.4
      vertex 55.92530679702759 1.3693647980690002 3
    endloop
  endfacet
  facet normal -0.09145604053604259 -0.9958091145643675 0
    outer loop
      vertex 56.034389197826385 1.3354312032461166 2.4
      vertex 56.15754999965429 1.3241200000047684 2.4
      vertex 56.034389197826385 1.3354312032461166 3
    endloop
  endfacet
  facet normal 0.0939247828156804 -0.9955792962758052 0
    outer loop
      vertex 56.15754999965429 1.3241200000047684 2.4
      vertex 56.280028000473976 1.335674799978733 2.4
      vertex 56.15754999965429 1.3241200000047684 3
    endloop
  endfacet
  facet normal 0.30397190728504453 -0.952680995707111 0
    outer loop
      vertex 56.280028000473976 1.335674799978733 2.4
      vertex 56.38866999745369 1.3703391999006271 2.4
      vertex 56.280028000473976 1.335674799978733 3
    endloop
  endfacet
  facet normal -0.5115239389941899 -0.8592690264613687 0
    outer loop
      vertex 55.92530679702759 1.3693647980690002 2.4
      vertex 55.8303027972579 1.4259207993745804 3
      vertex 55.8303027972579 1.4259207993745804 2.4
    endloop
  endfacet
  facet normal -0.6993485559993896 -0.714780803618542 0
    outer loop
      vertex 55.74937719851732 1.5050991997122765 2.4
      vertex 55.8303027972579 1.4259207993745804 2.4
      vertex 55.74937719851732 1.5050991997122765 3
    endloop
  endfacet
  facet normal -0.4515905726708726 0.8922252824678267 0
    outer loop
      vertex 56.51039920002222 1.085622400045395 2.4
      vertex 56.51039920002222 1.085622400045395 3
      vertex 56.65991920232773 1.1613003984093666 2.4
    endloop
  endfacet
  facet normal -0.6310747105852236 0.7757220569635598 0
    outer loop
      vertex 56.65991920232773 1.1613003984093666 2.4
      vertex 56.65991920232773 1.1613003984093666 3
      vertex 56.79015280306339 1.2672495990991592 2.4
    endloop
  endfacet
  facet normal -0.7753665405018837 0.6315114629760421 0
    outer loop
      vertex 56.79015280306339 1.2672495990991592 2.4
      vertex 56.79015280306339 1.2672495990991592 3
      vertex 56.901100002229214 1.4034700021147728 2.4
    endloop
  endfacet
  facet normal 0.5203806374354926 -0.8539344191342979 0
    outer loop
      vertex 56.38866999745369 1.3703391999006271 2.4
      vertex 56.483475998044014 1.4281131997704506 2.4
      vertex 56.38866999745369 1.3703391999006271 3
    endloop
  endfacet
  facet normal 0.7067291966090259 -0.7074841642470598 0
    outer loop
      vertex 56.483475998044014 1.4281131997704506 2.4
      vertex 56.56444600224495 1.5089967995882034 2.4
      vertex 56.483475998044014 1.4281131997704506 3
    endloop
  endfacet
  facet normal 0.8401434652455483 -0.5423642298356356 0
    outer loop
      vertex 56.56444600224495 1.5089967995882034 2.4
      vertex 56.631580002605915 1.6129899993538857 2.4
      vertex 56.56444600224495 1.5089967995882034 3
    endloop
  endfacet
  facet normal -0.875174067246834 0.4838081768827746 0
    outer loop
      vertex 56.901100002229214 1.4034700021147728 2.4
      vertex 56.901100002229214 1.4034700021147728 3
      vertex 56.992284402251244 1.5684159994125366 2.4
    endloop
  endfacet
  facet normal 0 0 1
    outer loop
      vertex 53.73040000349283 1.377010002732277 2.4
      vertex 54.09865000098944 1.377010002732277 2.4
      vertex 53.73040000349283 3.5822800025343895 2.4
    endloop
  endfacet
  facet normal 0 0 1
    outer loop
      vertex 55.32159160077572 1.5658048018813133 2.4
      vertex 55.682530000805855 1.6068999990820885 2.4
      vertex 55.62870279699564 1.7331136018037796 2.4
    endloop
  endfacet
  facet normal 0 0 1
    outer loop
      vertex 55.32159160077572 1.5658048018813133 2.4
      vertex 55.62870279699564 1.7331136018037796 2.4
      vertex 55.25209839642048 1.7578492015600204 2.4
    endloop
  endfacet
  facet normal 0 0 1
    outer loop
      vertex 55.25209839642048 1.7578492015600204 2.4
      vertex 55.62870279699564 1.7331136018037796 2.4
      vertex 55.58683720231056 1.8855303972959518 2.4
    endloop
  endfacet
  facet normal 0 0 1
    outer loop
      vertex 55.25209839642048 1.7578492015600204 2.4
      vertex 55.58683720231056 1.8855303972959518 2.4
      vertex 55.202460400760174 1.977563202381134 2.4
    endloop
  endfacet
  facet normal 0 0 1
    outer loop
      vertex 55.202460400760174 1.977563202381134 2.4
      vertex 55.58683720231056 1.8855303972959518 2.4
      vertex 55.55693320184946 2.0641504004597664 2.4
    endloop
  endfacet
  facet normal 0 0 1
    outer loop
      vertex 55.202460400760174 1.977563202381134 2.4
      vertex 55.55693320184946 2.0641504004597664 2.4
      vertex 55.17267759889364 2.2249467968940735 2.4
    endloop
  endfacet
  facet normal 0 0 1
    outer loop
      vertex 55.17267759889364 2.2249467968940735 2.4
      vertex 55.538990803062916 2.268973596394062 2.4
      vertex 55.162749998271465 2.5 2.4
    endloop
  endfacet
  facet normal 0 0 1
    outer loop
      vertex 55.55693320184946 2.0641504004597664 2.4
      vertex 55.538990803062916 2.268973596394062 2.4
      vertex 55.17267759889364 2.2249467968940735 2.4
    endloop
  endfacet
  facet normal 0 0 1
    outer loop
      vertex 54.09865000098944 1.377010002732277 2.4
      vertex 54.09865000098944 3.932199999690056 2.4
      vertex 53.73040000349283 3.5822800025343895 2.4
    endloop
  endfacet
  facet normal 0 0 1
    outer loop
      vertex 55.538990803062916 2.268973596394062 2.4
      vertex 55.53300999850035 2.5 2.4
      vertex 55.162749998271465 2.5 2.4
    endloop
  endfacet
  facet normal 0 0 1
    outer loop
      vertex 55.162749998271465 2.5 2.4
      vertex 55.53890919685364 2.737287998199463 2.4
      vertex 55.17239320278168 2.7805816009640694 2.4
    endloop
  endfacet
  facet normal 0 0 1
    outer loop
      vertex 55.162749998271465 2.5 2.4
      vertex 55.53300999850035 2.5 2.4
      vertex 55.53890919685364 2.737287998199463 2.4
    endloop
  endfacet
  facet normal 0 0 1
    outer loop
      vertex 55.17239320278168 2.7805816009640694 2.4
      vertex 55.53890919685364 2.737287998199463 2.4
      vertex 55.55660679936409 2.946255996823311 2.4
    endloop
  endfacet
  facet normal 0 0 1
    outer loop
      vertex 55.17239320278168 2.7805816009640694 2.4
      vertex 55.55660679936409 2.946255996823311 2.4
      vertex 55.20132280141115 3.0315423980355263 2.4
    endloop
  endfacet
  facet normal 0 0 1
    outer loop
      vertex 55.55660679936409 2.946255996823311 2.4
      vertex 55.58610279858112 3.1269040033221245 2.4
      vertex 55.20132280141115 3.0315423980355263 2.4
    endloop
  endfacet
  facet normal 0 0 1
    outer loop
      vertex 56.992284402251244 1.5684159994125366 2.4
      vertex 56.68577440083027 1.7409183979034424 2.4
      vertex 56.631580002605915 1.6129899993538857 2.4
    endloop
  endfacet
  facet normal 0 0 1
    outer loop
      vertex 56.992284402251244 1.5684159994125366 2.4
      vertex 57.06320559978485 1.7605419978499413 2.4
      vertex 56.68577440083027 1.7409183979034424 2.4
    endloop
  endfacet
  facet normal 0 0 1
    outer loop
      vertex 56.68577440083027 1.7409183979034424 2.4
      vertex 57.06320559978485 1.7605419978499413 2.4
      vertex 56.72792559862137 1.8935836032032967 2.4
    endloop
  endfacet
  facet normal 0 0 1
    outer loop
      vertex 57.06320559978485 1.7605419978499413 2.4
      vertex 57.11386360228062 1.9798479974269867 2.4
      vertex 56.72792559862137 1.8935836032032967 2.4
    endloop
  endfacet
  facet normal 0 0 1
    outer loop
      vertex 56.72792559862137 1.8935836032032967 2.4
      vertex 57.11386360228062 1.9798479974269867 2.4
      vertex 56.758033603429794 2.0709856003522873 2.4
    endloop
  endfacet
  facet normal 0 0 1
    outer loop
      vertex 56.758033603429794 2.0709856003522873 2.4
      vertex 57.11386360228062 1.9798479974269867 2.4
      vertex 57.14425840228796 2.226333998143673 2.4
    endloop
  endfacet
  facet normal 0 0 1
    outer loop
      vertex 56.758033603429794 2.0709856003522873 2.4
      vertex 57.14425840228796 2.226333998143673 2.4
      vertex 56.776098400354385 2.273124396800995 2.4
    endloop
  endfacet
  facet normal 0 0 1
    outer loop
      vertex 56.776098400354385 2.273124396800995 2.4
      vertex 57.14425840228796 2.226333998143673 2.4
      vertex 57.15438999980688 2.5 2.4
    endloop
  endfacet
  facet normal 0 0 1
    outer loop
      vertex 56.776098400354385 2.273124396800995 2.4
      vertex 57.15438999980688 2.5 2.4
      vertex 56.78211999684572 2.5 2.4
    endloop
  endfacet
  facet normal 0 0 1
    outer loop
      vertex 56.78211999684572 2.5 2.4
      vertex 57.15438999980688 2.5 2.4
      vertex 56.77638279646635 2.7345243990421295 2.4
    endloop
  endfacet
  facet normal 0 0 1
    outer loop
      vertex 57.15438999980688 2.5 2.4
      vertex 57.14474680274725 2.77781680226326 2.4
      vertex 56.77638279646635 2.7345243990421295 2.4
    endloop
  endfacet
  facet normal 0 0 1
    outer loop
      vertex 56.77638279646635 2.7345243990421295 2.4
      vertex 57.14474680274725 2.77781680226326 2.4
      vertex 56.759171202778816 2.941705599427223 2.4
    endloop
  endfacet
  facet normal 0 0 1
    outer loop
      vertex 56.759171202778816 2.941705599427223 2.4
      vertex 57.14474680274725 2.77781680226326 2.4
      vertex 57.115817196667194 3.026987202465534 2.4
    endloop
  endfacet
  facet normal 0 0 1
    outer loop
      vertex 56.759171202778816 2.941705599427223 2.4
      vertex 57.115817196667194 3.026987202465534 2.4
      vertex 56.73048520088196 3.121543601155281 2.4
    endloop
  endfacet
  facet normal -1 0 0
    outer loop
      vertex 54.09865000098944 1.377010002732277 2.4
      vertex 54.09865000098944 1.377010002732277 3
      vertex 54.09865000098944 3.932199999690056 2.4
    endloop
  endfacet
  facet normal 0.9403287053503288 0.3402674329026727 0
    outer loop
      vertex 55.32159160077572 1.5658048018813133 2.4
      vertex 55.25209839642048 1.7578492015600204 2.4
      vertex 55.25209839642048 1.7578492015600204 3
    endloop
  endfacet
  facet normal -0.9198411162952467 -0.39229111737676975 0
    outer loop
      vertex 55.62870279699564 1.7331136018037796 2.4
      vertex 55.682530000805855 1.6068999990820885 2.4
      vertex 55.62870279699564 1.7331136018037796 3
    endloop
  endfacet
  facet normal 0.9754170010036991 0.2203671349202277 0
    outer loop
      vertex 55.25209839642048 1.7578492015600204 2.4
      vertex 55.202460400760174 1.977563202381134 2.4
      vertex 55.202460400760174 1.977563202381134 3
    endloop
  endfacet
  facet normal -0.9642846461185721 -0.2648681205052433 0
    outer loop
      vertex 55.62870279699564 1.7331136018037796 2.4
      vertex 55.58683720231056 1.8855303972959518 3
      vertex 55.58683720231056 1.8855303972959518 2.4
    endloop
  endfacet
  facet normal -0.8358956268599497 -0.5488884230847028 0
    outer loop
      vertex 55.74937719851732 1.5050991997122765 2.4
      vertex 55.682530000805855 1.6068999990820885 3
      vertex 55.682530000805855 1.6068999990820885 2.4
    endloop
  endfacet
  facet normal 0.9928308216594465 0.11952807018867298 0
    outer loop
      vertex 55.202460400760174 1.977563202381134 2.4
      vertex 55.17267759889364 2.2249467968940735 2.4
      vertex 55.17267759889364 2.2249467968940735 3
    endloop
  endfacet
  facet normal -0.9862736776474843 -0.16511884441124886 0
    outer loop
      vertex 55.58683720231056 1.8855303972959518 2.4
      vertex 55.55693320184946 2.0641504004597664 3
      vertex 55.55693320184946 2.0641504004597664 2.4
    endloop
  endfacet
  facet normal -0.9961851100532096 -0.0872652651876715 0
    outer loop
      vertex 55.55693320184946 2.0641504004597664 2.4
      vertex 55.538990803062916 2.268973596394062 3
      vertex 55.538990803062916 2.268973596394062 2.4
    endloop
  endfacet
  facet normal 1 0 0
    outer loop
      vertex 53.73040000349283 1.377010002732277 2.4
      vertex 53.73040000349283 3.5822800025343895 2.4
      vertex 53.73040000349283 3.5822800025343895 3
    endloop
  endfacet
  facet normal 0.9993492695762428 0.03606989599970812 0
    outer loop
      vertex 55.17267759889364 2.2249467968940735 2.4
      vertex 55.162749998271465 2.5 2.4
      vertex 55.162749998271465 2.5 3
    endloop
  endfacet
  facet normal -0.9996650748469383 -0.025879299280800665 0
    outer loop
      vertex 55.538990803062916 2.268973596394062 2.4
      vertex 55.53300999850035 2.5 3
      vertex 55.53300999850035 2.5 2.4
    endloop
  endfacet
  facet normal 0.9994099214242396 -0.03434834724983606 0
    outer loop
      vertex 55.162749998271465 2.5 2.4
      vertex 55.17239320278168 2.7805816009640694 2.4
      vertex 55.17239320278168 2.7805816009640694 3
    endloop
  endfacet
  facet normal -0.9996911104631823 0.02485324246229392 0
    outer loop
      vertex 55.53300999850035 2.5 2.4
      vertex 55.53890919685364 2.737287998199463 3
      vertex 55.53890919685364 2.737287998199463 2.4
    endloop
  endfacet
  facet normal -0.9964329374089846 0.08438839521227096 0
    outer loop
      vertex 55.53890919685364 2.737287998199463 2.4
      vertex 55.55660679936409 2.946255996823311 3
      vertex 55.55660679936409 2.946255996823311 2.4
    endloop
  endfacet
  facet normal 0.9934212879303753 -0.11451700610282364 0
    outer loop
      vertex 55.17239320278168 2.7805816009640694 2.4
      vertex 55.20132280141115 3.0315423980355263 2.4
      vertex 55.20132280141115 3.0315423980355263 3
    endloop
  endfacet
  facet normal -0.9869307546044601 0.16114492116064677 0
    outer loop
      vertex 55.55660679936409 2.946255996823311 2.4
      vertex 55.58610279858112 3.1269040033221245 3
      vertex 55.58610279858112 3.1269040033221245 2.4
    endloop
  endfacet
  facet normal 0.9207841677760341 -0.3900724501589369 0
    outer loop
      vertex 56.631580002605915 1.6129899993538857 2.4
      vertex 56.68577440083027 1.7409183979034424 2.4
      vertex 56.631580002605915 1.6129899993538857 3
    endloop
  endfacet
  facet normal -0.9381244470402487 0.3462983134025166 0
    outer loop
      vertex 56.992284402251244 1.5684159994125366 2.4
      vertex 56.992284402251244 1.5684159994125366 3
      vertex 57.06320559978485 1.7605419978499413 2.4
    endloop
  endfacet
  facet normal 0.9639332580015715 -0.26614408525923633 0
    outer loop
      vertex 56.68577440083027 1.7409183979034424 2.4
      vertex 56.72792559862137 1.8935836032032967 2.4
      vertex 56.68577440083027 1.7409183979034424 3
    endloop
  endfacet
  facet normal 0.9859020279695844 -0.1673236123368749 0
    outer loop
      vertex 56.72792559862137 1.8935836032032967 2.4
      vertex 56.758033603429794 2.0709856003522873 2.4
      vertex 56.72792559862137 1.8935836032032967 3
    endloop
  endfacet
  facet normal -0.9743435479614003 0.2250658804572353 0
    outer loop
      vertex 57.06320559978485 1.7605419978499413 2.4
      vertex 57.06320559978485 1.7605419978499413 3
      vertex 57.11386360228062 1.9798479974269867 2.4
    endloop
  endfacet
  facet normal 0.9960304172107838 -0.08901352701085387 0
    outer loop
      vertex 56.758033603429794 2.0709856003522873 2.4
      vertex 56.776098400354385 2.273124396800995 2.4
      vertex 56.758033603429794 2.0709856003522873 3
    endloop
  endfacet
  facet normal -0.9924826398848562 0.12238549557519826 0
    outer loop
      vertex 57.11386360228062 1.9798479974269867 2.4
      vertex 57.11386360228062 1.9798479974269867 3
      vertex 57.14425840228796 2.226333998143673 2.4
    endloop
  endfacet
  facet normal -0.9993153982402037 0.036996416583545084 0
    outer loop
      vertex 57.14425840228796 2.226333998143673 2.4
      vertex 57.14425840228796 2.226333998143673 3
      vertex 57.15438999980688 2.5 2.4
    endloop
  endfacet
  facet normal 0.9996479629836893 -0.02653205801592765 0
    outer loop
      vertex 56.776098400354385 2.273124396800995 2.4
      vertex 56.78211999684572 2.5 2.4
      vertex 56.776098400354385 2.273124396800995 3
    endloop
  endfacet
  facet normal 0.9997009119196867 0.024455811312380733 0
    outer loop
      vertex 56.78211999684572 2.5 2.4
      vertex 56.77638279646635 2.7345243990421295 2.4
      vertex 56.78211999684572 2.5 3
    endloop
  endfacet
  facet normal -0.9993981297870002 -0.03468974168607215 0
    outer loop
      vertex 57.15438999980688 2.5 2.4
      vertex 57.15438999980688 2.5 3
      vertex 57.14474680274725 2.77781680226326 2.4
    endloop
  endfacet
  facet normal 0.9965670252259159 0.0827898800118031 0
    outer loop
      vertex 56.77638279646635 2.7345243990421295 2.4
      vertex 56.759171202778816 2.941705599427223 2.4
      vertex 56.77638279646635 2.7345243990421295 3
    endloop
  endfacet
  facet normal -0.9933273506626529 -0.11532898345825729 0
    outer loop
      vertex 57.14474680274725 2.77781680226326 2.4
      vertex 57.14474680274725 2.77781680226326 3
      vertex 57.115817196667194 3.026987202465534 2.4
    endloop
  endfacet
  facet normal 0.9875159718636973 0.1575189046244844 0
    outer loop
      vertex 56.759171202778816 2.941705599427223 2.4
      vertex 56.73048520088196 3.121543601155281 2.4
      vertex 56.759171202778816 2.941705599427223 3
    endloop
  endfacet
  facet normal -0.9769218603539147 -0.21359700082783525 0
    outer loop
      vertex 57.115817196667194 3.026987202465534 2.4
      vertex 57.115817196667194 3.026987202465534 3
      vertex 57.067601196467876 3.247511200606823 2.4
    endloop
  endfacet
  facet normal 1 0 0
    outer loop
      vertex 53.00007999688387 1.065760001540184 2.4
      vertex 53.00007999688387 1.377010002732277 3
      vertex 53.00007999688387 1.065760001540184 3
    endloop
  endfacet
  facet normal 0 -1 0
    outer loop
      vertex 53.00007999688387 1.377010002732277 2.4
      vertex 53.73040000349283 1.377010002732277 3
      vertex 53.00007999688387 1.377010002732277 3
    endloop
  endfacet
  facet normal 0 1 0
    outer loop
      vertex 54.79642000049353 1.065760001540184 2.4
      vertex 53.00007999688387 1.065760001540184 3
      vertex 54.79642000049353 1.065760001540184 3
    endloop
  endfacet
  facet normal -1 0 0
    outer loop
      vertex 54.79642000049353 1.377010002732277 2.4
      vertex 54.79642000049353 1.065760001540184 3
      vertex 54.79642000049353 1.377010002732277 3
    endloop
  endfacet
  facet normal 0 -1 0
    outer loop
      vertex 54.09865000098944 1.377010002732277 2.4
      vertex 54.79642000049353 1.377010002732277 3
      vertex 54.09865000098944 1.377010002732277 3
    endloop
  endfacet
  facet normal 0.2593077425246146 0.9657947476906199 0
    outer loop
      vertex 55.965599201619625 1.040133997797966 2.4
      vertex 55.797392800450325 1.0852959975600243 3
      vertex 55.965599201619625 1.040133997797966 3
    endloop
  endfacet
  facet normal 0.4520791342548696 0.8919778340134735 0
    outer loop
      vertex 55.797392800450325 1.0852959975600243 2.4
      vertex 55.648880802094936 1.1605660021305084 3
      vertex 55.797392800450325 1.0852959975600243 3
    endloop
  endfacet
  facet normal 0.07986082615996286 0.9968060234795174 0
    outer loop
      vertex 56.153499998152256 1.0250800028443336 2.4
      vertex 55.965599201619625 1.040133997797966 3
      vertex 56.153499998152256 1.0250800028443336 3
    endloop
  endfacet
  facet normal -0.08020948609314947 0.9967780286205514 0
    outer loop
      vertex 56.34159280359745 1.0402155965566635 2.4
      vertex 56.153499998152256 1.0250800028443336 3
      vertex 56.34159280359745 1.0402155965566635 3
    endloop
  endfacet
  facet normal 0.6331721884276978 0.7740109687864121 0
    outer loop
      vertex 55.648880802094936 1.1605660021305084 2.4
      vertex 55.52006319910288 1.2659439966082573 3
      vertex 55.648880802094936 1.1605660021305084 3
    endloop
  endfacet
  facet normal 0.7788053115526204 0.6272657225589693 0
    outer loop
      vertex 55.52006319910288 1.2659439966082573 2.4
      vertex 55.41093999892473 1.4014300033450127 3
      vertex 55.52006319910288 1.2659439966082573 3
    endloop
  endfacet
  facet normal 0.8785925098320844 0.4775721952406346 0
    outer loop
      vertex 55.41093999892473 1.4014300033450127 2.4
      vertex 55.32159160077572 1.5658048018813133 3
      vertex 55.41093999892473 1.4014300033450127 3
    endloop
  endfacet
  facet normal -0.2970413953216306 -0.9548646026874066 0
    outer loop
      vertex 56.034389197826385 1.3354312032461166 2.4
      vertex 56.034389197826385 1.3354312032461166 3
      vertex 55.92530679702759 1.3693647980690002 3
    endloop
  endfacet
  facet normal -0.09145604053604259 -0.9958091145643675 0
    outer loop
      vertex 56.15754999965429 1.3241200000047684 2.4
      vertex 56.15754999965429 1.3241200000047684 3
      vertex 56.034389197826385 1.3354312032461166 3
    endloop
  endfacet
  facet normal 0.0939247828156804 -0.9955792962758052 0
    outer loop
      vertex 56.280028000473976 1.335674799978733 2.4
      vertex 56.280028000473976 1.335674799978733 3
      vertex 56.15754999965429 1.3241200000047684 3
    endloop
  endfacet
  facet normal 0.30397190728504453 -0.952680995707111 0
    outer loop
      vertex 56.38866999745369 1.3703391999006271 2.4
      vertex 56.38866999745369 1.3703391999006271 3
      vertex 56.280028000473976 1.335674799978733 3
    endloop
  endfacet
  facet normal -0.6993485559993896 -0.714780803618542 0
    outer loop
      vertex 55.8303027972579 1.4259207993745804 2.4
      vertex 55.8303027972579 1.4259207993745804 3
      vertex 55.74937719851732 1.5050991997122765 3
    endloop
  endfacet
  facet normal -0.5115239389941899 -0.8592690264613687 0
    outer loop
      vertex 55.92530679702759 1.3693647980690002 2.4
      vertex 55.92530679702759 1.3693647980690002 3
      vertex 55.8303027972579 1.4259207993745804 3
    endloop
  endfacet
  facet normal -0.8358956268599497 -0.5488884230847028 0
    outer loop
      vertex 55.74937719851732 1.5050991997122765 2.4
      vertex 55.74937719851732 1.5050991997122765 3
      vertex 55.682530000805855 1.6068999990820885 3
    endloop
  endfacet
  facet normal -0.2597543873828987 0.96567471657662 0
    outer loop
      vertex 56.51039920002222 1.085622400045395 2.4
      vertex 56.34159280359745 1.0402155965566635 3
      vertex 56.51039920002222 1.085622400045395 3
    endloop
  endfacet
  facet normal -0.4515905726708726 0.8922252824678267 0
    outer loop
      vertex 56.65991920232773 1.1613003984093666 2.4
      vertex 56.51039920002222 1.085622400045395 3
      vertex 56.65991920232773 1.1613003984093666 3
    endloop
  endfacet
  facet normal -0.6310747105852236 0.7757220569635598 0
    outer loop
      vertex 56.79015280306339 1.2672495990991592 2.4
      vertex 56.65991920232773 1.1613003984093666 3
      vertex 56.79015280306339 1.2672495990991592 3
    endloop
  endfacet
  facet normal -0.7753665405018837 0.6315114629760421 0
    outer loop
      vertex 56.901100002229214 1.4034700021147728 2.4
      vertex 56.79015280306339 1.2672495990991592 3
      vertex 56.901100002229214 1.4034700021147728 3
    endloop
  endfacet
  facet normal 0.5203806374354926 -0.8539344191342979 0
    outer loop
      vertex 56.483475998044014 1.4281131997704506 2.4
      vertex 56.483475998044014 1.4281131997704506 3
      vertex 56.38866999745369 1.3703391999006271 3
    endloop
  endfacet
  facet normal 0.7067291966090259 -0.7074841642470598 0
    outer loop
      vertex 56.56444600224495 1.5089967995882034 2.4
      vertex 56.56444600224495 1.5089967995882034 3
      vertex 56.483475998044014 1.4281131997704506 3
    endloop
  endfacet
  facet normal -0.875174067246834 0.4838081768827746 0
    outer loop
      vertex 56.992284402251244 1.5684159994125366 2.4
      vertex 56.901100002229214 1.4034700021147728 3
      vertex 56.992284402251244 1.5684159994125366 3
    endloop
  endfacet
  facet normal 1 0 0
    outer loop
      vertex 53.73040000349283 1.377010002732277 2.4
      vertex 53.73040000349283 3.5822800025343895 3
      vertex 53.73040000349283 1.377010002732277 3
    endloop
  endfacet
  facet normal 0.9403287053503288 0.3402674329026727 0
    outer loop
      vertex 55.32159160077572 1.5658048018813133 2.4
      vertex 55.25209839642048 1.7578492015600204 3
      vertex 55.32159160077572 1.5658048018813133 3
    endloop
  endfacet
  facet normal 0.9754170010036991 0.2203671349202277 0
    outer loop
      vertex 55.25209839642048 1.7578492015600204 2.4
      vertex 55.202460400760174 1.977563202381134 3
      vertex 55.25209839642048 1.7578492015600204 3
    endloop
  endfacet
  facet normal -0.9642846461185721 -0.2648681205052433 0
    outer loop
      vertex 55.62870279699564 1.7331136018037796 2.4
      vertex 55.62870279699564 1.7331136018037796 3
      vertex 55.58683720231056 1.8855303972959518 3
    endloop
  endfacet
  facet normal -0.9862736776474843 -0.16511884441124886 0
    outer loop
      vertex 55.58683720231056 1.8855303972959518 2.4
      vertex 55.58683720231056 1.8855303972959518 3
      vertex 55.55693320184946 2.0641504004597664 3
    endloop
  endfacet
  facet normal -0.9198411162952467 -0.39229111737676975 0
    outer loop
      vertex 55.682530000805855 1.6068999990820885 2.4
      vertex 55.682530000805855 1.6068999990820885 3
      vertex 55.62870279699564 1.7331136018037796 3
    endloop
  endfacet
  facet normal 0.9928308216594465 0.11952807018867298 0
    outer loop
      vertex 55.202460400760174 1.977563202381134 2.4
      vertex 55.17267759889364 2.2249467968940735 3
      vertex 55.202460400760174 1.977563202381134 3
    endloop
  endfacet
  facet normal -0.9961851100532096 -0.0872652651876715 0
    outer loop
      vertex 55.55693320184946 2.0641504004597664 2.4
      vertex 55.55693320184946 2.0641504004597664 3
      vertex 55.538990803062916 2.268973596394062 3
    endloop
  endfacet
  facet normal 0.9993492695762428 0.03606989599970812 0
    outer loop
      vertex 55.17267759889364 2.2249467968940735 2.4
      vertex 55.162749998271465 2.5 3
      vertex 55.17267759889364 2.2249467968940735 3
    endloop
  endfacet
  facet normal -1 0 0
    outer loop
      vertex 54.09865000098944 3.932199999690056 2.4
      vertex 54.09865000098944 1.377010002732277 3
      vertex 54.09865000098944 3.932199999690056 3
    endloop
  endfacet
  facet normal -0.9996650748469383 -0.025879299280800665 0
    outer loop
      vertex 55.538990803062916 2.268973596394062 2.4
      vertex 55.538990803062916 2.268973596394062 3
      vertex 55.53300999850035 2.5 3
    endloop
  endfacet
  facet normal 0.9994099214242396 -0.03434834724983606 0
    outer loop
      vertex 55.162749998271465 2.5 2.4
      vertex 55.17239320278168 2.7805816009640694 3
      vertex 55.162749998271465 2.5 3
    endloop
  endfacet
  facet normal -0.9996911104631823 0.02485324246229392 0
    outer loop
      vertex 55.53300999850035 2.5 2.4
      vertex 55.53300999850035 2.5 3
      vertex 55.53890919685364 2.737287998199463 3
    endloop
  endfacet
  facet normal 0.9934212879303753 -0.11451700610282364 0
    outer loop
      vertex 55.17239320278168 2.7805816009640694 2.4
      vertex 55.20132280141115 3.0315423980355263 3
      vertex 55.17239320278168 2.7805816009640694 3
    endloop
  endfacet
  facet normal -0.9964329374089846 0.08438839521227096 0
    outer loop
      vertex 55.53890919685364 2.737287998199463 2.4
      vertex 55.53890919685364 2.737287998199463 3
      vertex 55.55660679936409 2.946255996823311 3
    endloop
  endfacet
  facet normal 0.9770859154807738 -0.21284528129394406 0
    outer loop
      vertex 55.20132280141115 3.0315423980355263 2.4
      vertex 55.24953880161047 3.2528823986649513 3
      vertex 55.20132280141115 3.0315423980355263 3
    endloop
  endfacet
  facet normal -0.9869307546044601 0.16114492116064677 0
    outer loop
      vertex 55.55660679936409 2.946255996823311 2.4
      vertex 55.55660679936409 2.946255996823311 3
      vertex 55.58610279858112 3.1269040033221245 3
    endloop
  endfacet
  facet normal 0.8401434652455483 -0.5423642298356356 0
    outer loop
      vertex 56.631580002605915 1.6129899993538857 2.4
      vertex 56.631580002605915 1.6129899993538857 3
      vertex 56.56444600224495 1.5089967995882034 3
    endloop
  endfacet
  facet normal 0.9207841677760341 -0.3900724501589369 0
    outer loop
      vertex 56.68577440083027 1.7409183979034424 2.4
      vertex 56.68577440083027 1.7409183979034424 3
      vertex 56.631580002605915 1.6129899993538857 3
    endloop
  endfacet
  facet normal -0.9381244470402487 0.3462983134025166 0
    outer loop
      vertex 57.06320559978485 1.7605419978499413 2.4
      vertex 56.992284402251244 1.5684159994125366 3
      vertex 57.06320559978485 1.7605419978499413 3
    endloop
  endfacet
  facet normal 0.9639332580015715 -0.26614408525923633 0
    outer loop
      vertex 56.72792559862137 1.8935836032032967 2.4
      vertex 56.72792559862137 1.8935836032032967 3
      vertex 56.68577440083027 1.7409183979034424 3
    endloop
  endfacet
  facet normal -0.9743435479614003 0.2250658804572353 0
    outer loop
      vertex 57.11386360228062 1.9798479974269867 2.4
      vertex 57.06320559978485 1.7605419978499413 3
      vertex 57.11386360228062 1.9798479974269867 3
    endloop
  endfacet
  facet normal 0.9859020279695844 -0.1673236123368749 0
    outer loop
      vertex 56.758033603429794 2.0709856003522873 2.4
      vertex 56.758033603429794 2.0709856003522873 3
      vertex 56.72792559862137 1.8935836032032967 3
    endloop
  endfacet
  facet normal -0.9924826398848562 0.12238549557519826 0
    outer loop
      vertex 57.14425840228796 2.226333998143673 2.4
      vertex 57.11386360228062 1.9798479974269867 3
      vertex 57.14425840228796 2.226333998143673 3
    endloop
  endfacet
  facet normal 0.9960304172107838 -0.08901352701085387 0
    outer loop
      vertex 56.776098400354385 2.273124396800995 2.4
      vertex 56.776098400354385 2.273124396800995 3
      vertex 56.758033603429794 2.0709856003522873 3
    endloop
  endfacet
  facet normal 0.9996479629836893 -0.02653205801592765 0
    outer loop
      vertex 56.78211999684572 2.5 2.4
      vertex 56.78211999684572 2.5 3
      vertex 56.776098400354385 2.273124396800995 3
    endloop
  endfacet
  facet normal 0.9997009119196867 0.024455811312380733 0
    outer loop
      vertex 56.77638279646635 2.7345243990421295 2.4
      vertex 56.77638279646635 2.7345243990421295 3
      vertex 56.78211999684572 2.5 3
    endloop
  endfacet
  facet normal -0.9993981297870002 -0.03468974168607215 0
    outer loop
      vertex 57.14474680274725 2.77781680226326 2.4
      vertex 57.15438999980688 2.5 3
      vertex 57.14474680274725 2.77781680226326 3
    endloop
  endfacet
  facet normal -0.9993153982402037 0.036996416583545084 0
    outer loop
      vertex 57.15438999980688 2.5 2.4
      vertex 57.14425840228796 2.226333998143673 3
      vertex 57.15438999980688 2.5 3
    endloop
  endfacet
  facet normal 0.9965670252259159 0.0827898800118031 0
    outer loop
      vertex 56.759171202778816 2.941705599427223 2.4
      vertex 56.759171202778816 2.941705599427223 3
      vertex 56.77638279646635 2.7345243990421295 3
    endloop
  endfacet
  facet normal 0.9875159718636973 0.1575189046244844 0
    outer loop
      vertex 56.73048520088196 3.121543601155281 2.4
      vertex 56.73048520088196 3.121543601155281 3
      vertex 56.759171202778816 2.941705599427223 3
    endloop
  endfacet
  facet normal -0.9933273506626529 -0.11532898345825729 0
    outer loop
      vertex 57.115817196667194 3.026987202465534 2.4
      vertex 57.14474680274725 2.77781680226326 3
      vertex 57.115817196667194 3.026987202465534 3
    endloop
  endfacet
  facet normal 0 0 1
    outer loop
      vertex 53.08348000049591 3.120489999651909 2.4
      vertex 53.73040000349283 3.5822800025343895 2.4
      vertex 53.08348000049591 3.466329999268055 2.4
    endloop
  endfacet
  facet normal -0.5809918122635845 0.8139094016428828 0
    outer loop
      vertex 53.08348000049591 3.120489999651909 2.4
      vertex 53.08348000049591 3.120489999651909 3
      vertex 53.73040000349283 3.5822800025343895 2.4
    endloop
  endfacet
  facet normal 1 0 0
    outer loop
      vertex 53.08348000049591 3.120489999651909 2.4
      vertex 53.08348000049591 3.466329999268055 2.4
      vertex 53.08348000049591 3.466329999268055 3
    endloop
  endfacet
  facet normal 0 0 1
    outer loop
      vertex 53.08348000049591 3.466329999268055 2.4
      vertex 53.73040000349283 3.5822800025343895 2.4
      vertex 53.76094000041485 3.932199999690056 2.4
    endloop
  endfacet
  facet normal 0 0 1
    outer loop
      vertex 53.73040000349283 3.5822800025343895 2.4
      vertex 54.09865000098944 3.932199999690056 2.4
      vertex 53.76094000041485 3.932199999690056 2.4
    endloop
  endfacet
  facet normal 0 0 1
    outer loop
      vertex 55.20132280141115 3.0315423980355263 2.4
      vertex 55.58610279858112 3.1269040033221245 2.4
      vertex 55.24953880161047 3.2528823986649513 2.4
    endloop
  endfacet
  facet normal 0 0 1
    outer loop
      vertex 55.58610279858112 3.1269040033221245 2.4
      vertex 55.62739720195532 3.2792320027947426 2.4
      vertex 55.24953880161047 3.2528823986649513 2.4
    endloop
  endfacet
  facet normal 0 0 1
    outer loop
      vertex 55.24953880161047 3.2528823986649513 2.4
      vertex 55.62739720195532 3.2792320027947426 2.4
      vertex 55.31704120337963 3.4446016028523445 2.4
    endloop
  endfacet
  facet normal 0 0 1
    outer loop
      vertex 55.62739720195532 3.2792320027947426 2.4
      vertex 55.680490002036095 3.4032400026917458 2.4
      vertex 55.31704120337963 3.4446016028523445 2.4
    endloop
  endfacet
  facet normal 0 0 1
    outer loop
      vertex 55.31704120337963 3.4446016028523445 2.4
      vertex 55.680490002036095 3.4032400026917458 2.4
      vertex 55.403829999268055 3.6067000031471252 2.4
    endloop
  endfacet
  facet normal 0 0 1
    outer loop
      vertex 55.403829999268055 3.6067000031471252 2.4
      vertex 55.680490002036095 3.4032400026917458 2.4
      vertex 55.74710199981928 3.502113997936249 2.4
    endloop
  endfacet
  facet normal 0 0 1
    outer loop
      vertex 55.403829999268055 3.6067000031471252 2.4
      vertex 55.74710199981928 3.502113997936249 2.4
      vertex 55.51145079731941 3.739259198307991 2.4
    endloop
  endfacet
  facet normal 0 0 1
    outer loop
      vertex 55.51145079731941 3.739259198307991 2.4
      vertex 55.828929997980595 3.579016000032425 2.4
      vertex 55.64144919812679 3.8423608019948006 2.4
    endloop
  endfacet
  facet normal 0 0 1
    outer loop
      vertex 55.51145079731941 3.739259198307991 2.4
      vertex 55.74710199981928 3.502113997936249 2.4
      vertex 55.828929997980595 3.579016000032425 2.4
    endloop
  endfacet
  facet normal 0 0 1
    outer loop
      vertex 55.828929997980595 3.579016000032425 2.4
      vertex 55.92597399652004 3.6339460015296936 2.4
      vertex 55.7938252016902 3.9160047993063927 2.4
    endloop
  endfacet
  facet normal 0 0 1
    outer loop
      vertex 55.64144919812679 3.8423608019948006 2.4
      vertex 55.828929997980595 3.579016000032425 2.4
      vertex 55.7938252016902 3.9160047993063927 2.4
    endloop
  endfacet
  facet normal 0 0 1
    outer loop
      vertex 55.92597399652004 3.6339460015296936 2.4
      vertex 56.0382340028882 3.666904002428055 2.4
      vertex 55.968578800559044 3.960191197693348 2.4
    endloop
  endfacet
  facet normal 0 0 1
    outer loop
      vertex 55.92597399652004 3.6339460015296936 2.4
      vertex 55.968578800559044 3.960191197693348 2.4
      vertex 55.7938252016902 3.9160047993063927 2.4
    endloop
  endfacet
  facet normal 0 0 1
    outer loop
      vertex 56.0382340028882 3.666904002428055 2.4
      vertex 56.165710002183914 3.6778900027275085 2.4
      vertex 56.165710002183914 3.9749199971556664 2.4
    endloop
  endfacet
  facet normal 0 0 1
    outer loop
      vertex 56.165710002183914 3.6778900027275085 2.4
      vertex 56.290085196495056 3.6667419970035553 2.4
      vertex 56.165710002183914 3.9749199971556664 2.4
    endloop
  endfacet
  facet normal 0 0 1
    outer loop
      vertex 56.290085196495056 3.6667419970035553 2.4
      vertex 56.39957080036402 3.6332980021834373 2.4
      vertex 56.357709996402264 3.960028000175953 2.4
    endloop
  endfacet
  facet normal 0 0 1
    outer loop
      vertex 56.0382340028882 3.666904002428055 2.4
      vertex 56.165710002183914 3.9749199971556664 2.4
      vertex 55.968578800559044 3.960191197693348 2.4
    endloop
  endfacet
  facet normal 0 0 1
    outer loop
      vertex 56.290085196495056 3.6667419970035553 2.4
      vertex 56.357709996402264 3.960028000175953 2.4
      vertex 56.165710002183914 3.9749199971556664 2.4
    endloop
  endfacet
  facet normal 0 0 1
    outer loop
      vertex 56.73048520088196 3.121543601155281 2.4
      vertex 57.067601196467876 3.247511200606823 2.4
      vertex 56.69032479822636 3.2740383967757225 2.4
    endloop
  endfacet
  facet normal 0 0 1
    outer loop
      vertex 56.73048520088196 3.121543601155281 2.4
      vertex 57.115817196667194 3.026987202465534 2.4
      vertex 57.067601196467876 3.247511200606823 2.4
    endloop
  endfacet
  facet normal 0 0 1
    outer loop
      vertex 56.69032479822636 3.2740383967757225 2.4
      vertex 57.000098802149296 3.439388796687126 2.4
      vertex 56.63869000226259 3.3991900011897087 2.4
    endloop
  endfacet
  facet normal 0 0 1
    outer loop
      vertex 56.63869000226259 3.3991900011897087 2.4
      vertex 56.91330999881029 3.6026199981570244 2.4
      vertex 56.573873199522495 3.4995220005512238 2.4
    endloop
  endfacet
  facet normal 0 0 1
    outer loop
      vertex 56.69032479822636 3.2740383967757225 2.4
      vertex 57.067601196467876 3.247511200606823 2.4
      vertex 57.000098802149296 3.439388796687126 2.4
    endloop
  endfacet
  facet normal 0 0 1
    outer loop
      vertex 56.63869000226259 3.3991900011897087 2.4
      vertex 57.000098802149296 3.439388796687126 2.4
      vertex 56.91330999881029 3.6026199981570244 2.4
    endloop
  endfacet
  facet normal 0 0 1
    outer loop
      vertex 56.573873199522495 3.4995220005512238 2.4
      vertex 56.80627000331879 3.7366480007767677 2.4
      vertex 56.49416679888964 3.5775580033659935 2.4
    endloop
  endfacet
  facet normal 0 0 1
    outer loop
      vertex 56.573873199522495 3.4995220005512238 2.4
      vertex 56.91330999881029 3.6026199981570244 2.4
      vertex 56.80627000331879 3.7366480007767677 2.4
    endloop
  endfacet
  facet normal 0 0 1
    outer loop
      vertex 56.49416679888964 3.5775580033659935 2.4
      vertex 56.6779899969697 3.8408920019865036 2.4
      vertex 56.39957080036402 3.6332980021834373 2.4
    endloop
  endfacet
  facet normal 0 0 1
    outer loop
      vertex 56.39957080036402 3.6332980021834373 2.4
      vertex 56.6779899969697 3.8408920019865036 2.4
      vertex 56.52847000211477 3.915352001786232 2.4
    endloop
  endfacet
  facet normal 0 0 1
    outer loop
      vertex 56.49416679888964 3.5775580033659935 2.4
      vertex 56.80627000331879 3.7366480007767677 2.4
      vertex 56.6779899969697 3.8408920019865036 2.4
    endloop
  endfacet
  facet normal 0 0 1
    outer loop
      vertex 56.39957080036402 3.6332980021834373 2.4
      vertex 56.52847000211477 3.915352001786232 2.4
      vertex 56.357709996402264 3.960028000175953 2.4
    endloop
  endfacet
  facet normal 0.5666248307547566 -0.8239759105533022 0
    outer loop
      vertex 53.08348000049591 3.466329999268055 2.4
      vertex 53.76094000041485 3.932199999690056 2.4
      vertex 53.76094000041485 3.932199999690056 3
    endloop
  endfacet
  facet normal 0.9770859154807738 -0.21284528129394406 0
    outer loop
      vertex 55.20132280141115 3.0315423980355263 2.4
      vertex 55.24953880161047 3.2528823986649513 2.4
      vertex 55.24953880161047 3.2528823986649513 3
    endloop
  endfacet
  facet normal -0.9651641474077308 0.2616451195010296 0
    outer loop
      vertex 55.58610279858112 3.1269040033221245 2.4
      vertex 55.62739720195532 3.2792320027947426 3
      vertex 55.62739720195532 3.2792320027947426 2.4
    endloop
  endfacet
  facet normal 0.9432420593313987 -0.33210603353185564 0
    outer loop
      vertex 55.24953880161047 3.2528823986649513 2.4
      vertex 55.31704120337963 3.4446016028523445 2.4
      vertex 55.31704120337963 3.4446016028523445 3
    endloop
  endfacet
  facet normal -0.9192885279139879 0.3935843015743045 0
    outer loop
      vertex 55.62739720195532 3.2792320027947426 2.4
      vertex 55.680490002036095 3.4032400026917458 3
      vertex 55.680490002036095 3.4032400026917458 2.4
    endloop
  endfacet
  facet normal -0.8293460200517322 0.5587353389793345 0
    outer loop
      vertex 55.680490002036095 3.4032400026917458 2.4
      vertex 55.74710199981928 3.502113997936249 3
      vertex 55.74710199981928 3.502113997936249 2.4
    endloop
  endfacet
  facet normal 0.8815923062633751 -0.4720116582640978 0
    outer loop
      vertex 55.31704120337963 3.4446016028523445 2.4
      vertex 55.403829999268055 3.6067000031471252 2.4
      vertex 55.403829999268055 3.6067000031471252 3
    endloop
  endfacet
  facet normal 0.7763534191400663 -0.6302978411747328 0
    outer loop
      vertex 55.403829999268055 3.6067000031471252 2.4
      vertex 55.51145079731941 3.739259198307991 2.4
      vertex 55.51145079731941 3.739259198307991 3
    endloop
  endfacet
  facet normal 0.6213925789493613 -0.7834993700231428 0
    outer loop
      vertex 55.51145079731941 3.739259198307991 2.4
      vertex 55.64144919812679 3.8423608019948006 2.4
      vertex 55.64144919812679 3.8423608019948006 3
    endloop
  endfacet
  facet normal -0.68483286546269 0.7287001759174765 0
    outer loop
      vertex 55.74710199981928 3.502113997936249 2.4
      vertex 55.828929997980595 3.579016000032425 3
      vertex 55.828929997980595 3.579016000032425 2.4
    endloop
  endfacet
  facet normal -0.4925943913053379 0.8702590221620936 0
    outer loop
      vertex 55.828929997980595 3.579016000032425 2.4
      vertex 55.92597399652004 3.6339460015296936 3
      vertex 55.92597399652004 3.6339460015296936 2.4
    endloop
  endfacet
  facet normal -0.281697060233253 0.9595033956458637 0
    outer loop
      vertex 55.92597399652004 3.6339460015296936 2.4
      vertex 56.0382340028882 3.666904002428055 3
      vertex 56.0382340028882 3.666904002428055 2.4
    endloop
  endfacet
  facet normal -0.08586266329945512 0.9963069823358283 0
    outer loop
      vertex 56.0382340028882 3.666904002428055 2.4
      vertex 56.165710002183914 3.6778900027275085 3
      vertex 56.165710002183914 3.6778900027275085 2.4
    endloop
  endfacet
  facet normal 0.2921391237494686 0.956375832178382 0
    outer loop
      vertex 56.290085196495056 3.6667419970035553 2.4
      vertex 56.39957080036402 3.6332980021834373 3
      vertex 56.39957080036402 3.6332980021834373 2.4
    endloop
  endfacet
  facet normal 0.0892741739517785 0.9960070892645432 0
    outer loop
      vertex 56.165710002183914 3.6778900027275085 2.4
      vertex 56.290085196495056 3.6667419970035553 3
      vertex 56.290085196495056 3.6667419970035553 2.4
    endloop
  endfacet
  facet normal 0.43514756400184784 -0.9003591491972844 0
    outer loop
      vertex 55.64144919812679 3.8423608019948006 2.4
      vertex 55.7938252016902 3.9160047993063927 2.4
      vertex 55.7938252016902 3.9160047993063927 3
    endloop
  endfacet
  facet normal 0 -1 0
    outer loop
      vertex 53.76094000041485 3.932199999690056 2.4
      vertex 54.09865000098944 3.932199999690056 2.4
      vertex 54.09865000098944 3.932199999690056 3
    endloop
  endfacet
  facet normal 0.24513500909498262 -0.9694889516214215 0
    outer loop
      vertex 55.7938252016902 3.9160047993063927 2.4
      vertex 55.968578800559044 3.960191197693348 2.4
      vertex 55.968578800559044 3.960191197693348 3
    endloop
  endfacet
  facet normal 0.07450804013087843 -0.9972204129257761 0
    outer loop
      vertex 55.968578800559044 3.960191197693348 2.4
      vertex 56.165710002183914 3.9749199971556664 2.4
      vertex 56.165710002183914 3.9749199971556664 3
    endloop
  endfacet
  facet normal -0.07733022841278382 -0.9970055344749229 0
    outer loop
      vertex 56.165710002183914 3.9749199971556664 2.4
      vertex 56.357709996402264 3.960028000175953 2.4
      vertex 56.357709996402264 3.960028000175953 3
    endloop
  endfacet
  facet normal 0.9670273979615085 0.25467236126402537 0
    outer loop
      vertex 56.73048520088196 3.121543601155281 2.4
      vertex 56.69032479822636 3.2740383967757225 2.4
      vertex 56.73048520088196 3.121543601155281 3
    endloop
  endfacet
  facet normal 0.9244131880610471 0.38139252449256417 0
    outer loop
      vertex 56.69032479822636 3.2740383967757225 2.4
      vertex 56.63869000226259 3.3991900011897087 2.4
      vertex 56.69032479822636 3.2740383967757225 3
    endloop
  endfacet
  facet normal -0.9433279257548958 -0.33186205641947975 0
    outer loop
      vertex 57.067601196467876 3.247511200606823 2.4
      vertex 57.067601196467876 3.247511200606823 3
      vertex 57.000098802149296 3.439388796687126 2.4
    endloop
  endfacet
  facet normal 0.8399666744513906 0.5426379878068541 0
    outer loop
      vertex 56.63869000226259 3.3991900011897087 2.4
      vertex 56.573873199522495 3.4995220005512238 2.4
      vertex 56.63869000226259 3.3991900011897087 3
    endloop
  endfacet
  facet normal -0.8829537948275251 -0.4694598983935397 0
    outer loop
      vertex 57.000098802149296 3.439388796687126 2.4
      vertex 57.000098802149296 3.439388796687126 3
      vertex 56.91330999881029 3.6026199981570244 2.4
    endloop
  endfacet
  facet normal 0.6995797200524173 0.7145545572532455 0
    outer loop
      vertex 56.573873199522495 3.4995220005512238 2.4
      vertex 56.49416679888964 3.5775580033659935 2.4
      vertex 56.573873199522495 3.4995220005512238 3
    endloop
  endfacet
  facet normal 0.5076647816487193 0.8615546816503049 0
    outer loop
      vertex 56.49416679888964 3.5775580033659935 2.4
      vertex 56.39957080036402 3.6332980021834373 2.4
      vertex 56.49416679888964 3.5775580033659935 3
    endloop
  endfacet
  facet normal -0.7813872894758898 -0.6240463955873169 0
    outer loop
      vertex 56.91330999881029 3.6026199981570244 2.4
      vertex 56.91330999881029 3.6026199981570244 3
      vertex 56.80627000331879 3.7366480007767677 2.4
    endloop
  endfacet
  facet normal -0.6306527364573782 -0.7760651557690377 0
    outer loop
      vertex 56.80627000331879 3.7366480007767677 2.4
      vertex 56.80627000331879 3.7366480007767677 3
      vertex 56.6779899969697 3.8408920019865036 2.4
    endloop
  endfacet
  facet normal -0.4457762008161124 -0.8951444457661305 0
    outer loop
      vertex 56.52847000211477 3.915352001786232 2.4
      vertex 56.6779899969697 3.8408920019865036 2.4
      vertex 56.6779899969697 3.8408920019865036 3
    endloop
  endfacet
  facet normal -0.25311093950663965 -0.9674372601373518 0
    outer loop
      vertex 56.52847000211477 3.915352001786232 2.4
      vertex 56.52847000211477 3.915352001786232 3
      vertex 56.357709996402264 3.960028000175953 2.4
    endloop
  endfacet
  facet normal 1 0 0
    outer loop
      vertex 53.08348000049591 3.120489999651909 2.4
      vertex 53.08348000049591 3.466329999268055 3
      vertex 53.08348000049591 3.120489999651909 3
    endloop
  endfacet
  facet normal 0.5666248307547566 -0.8239759105533022 0
    outer loop
      vertex 53.08348000049591 3.466329999268055 2.4
      vertex 53.76094000041485 3.932199999690056 3
      vertex 53.08348000049591 3.466329999268055 3
    endloop
  endfacet
  facet normal -0.5809918122635845 0.8139094016428828 0
    outer loop
      vertex 53.73040000349283 3.5822800025343895 2.4
      vertex 53.08348000049591 3.120489999651909 3
      vertex 53.73040000349283 3.5822800025343895 3
    endloop
  endfacet
  facet normal 0.9432420593313987 -0.33210603353185564 0
    outer loop
      vertex 55.24953880161047 3.2528823986649513 2.4
      vertex 55.31704120337963 3.4446016028523445 3
      vertex 55.24953880161047 3.2528823986649513 3
    endloop
  endfacet
  facet normal -0.9651641474077308 0.2616451195010296 0
    outer loop
      vertex 55.58610279858112 3.1269040033221245 2.4
      vertex 55.58610279858112 3.1269040033221245 3
      vertex 55.62739720195532 3.2792320027947426 3
    endloop
  endfacet
  facet normal -0.9192885279139879 0.3935843015743045 0
    outer loop
      vertex 55.62739720195532 3.2792320027947426 2.4
      vertex 55.62739720195532 3.2792320027947426 3
      vertex 55.680490002036095 3.4032400026917458 3
    endloop
  endfacet
  facet normal 0.8815923062633751 -0.4720116582640978 0
    outer loop
      vertex 55.31704120337963 3.4446016028523445 2.4
      vertex 55.403829999268055 3.6067000031471252 3
      vertex 55.31704120337963 3.4446016028523445 3
    endloop
  endfacet
  facet normal -0.8293460200517322 0.5587353389793345 0
    outer loop
      vertex 55.680490002036095 3.4032400026917458 2.4
      vertex 55.680490002036095 3.4032400026917458 3
      vertex 55.74710199981928 3.502113997936249 3
    endloop
  endfacet
  facet normal 0.7763534191400663 -0.6302978411747328 0
    outer loop
      vertex 55.403829999268055 3.6067000031471252 2.4
      vertex 55.51145079731941 3.739259198307991 3
      vertex 55.403829999268055 3.6067000031471252 3
    endloop
  endfacet
  facet normal 0.6213925789493613 -0.7834993700231428 0
    outer loop
      vertex 55.51145079731941 3.739259198307991 2.4
      vertex 55.64144919812679 3.8423608019948006 3
      vertex 55.51145079731941 3.739259198307991 3
    endloop
  endfacet
  facet normal -0.68483286546269 0.7287001759174765 0
    outer loop
      vertex 55.74710199981928 3.502113997936249 2.4
      vertex 55.74710199981928 3.502113997936249 3
      vertex 55.828929997980595 3.579016000032425 3
    endloop
  endfacet
  facet normal -0.4925943913053379 0.8702590221620936 0
    outer loop
      vertex 55.828929997980595 3.579016000032425 2.4
      vertex 55.828929997980595 3.579016000032425 3
      vertex 55.92597399652004 3.6339460015296936 3
    endloop
  endfacet
  facet normal -0.281697060233253 0.9595033956458637 0
    outer loop
      vertex 55.92597399652004 3.6339460015296936 2.4
      vertex 55.92597399652004 3.6339460015296936 3
      vertex 56.0382340028882 3.666904002428055 3
    endloop
  endfacet
  facet normal -0.08586266329945512 0.9963069823358283 0
    outer loop
      vertex 56.0382340028882 3.666904002428055 2.4
      vertex 56.0382340028882 3.666904002428055 3
      vertex 56.165710002183914 3.6778900027275085 3
    endloop
  endfacet
  facet normal 0.0892741739517785 0.9960070892645432 0
    outer loop
      vertex 56.165710002183914 3.6778900027275085 2.4
      vertex 56.165710002183914 3.6778900027275085 3
      vertex 56.290085196495056 3.6667419970035553 3
    endloop
  endfacet
  facet normal 0.2921391237494686 0.956375832178382 0
    outer loop
      vertex 56.290085196495056 3.6667419970035553 2.4
      vertex 56.290085196495056 3.6667419970035553 3
      vertex 56.39957080036402 3.6332980021834373 3
    endloop
  endfacet
  facet normal 0.43514756400184784 -0.9003591491972844 0
    outer loop
      vertex 55.64144919812679 3.8423608019948006 2.4
      vertex 55.7938252016902 3.9160047993063927 3
      vertex 55.64144919812679 3.8423608019948006 3
    endloop
  endfacet
  facet normal 0 -1 0
    outer loop
      vertex 53.76094000041485 3.932199999690056 2.4
      vertex 54.09865000098944 3.932199999690056 3
      vertex 53.76094000041485 3.932199999690056 3
    endloop
  endfacet
  facet normal 0.24513500909498262 -0.9694889516214215 0
    outer loop
      vertex 55.7938252016902 3.9160047993063927 2.4
      vertex 55.968578800559044 3.960191197693348 3
      vertex 55.7938252016902 3.9160047993063927 3
    endloop
  endfacet
  facet normal 0.07450804013087843 -0.9972204129257761 0
    outer loop
      vertex 55.968578800559044 3.960191197693348 2.4
      vertex 56.165710002183914 3.9749199971556664 3
      vertex 55.968578800559044 3.960191197693348 3
    endloop
  endfacet
  facet normal -0.07733022841278382 -0.9970055344749229 0
    outer loop
      vertex 56.165710002183914 3.9749199971556664 2.4
      vertex 56.357709996402264 3.960028000175953 3
      vertex 56.165710002183914 3.9749199971556664 3
    endloop
  endfacet
  facet normal 0.9670273979615085 0.25467236126402537 0
    outer loop
      vertex 56.69032479822636 3.2740383967757225 2.4
      vertex 56.69032479822636 3.2740383967757225 3
      vertex 56.73048520088196 3.121543601155281 3
    endloop
  endfacet
  facet normal -0.9769218603539147 -0.21359700082783525 0
    outer loop
      vertex 57.067601196467876 3.247511200606823 2.4
      vertex 57.115817196667194 3.026987202465534 3
      vertex 57.067601196467876 3.247511200606823 3
    endloop
  endfacet
  facet normal 0.9244131880610471 0.38139252449256417 0
    outer loop
      vertex 56.63869000226259 3.3991900011897087 2.4
      vertex 56.63869000226259 3.3991900011897087 3
      vertex 56.69032479822636 3.2740383967757225 3
    endloop
  endfacet
  facet normal 0.8399666744513906 0.5426379878068541 0
    outer loop
      vertex 56.573873199522495 3.4995220005512238 2.4
      vertex 56.573873199522495 3.4995220005512238 3
      vertex 56.63869000226259 3.3991900011897087 3
    endloop
  endfacet
  facet normal -0.9433279257548958 -0.33186205641947975 0
    outer loop
      vertex 57.000098802149296 3.439388796687126 2.4
      vertex 57.067601196467876 3.247511200606823 3
      vertex 57.000098802149296 3.439388796687126 3
    endloop
  endfacet
  facet normal 0.6995797200524173 0.7145545572532455 0
    outer loop
      vertex 56.49416679888964 3.5775580033659935 2.4
      vertex 56.49416679888964 3.5775580033659935 3
      vertex 56.573873199522495 3.4995220005512238 3
    endloop
  endfacet
  facet normal 0.5076647816487193 0.8615546816503049 0
    outer loop
      vertex 56.39957080036402 3.6332980021834373 2.4
      vertex 56.39957080036402 3.6332980021834373 3
      vertex 56.49416679888964 3.5775580033659935 3
    endloop
  endfacet
  facet normal -0.8829537948275251 -0.4694598983935397 0
    outer loop
      vertex 56.91330999881029 3.6026199981570244 2.4
      vertex 57.000098802149296 3.439388796687126 3
      vertex 56.91330999881029 3.6026199981570244 3
    endloop
  endfacet
  facet normal -0.7813872894758898 -0.6240463955873169 0
    outer loop
      vertex 56.80627000331879 3.7366480007767677 2.4
      vertex 56.91330999881029 3.6026199981570244 3
      vertex 56.80627000331879 3.7366480007767677 3
    endloop
  endfacet
  facet normal -0.6306527364573782 -0.7760651557690377 0
    outer loop
      vertex 56.6779899969697 3.8408920019865036 2.4
      vertex 56.80627000331879 3.7366480007767677 3
      vertex 56.6779899969697 3.8408920019865036 3
    endloop
  endfacet
  facet normal -0.4457762008161124 -0.8951444457661305 0
    outer loop
      vertex 56.52847000211477 3.915352001786232 2.4
      vertex 56.6779899969697 3.8408920019865036 3
      vertex 56.52847000211477 3.915352001786232 3
    endloop
  endfacet
  facet normal -0.25311093950663965 -0.9674372601373518 0
    outer loop
      vertex 56.357709996402264 3.960028000175953 2.4
      vertex 56.52847000211477 3.915352001786232 3
      vertex 56.357709996402264 3.960028000175953 3
    endloop
  endfacet
  facet normal 0 0 1
    outer loop
      vertex 67.65470000356436 1.066720001399517 2.4
      vertex 68.38502000272274 1.37797000259161 2.4
      vertex 67.65470000356436 1.37797000259161 2.4
    endloop
  endfacet
  facet normal 0 0 1
    outer loop
      vertex 67.65470000356436 1.066720001399517 2.4
      vertex 68.75327000021935 1.37797000259161 2.4
      vertex 68.38502000272274 1.37797000259161 2.4
    endloop
  endfacet
  facet normal 0 0 1
    outer loop
      vertex 67.65470000356436 1.066720001399517 2.4
      vertex 69.45103999972343 1.066720001399517 2.4
      vertex 68.75327000021935 1.37797000259161 2.4
    endloop
  endfacet
  facet normal 0 0 1
    outer loop
      vertex 68.75327000021935 1.37797000259161 2.4
      vertex 69.45103999972343 1.066720001399517 2.4
      vertex 69.45103999972343 1.37797000259161 2.4
    endloop
  endfacet
  facet normal 0 0 1
    outer loop
      vertex 69.66274999827147 1.066720001399517 2.4
      vertex 71.45909000188112 1.066720001399517 2.4
      vertex 70.76132000237703 1.37797000259161 2.4
    endloop
  endfacet
  facet normal 0 0 1
    outer loop
      vertex 69.66274999827147 1.066720001399517 2.4
      vertex 70.39306999742985 1.37797000259161 2.4
      vertex 69.66274999827147 1.37797000259161 2.4
    endloop
  endfacet
  facet normal 0 0 1
    outer loop
      vertex 69.66274999827147 1.066720001399517 2.4
      vertex 70.76132000237703 1.37797000259161 2.4
      vertex 70.39306999742985 1.37797000259161 2.4
    endloop
  endfacet
  facet normal 0 0 1
    outer loop
      vertex 70.76132000237703 1.37797000259161 2.4
      vertex 71.45909000188112 1.066720001399517 2.4
      vertex 71.45909000188112 1.37797000259161 2.4
    endloop
  endfacet
  facet normal 0 1 0
    outer loop
      vertex 67.65470000356436 1.066720001399517 2.4
      vertex 67.65470000356436 1.066720001399517 3
      vertex 69.45103999972343 1.066720001399517 2.4
    endloop
  endfacet
  facet normal 1 0 0
    outer loop
      vertex 67.65470000356436 1.066720001399517 2.4
      vertex 67.65470000356436 1.37797000259161 2.4
      vertex 67.65470000356436 1.37797000259161 3
    endloop
  endfacet
  facet normal 0 -1 0
    outer loop
      vertex 67.65470000356436 1.37797000259161 2.4
      vertex 68.38502000272274 1.37797000259161 2.4
      vertex 68.38502000272274 1.37797000259161 3
    endloop
  endfacet
  facet normal -1 0 0
    outer loop
      vertex 69.45103999972343 1.066720001399517 2.4
      vertex 69.45103999972343 1.066720001399517 3
      vertex 69.45103999972343 1.37797000259161 2.4
    endloop
  endfacet
  facet normal 1 0 0
    outer loop
      vertex 69.66274999827147 1.066720001399517 2.4
      vertex 69.66274999827147 1.37797000259161 2.4
      vertex 69.66274999827147 1.37797000259161 3
    endloop
  endfacet
  facet normal 0 -1 0
    outer loop
      vertex 68.75327000021935 1.37797000259161 2.4
      vertex 69.45103999972343 1.37797000259161 2.4
      vertex 69.45103999972343 1.37797000259161 3
    endloop
  endfacet
  facet normal 0 1 0
    outer loop
      vertex 69.66274999827147 1.066720001399517 2.4
      vertex 69.66274999827147 1.066720001399517 3
      vertex 71.45909000188112 1.066720001399517 2.4
    endloop
  endfacet
  facet normal 0 -1 0
    outer loop
      vertex 69.66274999827147 1.37797000259161 2.4
      vertex 70.39306999742985 1.37797000259161 2.4
      vertex 70.39306999742985 1.37797000259161 3
    endloop
  endfacet
  facet normal 0 -1 0
    outer loop
      vertex 70.76132000237703 1.37797000259161 2.4
      vertex 71.45909000188112 1.37797000259161 2.4
      vertex 71.45909000188112 1.37797000259161 3
    endloop
  endfacet
  facet normal 0 0 1
    outer loop
      vertex 68.38502000272274 1.37797000259161 2.4
      vertex 68.75327000021935 1.37797000259161 2.4
      vertex 68.38502000272274 3.5832400023937225 2.4
    endloop
  endfacet
  facet normal 0 0 1
    outer loop
      vertex 70.39306999742985 1.37797000259161 2.4
      vertex 70.76132000237703 1.37797000259161 2.4
      vertex 70.39306999742985 3.5832400023937225 2.4
    endloop
  endfacet
  facet normal 0 0 1
    outer loop
      vertex 68.75327000021935 1.37797000259161 2.4
      vertex 68.75327000021935 3.933159999549389 2.4
      vertex 68.38502000272274 3.5832400023937225 2.4
    endloop
  endfacet
  facet normal 0 0 1
    outer loop
      vertex 70.76132000237703 1.37797000259161 2.4
      vertex 70.76132000237703 3.933159999549389 2.4
      vertex 70.39306999742985 3.5832400023937225 2.4
    endloop
  endfacet
  facet normal -1 0 0
    outer loop
      vertex 68.75327000021935 1.37797000259161 2.4
      vertex 68.75327000021935 1.37797000259161 3
      vertex 68.75327000021935 3.933159999549389 2.4
    endloop
  endfacet
  facet normal -1 0 0
    outer loop
      vertex 70.76132000237703 1.37797000259161 2.4
      vertex 70.76132000237703 1.37797000259161 3
      vertex 70.76132000237703 3.933159999549389 2.4
    endloop
  endfacet
  facet normal 1 0 0
    outer loop
      vertex 68.38502000272274 1.37797000259161 2.4
      vertex 68.38502000272274 3.5832400023937225 2.4
      vertex 68.38502000272274 3.5832400023937225 3
    endloop
  endfacet
  facet normal 1 0 0
    outer loop
      vertex 70.39306999742985 1.37797000259161 2.4
      vertex 70.39306999742985 3.5832400023937225 2.4
      vertex 70.39306999742985 3.5832400023937225 3
    endloop
  endfacet
  facet normal 1 0 0
    outer loop
      vertex 67.65470000356436 1.066720001399517 2.4
      vertex 67.65470000356436 1.37797000259161 3
      vertex 67.65470000356436 1.066720001399517 3
    endloop
  endfacet
  facet normal 0 -1 0
    outer loop
      vertex 67.65470000356436 1.37797000259161 2.4
      vertex 68.38502000272274 1.37797000259161 3
      vertex 67.65470000356436 1.37797000259161 3
    endloop
  endfacet
  facet normal 0 1 0
    outer loop
      vertex 69.45103999972343 1.066720001399517 2.4
      vertex 67.65470000356436 1.066720001399517 3
      vertex 69.45103999972343 1.066720001399517 3
    endloop
  endfacet
  facet normal 1 0 0
    outer loop
      vertex 69.66274999827147 1.066720001399517 2.4
      vertex 69.66274999827147 1.37797000259161 3
      vertex 69.66274999827147 1.066720001399517 3
    endloop
  endfacet
  facet normal 0 -1 0
    outer loop
      vertex 68.75327000021935 1.37797000259161 2.4
      vertex 69.45103999972343 1.37797000259161 3
      vertex 68.75327000021935 1.37797000259161 3
    endloop
  endfacet
  facet normal -1 0 0
    outer loop
      vertex 69.45103999972343 1.37797000259161 2.4
      vertex 69.45103999972343 1.066720001399517 3
      vertex 69.45103999972343 1.37797000259161 3
    endloop
  endfacet
  facet normal 0 1 0
    outer loop
      vertex 71.45909000188112 1.066720001399517 2.4
      vertex 69.66274999827147 1.066720001399517 3
      vertex 71.45909000188112 1.066720001399517 3
    endloop
  endfacet
  facet normal 0 -1 0
    outer loop
      vertex 69.66274999827147 1.37797000259161 2.4
      vertex 70.39306999742985 1.37797000259161 3
      vertex 69.66274999827147 1.37797000259161 3
    endloop
  endfacet
  facet normal 0 -1 0
    outer loop
      vertex 70.76132000237703 1.37797000259161 2.4
      vertex 71.45909000188112 1.37797000259161 3
      vertex 70.76132000237703 1.37797000259161 3
    endloop
  endfacet
  facet normal 1 0 0
    outer loop
      vertex 68.38502000272274 1.37797000259161 2.4
      vertex 68.38502000272274 3.5832400023937225 3
      vertex 68.38502000272274 1.37797000259161 3
    endloop
  endfacet
  facet normal 1 0 0
    outer loop
      vertex 70.39306999742985 1.37797000259161 2.4
      vertex 70.39306999742985 3.5832400023937225 3
      vertex 70.39306999742985 1.37797000259161 3
    endloop
  endfacet
  facet normal -1 0 0
    outer loop
      vertex 68.75327000021935 3.933159999549389 2.4
      vertex 68.75327000021935 1.37797000259161 3
      vertex 68.75327000021935 3.933159999549389 3
    endloop
  endfacet
  facet normal -1 0 0
    outer loop
      vertex 70.76132000237703 3.933159999549389 2.4
      vertex 70.76132000237703 1.37797000259161 3
      vertex 70.76132000237703 3.933159999549389 3
    endloop
  endfacet
  facet normal 0 0 1
    outer loop
      vertex 67.73809999972582 3.121449999511242 2.4
      vertex 68.38502000272274 3.5832400023937225 2.4
      vertex 67.73809999972582 3.467289999127388 2.4
    endloop
  endfacet
  facet normal 0 0 1
    outer loop
      vertex 67.73809999972582 3.467289999127388 2.4
      vertex 68.38502000272274 3.5832400023937225 2.4
      vertex 68.41555999964476 3.933159999549389 2.4
    endloop
  endfacet
  facet normal 0 0 1
    outer loop
      vertex 68.38502000272274 3.5832400023937225 2.4
      vertex 68.75327000021935 3.933159999549389 2.4
      vertex 68.41555999964476 3.933159999549389 2.4
    endloop
  endfacet
  facet normal 0 0 1
    outer loop
      vertex 69.7461500018835 3.121449999511242 2.4
      vertex 70.39306999742985 3.5832400023937225 2.4
      vertex 69.7461500018835 3.467289999127388 2.4
    endloop
  endfacet
  facet normal 0 0 1
    outer loop
      vertex 69.7461500018835 3.467289999127388 2.4
      vertex 70.39306999742985 3.5832400023937225 2.4
      vertex 70.42361000180244 3.933159999549389 2.4
    endloop
  endfacet
  facet normal 0 0 1
    outer loop
      vertex 70.39306999742985 3.5832400023937225 2.4
      vertex 70.76132000237703 3.933159999549389 2.4
      vertex 70.42361000180244 3.933159999549389 2.4
    endloop
  endfacet
  facet normal -0.5809918122635845 0.8139094016428828 0
    outer loop
      vertex 67.73809999972582 3.121449999511242 2.4
      vertex 67.73809999972582 3.121449999511242 3
      vertex 68.38502000272274 3.5832400023937225 2.4
    endloop
  endfacet
  facet normal 1 0 0
    outer loop
      vertex 67.73809999972582 3.121449999511242 2.4
      vertex 67.73809999972582 3.467289999127388 2.4
      vertex 67.73809999972582 3.467289999127388 3
    endloop
  endfacet
  facet normal 0.5666248307547566 -0.8239759105533022 0
    outer loop
      vertex 67.73809999972582 3.467289999127388 2.4
      vertex 68.41555999964476 3.933159999549389 2.4
      vertex 68.41555999964476 3.933159999549389 3
    endloop
  endfacet
  facet normal 1 0 0
    outer loop
      vertex 69.7461500018835 3.121449999511242 2.4
      vertex 69.7461500018835 3.467289999127388 2.4
      vertex 69.7461500018835 3.467289999127388 3
    endloop
  endfacet
  facet normal -0.5809918166962166 0.8139093984787433 0
    outer loop
      vertex 69.7461500018835 3.121449999511242 2.4
      vertex 69.7461500018835 3.121449999511242 3
      vertex 70.39306999742985 3.5832400023937225 2.4
    endloop
  endfacet
  facet normal 0.5666248307547566 -0.8239759105533022 0
    outer loop
      vertex 69.7461500018835 3.467289999127388 2.4
      vertex 70.42361000180244 3.933159999549389 2.4
      vertex 70.42361000180244 3.933159999549389 3
    endloop
  endfacet
  facet normal 0 -1 0
    outer loop
      vertex 68.41555999964476 3.933159999549389 2.4
      vertex 68.75327000021935 3.933159999549389 2.4
      vertex 68.75327000021935 3.933159999549389 3
    endloop
  endfacet
  facet normal 0 -1 0
    outer loop
      vertex 70.42361000180244 3.933159999549389 2.4
      vertex 70.76132000237703 3.933159999549389 2.4
      vertex 70.76132000237703 3.933159999549389 3
    endloop
  endfacet
  facet normal 1 0 0
    outer loop
      vertex 67.73809999972582 3.121449999511242 2.4
      vertex 67.73809999972582 3.467289999127388 3
      vertex 67.73809999972582 3.121449999511242 3
    endloop
  endfacet
  facet normal -0.5809918122635845 0.8139094016428828 0
    outer loop
      vertex 68.38502000272274 3.5832400023937225 2.4
      vertex 67.73809999972582 3.121449999511242 3
      vertex 68.38502000272274 3.5832400023937225 3
    endloop
  endfacet
  facet normal 0.5666248307547566 -0.8239759105533022 0
    outer loop
      vertex 67.73809999972582 3.467289999127388 2.4
      vertex 68.41555999964476 3.933159999549389 3
      vertex 67.73809999972582 3.467289999127388 3
    endloop
  endfacet
  facet normal 1 0 0
    outer loop
      vertex 69.7461500018835 3.121449999511242 2.4
      vertex 69.7461500018835 3.467289999127388 3
      vertex 69.7461500018835 3.121449999511242 3
    endloop
  endfacet
  facet normal -0.5809918166962166 0.8139093984787433 0
    outer loop
      vertex 70.39306999742985 3.5832400023937225 2.4
      vertex 69.7461500018835 3.121449999511242 3
      vertex 70.39306999742985 3.5832400023937225 3
    endloop
  endfacet
  facet normal 0.5666248307547566 -0.8239759105533022 0
    outer loop
      vertex 69.7461500018835 3.467289999127388 2.4
      vertex 70.42361000180244 3.933159999549389 3
      vertex 69.7461500018835 3.467289999127388 3
    endloop
  endfacet
  facet normal 0 -1 0
    outer loop
      vertex 68.41555999964476 3.933159999549389 2.4
      vertex 68.75327000021935 3.933159999549389 3
      vertex 68.41555999964476 3.933159999549389 3
    endloop
  endfacet
  facet normal 0 -1 0
    outer loop
      vertex 70.42361000180244 3.933159999549389 2.4
      vertex 70.76132000237703 3.933159999549389 3
      vertex 70.42361000180244 3.933159999549389 3
    endloop
  endfacet
  facet normal -1 0 0
    outer loop
      vertex 71.45909000188112 1.066720001399517 2.4
      vertex 71.45909000188112 1.066720001399517 3
      vertex 71.45909000188112 1.37797000259161 2.4
    endloop
  endfacet
  facet normal -1 0 0
    outer loop
      vertex 71.45909000188112 1.37797000259161 2.4
      vertex 71.45909000188112 1.066720001399517 3
      vertex 71.45909000188112 1.37797000259161 3
    endloop
  endfacet
  facet normal 1 0 0
    outer loop
      vertex 83.00007999688387 1.0446399971842766 2.4
      vertex 83.00007999688387 1.3558899983763695 2.4
      vertex 83.00007999688387 1.3558899983763695 3
    endloop
  endfacet
  facet normal 1 0 0
    outer loop
      vertex 83.00007999688387 1.0446399971842766 2.4
      vertex 83.00007999688387 1.3558899983763695 3
      vertex 83.00007999688387 1.0446399971842766 3
    endloop
  endfacet
  facet normal 1 0 0
    outer loop
      vertex 83.08348000049591 3.099370002746582 2.4
      vertex 83.08348000049591 3.445210002362728 2.4
      vertex 83.08348000049591 3.445210002362728 3
    endloop
  endfacet
  facet normal 1 0 0
    outer loop
      vertex 83.08348000049591 3.099370002746582 2.4
      vertex 83.08348000049591 3.445210002362728 3
      vertex 83.08348000049591 3.099370002746582 3
    endloop
  endfacet
  facet normal 0 0 1
    outer loop
      vertex 83.00007999688387 1.0446399971842766 2.4
      vertex 84.79642000049353 1.0446399971842766 2.4
      vertex 84.09865000098944 1.3558899983763695 2.4
    endloop
  endfacet
  facet normal 0 0 1
    outer loop
      vertex 83.00007999688387 1.0446399971842766 2.4
      vertex 83.73040000349283 1.3558899983763695 2.4
      vertex 83.00007999688387 1.3558899983763695 2.4
    endloop
  endfacet
  facet normal 0 0 1
    outer loop
      vertex 83.00007999688387 1.0446399971842766 2.4
      vertex 84.09865000098944 1.3558899983763695 2.4
      vertex 83.73040000349283 1.3558899983763695 2.4
    endloop
  endfacet
  facet normal 0 0 1
    outer loop
      vertex 84.09865000098944 1.3558899983763695 2.4
      vertex 84.79642000049353 1.0446399971842766 2.4
      vertex 84.79642000049353 1.3558899983763695 2.4
    endloop
  endfacet
  facet normal 0 0 1
    outer loop
      vertex 85.20955000072718 1.0446399971842766 2.4
      vertex 87.10762000083923 1.0446399971842766 2.4
      vertex 85.61236000061035 1.3558899983763695 2.4
    endloop
  endfacet
  facet normal 0 0 1
    outer loop
      vertex 85.20955000072718 1.0446399971842766 2.4
      vertex 85.61236000061035 1.3558899983763695 2.4
      vertex 85.20955000072718 1.3030000030994415 2.4
    endloop
  endfacet
  facet normal 0 0 1
    outer loop
      vertex 85.20955000072718 1.3030000030994415 2.4
      vertex 85.61236000061035 1.3558899983763695 2.4
      vertex 85.2528771981597 1.3959700018167496 2.4
    endloop
  endfacet
  facet normal 0 0 1
    outer loop
      vertex 85.2528771981597 1.3959700018167496 2.4
      vertex 85.61236000061035 1.3558899983763695 2.4
      vertex 85.29986680299044 1.4844639971852303 2.4
    endloop
  endfacet
  facet normal 0 0 1
    outer loop
      vertex 85.35051880031824 1.5684819966554642 2.4
      vertex 85.61236000061035 1.3558899983763695 2.4
      vertex 85.6398603990674 1.4133016020059586 2.4
    endloop
  endfacet
  facet normal 0 0 1
    outer loop
      vertex 85.29986680299044 1.4844639971852303 2.4
      vertex 85.61236000061035 1.3558899983763695 2.4
      vertex 85.35051880031824 1.5684819966554642 2.4
    endloop
  endfacet
  facet normal 0 0 1
    outer loop
      vertex 85.35051880031824 1.5684819966554642 2.4
      vertex 85.6398603990674 1.4133016020059586 2.4
      vertex 85.67354559898376 1.4716084003448486 2.4
    endloop
  endfacet
  facet normal 0 0 1
    outer loop
      vertex 85.40483319759369 1.6480240002274513 2.4
      vertex 85.67354559898376 1.4716084003448486 2.4
      vertex 85.71341560035944 1.5308104008436203 2.4
    endloop
  endfacet
  facet normal 0 0 1
    outer loop
      vertex 85.61236000061035 1.3558899983763695 2.4
      vertex 87.10762000083923 1.0446399971842766 2.4
      vertex 87.10762000083923 1.3558899983763695 2.4
    endloop
  endfacet
  facet normal 0 1 0
    outer loop
      vertex 83.00007999688387 1.0446399971842766 2.4
      vertex 83.00007999688387 1.0446399971842766 3
      vertex 84.79642000049353 1.0446399971842766 2.4
    endloop
  endfacet
  facet normal 0 -1 0
    outer loop
      vertex 83.00007999688387 1.3558899983763695 2.4
      vertex 83.73040000349283 1.3558899983763695 2.4
      vertex 83.73040000349283 1.3558899983763695 3
    endloop
  endfacet
  facet normal 0 -1 0
    outer loop
      vertex 84.09865000098944 1.3558899983763695 2.4
      vertex 84.79642000049353 1.3558899983763695 2.4
      vertex 84.79642000049353 1.3558899983763695 3
    endloop
  endfacet
  facet normal -1 0 0
    outer loop
      vertex 84.79642000049353 1.0446399971842766 2.4
      vertex 84.79642000049353 1.0446399971842766 3
      vertex 84.79642000049353 1.3558899983763695 2.4
    endloop
  endfacet
  facet normal 0 1 0
    outer loop
      vertex 85.20955000072718 1.0446399971842766 2.4
      vertex 85.20955000072718 1.0446399971842766 3
      vertex 87.10762000083923 1.0446399971842766 2.4
    endloop
  endfacet
  facet normal 1 0 0
    outer loop
      vertex 85.20955000072718 1.0446399971842766 2.4
      vertex 85.20955000072718 1.3030000030994415 2.4
      vertex 85.20955000072718 1.3030000030994415 3
    endloop
  endfacet
  facet normal 0.9064027070488834 -0.4224146454071595 0
    outer loop
      vertex 85.20955000072718 1.3030000030994415 2.4
      vertex 85.2528771981597 1.3959700018167496 2.4
      vertex 85.2528771981597 1.3959700018167496 3
    endloop
  endfacet
  facet normal 0.8832101064233202 -0.4689775132260686 0
    outer loop
      vertex 85.2528771981597 1.3959700018167496 2.4
      vertex 85.29986680299044 1.4844639971852303 2.4
      vertex 85.29986680299044 1.4844639971852303 3
    endloop
  endfacet
  facet normal 0.856406361822454 -0.5163023759678315 0
    outer loop
      vertex 85.29986680299044 1.4844639971852303 2.4
      vertex 85.35051880031824 1.5684819966554642 2.4
      vertex 85.35051880031824 1.5684819966554642 3
    endloop
  endfacet
  facet normal -0.901873125298409 0.4320010021568011 0
    outer loop
      vertex 85.61236000061035 1.3558899983763695 2.4
      vertex 85.61236000061035 1.3558899983763695 3
      vertex 85.6398603990674 1.4133016020059586 2.4
    endloop
  endfacet
  facet normal -0.8658854804239623 0.5002422760932584 0
    outer loop
      vertex 85.6398603990674 1.4133016020059586 2.4
      vertex 85.6398603990674 1.4133016020059586 3
      vertex 85.67354559898376 1.4716084003448486 2.4
    endloop
  endfacet
  facet normal -0.8294416894702646 0.5585933080235684 0
    outer loop
      vertex 85.67354559898376 1.4716084003448486 2.4
      vertex 85.67354559898376 1.4716084003448486 3
      vertex 85.71341560035944 1.5308104008436203 2.4
    endloop
  endfacet
  facet normal -0.7937320995293491 0.6082675021540535 0
    outer loop
      vertex 85.71341560035944 1.5308104008436203 2.4
      vertex 85.71341560035944 1.5308104008436203 3
      vertex 85.75947040319443 1.5909076035022736 2.4
    endloop
  endfacet
  facet normal -1 0 0
    outer loop
      vertex 87.10762000083923 1.0446399971842766 2.4
      vertex 87.10762000083923 1.0446399971842766 3
      vertex 87.10762000083923 1.3558899983763695 2.4
    endloop
  endfacet
  facet normal 0 -1 0
    outer loop
      vertex 85.61236000061035 1.3558899983763695 2.4
      vertex 87.10762000083923 1.3558899983763695 2.4
      vertex 87.10762000083923 1.3558899983763695 3
    endloop
  endfacet
  facet normal 0 0 1
    outer loop
      vertex 83.73040000349283 1.3558899983763695 2.4
      vertex 84.09865000098944 1.3558899983763695 2.4
      vertex 83.73040000349283 3.561159998178482 2.4
    endloop
  endfacet
  facet normal 0 0 1
    outer loop
      vertex 85.35051880031824 1.5684819966554642 2.4
      vertex 85.67354559898376 1.4716084003448486 2.4
      vertex 85.40483319759369 1.6480240002274513 2.4
    endloop
  endfacet
  facet normal 0 0 1
    outer loop
      vertex 85.40483319759369 1.6480240002274513 2.4
      vertex 85.71341560035944 1.5308104008436203 2.4
      vertex 85.46281000226736 1.7230900004506111 2.4
    endloop
  endfacet
  facet normal 0 0 1
    outer loop
      vertex 85.46281000226736 1.7230900004506111 2.4
      vertex 85.71341560035944 1.5308104008436203 2.4
      vertex 85.75947040319443 1.5909076035022736 2.4
    endloop
  endfacet
  facet normal 0 0 1
    outer loop
      vertex 85.46281000226736 1.7230900004506111 2.4
      vertex 85.75947040319443 1.5909076035022736 2.4
      vertex 85.52323839813471 1.794545203447342 2.4
    endloop
  endfacet
  facet normal 0 0 1
    outer loop
      vertex 85.52323839813471 1.794545203447342 2.4
      vertex 85.75947040319443 1.5909076035022736 2.4
      vertex 85.81171000003815 1.6519000008702278 2.4
    endloop
  endfacet
  facet normal 0 0 1
    outer loop
      vertex 85.81171000003815 1.6519000008702278 2.4
      vertex 85.87086760252714 1.7148448005318642 2.4
      vertex 85.5848836004734 1.8632308021187782 2.4
    endloop
  endfacet
  facet normal 0 0 1
    outer loop
      vertex 85.52323839813471 1.794545203447342 2.4
      vertex 85.81171000003815 1.6519000008702278 2.4
      vertex 85.5848836004734 1.8632308021187782 2.4
    endloop
  endfacet
  facet normal 0 0 1
    outer loop
      vertex 85.87086760252714 1.7148448005318642 2.4
      vertex 85.64774560183287 1.92914679646492 2.4
      vertex 85.5848836004734 1.8632308021187782 2.4
    endloop
  endfacet
  facet normal 0 0 1
    outer loop
      vertex 85.87086760252714 1.7148448005318642 2.4
      vertex 85.93767639994621 1.7807992026209831 2.4
      vertex 85.7118244022131 1.9922932013869286 2.4
    endloop
  endfacet
  facet normal 0 0 1
    outer loop
      vertex 85.87086760252714 1.7148448005318642 2.4
      vertex 85.7118244022131 1.9922932013869286 2.4
      vertex 85.64774560183287 1.92914679646492 2.4
    endloop
  endfacet
  facet normal 0 0 1
    outer loop
      vertex 85.93767639994621 1.7807992026209831 2.4
      vertex 85.7771200016141 2.0526700019836426 2.4
      vertex 85.7118244022131 1.9922932013869286 2.4
    endloop
  endfacet
  facet normal 0 0 1
    outer loop
      vertex 85.93767639994621 1.7807992026209831 2.4
      vertex 86.01213639974594 1.849763199687004 2.4
      vertex 85.7771200016141 2.0526700019836426 2.4
    endloop
  endfacet
  facet normal 0 0 1
    outer loop
      vertex 86.01213639974594 1.849763199687004 2.4
      vertex 85.84291359782219 2.110818400979042 2.4
      vertex 85.7771200016141 2.0526700019836426 2.4
    endloop
  endfacet
  facet normal 0 0 1
    outer loop
      vertex 86.01213639974594 1.849763199687004 2.4
      vertex 86.09424760192633 1.9217367991805077 2.4
      vertex 85.84291359782219 2.110818400979042 2.4
    endloop
  endfacet
  facet normal 0 0 1
    outer loop
      vertex 86.09424760192633 1.9217367991805077 2.4
      vertex 86.18400999903679 1.9967200011014938 2.4
      vertex 85.9737664014101 2.2219815999269485 2.4
    endloop
  endfacet
  facet normal 0 0 1
    outer loop
      vertex 86.09424760192633 1.9217367991805077 2.4
      vertex 85.90846239775419 2.1672556027770042 2.4
      vertex 85.84291359782219 2.110818400979042 2.4
    endloop
  endfacet
  facet normal 0 0 1
    outer loop
      vertex 86.09424760192633 1.9217367991805077 2.4
      vertex 85.9737664014101 2.2219815999269485 2.4
      vertex 85.90846239775419 2.1672556027770042 2.4
    endloop
  endfacet
  facet normal 0 0 1
    outer loop
      vertex 86.18400999903679 1.9967200011014938 2.4
      vertex 86.03882560133934 2.2749963998794556 2.4
      vertex 85.9737664014101 2.2219815999269485 2.4
    endloop
  endfacet
  facet normal 0 0 1
    outer loop
      vertex 84.09865000098944 1.3558899983763695 2.4
      vertex 84.09865000098944 3.911080002784729 2.4
      vertex 83.73040000349283 3.561159998178482 2.4
    endloop
  endfacet
  facet normal 0 0 1
    outer loop
      vertex 86.18400999903679 1.9967200011014938 2.4
      vertex 86.34309999644756 2.1278140023350716 2.4
      vertex 86.1036399975419 2.3263000026345253 2.4
    endloop
  endfacet
  facet normal 0 0 1
    outer loop
      vertex 86.18400999903679 1.9967200011014938 2.4
      vertex 86.1036399975419 2.3263000026345253 2.4
      vertex 86.03882560133934 2.2749963998794556 2.4
    endloop
  endfacet
  facet normal 0 0 1
    outer loop
      vertex 86.34309999644756 2.1278140023350716 2.4
      vertex 86.16707079857588 2.376748003065586 2.4
      vertex 86.1036399975419 2.3263000026345253 2.4
    endloop
  endfacet
  facet normal 0 0 1
    outer loop
      vertex 86.34309999644756 2.1278140023350716 2.4
      vertex 86.22797919809818 2.427196003496647 2.4
      vertex 86.16707079857588 2.376748003065586 2.4
    endloop
  endfacet
  facet normal 0 0 1
    outer loop
      vertex 86.34309999644756 2.1278140023350716 2.4
      vertex 86.48021800071001 2.2444240003824234 2.4
      vertex 86.22797919809818 2.427196003496647 2.4
    endloop
  endfacet
  facet normal 0 0 1
    outer loop
      vertex 86.22797919809818 2.427196003496647 2.4
      vertex 86.48021800071001 2.2444240003824234 2.4
      vertex 86.2863652035594 2.477643996477127 2.4
    endloop
  endfacet
  facet normal 0 0 1
    outer loop
      vertex 86.48021800071001 2.2444240003824234 2.4
      vertex 86.34222880005836 2.528091996908188 2.4
      vertex 86.2863652035594 2.477643996477127 2.4
    endloop
  endfacet
  facet normal 0 0 1
    outer loop
      vertex 86.59536399692297 2.34655000269413 2.4
      vertex 86.39557000249624 2.5785399973392487 2.4
      vertex 86.34222880005836 2.528091996908188 2.4
    endloop
  endfacet
  facet normal 0 0 1
    outer loop
      vertex 86.48021800071001 2.2444240003824234 2.4
      vertex 86.59536399692297 2.34655000269413 2.4
      vertex 86.34222880005836 2.528091996908188 2.4
    endloop
  endfacet
  facet normal 0 0 1
    outer loop
      vertex 86.59536399692297 2.34655000269413 2.4
      vertex 86.6885379999876 2.4341920018196106 2.4
      vertex 86.44565679877996 2.6294872015714645 2.4
    endloop
  endfacet
  facet normal 0 0 1
    outer loop
      vertex 86.59536399692297 2.34655000269413 2.4
      vertex 86.44565679877996 2.6294872015714645 2.4
      vertex 86.39557000249624 2.5785399973392487 2.4
    endloop
  endfacet
  facet normal 0 0 1
    outer loop
      vertex 86.6885379999876 2.4341920018196106 2.4
      vertex 86.4917571991682 2.6814088001847267 2.4
      vertex 86.44565679877996 2.6294872015714645 2.4
    endloop
  endfacet
  facet normal 0 0 1
    outer loop
      vertex 86.6885379999876 2.4341920018196106 2.4
      vertex 86.75974000245333 2.5073499977588654 2.4
      vertex 86.4917571991682 2.6814088001847267 2.4
    endloop
  endfacet
  facet normal 0 0 1
    outer loop
      vertex 86.75974000245333 2.5073499977588654 2.4
      vertex 86.81698600202799 2.5732659995555878 2.4
      vertex 86.53387120366096 2.734304800629616 2.4
    endloop
  endfacet
  facet normal 0 0 1
    outer loop
      vertex 86.75974000245333 2.5073499977588654 2.4
      vertex 86.53387120366096 2.734304800629616 2.4
      vertex 86.4917571991682 2.6814088001847267 2.4
    endloop
  endfacet
  facet normal 0 0 1
    outer loop
      vertex 86.81698600202799 2.5732659995555878 2.4
      vertex 86.57199879735708 2.7881752029061317 2.4
      vertex 86.53387120366096 2.734304800629616 2.4
    endloop
  endfacet
  facet normal 0 0 1
    outer loop
      vertex 86.81698600202799 2.5732659995555878 2.4
      vertex 86.86829199641943 2.63918200135231 2.4
      vertex 86.57199879735708 2.7881752029061317 2.4
    endloop
  endfacet
  facet normal 0 0 1
    outer loop
      vertex 86.86829199641943 2.63918200135231 2.4
      vertex 86.91365800052881 2.7050980031490326 2.4
      vertex 86.6061400026083 2.843019999563694 2.4
    endloop
  endfacet
  facet normal 0 0 1
    outer loop
      vertex 86.86829199641943 2.63918200135231 2.4
      vertex 86.6061400026083 2.843019999563694 2.4
      vertex 86.57199879735708 2.7881752029061317 2.4
    endloop
  endfacet
  facet normal 0 0 1
    outer loop
      vertex 86.91365800052881 2.7050980031490326 2.4
      vertex 86.6350731998682 2.899826802313328 2.4
      vertex 86.6061400026083 2.843019999563694 2.4
    endloop
  endfacet
  facet normal 0 0 1
    outer loop
      vertex 86.91365800052881 2.7050980031490326 2.4
      vertex 86.95308399945498 2.7710139974951744 2.4
      vertex 86.6350731998682 2.899826802313328 2.4
    endloop
  endfacet
  facet normal 0 0 1
    outer loop
      vertex 86.6350731998682 2.899826802313328 2.4
      vertex 86.95308399945498 2.7710139974951744 2.4
      vertex 86.6575767993927 2.959559202194214 2.4
    endloop
  endfacet
  facet normal 0 0 1
    outer loop
      vertex 86.6575767993927 2.959559202194214 2.4
      vertex 87.0140343979001 2.9029264003038406 2.4
      vertex 86.6736508011818 3.0222171992063522 2.4
    endloop
  endfacet
  facet normal 0 0 1
    outer loop
      vertex 86.6736508011818 3.0222171992063522 2.4
      vertex 87.03539559990168 2.9690835997462273 2.4
      vertex 86.6832951977849 3.0878008008003235 2.4
    endloop
  endfacet
  facet normal 0 0 1
    outer loop
      vertex 86.6832951977849 3.0878008008003235 2.4
      vertex 87.05980840325356 3.1018804013729095 2.4
      vertex 86.6865099966526 3.156309999525547 2.4
    endloop
  endfacet
  facet normal 0 0 1
    outer loop
      vertex 86.6575767993927 2.959559202194214 2.4
      vertex 86.95308399945498 2.7710139974951744 2.4
      vertex 86.9865700006485 2.836929999291897 2.4
    endloop
  endfacet
  facet normal 0 0 1
    outer loop
      vertex 86.6575767993927 2.959559202194214 2.4
      vertex 86.9865700006485 2.836929999291897 2.4
      vertex 87.0140343979001 2.9029264003038406 2.4
    endloop
  endfacet
  facet normal 0 0 1
    outer loop
      vertex 86.6736508011818 3.0222171992063522 2.4
      vertex 87.0140343979001 2.9029264003038406 2.4
      vertex 87.03539559990168 2.9690835997462273 2.4
    endloop
  endfacet
  facet normal 0 0 1
    outer loop
      vertex 86.6832951977849 3.0878008008003235 2.4
      vertex 87.03539559990168 2.9690835997462273 2.4
      vertex 87.05065359920263 3.0354015976190567 2.4
    endloop
  endfacet
  facet normal 0 0 1
    outer loop
      vertex 86.6832951977849 3.0878008008003235 2.4
      vertex 87.05065359920263 3.0354015976190567 2.4
      vertex 87.05980840325356 3.1018804013729095 2.4
    endloop
  endfacet
  facet normal -1 0 0
    outer loop
      vertex 84.09865000098944 1.3558899983763695 2.4
      vertex 84.09865000098944 1.3558899983763695 3
      vertex 84.09865000098944 3.911080002784729 2.4
    endloop
  endfacet
  facet normal 0.8258346872152361 -0.5639122887401133 0
    outer loop
      vertex 85.35051880031824 1.5684819966554642 2.4
      vertex 85.40483319759369 1.6480240002274513 2.4
      vertex 85.40483319759369 1.6480240002274513 3
    endloop
  endfacet
  facet normal 0.7914315885743974 -0.6112577530032692 0
    outer loop
      vertex 85.40483319759369 1.6480240002274513 2.4
      vertex 85.46281000226736 1.7230900004506111 2.4
      vertex 85.46281000226736 1.7230900004506111 3
    endloop
  endfacet
  facet normal -0.759500211043763 0.6505070556300518 0
    outer loop
      vertex 85.75947040319443 1.5909076035022736 2.4
      vertex 85.75947040319443 1.5909076035022736 3
      vertex 85.81171000003815 1.6519000008702278 2.4
    endloop
  endfacet
  facet normal -0.728688380274042 0.6848454164653459 0
    outer loop
      vertex 85.81171000003815 1.6519000008702278 2.4
      vertex 85.81171000003815 1.6519000008702278 3
      vertex 85.87086760252714 1.7148448005318642 2.4
    endloop
  endfacet
  facet normal -0.7025416595427834 0.7116426185993021 0
    outer loop
      vertex 85.87086760252714 1.7148448005318642 2.4
      vertex 85.87086760252714 1.7148448005318642 3
      vertex 85.93767639994621 1.7807992026209831 2.4
    endloop
  endfacet
  facet normal 0.7635638251499397 -0.6457323632298387 0
    outer loop
      vertex 85.46281000226736 1.7230900004506111 2.4
      vertex 85.52323839813471 1.794545203447342 2.4
      vertex 85.52323839813471 1.794545203447342 3
    endloop
  endfacet
  facet normal 0.7442192286742498 -0.6679354307652084 0
    outer loop
      vertex 85.52323839813471 1.794545203447342 2.4
      vertex 85.5848836004734 1.8632308021187782 2.4
      vertex 85.5848836004734 1.8632308021187782 3
    endloop
  endfacet
  facet normal 0.7236724722177078 -0.6901435741599794 0
    outer loop
      vertex 85.5848836004734 1.8632308021187782 2.4
      vertex 85.64774560183287 1.92914679646492 2.4
      vertex 85.64774560183287 1.92914679646492 3
    endloop
  endfacet
  facet normal -0.6795117518787986 0.7336646230114996 0
    outer loop
      vertex 85.93767639994621 1.7807992026209831 2.4
      vertex 85.93767639994621 1.7807992026209831 3
      vertex 86.01213639974594 1.849763199687004 2.4
    endloop
  endfacet
  facet normal -0.6591594678069235 0.7520031888233545 0
    outer loop
      vertex 86.01213639974594 1.849763199687004 2.4
      vertex 86.01213639974594 1.849763199687004 3
      vertex 86.09424760192633 1.9217367991805077 2.4
    endloop
  endfacet
  facet normal 0.7019057578099636 -0.7122698274904116 0
    outer loop
      vertex 85.64774560183287 1.92914679646492 2.4
      vertex 85.7118244022131 1.9922932013869286 2.4
      vertex 85.7118244022131 1.9922932013869286 3
    endloop
  endfacet
  facet normal 0.6789109060497487 -0.7342206627756463 0
    outer loop
      vertex 85.7118244022131 1.9922932013869286 2.4
      vertex 85.7771200016141 2.0526700019836426 2.4
      vertex 85.7771200016141 2.0526700019836426 3
    endloop
  endfacet
  facet normal 0.6622311819894103 -0.7492995806757857 0
    outer loop
      vertex 85.7771200016141 2.0526700019836426 2.4
      vertex 85.84291359782219 2.110818400979042 2.4
      vertex 85.84291359782219 2.110818400979042 3
    endloop
  endfacet
  facet normal 0.6524726935980095 -0.7578122353914313 0
    outer loop
      vertex 85.84291359782219 2.110818400979042 2.4
      vertex 85.90846239775419 2.1672556027770042 2.4
      vertex 85.90846239775419 2.1672556027770042 3
    endloop
  endfacet
  facet normal 0.6423014510783912 -0.766452115883695 0
    outer loop
      vertex 85.90846239775419 2.1672556027770042 2.4
      vertex 85.9737664014101 2.2219815999269485 2.4
      vertex 85.9737664014101 2.2219815999269485 3
    endloop
  endfacet
  facet normal 0.6316987308378317 -0.775213979142451 0
    outer loop
      vertex 85.9737664014101 2.2219815999269485 2.4
      vertex 86.03882560133934 2.2749963998794556 2.4
      vertex 86.03882560133934 2.2749963998794556 3
    endloop
  endfacet
  facet normal 0.6206449795201893 -0.784091709812305 0
    outer loop
      vertex 86.03882560133934 2.2749963998794556 2.4
      vertex 86.1036399975419 2.3263000026345253 2.4
      vertex 86.1036399975419 2.3263000026345253 3
    endloop
  endfacet
  facet normal 1 0 0
    outer loop
      vertex 83.73040000349283 1.3558899983763695 2.4
      vertex 83.73040000349283 3.561159998178482 2.4
      vertex 83.73040000349283 3.561159998178482 3
    endloop
  endfacet
  facet normal -0.6410982739032997 0.7674587957657463 0
    outer loop
      vertex 86.09424760192633 1.9217367991805077 2.4
      vertex 86.09424760192633 1.9217367991805077 3
      vertex 86.18400999903679 1.9967200011014938 2.4
    endloop
  endfacet
  facet normal -0.6359347410695367 0.7717428361188857 0
    outer loop
      vertex 86.18400999903679 1.9967200011014938 2.4
      vertex 86.18400999903679 1.9967200011014938 3
      vertex 86.34309999644756 2.1278140023350716 2.4
    endloop
  endfacet
  facet normal -0.647840933286098 0.7617756396466071 0
    outer loop
      vertex 86.34309999644756 2.1278140023350716 2.4
      vertex 86.34309999644756 2.1278140023350716 3
      vertex 86.48021800071001 2.2444240003824234 2.4
    endloop
  endfacet
  facet normal -0.6635431865380962 0.7481379816577082 0
    outer loop
      vertex 86.48021800071001 2.2444240003824234 2.4
      vertex 86.48021800071001 2.2444240003824234 3
      vertex 86.59536399692297 2.34655000269413 2.4
    endloop
  endfacet
  facet normal 0.6224607004399287 -0.7826510566068593 0
    outer loop
      vertex 86.1036399975419 2.3263000026345253 2.4
      vertex 86.16707079857588 2.376748003065586 2.4
      vertex 86.16707079857588 2.376748003065586 3
    endloop
  endfacet
  facet normal 0.637875713565087 -0.7701393211905436 0
    outer loop
      vertex 86.16707079857588 2.376748003065586 2.4
      vertex 86.22797919809818 2.427196003496647 2.4
      vertex 86.22797919809818 2.427196003496647 3
    endloop
  endfacet
  facet normal 0.6537958961282476 -0.7566709497568026 0
    outer loop
      vertex 86.22797919809818 2.427196003496647 2.4
      vertex 86.2863652035594 2.477643996477127 2.4
      vertex 86.2863652035594 2.477643996477127 3
    endloop
  endfacet
  facet normal 0.6702171764407274 -0.7421650331319973 0
    outer loop
      vertex 86.2863652035594 2.477643996477127 2.4
      vertex 86.34222880005836 2.528091996908188 2.4
      vertex 86.34222880005836 2.528091996908188 3
    endloop
  endfacet
  facet normal -0.6851525025695122 0.7283996486975638 0
    outer loop
      vertex 86.59536399692297 2.34655000269413 2.4
      vertex 86.59536399692297 2.34655000269413 3
      vertex 86.6885379999876 2.4341920018196106 2.4
    endloop
  endfacet
  facet normal -0.7166218860663346 0.6974618788225843 0
    outer loop
      vertex 86.6885379999876 2.4341920018196106 2.4
      vertex 86.6885379999876 2.4341920018196106 3
      vertex 86.75974000245333 2.5073499977588654 2.4
    endloop
  endfacet
  facet normal -0.7550152222881876 0.65570726251363 0
    outer loop
      vertex 86.75974000245333 2.5073499977588654 2.4
      vertex 86.75974000245333 2.5073499977588654 3
      vertex 86.81698600202799 2.5732659995555878 2.4
    endloop
  endfacet
  facet normal 0.687128730983448 -0.7265356887703978 0
    outer loop
      vertex 86.34222880005836 2.528091996908188 2.4
      vertex 86.39557000249624 2.5785399973392487 2.4
      vertex 86.39557000249624 2.5785399973392487 3
    endloop
  endfacet
  facet normal 0.713102661750367 -0.7010596221467484 0
    outer loop
      vertex 86.39557000249624 2.5785399973392487 2.4
      vertex 86.44565679877996 2.6294872015714645 2.4
      vertex 86.44565679877996 2.6294872015714645 3
    endloop
  endfacet
  facet normal -0.7891317422508747 0.6142239765526083 0
    outer loop
      vertex 86.81698600202799 2.5732659995555878 2.4
      vertex 86.81698600202799 2.5732659995555878 3
      vertex 86.86829199641943 2.63918200135231 2.4
    endloop
  endfacet
  facet normal 0.7477820160621242 -0.6639443172842622 0
    outer loop
      vertex 86.44565679877996 2.6294872015714645 2.4
      vertex 86.4917571991682 2.6814088001847267 2.4
      vertex 86.4917571991682 2.6814088001847267 3
    endloop
  endfacet
  facet normal 0.7823297618110291 -0.622864466625524 0
    outer loop
      vertex 86.4917571991682 2.6814088001847267 2.4
      vertex 86.53387120366096 2.734304800629616 2.4
      vertex 86.53387120366096 2.734304800629616 3
    endloop
  endfacet
  facet normal -0.8237573873261832 0.5669424722364172 0
    outer loop
      vertex 86.86829199641943 2.63918200135231 2.4
      vertex 86.86829199641943 2.63918200135231 3
      vertex 86.91365800052881 2.7050980031490326 2.4
    endloop
  endfacet
  facet normal -0.8582020489622932 0.5133120329360316 0
    outer loop
      vertex 86.91365800052881 2.7050980031490326 2.4
      vertex 86.91365800052881 2.7050980031490326 3
      vertex 86.95308399945498 2.7710139974951744 2.4
    endloop
  endfacet
  facet normal 0.8162431722133572 -0.5777084764957806 0
    outer loop
      vertex 86.53387120366096 2.734304800629616 2.4
      vertex 86.57199879735708 2.7881752029061317 2.4
      vertex 86.57199879735708 2.7881752029061317 3
    endloop
  endfacet
  facet normal 0.8489485902511269 -0.5284754404043995 0
    outer loop
      vertex 86.57199879735708 2.7881752029061317 2.4
      vertex 86.6061400026083 2.843019999563694 2.4
      vertex 86.6061400026083 2.843019999563694 3
    endloop
  endfacet
  facet normal 0.8910783051126893 -0.45384959420219495 0
    outer loop
      vertex 86.6061400026083 2.843019999563694 2.4
      vertex 86.6350731998682 2.899826802313328 2.4
      vertex 86.6350731998682 2.899826802313328 3
    endloop
  endfacet
  facet normal 0.9357926860905632 -0.35255077458347556 0
    outer loop
      vertex 86.6350731998682 2.899826802313328 2.4
      vertex 86.6575767993927 2.959559202194214 2.4
      vertex 86.6575767993927 2.959559202194214 3
    endloop
  endfacet
  facet normal 0.9686346673890509 -0.24848919721409019 0
    outer loop
      vertex 86.6575767993927 2.959559202194214 2.4
      vertex 86.6736508011818 3.0222171992063522 2.4
      vertex 86.6736508011818 3.0222171992063522 3
    endloop
  endfacet
  facet normal 0.9893596797291933 -0.14549028876921016 0
    outer loop
      vertex 86.6736508011818 3.0222171992063522 2.4
      vertex 86.6832951977849 3.0878008008003235 2.4
      vertex 86.6832951977849 3.0878008008003235 3
    endloop
  endfacet
  facet normal -0.8915523393917145 0.45291768140045197 0
    outer loop
      vertex 86.95308399945498 2.7710139974951744 2.4
      vertex 86.95308399945498 2.7710139974951744 3
      vertex 86.9865700006485 2.836929999291897 2.4
    endloop
  endfacet
  facet normal -0.923246211402788 0.3842088405156737 0
    outer loop
      vertex 86.9865700006485 2.836929999291897 2.4
      vertex 86.9865700006485 2.836929999291897 3
      vertex 87.0140343979001 2.9029264003038406 2.4
    endloop
  endfacet
  facet normal -0.9516238121513435 0.30726555314018594 0
    outer loop
      vertex 87.0140343979001 2.9029264003038406 2.4
      vertex 87.0140343979001 2.9029264003038406 3
      vertex 87.03539559990168 2.9690835997462273 2.4
    endloop
  endfacet
  facet normal -0.9745395841931728 0.2242155187327534 0
    outer loop
      vertex 87.03539559990168 2.9690835997462273 2.4
      vertex 87.03539559990168 2.9690835997462273 3
      vertex 87.05065359920263 3.0354015976190567 2.4
    endloop
  endfacet
  facet normal -0.9906507284607238 0.13642263082141937 0
    outer loop
      vertex 87.05065359920263 3.0354015976190567 2.4
      vertex 87.05065359920263 3.0354015976190567 3
      vertex 87.05980840325356 3.1018804013729095 2.4
    endloop
  endfacet
  facet normal -0.9989531696072733 0.04574456177057976 0
    outer loop
      vertex 87.05980840325356 3.1018804013729095 2.4
      vertex 87.05980840325356 3.1018804013729095 3
      vertex 87.06285999715328 3.168520003557205 2.4
    endloop
  endfacet
  facet normal 0 1 0
    outer loop
      vertex 84.79642000049353 1.0446399971842766 2.4
      vertex 83.00007999688387 1.0446399971842766 3
      vertex 84.79642000049353 1.0446399971842766 3
    endloop
  endfacet
  facet normal 0 -1 0
    outer loop
      vertex 83.00007999688387 1.3558899983763695 2.4
      vertex 83.73040000349283 1.3558899983763695 3
      vertex 83.00007999688387 1.3558899983763695 3
    endloop
  endfacet
  facet normal 0 -1 0
    outer loop
      vertex 84.09865000098944 1.3558899983763695 2.4
      vertex 84.79642000049353 1.3558899983763695 3
      vertex 84.09865000098944 1.3558899983763695 3
    endloop
  endfacet
  facet normal 1 0 0
    outer loop
      vertex 85.20955000072718 1.0446399971842766 2.4
      vertex 85.20955000072718 1.3030000030994415 3
      vertex 85.20955000072718 1.0446399971842766 3
    endloop
  endfacet
  facet normal -1 0 0
    outer loop
      vertex 84.79642000049353 1.3558899983763695 2.4
      vertex 84.79642000049353 1.0446399971842766 3
      vertex 84.79642000049353 1.3558899983763695 3
    endloop
  endfacet
  facet normal 0.9064027070488834 -0.4224146454071595 0
    outer loop
      vertex 85.20955000072718 1.3030000030994415 2.4
      vertex 85.2528771981597 1.3959700018167496 3
      vertex 85.20955000072718 1.3030000030994415 3
    endloop
  endfacet
  facet normal 0.8832101064233202 -0.4689775132260686 0
    outer loop
      vertex 85.2528771981597 1.3959700018167496 2.4
      vertex 85.29986680299044 1.4844639971852303 3
      vertex 85.2528771981597 1.3959700018167496 3
    endloop
  endfacet
  facet normal 0.856406361822454 -0.5163023759678315 0
    outer loop
      vertex 85.29986680299044 1.4844639971852303 2.4
      vertex 85.35051880031824 1.5684819966554642 3
      vertex 85.29986680299044 1.4844639971852303 3
    endloop
  endfacet
  facet normal -0.901873125298409 0.4320010021568011 0
    outer loop
      vertex 85.6398603990674 1.4133016020059586 2.4
      vertex 85.61236000061035 1.3558899983763695 3
      vertex 85.6398603990674 1.4133016020059586 3
    endloop
  endfacet
  facet normal -0.8658854804239623 0.5002422760932584 0
    outer loop
      vertex 85.67354559898376 1.4716084003448486 2.4
      vertex 85.6398603990674 1.4133016020059586 3
      vertex 85.67354559898376 1.4716084003448486 3
    endloop
  endfacet
  facet normal -0.8294416894702646 0.5585933080235684 0
    outer loop
      vertex 85.71341560035944 1.5308104008436203 2.4
      vertex 85.67354559898376 1.4716084003448486 3
      vertex 85.71341560035944 1.5308104008436203 3
    endloop
  endfacet
  facet normal 0 1 0
    outer loop
      vertex 87.10762000083923 1.0446399971842766 2.4
      vertex 85.20955000072718 1.0446399971842766 3
      vertex 87.10762000083923 1.0446399971842766 3
    endloop
  endfacet
  facet normal 0 -1 0
    outer loop
      vertex 85.61236000061035 1.3558899983763695 2.4
      vertex 87.10762000083923 1.3558899983763695 3
      vertex 85.61236000061035 1.3558899983763695 3
    endloop
  endfacet
  facet normal -1 0 0
    outer loop
      vertex 87.10762000083923 1.3558899983763695 2.4
      vertex 87.10762000083923 1.0446399971842766 3
      vertex 87.10762000083923 1.3558899983763695 3
    endloop
  endfacet
  facet normal 1 0 0
    outer loop
      vertex 83.73040000349283 1.3558899983763695 2.4
      vertex 83.73040000349283 3.561159998178482 3
      vertex 83.73040000349283 1.3558899983763695 3
    endloop
  endfacet
  facet normal 0.8258346872152361 -0.5639122887401133 0
    outer loop
      vertex 85.35051880031824 1.5684819966554642 2.4
      vertex 85.40483319759369 1.6480240002274513 3
      vertex 85.35051880031824 1.5684819966554642 3
    endloop
  endfacet
  facet normal 0.7914315885743974 -0.6112577530032692 0
    outer loop
      vertex 85.40483319759369 1.6480240002274513 2.4
      vertex 85.46281000226736 1.7230900004506111 3
      vertex 85.40483319759369 1.6480240002274513 3
    endloop
  endfacet
  facet normal 0.7635638251499397 -0.6457323632298387 0
    outer loop
      vertex 85.46281000226736 1.7230900004506111 2.4
      vertex 85.52323839813471 1.794545203447342 3
      vertex 85.46281000226736 1.7230900004506111 3
    endloop
  endfacet
  facet normal -0.7937320995293491 0.6082675021540535 0
    outer loop
      vertex 85.75947040319443 1.5909076035022736 2.4
      vertex 85.71341560035944 1.5308104008436203 3
      vertex 85.75947040319443 1.5909076035022736 3
    endloop
  endfacet
  facet normal -0.759500211043763 0.6505070556300518 0
    outer loop
      vertex 85.81171000003815 1.6519000008702278 2.4
      vertex 85.75947040319443 1.5909076035022736 3
      vertex 85.81171000003815 1.6519000008702278 3
    endloop
  endfacet
  facet normal -0.728688380274042 0.6848454164653459 0
    outer loop
      vertex 85.87086760252714 1.7148448005318642 2.4
      vertex 85.81171000003815 1.6519000008702278 3
      vertex 85.87086760252714 1.7148448005318642 3
    endloop
  endfacet
  facet normal 0.7442192286742498 -0.6679354307652084 0
    outer loop
      vertex 85.52323839813471 1.794545203447342 2.4
      vertex 85.5848836004734 1.8632308021187782 3
      vertex 85.52323839813471 1.794545203447342 3
    endloop
  endfacet
  facet normal 0.7236724722177078 -0.6901435741599794 0
    outer loop
      vertex 85.5848836004734 1.8632308021187782 2.4
      vertex 85.64774560183287 1.92914679646492 3
      vertex 85.5848836004734 1.8632308021187782 3
    endloop
  endfacet
  facet normal 0.7019057578099636 -0.7122698274904116 0
    outer loop
      vertex 85.64774560183287 1.92914679646492 2.4
      vertex 85.7118244022131 1.9922932013869286 3
      vertex 85.64774560183287 1.92914679646492 3
    endloop
  endfacet
  facet normal -0.7025416595427834 0.7116426185993021 0
    outer loop
      vertex 85.93767639994621 1.7807992026209831 2.4
      vertex 85.87086760252714 1.7148448005318642 3
      vertex 85.93767639994621 1.7807992026209831 3
    endloop
  endfacet
  facet normal -0.6795117518787986 0.7336646230114996 0
    outer loop
      vertex 86.01213639974594 1.849763199687004 2.4
      vertex 85.93767639994621 1.7807992026209831 3
      vertex 86.01213639974594 1.849763199687004 3
    endloop
  endfacet
  facet normal -0.6591594678069235 0.7520031888233545 0
    outer loop
      vertex 86.09424760192633 1.9217367991805077 2.4
      vertex 86.01213639974594 1.849763199687004 3
      vertex 86.09424760192633 1.9217367991805077 3
    endloop
  endfacet
  facet normal 0.6789109060497487 -0.7342206627756463 0
    outer loop
      vertex 85.7118244022131 1.9922932013869286 2.4
      vertex 85.7771200016141 2.0526700019836426 3
      vertex 85.7118244022131 1.9922932013869286 3
    endloop
  endfacet
  facet normal 0.6622311819894103 -0.7492995806757857 0
    outer loop
      vertex 85.7771200016141 2.0526700019836426 2.4
      vertex 85.84291359782219 2.110818400979042 3
      vertex 85.7771200016141 2.0526700019836426 3
    endloop
  endfacet
  facet normal 0.6524726935980095 -0.7578122353914313 0
    outer loop
      vertex 85.84291359782219 2.110818400979042 2.4
      vertex 85.90846239775419 2.1672556027770042 3
      vertex 85.84291359782219 2.110818400979042 3
    endloop
  endfacet
  facet normal 0.6423014510783912 -0.766452115883695 0
    outer loop
      vertex 85.90846239775419 2.1672556027770042 2.4
      vertex 85.9737664014101 2.2219815999269485 3
      vertex 85.90846239775419 2.1672556027770042 3
    endloop
  endfacet
  facet normal 0.6316987308378317 -0.775213979142451 0
    outer loop
      vertex 85.9737664014101 2.2219815999269485 2.4
      vertex 86.03882560133934 2.2749963998794556 3
      vertex 85.9737664014101 2.2219815999269485 3
    endloop
  endfacet
  facet normal 0.6206449795201893 -0.784091709812305 0
    outer loop
      vertex 86.03882560133934 2.2749963998794556 2.4
      vertex 86.1036399975419 2.3263000026345253 3
      vertex 86.03882560133934 2.2749963998794556 3
    endloop
  endfacet
  facet normal -1 0 0
    outer loop
      vertex 84.09865000098944 3.911080002784729 2.4
      vertex 84.09865000098944 1.3558899983763695 3
      vertex 84.09865000098944 3.911080002784729 3
    endloop
  endfacet
  facet normal -0.6410982739032997 0.7674587957657463 0
    outer loop
      vertex 86.18400999903679 1.9967200011014938 2.4
      vertex 86.09424760192633 1.9217367991805077 3
      vertex 86.18400999903679 1.9967200011014938 3
    endloop
  endfacet
  facet normal -0.6359347410695367 0.7717428361188857 0
    outer loop
      vertex 86.34309999644756 2.1278140023350716 2.4
      vertex 86.18400999903679 1.9967200011014938 3
      vertex 86.34309999644756 2.1278140023350716 3
    endloop
  endfacet
  facet normal -0.647840933286098 0.7617756396466071 0
    outer loop
      vertex 86.48021800071001 2.2444240003824234 2.4
      vertex 86.34309999644756 2.1278140023350716 3
      vertex 86.48021800071001 2.2444240003824234 3
    endloop
  endfacet
  facet normal 0.6224607004399287 -0.7826510566068593 0
    outer loop
      vertex 86.1036399975419 2.3263000026345253 2.4
      vertex 86.16707079857588 2.376748003065586 3
      vertex 86.1036399975419 2.3263000026345253 3
    endloop
  endfacet
  facet normal -0.6635431865380962 0.7481379816577082 0
    outer loop
      vertex 86.59536399692297 2.34655000269413 2.4
      vertex 86.48021800071001 2.2444240003824234 3
      vertex 86.59536399692297 2.34655000269413 3
    endloop
  endfacet
  facet normal 0.637875713565087 -0.7701393211905436 0
    outer loop
      vertex 86.16707079857588 2.376748003065586 2.4
      vertex 86.22797919809818 2.427196003496647 3
      vertex 86.16707079857588 2.376748003065586 3
    endloop
  endfacet
  facet normal 0.6537958961282476 -0.7566709497568026 0
    outer loop
      vertex 86.22797919809818 2.427196003496647 2.4
      vertex 86.2863652035594 2.477643996477127 3
      vertex 86.22797919809818 2.427196003496647 3
    endloop
  endfacet
  facet normal 0.6702171764407274 -0.7421650331319973 0
    outer loop
      vertex 86.2863652035594 2.477643996477127 2.4
      vertex 86.34222880005836 2.528091996908188 3
      vertex 86.2863652035594 2.477643996477127 3
    endloop
  endfacet
  facet normal -0.6851525025695122 0.7283996486975638 0
    outer loop
      vertex 86.6885379999876 2.4341920018196106 2.4
      vertex 86.59536399692297 2.34655000269413 3
      vertex 86.6885379999876 2.4341920018196106 3
    endloop
  endfacet
  facet normal -0.7166218860663346 0.6974618788225843 0
    outer loop
      vertex 86.75974000245333 2.5073499977588654 2.4
      vertex 86.6885379999876 2.4341920018196106 3
      vertex 86.75974000245333 2.5073499977588654 3
    endloop
  endfacet
  facet normal 0.687128730983448 -0.7265356887703978 0
    outer loop
      vertex 86.34222880005836 2.528091996908188 2.4
      vertex 86.39557000249624 2.5785399973392487 3
      vertex 86.34222880005836 2.528091996908188 3
    endloop
  endfacet
  facet normal 0.713102661750367 -0.7010596221467484 0
    outer loop
      vertex 86.39557000249624 2.5785399973392487 2.4
      vertex 86.44565679877996 2.6294872015714645 3
      vertex 86.39557000249624 2.5785399973392487 3
    endloop
  endfacet
  facet normal 0.7477820160621242 -0.6639443172842622 0
    outer loop
      vertex 86.44565679877996 2.6294872015714645 2.4
      vertex 86.4917571991682 2.6814088001847267 3
      vertex 86.44565679877996 2.6294872015714645 3
    endloop
  endfacet
  facet normal -0.7550152222881876 0.65570726251363 0
    outer loop
      vertex 86.81698600202799 2.5732659995555878 2.4
      vertex 86.75974000245333 2.5073499977588654 3
      vertex 86.81698600202799 2.5732659995555878 3
    endloop
  endfacet
  facet normal 0.7823297618110291 -0.622864466625524 0
    outer loop
      vertex 86.4917571991682 2.6814088001847267 2.4
      vertex 86.53387120366096 2.734304800629616 3
      vertex 86.4917571991682 2.6814088001847267 3
    endloop
  endfacet
  facet normal -0.7891317422508747 0.6142239765526083 0
    outer loop
      vertex 86.86829199641943 2.63918200135231 2.4
      vertex 86.81698600202799 2.5732659995555878 3
      vertex 86.86829199641943 2.63918200135231 3
    endloop
  endfacet
  facet normal -0.8237573873261832 0.5669424722364172 0
    outer loop
      vertex 86.91365800052881 2.7050980031490326 2.4
      vertex 86.86829199641943 2.63918200135231 3
      vertex 86.91365800052881 2.7050980031490326 3
    endloop
  endfacet
  facet normal 0.8162431722133572 -0.5777084764957806 0
    outer loop
      vertex 86.53387120366096 2.734304800629616 2.4
      vertex 86.57199879735708 2.7881752029061317 3
      vertex 86.53387120366096 2.734304800629616 3
    endloop
  endfacet
  facet normal 0.8489485902511269 -0.5284754404043995 0
    outer loop
      vertex 86.57199879735708 2.7881752029061317 2.4
      vertex 86.6061400026083 2.843019999563694 3
      vertex 86.57199879735708 2.7881752029061317 3
    endloop
  endfacet
  facet normal 0.8910783051126893 -0.45384959420219495 0
    outer loop
      vertex 86.6061400026083 2.843019999563694 2.4
      vertex 86.6350731998682 2.899826802313328 3
      vertex 86.6061400026083 2.843019999563694 3
    endloop
  endfacet
  facet normal 0.9357926860905632 -0.35255077458347556 0
    outer loop
      vertex 86.6350731998682 2.899826802313328 2.4
      vertex 86.6575767993927 2.959559202194214 3
      vertex 86.6350731998682 2.899826802313328 3
    endloop
  endfacet
  facet normal 0.9686346673890509 -0.24848919721409019 0
    outer loop
      vertex 86.6575767993927 2.959559202194214 2.4
      vertex 86.6736508011818 3.0222171992063522 3
      vertex 86.6575767993927 2.959559202194214 3
    endloop
  endfacet
  facet normal 0.9893596797291933 -0.14549028876921016 0
    outer loop
      vertex 86.6736508011818 3.0222171992063522 2.4
      vertex 86.6832951977849 3.0878008008003235 3
      vertex 86.6736508011818 3.0222171992063522 3
    endloop
  endfacet
  facet normal 0.99890083386515 -0.04687349041311202 0
    outer loop
      vertex 86.6832951977849 3.0878008008003235 2.4
      vertex 86.6865099966526 3.156309999525547 3
      vertex 86.6832951977849 3.0878008008003235 3
    endloop
  endfacet
  facet normal -0.8582020489622932 0.5133120329360316 0
    outer loop
      vertex 86.95308399945498 2.7710139974951744 2.4
      vertex 86.91365800052881 2.7050980031490326 3
      vertex 86.95308399945498 2.7710139974951744 3
    endloop
  endfacet
  facet normal -0.8915523393917145 0.45291768140045197 0
    outer loop
      vertex 86.9865700006485 2.836929999291897 2.4
      vertex 86.95308399945498 2.7710139974951744 3
      vertex 86.9865700006485 2.836929999291897 3
    endloop
  endfacet
  facet normal -0.923246211402788 0.3842088405156737 0
    outer loop
      vertex 87.0140343979001 2.9029264003038406 2.4
      vertex 86.9865700006485 2.836929999291897 3
      vertex 87.0140343979001 2.9029264003038406 3
    endloop
  endfacet
  facet normal -0.9516238121513435 0.30726555314018594 0
    outer loop
      vertex 87.03539559990168 2.9690835997462273 2.4
      vertex 87.0140343979001 2.9029264003038406 3
      vertex 87.03539559990168 2.9690835997462273 3
    endloop
  endfacet
  facet normal -0.9745395841931728 0.2242155187327534 0
    outer loop
      vertex 87.05065359920263 3.0354015976190567 2.4
      vertex 87.03539559990168 2.9690835997462273 3
      vertex 87.05065359920263 3.0354015976190567 3
    endloop
  endfacet
  facet normal -0.9906507284607238 0.13642263082141937 0
    outer loop
      vertex 87.05980840325356 3.1018804013729095 2.4
      vertex 87.05065359920263 3.0354015976190567 3
      vertex 87.05980840325356 3.1018804013729095 3
    endloop
  endfacet
  facet normal 0 0 1
    outer loop
      vertex 83.08348000049591 3.099370002746582 2.4
      vertex 83.73040000349283 3.561159998178482 2.4
      vertex 83.08348000049591 3.445210002362728 2.4
    endloop
  endfacet
  facet normal 0 0 1
    outer loop
      vertex 83.08348000049591 3.445210002362728 2.4
      vertex 83.73040000349283 3.561159998178482 2.4
      vertex 83.76094000041485 3.911080002784729 2.4
    endloop
  endfacet
  facet normal 0 0 1
    outer loop
      vertex 83.73040000349283 3.561159998178482 2.4
      vertex 84.09865000098944 3.911080002784729 2.4
      vertex 83.76094000041485 3.911080002784729 2.4
    endloop
  endfacet
  facet normal 0 0 1
    outer loop
      vertex 85.22580999881029 3.2031100019812584 2.4
      vertex 85.6001499965787 3.168520003557205 2.4
      vertex 85.25050479918718 3.3350152000784874 2.4
    endloop
  endfacet
  facet normal 0 0 1
    outer loop
      vertex 85.25050479918718 3.3350152000784874 2.4
      vertex 85.6001499965787 3.168520003557205 2.4
      vertex 85.61572720110416 3.2563659995794296 2.4
    endloop
  endfacet
  facet normal 0 0 1
    outer loop
      vertex 85.25050479918718 3.3350152000784874 2.4
      vertex 85.61572720110416 3.2563659995794296 2.4
      vertex 85.29204519838095 3.4556908011436462 2.4
    endloop
  endfacet
  facet normal 0 0 1
    outer loop
      vertex 85.29204519838095 3.4556908011436462 2.4
      vertex 85.61572720110416 3.2563659995794296 2.4
      vertex 85.6413147971034 3.3359920009970665 2.4
    endloop
  endfacet
  facet normal 0 0 1
    outer loop
      vertex 85.29204519838095 3.4556908011436462 2.4
      vertex 85.6413147971034 3.3359920009970665 2.4
      vertex 85.35043119639158 3.5651367977261543 2.4
    endloop
  endfacet
  facet normal 0 0 1
    outer loop
      vertex 85.35043119639158 3.5651367977261543 2.4
      vertex 85.6413147971034 3.3359920009970665 2.4
      vertex 85.67691279947758 3.407398000359535 2.4
    endloop
  endfacet
  facet normal 0 0 1
    outer loop
      vertex 85.42566280066967 3.6633531972765923 2.4
      vertex 85.67691279947758 3.407398000359535 2.4
      vertex 85.7225212007761 3.470583997666836 2.4
    endloop
  endfacet
  facet normal 0 0 1
    outer loop
      vertex 85.35043119639158 3.5651367977261543 2.4
      vertex 85.67691279947758 3.407398000359535 2.4
      vertex 85.42566280066967 3.6633531972765923 2.4
    endloop
  endfacet
  facet normal 0 0 1
    outer loop
      vertex 85.51773999631405 3.75033999979496 2.4
      vertex 85.7225212007761 3.470583997666836 2.4
      vertex 85.77814000099897 3.525550000369549 2.4
    endloop
  endfacet
  facet normal 0 0 1
    outer loop
      vertex 85.42566280066967 3.6633531972765923 2.4
      vertex 85.7225212007761 3.470583997666836 2.4
      vertex 85.51773999631405 3.75033999979496 2.4
    endloop
  endfacet
  facet normal 0 0 1
    outer loop
      vertex 85.51773999631405 3.75033999979496 2.4
      vertex 85.77814000099897 3.525550000369549 2.4
      vertex 85.62397719919682 3.8235855996608734 2.4
    endloop
  endfacet
  facet normal 0 0 1
    outer loop
      vertex 85.77814000099897 3.525550000369549 2.4
      vertex 85.84206040203571 3.571331202983856 2.4
      vertex 85.62397719919682 3.8235855996608734 2.4
    endloop
  endfacet
  facet normal 0 0 1
    outer loop
      vertex 85.84206040203571 3.571331202983856 2.4
      vertex 85.91257359832525 3.6069388017058372 2.4
      vertex 85.74168880283833 3.880554400384426 2.4
    endloop
  endfacet
  facet normal 0 0 1
    outer loop
      vertex 85.84206040203571 3.571331202983856 2.4
      vertex 85.74168880283833 3.880554400384426 2.4
      vertex 85.62397719919682 3.8235855996608734 2.4
    endloop
  endfacet
  facet normal 0 0 1
    outer loop
      vertex 85.91257359832525 3.6069388017058372 2.4
      vertex 85.870874799788 3.921246401965618 2.4
      vertex 85.74168880283833 3.880554400384426 2.4
    endloop
  endfacet
  facet normal 0 0 1
    outer loop
      vertex 85.91257359832525 3.6069388017058372 2.4
      vertex 85.98967959731817 3.632372796535492 2.4
      vertex 85.870874799788 3.921246401965618 2.4
    endloop
  endfacet
  facet normal 0 0 1
    outer loop
      vertex 85.98967959731817 3.632372796535492 2.4
      vertex 86.07337839901447 3.6476332023739815 2.4
      vertex 86.01153519749641 3.945661596953869 2.4
    endloop
  endfacet
  facet normal 0 0 1
    outer loop
      vertex 85.98967959731817 3.632372796535492 2.4
      vertex 86.01153519749641 3.945661596953869 2.4
      vertex 85.870874799788 3.921246401965618 2.4
    endloop
  endfacet
  facet normal 0 0 1
    outer loop
      vertex 86.07337839901447 3.6476332023739815 2.4
      vertex 86.16367000341415 3.9538000002503395 2.4
      vertex 86.01153519749641 3.945661596953869 2.4
    endloop
  endfacet
  facet normal 0 0 1
    outer loop
      vertex 86.6865099966526 3.156309999525547 2.4
      vertex 87.06285999715328 3.168520003557205 2.4
      vertex 86.68097560107708 3.2464815974235535 2.4
    endloop
  endfacet
  facet normal 0 0 1
    outer loop
      vertex 86.68097560107708 3.2464815974235535 2.4
      vertex 87.05354200303555 3.312194801867008 2.4
      vertex 86.66437239944935 3.3281883969902992 2.4
    endloop
  endfacet
  facet normal 0 0 1
    outer loop
      vertex 86.66437239944935 3.3281883969902992 2.4
      vertex 87.0255879983306 3.4421152025461197 2.4
      vertex 86.63670039921999 3.4014303982257843 2.4
    endloop
  endfacet
  facet normal 0 0 1
    outer loop
      vertex 86.63670039921999 3.4014303982257843 2.4
      vertex 86.91377200186253 3.6606928035616875 2.4
      vertex 86.597959600389 3.4662076011300087 2.4
    endloop
  endfacet
  facet normal 0 0 1
    outer loop
      vertex 86.6865099966526 3.156309999525547 2.4
      vertex 87.05980840325356 3.1018804013729095 2.4
      vertex 87.06285999715328 3.168520003557205 2.4
    endloop
  endfacet
  facet normal 0 0 1
    outer loop
      vertex 86.68097560107708 3.2464815974235535 2.4
      vertex 87.06285999715328 3.168520003557205 2.4
      vertex 87.05354200303555 3.312194801867008 2.4
    endloop
  endfacet
  facet normal 0 0 1
    outer loop
      vertex 86.66437239944935 3.3281883969902992 2.4
      vertex 87.05354200303555 3.312194801867008 2.4
      vertex 87.0255879983306 3.4421152025461197 2.4
    endloop
  endfacet
  facet normal 0 0 1
    outer loop
      vertex 86.63670039921999 3.4014303982257843 2.4
      vertex 87.0255879983306 3.4421152025461197 2.4
      vertex 86.97899799793959 3.558281198143959 2.4
    endloop
  endfacet
  facet normal 0 0 1
    outer loop
      vertex 86.54815000295639 3.522519998252392 2.4
      vertex 86.597959600389 3.4662076011300087 2.4
      vertex 86.82991000264883 3.749349996447563 2.4
    endloop
  endfacet
  facet normal 0 0 1
    outer loop
      vertex 86.54815000295639 3.522519998252392 2.4
      vertex 86.72872599959373 3.822952002286911 2.4
      vertex 86.48850519955158 3.569392003118992 2.4
    endloop
  endfacet
  facet normal 0 0 1
    outer loop
      vertex 86.48850519955158 3.569392003118992 2.4
      vertex 86.61151000112295 3.8801980018615723 2.4
      vertex 86.42023479938507 3.6058479994535446 2.4
    endloop
  endfacet
  facet normal 0 0 1
    outer loop
      vertex 86.597959600389 3.4662076011300087 2.4
      vertex 86.91377200186253 3.6606928035616875 2.4
      vertex 86.82991000264883 3.749349996447563 2.4
    endloop
  endfacet
  facet normal 0 0 1
    outer loop
      vertex 86.54815000295639 3.522519998252392 2.4
      vertex 86.82991000264883 3.749349996447563 2.4
      vertex 86.72872599959373 3.822952002286911 2.4
    endloop
  endfacet
  facet normal 0 0 1
    outer loop
      vertex 86.07337839901447 3.6476332023739815 2.4
      vertex 86.16367000341415 3.652719996869564 2.4
      vertex 86.16367000341415 3.9538000002503395 2.4
    endloop
  endfacet
  facet normal 0 0 1
    outer loop
      vertex 86.16367000341415 3.652719996869564 2.4
      vertex 86.25781720131636 3.6475119963288307 2.4
      vertex 86.16367000341415 3.9538000002503395 2.4
    endloop
  endfacet
  facet normal 0 0 1
    outer loop
      vertex 86.25781720131636 3.6475119963288307 2.4
      vertex 86.34333880245686 3.6318880021572113 2.4
      vertex 86.32898200303316 3.945621997117996 2.4
    endloop
  endfacet
  facet normal 0 0 1
    outer loop
      vertex 86.34333880245686 3.6318880021572113 2.4
      vertex 86.42023479938507 3.6058479994535446 2.4
      vertex 86.4782619997859 3.9210880026221275 2.4
    endloop
  endfacet
  facet normal 0 0 1
    outer loop
      vertex 86.25781720131636 3.6475119963288307 2.4
      vertex 86.32898200303316 3.945621997117996 2.4
      vertex 86.16367000341415 3.9538000002503395 2.4
    endloop
  endfacet
  facet normal 0 0 1
    outer loop
      vertex 86.34333880245686 3.6318880021572113 2.4
      vertex 86.4782619997859 3.9210880026221275 2.4
      vertex 86.32898200303316 3.945621997117996 2.4
    endloop
  endfacet
  facet normal 0 0 1
    outer loop
      vertex 86.48850519955158 3.569392003118992 2.4
      vertex 86.72872599959373 3.822952002286911 2.4
      vertex 86.61151000112295 3.8801980018615723 2.4
    endloop
  endfacet
  facet normal 0 0 1
    outer loop
      vertex 86.42023479938507 3.6058479994535446 2.4
      vertex 86.61151000112295 3.8801980018615723 2.4
      vertex 86.4782619997859 3.9210880026221275 2.4
    endloop
  endfacet
  facet normal 0 0 1
    outer loop
      vertex 86.63670039921999 3.4014303982257843 2.4
      vertex 86.97899799793959 3.558281198143959 2.4
      vertex 86.91377200186253 3.6606928035616875 2.4
    endloop
  endfacet
  facet normal -0.5809918060539258 0.8139094060755149 0
    outer loop
      vertex 83.08348000049591 3.099370002746582 2.4
      vertex 83.08348000049591 3.099370002746582 3
      vertex 83.73040000349283 3.561159998178482 2.4
    endloop
  endfacet
  facet normal 0.5666248307547566 -0.8239759105533022 0
    outer loop
      vertex 83.08348000049591 3.445210002362728 2.4
      vertex 83.76094000041485 3.911080002784729 2.4
      vertex 83.76094000041485 3.911080002784729 3
    endloop
  endfacet
  facet normal 0.09201065510999949 0.9957580224865019 0
    outer loop
      vertex 85.22580999881029 3.2031100019812584 2.4
      vertex 85.22580999881029 3.2031100019812584 3
      vertex 85.6001499965787 3.168520003557205 2.4
    endloop
  endfacet
  facet normal 0.9829226633538728 -0.18401912364026016 0
    outer loop
      vertex 85.22580999881029 3.2031100019812584 2.4
      vertex 85.25050479918718 3.3350152000784874 2.4
      vertex 85.25050479918718 3.3350152000784874 3
    endloop
  endfacet
  facet normal 0.9455464125358579 -0.3254872988928587 0
    outer loop
      vertex 85.25050479918718 3.3350152000784874 2.4
      vertex 85.29204519838095 3.4556908011436462 2.4
      vertex 85.29204519838095 3.4556908011436462 3
    endloop
  endfacet
  facet normal -0.9846394092441515 0.17460021123506228 0
    outer loop
      vertex 85.6001499965787 3.168520003557205 2.4
      vertex 85.6001499965787 3.168520003557205 3
      vertex 85.61572720110416 3.2563659995794296 2.4
    endloop
  endfacet
  facet normal -0.9520511160924128 0.30593900102339217 0
    outer loop
      vertex 85.61572720110416 3.2563659995794296 2.4
      vertex 85.61572720110416 3.2563659995794296 3
      vertex 85.6413147971034 3.3359920009970665 2.4
    endloop
  endfacet
  facet normal -0.8949529566115484 0.4461605153442515 0
    outer loop
      vertex 85.6413147971034 3.3359920009970665 2.4
      vertex 85.6413147971034 3.3359920009970665 3
      vertex 85.67691279947758 3.407398000359535 2.4
    endloop
  endfacet
  facet normal -0.8108371365833016 0.585271849602723 0
    outer loop
      vertex 85.67691279947758 3.407398000359535 2.4
      vertex 85.67691279947758 3.407398000359535 3
      vertex 85.7225212007761 3.470583997666836 2.4
    endloop
  endfacet
  facet normal -0.7029203839572347 0.7112685384701154 0
    outer loop
      vertex 85.7225212007761 3.470583997666836 2.4
      vertex 85.7225212007761 3.470583997666836 3
      vertex 85.77814000099897 3.525550000369549 2.4
    endloop
  endfacet
  facet normal 0.8823033960253387 -0.47068112067742257 0
    outer loop
      vertex 85.29204519838095 3.4556908011436462 2.4
      vertex 85.35043119639158 3.5651367977261543 2.4
      vertex 85.35043119639158 3.5651367977261543 3
    endloop
  endfacet
  facet normal 0.7938702576519482 -0.6080871763288794 0
    outer loop
      vertex 85.35043119639158 3.5651367977261543 2.4
      vertex 85.42566280066967 3.6633531972765923 2.4
      vertex 85.42566280066967 3.6633531972765923 3
    endloop
  endfacet
  facet normal -0.5822801209003629 0.8129882291917014 0
    outer loop
      vertex 85.77814000099897 3.525550000369549 2.4
      vertex 85.77814000099897 3.525550000369549 3
      vertex 85.84206040203571 3.571331202983856 2.4
    endloop
  endfacet
  facet normal -0.4507647812356375 0.892642768411635 0
    outer loop
      vertex 85.84206040203571 3.571331202983856 2.4
      vertex 85.84206040203571 3.571331202983856 3
      vertex 85.91257359832525 3.6069388017058372 2.4
    endloop
  endfacet
  facet normal -0.31325544445619063 0.949668903628288 0
    outer loop
      vertex 85.91257359832525 3.6069388017058372 2.4
      vertex 85.91257359832525 3.6069388017058372 3
      vertex 85.98967959731817 3.632372796535492 2.4
    endloop
  endfacet
  facet normal -0.17936830835241085 0.9837819931055836 0
    outer loop
      vertex 85.98967959731817 3.632372796535492 2.4
      vertex 85.98967959731817 3.632372796535492 3
      vertex 86.07337839901447 3.6476332023739815 2.4
    endloop
  endfacet
  facet normal 0.6867278707479254 -0.7269145971419344 0
    outer loop
      vertex 85.42566280066967 3.6633531972765923 2.4
      vertex 85.51773999631405 3.75033999979496 2.4
      vertex 85.51773999631405 3.75033999979496 3
    endloop
  endfacet
  facet normal 0.5676203716850536 -0.8232904187758544 0
    outer loop
      vertex 85.51773999631405 3.75033999979496 2.4
      vertex 85.62397719919682 3.8235855996608734 2.4
      vertex 85.62397719919682 3.8235855996608734 3
    endloop
  endfacet
  facet normal 0.43563263574466077 -0.9001245506451647 0
    outer loop
      vertex 85.62397719919682 3.8235855996608734 2.4
      vertex 85.74168880283833 3.880554400384426 2.4
      vertex 85.74168880283833 3.880554400384426 3
    endloop
  endfacet
  facet normal 0 -1 0
    outer loop
      vertex 83.76094000041485 3.911080002784729 2.4
      vertex 84.09865000098944 3.911080002784729 2.4
      vertex 84.09865000098944 3.911080002784729 3
    endloop
  endfacet
  facet normal 0.300435910891314 -0.9538020043210783 0
    outer loop
      vertex 85.74168880283833 3.880554400384426 2.4
      vertex 85.870874799788 3.921246401965618 2.4
      vertex 85.870874799788 3.921246401965618 3
    endloop
  endfacet
  facet normal 0.17101833202057576 -0.9852678468888041 0
    outer loop
      vertex 85.870874799788 3.921246401965618 2.4
      vertex 86.01153519749641 3.945661596953869 2.4
      vertex 86.01153519749641 3.945661596953869 3
    endloop
  endfacet
  facet normal 0.99890083386515 -0.04687349041311202 0
    outer loop
      vertex 86.6832951977849 3.0878008008003235 2.4
      vertex 86.6865099966526 3.156309999525547 2.4
      vertex 86.6865099966526 3.156309999525547 3
    endloop
  endfacet
  facet normal 0.9981217820965664 0.061260983540703924 0
    outer loop
      vertex 86.6865099966526 3.156309999525547 2.4
      vertex 86.68097560107708 3.2464815974235535 2.4
      vertex 86.68097560107708 3.2464815974235535 3
    endloop
  endfacet
  facet normal 0.9799720900408008 0.1991348857961972 0
    outer loop
      vertex 86.68097560107708 3.2464815974235535 2.4
      vertex 86.66437239944935 3.3281883969902992 2.4
      vertex 86.66437239944935 3.3281883969902992 3
    endloop
  endfacet
  facet normal 0.9354602713208452 0.3534318615806035 0
    outer loop
      vertex 86.66437239944935 3.3281883969902992 2.4
      vertex 86.63670039921999 3.4014303982257843 2.4
      vertex 86.63670039921999 3.4014303982257843 3
    endloop
  endfacet
  facet normal 0.8582257473518838 0.5132724097224597 0
    outer loop
      vertex 86.63670039921999 3.4014303982257843 2.4
      vertex 86.597959600389 3.4662076011300087 2.4
      vertex 86.597959600389 3.4662076011300087 3
    endloop
  endfacet
  facet normal 0.7490309883909421 0.6625349639302732 0
    outer loop
      vertex 86.54815000295639 3.522519998252392 2.4
      vertex 86.54815000295639 3.522519998252392 3
      vertex 86.597959600389 3.4662076011300087 2.4
    endloop
  endfacet
  facet normal -0.9979035414380253 -0.0647187915944603 0
    outer loop
      vertex 87.06285999715328 3.168520003557205 2.4
      vertex 87.06285999715328 3.168520003557205 3
      vertex 87.05354200303555 3.312194801867008 2.4
    endloop
  endfacet
  facet normal -0.9776264454907188 -0.2103485989427614 0
    outer loop
      vertex 87.05354200303555 3.312194801867008 2.4
      vertex 87.05354200303555 3.312194801867008 3
      vertex 87.0255879983306 3.4421152025461197 2.4
    endloop
  endfacet
  facet normal -0.9281357665492257 -0.37224185532000725 0
    outer loop
      vertex 87.0255879983306 3.4421152025461197 2.4
      vertex 87.0255879983306 3.4421152025461197 3
      vertex 86.97899799793959 3.558281198143959 2.4
    endloop
  endfacet
  facet normal 0.471042018828908 0.8821107733712285 0
    outer loop
      vertex 86.48850519955158 3.569392003118992 2.4
      vertex 86.42023479938507 3.6058479994535446 2.4
      vertex 86.42023479938507 3.6058479994535446 3
    endloop
  endfacet
  facet normal -0.05624821043537226 0.9984168161758985 0
    outer loop
      vertex 86.07337839901447 3.6476332023739815 2.4
      vertex 86.07337839901447 3.6476332023739815 3
      vertex 86.16367000341415 3.652719996869564 2.4
    endloop
  endfacet
  facet normal 0.055233193872251736 0.9984734820187616 0
    outer loop
      vertex 86.16367000341415 3.652719996869564 2.4
      vertex 86.16367000341415 3.652719996869564 3
      vertex 86.25781720131636 3.6475119963288307 2.4
    endloop
  endfacet
  facet normal 0.32074719162839865 0.9471648426026461 0
    outer loop
      vertex 86.34333880245686 3.6318880021572113 2.4
      vertex 86.34333880245686 3.6318880021572113 3
      vertex 86.42023479938507 3.6058479994535446 2.4
    endloop
  endfacet
  facet normal 0.179716142714487 0.9837185105749642 0
    outer loop
      vertex 86.25781720131636 3.6475119963288307 2.4
      vertex 86.25781720131636 3.6475119963288307 3
      vertex 86.34333880245686 3.6318880021572113 2.4
    endloop
  endfacet
  facet normal 0.6178886359422859 0.7862656253286042 0
    outer loop
      vertex 86.54815000295639 3.522519998252392 2.4
      vertex 86.48850519955158 3.569392003118992 2.4
      vertex 86.48850519955158 3.569392003118992 3
    endloop
  endfacet
  facet normal -0.5882429962093122 -0.8086842260182222 0
    outer loop
      vertex 86.82991000264883 3.749349996447563 2.4
      vertex 86.82991000264883 3.749349996447563 3
      vertex 86.72872599959373 3.822952002286911 2.4
    endloop
  endfacet
  facet normal -0.2933688526748759 -0.9559993285982092 0
    outer loop
      vertex 86.4782619997859 3.9210880026221275 2.4
      vertex 86.61151000112295 3.8801980018615723 2.4
      vertex 86.61151000112295 3.8801980018615723 3
    endloop
  endfacet
  facet normal -0.43884134615803394 -0.8985645624562569 0
    outer loop
      vertex 86.72872599959373 3.822952002286911 2.4
      vertex 86.72872599959373 3.822952002286911 3
      vertex 86.61151000112295 3.8801980018615723 2.4
    endloop
  endfacet
  facet normal -0.8434563495794576 -0.5371977162591962 0
    outer loop
      vertex 86.91377200186253 3.6606928035616875 2.4
      vertex 86.97899799793959 3.558281198143959 2.4
      vertex 86.97899799793959 3.558281198143959 3
    endloop
  endfacet
  facet normal -0.7264803332856413 -0.6871872563931782 0
    outer loop
      vertex 86.91377200186253 3.6606928035616875 2.4
      vertex 86.91377200186253 3.6606928035616875 3
      vertex 86.82991000264883 3.749349996447563 2.4
    endloop
  endfacet
  facet normal 0.053418305054948025 -0.998572223069046 0
    outer loop
      vertex 86.01153519749641 3.945661596953869 2.4
      vertex 86.16367000341415 3.9538000002503395 2.4
      vertex 86.16367000341415 3.9538000002503395 3
    endloop
  endfacet
  facet normal -0.04940968895516821 -0.9987785954040832 0
    outer loop
      vertex 86.16367000341415 3.9538000002503395 2.4
      vertex 86.32898200303316 3.945621997117996 2.4
      vertex 86.32898200303316 3.945621997117996 3
    endloop
  endfacet
  facet normal -0.1621732409144147 -0.9867623016366783 0
    outer loop
      vertex 86.32898200303316 3.945621997117996 2.4
      vertex 86.4782619997859 3.9210880026221275 2.4
      vertex 86.4782619997859 3.9210880026221275 3
    endloop
  endfacet
  facet normal -0.5809918060539258 0.8139094060755149 0
    outer loop
      vertex 83.73040000349283 3.561159998178482 2.4
      vertex 83.08348000049591 3.099370002746582 3
      vertex 83.73040000349283 3.561159998178482 3
    endloop
  endfacet
  facet normal 0.5666248307547566 -0.8239759105533022 0
    outer loop
      vertex 83.08348000049591 3.445210002362728 2.4
      vertex 83.76094000041485 3.911080002784729 3
      vertex 83.08348000049591 3.445210002362728 3
    endloop
  endfacet
  facet normal 0.9829226633538728 -0.18401912364026016 0
    outer loop
      vertex 85.22580999881029 3.2031100019812584 2.4
      vertex 85.25050479918718 3.3350152000784874 3
      vertex 85.22580999881029 3.2031100019812584 3
    endloop
  endfacet
  facet normal 0.9455464125358579 -0.3254872988928587 0
    outer loop
      vertex 85.25050479918718 3.3350152000784874 2.4
      vertex 85.29204519838095 3.4556908011436462 3
      vertex 85.25050479918718 3.3350152000784874 3
    endloop
  endfacet
  facet normal 0.8823033960253387 -0.47068112067742257 0
    outer loop
      vertex 85.29204519838095 3.4556908011436462 2.4
      vertex 85.35043119639158 3.5651367977261543 3
      vertex 85.29204519838095 3.4556908011436462 3
    endloop
  endfacet
  facet normal 0.09201065510999949 0.9957580224865019 0
    outer loop
      vertex 85.6001499965787 3.168520003557205 2.4
      vertex 85.22580999881029 3.2031100019812584 3
      vertex 85.6001499965787 3.168520003557205 3
    endloop
  endfacet
  facet normal -0.9846394092441515 0.17460021123506228 0
    outer loop
      vertex 85.61572720110416 3.2563659995794296 2.4
      vertex 85.6001499965787 3.168520003557205 3
      vertex 85.61572720110416 3.2563659995794296 3
    endloop
  endfacet
  facet normal -0.9520511160924128 0.30593900102339217 0
    outer loop
      vertex 85.6413147971034 3.3359920009970665 2.4
      vertex 85.61572720110416 3.2563659995794296 3
      vertex 85.6413147971034 3.3359920009970665 3
    endloop
  endfacet
  facet normal -0.8949529566115484 0.4461605153442515 0
    outer loop
      vertex 85.67691279947758 3.407398000359535 2.4
      vertex 85.6413147971034 3.3359920009970665 3
      vertex 85.67691279947758 3.407398000359535 3
    endloop
  endfacet
  facet normal -0.8108371365833016 0.585271849602723 0
    outer loop
      vertex 85.7225212007761 3.470583997666836 2.4
      vertex 85.67691279947758 3.407398000359535 3
      vertex 85.7225212007761 3.470583997666836 3
    endloop
  endfacet
  facet normal -0.7029203839572347 0.7112685384701154 0
    outer loop
      vertex 85.77814000099897 3.525550000369549 2.4
      vertex 85.7225212007761 3.470583997666836 3
      vertex 85.77814000099897 3.525550000369549 3
    endloop
  endfacet
  facet normal 0.7938702576519482 -0.6080871763288794 0
    outer loop
      vertex 85.35043119639158 3.5651367977261543 2.4
      vertex 85.42566280066967 3.6633531972765923 3
      vertex 85.35043119639158 3.5651367977261543 3
    endloop
  endfacet
  facet normal 0.6867278707479254 -0.7269145971419344 0
    outer loop
      vertex 85.42566280066967 3.6633531972765923 2.4
      vertex 85.51773999631405 3.75033999979496 3
      vertex 85.42566280066967 3.6633531972765923 3
    endloop
  endfacet
  facet normal -0.5822801209003629 0.8129882291917014 0
    outer loop
      vertex 85.84206040203571 3.571331202983856 2.4
      vertex 85.77814000099897 3.525550000369549 3
      vertex 85.84206040203571 3.571331202983856 3
    endloop
  endfacet
  facet normal -0.4507647812356375 0.892642768411635 0
    outer loop
      vertex 85.91257359832525 3.6069388017058372 2.4
      vertex 85.84206040203571 3.571331202983856 3
      vertex 85.91257359832525 3.6069388017058372 3
    endloop
  endfacet
  facet normal -0.31325544445619063 0.949668903628288 0
    outer loop
      vertex 85.98967959731817 3.632372796535492 2.4
      vertex 85.91257359832525 3.6069388017058372 3
      vertex 85.98967959731817 3.632372796535492 3
    endloop
  endfacet
  facet normal -0.17936830835241085 0.9837819931055836 0
    outer loop
      vertex 86.07337839901447 3.6476332023739815 2.4
      vertex 85.98967959731817 3.632372796535492 3
      vertex 86.07337839901447 3.6476332023739815 3
    endloop
  endfacet
  facet normal 0.5676203716850536 -0.8232904187758544 0
    outer loop
      vertex 85.51773999631405 3.75033999979496 2.4
      vertex 85.62397719919682 3.8235855996608734 3
      vertex 85.51773999631405 3.75033999979496 3
    endloop
  endfacet
  facet normal 0.43563263574466077 -0.9001245506451647 0
    outer loop
      vertex 85.62397719919682 3.8235855996608734 2.4
      vertex 85.74168880283833 3.880554400384426 3
      vertex 85.62397719919682 3.8235855996608734 3
    endloop
  endfacet
  facet normal 0.300435910891314 -0.9538020043210783 0
    outer loop
      vertex 85.74168880283833 3.880554400384426 2.4
      vertex 85.870874799788 3.921246401965618 3
      vertex 85.74168880283833 3.880554400384426 3
    endloop
  endfacet
  facet normal 0 -1 0
    outer loop
      vertex 83.76094000041485 3.911080002784729 2.4
      vertex 84.09865000098944 3.911080002784729 3
      vertex 83.76094000041485 3.911080002784729 3
    endloop
  endfacet
  facet normal 0.17101833202057576 -0.9852678468888041 0
    outer loop
      vertex 85.870874799788 3.921246401965618 2.4
      vertex 86.01153519749641 3.945661596953869 3
      vertex 85.870874799788 3.921246401965618 3
    endloop
  endfacet
  facet normal 0.053418305054948025 -0.998572223069046 0
    outer loop
      vertex 86.01153519749641 3.945661596953869 2.4
      vertex 86.16367000341415 3.9538000002503395 3
      vertex 86.01153519749641 3.945661596953869 3
    endloop
  endfacet
  facet normal 0.9981217820965664 0.061260983540703924 0
    outer loop
      vertex 86.6865099966526 3.156309999525547 2.4
      vertex 86.68097560107708 3.2464815974235535 3
      vertex 86.6865099966526 3.156309999525547 3
    endloop
  endfacet
  facet normal 0.9799720900408008 0.1991348857961972 0
    outer loop
      vertex 86.68097560107708 3.2464815974235535 2.4
      vertex 86.66437239944935 3.3281883969902992 3
      vertex 86.68097560107708 3.2464815974235535 3
    endloop
  endfacet
  facet normal 0.9354602713208452 0.3534318615806035 0
    outer loop
      vertex 86.66437239944935 3.3281883969902992 2.4
      vertex 86.63670039921999 3.4014303982257843 3
      vertex 86.66437239944935 3.3281883969902992 3
    endloop
  endfacet
  facet normal 0.8582257473518838 0.5132724097224597 0
    outer loop
      vertex 86.63670039921999 3.4014303982257843 2.4
      vertex 86.597959600389 3.4662076011300087 3
      vertex 86.63670039921999 3.4014303982257843 3
    endloop
  endfacet
  facet normal 0.7490309883909421 0.6625349639302732 0
    outer loop
      vertex 86.597959600389 3.4662076011300087 2.4
      vertex 86.54815000295639 3.522519998252392 3
      vertex 86.597959600389 3.4662076011300087 3
    endloop
  endfacet
  facet normal -0.9989531696072733 0.04574456177057976 0
    outer loop
      vertex 87.06285999715328 3.168520003557205 2.4
      vertex 87.05980840325356 3.1018804013729095 3
      vertex 87.06285999715328 3.168520003557205 3
    endloop
  endfacet
  facet normal -0.9979035414380253 -0.0647187915944603 0
    outer loop
      vertex 87.05354200303555 3.312194801867008 2.4
      vertex 87.06285999715328 3.168520003557205 3
      vertex 87.05354200303555 3.312194801867008 3
    endloop
  endfacet
  facet normal -0.9776264454907188 -0.2103485989427614 0
    outer loop
      vertex 87.0255879983306 3.4421152025461197 2.4
      vertex 87.05354200303555 3.312194801867008 3
      vertex 87.0255879983306 3.4421152025461197 3
    endloop
  endfacet
  facet normal -0.05624821043537226 0.9984168161758985 0
    outer loop
      vertex 86.16367000341415 3.652719996869564 2.4
      vertex 86.07337839901447 3.6476332023739815 3
      vertex 86.16367000341415 3.652719996869564 3
    endloop
  endfacet
  facet normal 0.055233193872251736 0.9984734820187616 0
    outer loop
      vertex 86.25781720131636 3.6475119963288307 2.4
      vertex 86.16367000341415 3.652719996869564 3
      vertex 86.25781720131636 3.6475119963288307 3
    endloop
  endfacet
  facet normal 0.179716142714487 0.9837185105749642 0
    outer loop
      vertex 86.34333880245686 3.6318880021572113 2.4
      vertex 86.25781720131636 3.6475119963288307 3
      vertex 86.34333880245686 3.6318880021572113 3
    endloop
  endfacet
  facet normal 0.32074719162839865 0.9471648426026461 0
    outer loop
      vertex 86.42023479938507 3.6058479994535446 2.4
      vertex 86.34333880245686 3.6318880021572113 3
      vertex 86.42023479938507 3.6058479994535446 3
    endloop
  endfacet
  facet normal 0.6178886359422859 0.7862656253286042 0
    outer loop
      vertex 86.54815000295639 3.522519998252392 2.4
      vertex 86.48850519955158 3.569392003118992 3
      vertex 86.54815000295639 3.522519998252392 3
    endloop
  endfacet
  facet normal 0.471042018828908 0.8821107733712285 0
    outer loop
      vertex 86.48850519955158 3.569392003118992 2.4
      vertex 86.42023479938507 3.6058479994535446 3
      vertex 86.48850519955158 3.569392003118992 3
    endloop
  endfacet
  facet normal -0.5882429962093122 -0.8086842260182222 0
    outer loop
      vertex 86.72872599959373 3.822952002286911 2.4
      vertex 86.82991000264883 3.749349996447563 3
      vertex 86.72872599959373 3.822952002286911 3
    endloop
  endfacet
  facet normal -0.43884134615803394 -0.8985645624562569 0
    outer loop
      vertex 86.61151000112295 3.8801980018615723 2.4
      vertex 86.72872599959373 3.822952002286911 3
      vertex 86.61151000112295 3.8801980018615723 3
    endloop
  endfacet
  facet normal -0.9281357665492257 -0.37224185532000725 0
    outer loop
      vertex 86.97899799793959 3.558281198143959 2.4
      vertex 87.0255879983306 3.4421152025461197 3
      vertex 86.97899799793959 3.558281198143959 3
    endloop
  endfacet
  facet normal -0.8434563495794576 -0.5371977162591962 0
    outer loop
      vertex 86.91377200186253 3.6606928035616875 2.4
      vertex 86.97899799793959 3.558281198143959 3
      vertex 86.91377200186253 3.6606928035616875 3
    endloop
  endfacet
  facet normal -0.7264803332856413 -0.6871872563931782 0
    outer loop
      vertex 86.82991000264883 3.749349996447563 2.4
      vertex 86.91377200186253 3.6606928035616875 3
      vertex 86.82991000264883 3.749349996447563 3
    endloop
  endfacet
  facet normal -0.04940968895516821 -0.9987785954040832 0
    outer loop
      vertex 86.16367000341415 3.9538000002503395 2.4
      vertex 86.32898200303316 3.945621997117996 3
      vertex 86.16367000341415 3.9538000002503395 3
    endloop
  endfacet
  facet normal -0.1621732409144147 -0.9867623016366783 0
    outer loop
      vertex 86.32898200303316 3.945621997117996 2.4
      vertex 86.4782619997859 3.9210880026221275 3
      vertex 86.32898200303316 3.945621997117996 3
    endloop
  endfacet
  facet normal -0.2933688526748759 -0.9559993285982092 0
    outer loop
      vertex 86.4782619997859 3.9210880026221275 2.4
      vertex 86.61151000112295 3.8801980018615723 3
      vertex 86.4782619997859 3.9210880026221275 3
    endloop
  endfacet
  facet normal 0 0 -1
    outer loop
      vertex 0 0 0
      vertex 4 5 0
      vertex 10 5 0
    endloop
  endfacet
  facet normal 0 0 -1
    outer loop
      vertex 0 0 0
      vertex 10 5 0
      vertex 14 5 0
    endloop
  endfacet
  facet normal 0 0 -1
    outer loop
      vertex 0 0 0
      vertex 14 5 0
      vertex 21 5 0
    endloop
  endfacet
  facet normal 0 0 -1
    outer loop
      vertex 0 0 0
      vertex 21 5 0
      vertex 25 5 0
    endloop
  endfacet
  facet normal 0 0 -1
    outer loop
      vertex 0 0 0
      vertex 25 5 0
      vertex 33 5 0
    endloop
  endfacet
  facet normal 0 0 -1
    outer loop
      vertex 0 0 0
      vertex 33 5 0
      vertex 37 5 0
    endloop
  endfacet
  facet normal 0 0 -1
    outer loop
      vertex 0 0 0
      vertex 0 25 0
      vertex 4 5 0
    endloop
  endfacet
  facet normal 0 0 -1
    outer loop
      vertex 10 5 0
      vertex 10 25 0
      vertex 14 5 0
    endloop
  endfacet
  facet normal 0 0 -1
    outer loop
      vertex 21 25 0
      vertex 25 5 0
      vertex 21 5 0
    endloop
  endfacet
  facet normal 0 0 -1
    outer loop
      vertex 0 0 0
      vertex 37 5 0
      vertex 46 5 0
    endloop
  endfacet
  facet normal 0 0 -1
    outer loop
      vertex 0 0 0
      vertex 46 5 0
      vertex 50 5 0
    endloop
  endfacet
  facet normal 0 0 -1
    outer loop
      vertex 0 0 0
      vertex 50 5 0
      vertex 60 5 0
    endloop
  endfacet
  facet normal 0 0 -1
    outer loop
      vertex 33 25 0
      vertex 37 5 0
      vertex 33 5 0
    endloop
  endfacet
  facet normal 0 0 -1
    outer loop
      vertex 46 25 0
      vertex 50 5 0
      vertex 46 5 0
    endloop
  endfacet
  facet normal 0 0 1
    outer loop
      vertex 0 0 3
      vertex 6.698885798454285 1.0826895982027054 3
      vertex 6.550781801342964 1.1547015979886055 3
    endloop
  endfacet
  facet normal 0 0 1
    outer loop
      vertex 0 0 3
      vertex 6.865220196545124 1.0394823998212814 3
      vertex 6.698885798454285 1.0826895982027054 3
    endloop
  endfacet
  facet normal 0 0 1
    outer loop
      vertex 0 0 3
      vertex 7.049785003066063 1.0250800028443336 3
      vertex 6.865220196545124 1.0394823998212814 3
    endloop
  endfacet
  facet normal 0 0 1
    outer loop
      vertex 0 0 3
      vertex 7.215626202523708 1.0355764031410217 3
      vertex 7.049785003066063 1.0250800028443336 3
    endloop
  endfacet
  facet normal 0 0 1
    outer loop
      vertex 0 0 3
      vertex 6.550781801342964 1.1547015979886055 3
      vertex 6.420908197760582 1.2555183991789818 3
    endloop
  endfacet
  facet normal 0 0 1
    outer loop
      vertex 0 0 3
      vertex 6.420908197760582 1.2555183991789818 3
      vertex 6.309265002608299 1.3851400017738342 3
    endloop
  endfacet
  facet normal 0 0 1
    outer loop
      vertex 0 0 3
      vertex 6.309265002608299 1.3851400017738342 3
      vertex 6.216989800333977 1.5422775968909264 3
    endloop
  endfacet
  facet normal 0 0 1
    outer loop
      vertex 0 0 3
      vertex 6.216989800333977 1.5422775968909264 3
      vertex 6.145220197737217 1.7256183996796608 3
    endloop
  endfacet
  facet normal 0 0 1
    outer loop
      vertex 0 0 3
      vertex 6.145220197737217 1.7256183996796608 3
      vertex 6.0939562022686005 1.935162402689457 3
    endloop
  endfacet
  facet normal 0 0 1
    outer loop
      vertex 0 0 3
      vertex 6.0939562022686005 1.935162402689457 3
      vertex 6.063197799026966 2.170909598469734 3
    endloop
  endfacet
  facet normal 0 0 1
    outer loop
      vertex 0 0 3
      vertex 6.063197799026966 2.170909598469734 3
      vertex 6.052945002913475 2.4328600019216537 3
    endloop
  endfacet
  facet normal 0 0 1
    outer loop
      vertex 0 0 3
      vertex 6.052945002913475 2.4328600019216537 3
      vertex 6.063604600727558 2.716854400932789 3
    endloop
  endfacet
  facet normal 0 0 1
    outer loop
      vertex 0 0 3
      vertex 6.063604600727558 2.716854400932789 3
      vertex 6.095583401620388 2.9731815978884697 3
    endloop
  endfacet
  facet normal 0 0 1
    outer loop
      vertex 0 0 3
      vertex 6.095583401620388 2.9731815978884697 3
      vertex 6.148881398141384 3.201841600239277 3
    endloop
  endfacet
  facet normal 0 0 1
    outer loop
      vertex 0 0 3
      vertex 6.148881398141384 3.201841600239277 3
      vertex 4 5 3
    endloop
  endfacet
  facet normal 0 0 1
    outer loop
      vertex 0 0 3
      vertex 17.083915002644062 1.066720001399517 3
      vertex 7.215626202523708 1.0355764031410217 3
    endloop
  endfacet
  facet normal 0 0 1
    outer loop
      vertex 6.763283796608448 1.3962315991520882 3
      vertex 6.847307801246643 1.3539196029305458 3
      vertex 6.938738197088242 1.3285323977470398 3
    endloop
  endfacet
  facet normal 0 0 1
    outer loop
      vertex 6.763283796608448 1.3962315991520882 3
      vertex 6.938738197088242 1.3285323977470398 3
      vertex 6.686666198074818 1.455468401312828 3
    endloop
  endfacet
  facet normal 0 0 1
    outer loop
      vertex 6.617454998195171 1.531630001962185 3
      vertex 6.686666198074818 1.455468401312828 3
      vertex 7.037574999034405 1.3200699985027313 3
    endloop
  endfacet
  facet normal 0 0 1
    outer loop
      vertex 6.938738197088242 1.3285323977470398 3
      vertex 7.037574999034405 1.3200699985027313 3
      vertex 6.686666198074818 1.455468401312828 3
    endloop
  endfacet
  facet normal 0 0 1
    outer loop
      vertex 6.617454998195171 1.531630001962185 3
      vertex 7.037574999034405 1.3200699985027313 3
      vertex 7.138798601925373 1.327189601957798 3
    endloop
  endfacet
  facet normal 0 0 1
    outer loop
      vertex 6.558508597314358 1.6210659965872765 3
      vertex 7.138798601925373 1.327189601957798 3
      vertex 7.230909399688244 1.3485483974218369 3
    endloop
  endfacet
  facet normal 0 0 1
    outer loop
      vertex 6.558508597314358 1.6210659965872765 3
      vertex 7.230909399688244 1.3485483974218369 3
      vertex 7.313907399773598 1.384146399796009 3
    endloop
  endfacet
  facet normal 0 0 1
    outer loop
      vertex 6.617454998195171 1.531630001962185 3
      vertex 7.138798601925373 1.327189601957798 3
      vertex 6.558508597314358 1.6210659965872765 3
    endloop
  endfacet
  facet normal 0 0 1
    outer loop
      vertex 6.558508597314358 1.6210659965872765 3
      vertex 7.313907399773598 1.384146399796009 3
      vertex 7.387792602181435 1.433983601629734 3
    endloop
  endfacet
  facet normal 0 0 1
    outer loop
      vertex 6.558508597314358 1.6210659965872765 3
      vertex 7.387792602181435 1.433983601629734 3
      vertex 7.452564999461174 1.4980600029230118 3
    endloop
  endfacet
  facet normal 0 0 1
    outer loop
      vertex 0 0 3
      vertex 17.46635500341654 1.066720001399517 3
      vertex 17.083915002644062 1.066720001399517 3
    endloop
  endfacet
  facet normal 0 0 1
    outer loop
      vertex 7.215626202523708 1.0355764031410217 3
      vertex 17.083915002644062 1.066720001399517 3
      vertex 7.366493798792362 1.0670655965805054 3
    endloop
  endfacet
  facet normal 0 0 1
    outer loop
      vertex 7.366493798792362 1.0670655965805054 3
      vertex 17.083915002644062 1.066720001399517 3
      vertex 7.502387799322605 1.1195475980639458 3
    endloop
  endfacet
  facet normal 0 0 1
    outer loop
      vertex 7.502387799322605 1.1195475980639458 3
      vertex 17.083915002644062 1.066720001399517 3
      vertex 7.6233081966638565 1.1930224001407623 3
    endloop
  endfacet
  facet normal 0 0 1
    outer loop
      vertex 7.6233081966638565 1.1930224001407623 3
      vertex 17.083915002644062 1.066720001399517 3
      vertex 7.729254998266697 1.287490002810955 3
    endloop
  endfacet
  facet normal 0 0 1
    outer loop
      vertex 7.729254998266697 1.287490002810955 3
      vertex 17.083915002644062 1.066720001399517 3
      vertex 7.817869000136852 1.4001159965991974 3
    endloop
  endfacet
  facet normal 0 0 1
    outer loop
      vertex 7.817869000136852 1.4001159965991974 3
      vertex 17.083915002644062 1.066720001399517 3
      vertex 7.886790998280048 1.5280420035123825 3
    endloop
  endfacet
  facet normal 0 0 1
    outer loop
      vertex 7.886790998280048 1.5280420035123825 3
      vertex 17.083915002644062 1.066720001399517 3
      vertex 7.936021000146866 1.6712680011987686 3
    endloop
  endfacet
  facet normal 0 0 1
    outer loop
      vertex 7.936021000146866 1.6712680011987686 3
      vertex 17.083915002644062 1.066720001399517 3
      vertex 7.965558998286724 1.8297939971089363 3
    endloop
  endfacet
  facet normal 0 0 1
    outer loop
      vertex 6.558508597314358 1.6210659965872765 3
      vertex 7.579043798148632 1.7596468031406403 3
      vertex 6.512661397457123 1.720101997256279 3
    endloop
  endfacet
  facet normal 0 0 1
    outer loop
      vertex 6.558508597314358 1.6210659965872765 3
      vertex 7.452564999461174 1.4980600029230118 3
      vertex 7.506770201027393 1.5745972022414207 3
    endloop
  endfacet
  facet normal 0 0 1
    outer loop
      vertex 6.558508597314358 1.6210659965872765 3
      vertex 7.506770201027393 1.5745972022414207 3
      vertex 7.548929803073406 1.6617927998304367 3
    endloop
  endfacet
  facet normal 0 0 1
    outer loop
      vertex 6.558508597314358 1.6210659965872765 3
      vertex 7.548929803073406 1.6617927998304367 3
      vertex 7.579043798148632 1.7596468031406403 3
    endloop
  endfacet
  facet normal 0 0 1
    outer loop
      vertex 6.512661397457123 1.720101997256279 3
      vertex 7.597112201154232 1.8681591972708702 3
      vertex 6.4799133986234665 1.828737996518612 3
    endloop
  endfacet
  facet normal 0 0 1
    outer loop
      vertex 6.4799133986234665 1.828737996518612 3
      vertex 7.603134997189045 1.9873299971222878 3
      vertex 6.460264600813389 1.9469740018248558 3
    endloop
  endfacet
  facet normal 0 0 1
    outer loop
      vertex 6.512661397457123 1.720101997256279 3
      vertex 7.579043798148632 1.7596468031406403 3
      vertex 7.597112201154232 1.8681591972708702 3
    endloop
  endfacet
  facet normal 0 0 1
    outer loop
      vertex 6.4799133986234665 1.828737996518612 3
      vertex 7.597112201154232 1.8681591972708702 3
      vertex 7.603134997189045 1.9873299971222878 3
    endloop
  endfacet
  facet normal 0 0 1
    outer loop
      vertex 6.460264600813389 1.9469740018248558 3
      vertex 6.926782600581646 2.6303092017769814 3
      vertex 6.453714996576309 2.0748099982738495 3
    endloop
  endfacet
  facet normal 0 0 1
    outer loop
      vertex 6.453714996576309 2.0748099982738495 3
      vertex 6.83609139919281 2.6123668029904366 3
      vertex 6.460020996630192 2.175269201397896 3
    endloop
  endfacet
  facet normal 0 0 1
    outer loop
      vertex 6.460020996630192 2.175269201397896 3
      vertex 6.7532913982868195 2.582462802529335 3
      vertex 6.47893899679184 2.26669479906559 3
    endloop
  endfacet
  facet normal 0 0 1
    outer loop
      vertex 6.460264600813389 1.9469740018248558 3
      vertex 7.603134997189045 1.9873299971222878 3
      vertex 7.597031801939011 2.1061336025595665 3
    endloop
  endfacet
  facet normal 0 0 1
    outer loop
      vertex 6.460264600813389 1.9469740018248558 3
      vertex 7.597031801939011 2.1061336025595665 3
      vertex 7.578722201287746 2.213544398546219 3
    endloop
  endfacet
  facet normal 0 0 1
    outer loop
      vertex 6.460264600813389 1.9469740018248558 3
      vertex 7.578722201287746 2.213544398546219 3
      vertex 7.548206202685833 2.309562399983406 3
    endloop
  endfacet
  facet normal 0 0 1
    outer loop
      vertex 6.460264600813389 1.9469740018248558 3
      vertex 7.548206202685833 2.309562399983406 3
      vertex 7.50548379868269 2.3941875994205475 3
    endloop
  endfacet
  facet normal 0 0 1
    outer loop
      vertex 6.460264600813389 1.9469740018248558 3
      vertex 7.50548379868269 2.3941875994205475 3
      vertex 7.450554996728897 2.467419996857643 3
    endloop
  endfacet
  facet normal 0 0 1
    outer loop
      vertex 6.460264600813389 1.9469740018248558 3
      vertex 7.450554996728897 2.467419996857643 3
      vertex 7.384721800684929 2.5282132029533386 3
    endloop
  endfacet
  facet normal 0 0 1
    outer loop
      vertex 6.47893899679184 2.26669479906559 3
      vertex 6.678382597863674 2.5405972003936768 3
      vertex 6.510468997061253 2.3490867987275124 3
    endloop
  endfacet
  facet normal 0 0 1
    outer loop
      vertex 6.510468997061253 2.3490867987275124 3
      vertex 6.611364997923374 2.4867699965834618 3
      vertex 6.554610997438431 2.422445200383663 3
    endloop
  endfacet
  facet normal 0 0 1
    outer loop
      vertex 6.47893899679184 2.26669479906559 3
      vertex 6.7532913982868195 2.582462802529335 3
      vertex 6.678382597863674 2.5405972003936768 3
    endloop
  endfacet
  facet normal 0 0 1
    outer loop
      vertex 6.510468997061253 2.3490867987275124 3
      vertex 6.678382597863674 2.5405972003936768 3
      vertex 6.611364997923374 2.4867699965834618 3
    endloop
  endfacet
  facet normal 0 0 1
    outer loop
      vertex 6.417084999382496 2.5406799986958504 3
      vertex 6.460215397179127 2.611192002892494 3
      vertex 6.4239609986543655 2.75156319886446 3
    endloop
  endfacet
  facet normal 0 0 1
    outer loop
      vertex 6.460215397179127 2.611192002892494 3
      vertex 6.5098545998334885 2.674624003469944 3
      vertex 6.4239609986543655 2.75156319886446 3
    endloop
  endfacet
  facet normal 0 0 1
    outer loop
      vertex 6.4239609986543655 2.75156319886446 3
      vertex 6.5098545998334885 2.674624003469944 3
      vertex 6.5660025998950005 2.7309760004281998 3
    endloop
  endfacet
  facet normal 0 0 1
    outer loop
      vertex 6.453714996576309 2.0748099982738495 3
      vertex 6.926782600581646 2.6303092017769814 3
      vertex 6.83609139919281 2.6123668029904366 3
    endloop
  endfacet
  facet normal 0 0 1
    outer loop
      vertex 6.460264600813389 1.9469740018248558 3
      vertex 7.025365002453327 2.6362899988889694 3
      vertex 6.926782600581646 2.6303092017769814 3
    endloop
  endfacet
  facet normal 0 0 1
    outer loop
      vertex 6.460264600813389 1.9469740018248558 3
      vertex 7.3092861995100975 2.5754968002438545 3
      vertex 7.2242482006549835 2.609270803630352 3
    endloop
  endfacet
  facet normal 0 0 1
    outer loop
      vertex 6.460264600813389 1.9469740018248558 3
      vertex 7.2242482006549835 2.609270803630352 3
      vertex 7.129607796669006 2.62953519821167 3
    endloop
  endfacet
  facet normal 0 0 1
    outer loop
      vertex 6.460264600813389 1.9469740018248558 3
      vertex 7.129607796669006 2.62953519821167 3
      vertex 7.025365002453327 2.6362899988889694 3
    endloop
  endfacet
  facet normal 0 0 1
    outer loop
      vertex 6.460020996630192 2.175269201397896 3
      vertex 6.83609139919281 2.6123668029904366 3
      vertex 6.7532913982868195 2.582462802529335 3
    endloop
  endfacet
  facet normal 0 0 1
    outer loop
      vertex 6.460264600813389 1.9469740018248558 3
      vertex 7.384721800684929 2.5282132029533386 3
      vertex 7.3092861995100975 2.5754968002438545 3
    endloop
  endfacet
  facet normal 0 0 1
    outer loop
      vertex 6.4239609986543655 2.75156319886446 3
      vertex 6.5660025998950005 2.7309760004281998 3
      vertex 6.4445889964699745 2.9415327981114388 3
    endloop
  endfacet
  facet normal 0 0 1
    outer loop
      vertex 6.5660025998950005 2.7309760004281998 3
      vertex 6.628659397363663 2.780248001217842 3
      vertex 6.4445889964699745 2.9415327981114388 3
    endloop
  endfacet
  facet normal 0 0 1
    outer loop
      vertex 6.4445889964699745 2.9415327981114388 3
      vertex 6.628659397363663 2.780248001217842 3
      vertex 6.697824999690056 2.8224399983882904 3
    endloop
  endfacet
  facet normal 0 0 1
    outer loop
      vertex 6.4445889964699745 2.9415327981114388 3
      vertex 6.697824999690056 2.8224399983882904 3
      vertex 6.478969000279903 3.1105887964367867 3
    endloop
  endfacet
  facet normal 0 0 1
    outer loop
      vertex 6.478969000279903 3.1105887964367867 3
      vertex 6.697824999690056 2.8224399983882904 3
      vertex 6.772361800074577 2.8572267964482307 3
    endloop
  endfacet
  facet normal 0 0 1
    outer loop
      vertex 6.478969000279903 3.1105887964367867 3
      vertex 6.772361800074577 2.8572267964482307 3
      vertex 6.527101002633572 3.2587312012910843 3
    endloop
  endfacet
  facet normal 0 0 1
    outer loop
      vertex 6.527101002633572 3.2587312012910843 3
      vertex 6.772361800074577 2.8572267964482307 3
      vertex 6.851132199168205 2.884283199906349 3
    endloop
  endfacet
  facet normal 0 0 1
    outer loop
      vertex 6.588985003530979 3.3859599977731705 3
      vertex 6.851132199168205 2.884283199906349 3
      vertex 6.93413619697094 2.903609201312065 3
    endloop
  endfacet
  facet normal 0 0 1
    outer loop
      vertex 6.66340059787035 3.491054803133011 3
      vertex 6.93413619697094 2.903609201312065 3
      vertex 7.021373800933361 2.9152048006653786 3
    endloop
  endfacet
  facet normal 0 0 1
    outer loop
      vertex 7.264970198273659 2.9091423973441124 3
      vertex 7.403993800282478 2.8793596029281616 3
      vertex 7.546164996922016 3.3280000016093254 3
    endloop
  endfacet
  facet normal 0 0 1
    outer loop
      vertex 7.112845003604889 2.9190699979662895 3
      vertex 7.264970198273659 2.9091423973441124 3
      vertex 7.49278300255537 3.45396039634943 3
    endloop
  endfacet
  facet normal 0 0 1
    outer loop
      vertex 7.826316997408867 2.564768798649311 3
      vertex 7.896085001528263 3.3910600021481514 3
      vertex 7.742454998195171 2.6708799973130226 3
    endloop
  endfacet
  facet normal 0 0 1
    outer loop
      vertex 7.529915802180767 2.829721599817276 3
      vertex 7.546164996922016 3.3280000016093254 3
      vertex 7.403993800282478 2.8793596029281616 3
    endloop
  endfacet
  facet normal 0 0 1
    outer loop
      vertex 7.642736196517944 2.7602284029126167 3
      vertex 7.742454998195171 2.6708799973130226 3
      vertex 7.896085001528263 3.3910600021481514 3
    endloop
  endfacet
  facet normal 0 0 1
    outer loop
      vertex 7.642736196517944 2.7602284029126167 3
      vertex 7.896085001528263 3.3910600021481514 3
      vertex 7.529915802180767 2.829721599817276 3
    endloop
  endfacet
  facet normal 0 0 1
    outer loop
      vertex 7.965558998286724 1.8297939971089363 3
      vertex 17.083915002644062 1.066720001399517 3
      vertex 7.975405000150204 2.003619998693466 3
    endloop
  endfacet
  facet normal 0 0 1
    outer loop
      vertex 7.975405000150204 2.003619998693466 3
      vertex 17.23298379778862 1.9826655983924866 3
      vertex 7.966086998581886 2.164412796497345 3
    endloop
  endfacet
  facet normal 0 0 1
    outer loop
      vertex 7.966086998581886 2.164412796497345 3
      vertex 17.23298379778862 1.9826655983924866 3
      vertex 7.938133001327515 2.3115352019667625 3
    endloop
  endfacet
  facet normal 0 0 1
    outer loop
      vertex 7.938133001327515 2.3115352019667625 3
      vertex 17.23298379778862 1.9826655983924866 3
      vertex 7.891543000936508 2.4449872002005577 3
    endloop
  endfacet
  facet normal 0 0 1
    outer loop
      vertex 7.891543000936508 2.4449872002005577 3
      vertex 17.23298379778862 1.9826655983924866 3
      vertex 7.826316997408867 2.564768798649311 3
    endloop
  endfacet
  facet normal 0 0 1
    outer loop
      vertex 6.148881398141384 3.201841600239277 3
      vertex 6.223498597741127 3.40283440053463 3
      vertex 4 5 3
    endloop
  endfacet
  facet normal 0 0 1
    outer loop
      vertex 6.223498597741127 3.40283440053463 3
      vertex 6.319435000419617 3.5761599987745285 3
      vertex 4 5 3
    endloop
  endfacet
  facet normal 0 0 1
    outer loop
      vertex 6.319435000419617 3.5761599987745285 3
      vertex 6.435064598917961 3.7197135984897614 3
      vertex 4 5 3
    endloop
  endfacet
  facet normal 0 0 1
    outer loop
      vertex 6.435064598917961 3.7197135984897614 3
      vertex 6.568761400878429 3.8313663974404335 3
      vertex 4 5 3
    endloop
  endfacet
  facet normal 0 0 1
    outer loop
      vertex 6.568761400878429 3.8313663974404335 3
      vertex 6.720525398850441 3.9111184030771255 3
      vertex 4 5 3
    endloop
  endfacet
  facet normal 0 0 1
    outer loop
      vertex 6.720525398850441 3.9111184030771255 3
      vertex 6.890356600284576 3.9589696004986763 3
      vertex 4 5 3
    endloop
  endfacet
  facet normal 0 0 1
    outer loop
      vertex 6.527101002633572 3.2587312012910843 3
      vertex 6.851132199168205 2.884283199906349 3
      vertex 6.588985003530979 3.3859599977731705 3
    endloop
  endfacet
  facet normal 0 0 1
    outer loop
      vertex 6.588985003530979 3.3859599977731705 3
      vertex 6.93413619697094 2.903609201312065 3
      vertex 6.66340059787035 3.491054803133011 3
    endloop
  endfacet
  facet normal 0 0 1
    outer loop
      vertex 7.021373800933361 2.9152048006653786 3
      vertex 7.112845003604889 2.9190699979662895 3
      vertex 7.074175000190735 3.6778900027275085 3
    endloop
  endfacet
  facet normal 0 0 1
    outer loop
      vertex 7.112845003604889 2.9190699979662895 3
      vertex 7.49278300255537 3.45396039634943 3
      vertex 7.418893001973629 3.5519296005368233 3
    endloop
  endfacet
  facet normal 0 0 1
    outer loop
      vertex 6.66340059787035 3.491054803133011 3
      vertex 7.021373800933361 2.9152048006653786 3
      vertex 6.7491274029016495 3.572795197367668 3
    endloop
  endfacet
  facet normal 0 0 1
    outer loop
      vertex 7.021373800933361 2.9152048006653786 3
      vertex 6.846165403723717 3.631181202828884 3
      vertex 6.7491274029016495 3.572795197367668 3
    endloop
  endfacet
  facet normal 0 0 1
    outer loop
      vertex 7.021373800933361 2.9152048006653786 3
      vertex 6.954514600336552 3.666212797164917 3
      vertex 6.846165403723717 3.631181202828884 3
    endloop
  endfacet
  facet normal 0 0 1
    outer loop
      vertex 7.021373800933361 2.9152048006653786 3
      vertex 7.074175000190735 3.6778900027275085 3
      vertex 6.954514600336552 3.666212797164917 3
    endloop
  endfacet
  facet normal 0 0 1
    outer loop
      vertex 7.112845003604889 2.9190699979662895 3
      vertex 7.324495002627373 3.621907599270344 3
      vertex 7.209588997066021 3.663894400000572 3
    endloop
  endfacet
  facet normal 0 0 1
    outer loop
      vertex 7.112845003604889 2.9190699979662895 3
      vertex 7.418893001973629 3.5519296005368233 3
      vertex 7.324495002627373 3.621907599270344 3
    endloop
  endfacet
  facet normal 0 0 1
    outer loop
      vertex 7.112845003604889 2.9190699979662895 3
      vertex 7.209588997066021 3.663894400000572 3
      vertex 7.074175000190735 3.6778900027275085 3
    endloop
  endfacet
  facet normal 0 0 1
    outer loop
      vertex 7.529915802180767 2.829721599817276 3
      vertex 7.896085001528263 3.3910600021481514 3
      vertex 7.546164996922016 3.3280000016093254 3
    endloop
  endfacet
  facet normal 0 0 1
    outer loop
      vertex 7.264970198273659 2.9091423973441124 3
      vertex 7.546164996922016 3.3280000016093254 3
      vertex 7.49278300255537 3.45396039634943 3
    endloop
  endfacet
  facet normal 0 0 1
    outer loop
      vertex 6.890356600284576 3.9589696004986763 3
      vertex 7.078254997730255 3.9749199971556664 3
      vertex 4 5 3
    endloop
  endfacet
  facet normal 0 0 1
    outer loop
      vertex 7.318635396659374 3.9515656009316444 3
      vertex 4 5 3
      vertex 7.078254997730255 3.9749199971556664 3
    endloop
  endfacet
  facet normal 0 0 1
    outer loop
      vertex 10 5 3
      vertex 4 5 3
      vertex 7.318635396659374 3.9515656009316444 3
    endloop
  endfacet
  facet normal 0 0 1
    outer loop
      vertex 7.826316997408867 2.564768798649311 3
      vertex 16.55495499819517 3.933159999549389 3
      vertex 7.896085001528263 3.3910600021481514 3
    endloop
  endfacet
  facet normal 0 0 1
    outer loop
      vertex 7.896085001528263 3.3910600021481514 3
      vertex 16.55495499819517 3.933159999549389 3
      vertex 7.809333398938179 3.601249597966671 3
    endloop
  endfacet
  facet normal 0 0 1
    outer loop
      vertex 7.809333398938179 3.601249597966671 3
      vertex 16.55495499819517 3.933159999549389 3
      vertex 7.684174597263336 3.7647304013371468 3
    endloop
  endfacet
  facet normal 0 0 1
    outer loop
      vertex 7.684174597263336 3.7647304013371468 3
      vertex 16.55495499819517 3.933159999549389 3
      vertex 7.520608596503735 3.8815023973584175 3
    endloop
  endfacet
  facet normal 0 0 1
    outer loop
      vertex 7.318635396659374 3.9515656009316444 3
      vertex 7.520608596503735 3.8815023973584175 3
      vertex 16.55495499819517 3.933159999549389 3
    endloop
  endfacet
  facet normal 0 0 1
    outer loop
      vertex 10 5 3
      vertex 7.318635396659374 3.9515656009316444 3
      vertex 16.55495499819517 3.933159999549389 3
    endloop
  endfacet
  facet normal 0 0 1
    outer loop
      vertex 7.975405000150204 2.003619998693466 3
      vertex 17.083915002644062 1.066720001399517 3
      vertex 17.093231797218323 1.288747601211071 3
    endloop
  endfacet
  facet normal 0 0 1
    outer loop
      vertex 0 0 3
      vertex 28.825058601796627 1.0337871983647346 3
      vertex 17.46635500341654 1.066720001399517 3
    endloop
  endfacet
  facet normal 0 0 1
    outer loop
      vertex 7.975405000150204 2.003619998693466 3
      vertex 17.093231797218323 1.288747601211071 3
      vertex 17.121182203292847 1.5154144018888474 3
    endloop
  endfacet
  facet normal 0 0 1
    outer loop
      vertex 7.975405000150204 2.003619998693466 3
      vertex 17.121182203292847 1.5154144018888474 3
      vertex 17.167766198515892 1.746720403432846 3
    endloop
  endfacet
  facet normal 0 0 1
    outer loop
      vertex 7.975405000150204 2.003619998693466 3
      vertex 17.167766198515892 1.746720403432846 3
      vertex 17.23298379778862 1.9826655983924866 3
    endloop
  endfacet
  facet normal 0 0 1
    outer loop
      vertex 7.826316997408867 2.564768798649311 3
      vertex 17.23298379778862 1.9826655983924866 3
      vertex 17.31683500111103 2.22325000166893 3
    endloop
  endfacet
  facet normal 0 0 1
    outer loop
      vertex 7.826316997408867 2.564768798649311 3
      vertex 17.31683500111103 2.22325000166893 3
      vertex 16.55495499819517 3.621909998357296 3
    endloop
  endfacet
  facet normal 0 0 1
    outer loop
      vertex 17.31683500111103 2.22325000166893 3
      vertex 17.422504596412182 2.4735196009278297 3
      vertex 16.55495499819517 3.621909998357296 3
    endloop
  endfacet
  facet normal 0 0 1
    outer loop
      vertex 17.422504596412182 2.4735196009278297 3
      vertex 17.55315340310335 2.738520398736 3
      vertex 16.55495499819517 3.621909998357296 3
    endloop
  endfacet
  facet normal 0 0 1
    outer loop
      vertex 0 0 3
      vertex 29.00094500184059 1.0250800028443336 3
      vertex 28.825058601796627 1.0337871983647346 3
    endloop
  endfacet
  facet normal 0 0 1
    outer loop
      vertex 0 0 3
      vertex 41.42363499850035 1.0250800028443336 3
      vertex 29.00094500184059 1.0250800028443336 3
    endloop
  endfacet
  facet normal 0 0 1
    outer loop
      vertex 17.46635500341654 1.066720001399517 3
      vertex 28.11578179895878 1.446198396384716 3
      vertex 17.469976596534252 1.2243387997150421 3
    endloop
  endfacet
  facet normal 0 0 1
    outer loop
      vertex 17.469976596534252 1.2243387997150421 3
      vertex 28.11578179895878 1.446198396384716 3
      vertex 17.480841398239136 1.3798431977629662 3
    endloop
  endfacet
  facet normal 0 0 1
    outer loop
      vertex 17.480841398239136 1.3798431977629662 3
      vertex 28.11578179895878 1.446198396384716 3
      vertex 17.49894940108061 1.5332332029938698 3
    endloop
  endfacet
  facet normal 0 0 1
    outer loop
      vertex 17.49894940108061 1.5332332029938698 3
      vertex 28.11578179895878 1.446198396384716 3
      vertex 17.52430059760809 1.6845088005065918 3
    endloop
  endfacet
  facet normal 0 0 1
    outer loop
      vertex 17.52430059760809 1.6845088005065918 3
      vertex 28.11578179895878 1.446198396384716 3
      vertex 17.55689500272274 1.8336699977517128 3
    endloop
  endfacet
  facet normal 0 0 1
    outer loop
      vertex 17.55689500272274 1.8336699977517128 3
      vertex 28.11578179895878 1.446198396384716 3
      vertex 17.596731401979923 1.9821807965636253 3
    endloop
  endfacet
  facet normal 0 0 1
    outer loop
      vertex 17.596731401979923 1.9821807965636253 3
      vertex 28.11578179895878 1.446198396384716 3
      vertex 17.643808603286743 2.131505198776722 3
    endloop
  endfacet
  facet normal 0 0 1
    outer loop
      vertex 17.643808603286743 2.131505198776722 3
      vertex 28.11578179895878 1.446198396384716 3
      vertex 17.69812659919262 2.281643196940422 3
    endloop
  endfacet
  facet normal 0 0 1
    outer loop
      vertex 17.69812659919262 2.281643196940422 3
      vertex 28.11578179895878 1.446198396384716 3
      vertex 17.759685397148132 2.4325947985053062 3
    endloop
  endfacet
  facet normal 0 0 1
    outer loop
      vertex 17.759685397148132 2.4325947985053062 3
      vertex 28.11578179895878 1.446198396384716 3
      vertex 17.828484997153282 2.5843600034713745 3
    endloop
  endfacet
  facet normal 0 0 1
    outer loop
      vertex 17.828484997153282 2.5843600034713745 3
      vertex 28.11118820309639 3.053670398890972 3
      vertex 17.911240600049496 2.7481684014201164 3
    endloop
  endfacet
  facet normal 0 0 1
    outer loop
      vertex 17.911240600049496 2.7481684014201164 3
      vertex 28.17779179662466 3.5888632014393806 3
      vertex 18.01466739922762 2.9352495968341827 3
    endloop
  endfacet
  facet normal 0 0 1
    outer loop
      vertex 7.826316997408867 2.564768798649311 3
      vertex 16.55495499819517 3.621909998357296 3
      vertex 16.55495499819517 3.933159999549389 3
    endloop
  endfacet
  facet normal 0 0 1
    outer loop
      vertex 10 5 3
      vertex 16.55495499819517 3.933159999549389 3
      vertex 14 5 3
    endloop
  endfacet
  facet normal 0 0 1
    outer loop
      vertex 16.55495499819517 3.621909998357296 3
      vertex 17.55315340310335 2.738520398736 3
      vertex 17.708781398832798 3.0182524025440216 3
    endloop
  endfacet
  facet normal 0 0 1
    outer loop
      vertex 16.55495499819517 3.621909998357296 3
      vertex 17.708781398832798 3.0182524025440216 3
      vertex 17.889388598501682 3.312715597450733 3
    endloop
  endfacet
  facet normal 0 0 1
    outer loop
      vertex 16.55495499819517 3.621909998357296 3
      vertex 17.889388598501682 3.312715597450733 3
      vertex 18.094975002110004 3.621909998357296 3
    endloop
  endfacet
  facet normal 0 0 1
    outer loop
      vertex 14 5 3
      vertex 16.55495499819517 3.933159999549389 3
      vertex 18.44897499680519 3.933159999549389 3
    endloop
  endfacet
  facet normal 0 0 1
    outer loop
      vertex 21 5 3
      vertex 14 5 3
      vertex 18.44897499680519 3.933159999549389 3
    endloop
  endfacet
  facet normal 0 0 1
    outer loop
      vertex 18.01466739922762 2.9352495968341827 3
      vertex 28.246428199112415 3.6851247996091843 3
      vertex 18.138765402138233 3.145603597164154 3
    endloop
  endfacet
  facet normal 0 0 1
    outer loop
      vertex 18.138765402138233 3.145603597164154 3
      vertex 28.689282201230526 3.942366398870945 3
      vertex 18.283534601330757 3.3792304024100304 3
    endloop
  endfacet
  facet normal 0 0 1
    outer loop
      vertex 18.283534601330757 3.3792304024100304 3
      vertex 28.689282201230526 3.942366398870945 3
      vertex 18.44897499680519 3.6361299976706505 3
    endloop
  endfacet
  facet normal 0 0 1
    outer loop
      vertex 18.44897499680519 3.6361299976706505 3
      vertex 28.689282201230526 3.942366398870945 3
      vertex 18.44897499680519 3.933159999549389 3
    endloop
  endfacet
  facet normal 0 0 1
    outer loop
      vertex 21 5 3
      vertex 18.44897499680519 3.933159999549389 3
      vertex 25 5 3
    endloop
  endfacet
  facet normal -1 0 0
    outer loop
      vertex 0 0 0
      vertex 0 0 3
      vertex 0 25 3
    endloop
  endfacet
  facet normal 0 0 1
    outer loop
      vertex 0 0 3
      vertex 4 5 3
      vertex 0 25 3
    endloop
  endfacet
  facet normal 0 0 1
    outer loop
      vertex 14 25 3
      vertex 10 5 3
      vertex 14 5 3
    endloop
  endfacet
  facet normal 0 0 1
    outer loop
      vertex 25 25 3
      vertex 21 5 3
      vertex 25 5 3
    endloop
  endfacet
  facet normal 0 -1 0
    outer loop
      vertex 0 0 0
      vertex 95 0 3
      vertex 0 0 3
    endloop
  endfacet
  facet normal 0 0 1
    outer loop
      vertex 17.46635500341654 1.066720001399517 3
      vertex 28.52136740088463 1.1034447997808456 3
      vertex 28.393562600016594 1.164395198225975 3
    endloop
  endfacet
  facet normal 0 0 1
    outer loop
      vertex 17.46635500341654 1.066720001399517 3
      vertex 28.393562600016594 1.164395198225975 3
      vertex 28.281784996390343 1.2427600026130676 3
    endloop
  endfacet
  facet normal 0 0 1
    outer loop
      vertex 17.46635500341654 1.066720001399517 3
      vertex 28.825058601796627 1.0337871983647346 3
      vertex 28.665199398994446 1.0599087998270988 3
    endloop
  endfacet
  facet normal 0 0 1
    outer loop
      vertex 17.46635500341654 1.066720001399517 3
      vertex 28.665199398994446 1.0599087998270988 3
      vertex 28.52136740088463 1.1034447997808456 3
    endloop
  endfacet
  facet normal 0 0 1
    outer loop
      vertex 17.46635500341654 1.066720001399517 3
      vertex 28.281784996390343 1.2427600026130676 3
      vertex 28.188408203423023 1.3371556028723717 3
    endloop
  endfacet
  facet normal 0 0 1
    outer loop
      vertex 17.46635500341654 1.066720001399517 3
      vertex 28.188408203423023 1.3371556028723717 3
      vertex 28.11578179895878 1.446198396384716 3
    endloop
  endfacet
  facet normal 0 0 1
    outer loop
      vertex 28.618317797780037 1.3944232016801834 3
      vertex 28.42496419698 1.6785928010940552 3
      vertex 28.497471801936626 1.5128272026777267 3
    endloop
  endfacet
  facet normal 0 0 1
    outer loop
      vertex 28.618317797780037 1.3944232016801834 3
      vertex 28.787502199411392 1.3233807981014252 3
      vertex 28.42496419698 1.6785928010940552 3
    endloop
  endfacet
  facet normal 0 0 1
    outer loop
      vertex 28.400794997811317 1.8917199969291687 3
      vertex 28.787502199411392 1.3233807981014252 3
      vertex 29.00502499938011 1.2996999993920326 3
    endloop
  endfacet
  facet normal 0 0 1
    outer loop
      vertex 29.118537798523903 1.3054371997714043 3
      vertex 29.219844199717045 1.3226488009095192 3
      vertex 29.573576599359512 1.6763956025242805 3
    endloop
  endfacet
  facet normal 0 0 1
    outer loop
      vertex 29.00502499938011 1.2996999993920326 3
      vertex 29.118537798523903 1.3054371997714043 3
      vertex 29.591155402362347 1.7813284024596214 3
    endloop
  endfacet
  facet normal 0 0 1
    outer loop
      vertex 29.219844199717045 1.3226488009095192 3
      vertex 29.308944202959538 1.3513348028063774 3
      vertex 29.544278599321842 1.585051603615284 3
    endloop
  endfacet
  facet normal 0 0 1
    outer loop
      vertex 29.308944202959538 1.3513348028063774 3
      vertex 29.3858378008008 1.3914951980113983 3
      vertex 29.503261402249336 1.507296398282051 3
    endloop
  endfacet
  facet normal 0 0 1
    outer loop
      vertex 29.3858378008008 1.3914951980113983 3
      vertex 29.450525000691414 1.443130001425743 3
      vertex 29.503261402249336 1.507296398282051 3
    endloop
  endfacet
  facet normal 0 0 1
    outer loop
      vertex 29.308944202959538 1.3513348028063774 3
      vertex 29.503261402249336 1.507296398282051 3
      vertex 29.544278599321842 1.585051603615284 3
    endloop
  endfacet
  facet normal 0 0 1
    outer loop
      vertex 29.219844199717045 1.3226488009095192 3
      vertex 29.544278599321842 1.585051603615284 3
      vertex 29.573576599359512 1.6763956025242805 3
    endloop
  endfacet
  facet normal 0 0 1
    outer loop
      vertex 17.828484997153282 2.5843600034713745 3
      vertex 28.11578179895878 1.446198396384716 3
      vertex 28.06390579789877 1.569888398051262 3
    endloop
  endfacet
  facet normal 0 0 1
    outer loop
      vertex 17.828484997153282 2.5843600034713745 3
      vertex 28.06390579789877 1.569888398051262 3
      vertex 28.032780200242996 1.7082256004214287 3
    endloop
  endfacet
  facet normal 0 0 1
    outer loop
      vertex 17.828484997153282 2.5843600034713745 3
      vertex 28.032780200242996 1.7082256004214287 3
      vertex 28.02240499854088 1.8612100034952164 3
    endloop
  endfacet
  facet normal 0 0 1
    outer loop
      vertex 17.828484997153282 2.5843600034713745 3
      vertex 28.02240499854088 1.8612100034952164 3
      vertex 28.028833396732807 1.9699252024292946 3
    endloop
  endfacet
  facet normal 0 0 1
    outer loop
      vertex 17.828484997153282 2.5843600034713745 3
      vertex 28.028833396732807 1.9699252024292946 3
      vertex 28.048118598759174 2.0714787989854813 3
    endloop
  endfacet
  facet normal 0 0 1
    outer loop
      vertex 17.828484997153282 2.5843600034713745 3
      vertex 28.048118598759174 2.0714787989854813 3
      vertex 28.0802605971694 2.165870800614357 3
    endloop
  endfacet
  facet normal 0 0 1
    outer loop
      vertex 17.828484997153282 2.5843600034713745 3
      vertex 28.0802605971694 2.165870800614357 3
      vertex 28.125259399414062 2.253101199865341 3
    endloop
  endfacet
  facet normal 0 0 1
    outer loop
      vertex 17.828484997153282 2.5843600034713745 3
      vertex 28.125259399414062 2.253101199865341 3
      vertex 28.176117800176144 2.887009598314762 3
    endloop
  endfacet
  facet normal 0 0 1
    outer loop
      vertex 17.828484997153282 2.5843600034713745 3
      vertex 28.176117800176144 2.887009598314762 3
      vertex 28.138242200016975 2.967816397547722 3
    endloop
  endfacet
  facet normal 0 0 1
    outer loop
      vertex 17.828484997153282 2.5843600034713745 3
      vertex 28.138242200016975 2.967816397547722 3
      vertex 28.11118820309639 3.053670398890972 3
    endloop
  endfacet
  facet normal 0 0 1
    outer loop
      vertex 17.911240600049496 2.7481684014201164 3
      vertex 28.11118820309639 3.053670398890972 3
      vertex 28.094955801963806 3.144571602344513 3
    endloop
  endfacet
  facet normal 0 0 1
    outer loop
      vertex 17.911240600049496 2.7481684014201164 3
      vertex 28.094955801963806 3.144571602344513 3
      vertex 28.089544996619225 3.2405200004577637 3
    endloop
  endfacet
  facet normal 0 0 1
    outer loop
      vertex 17.911240600049496 2.7481684014201164 3
      vertex 28.089544996619225 3.2405200004577637 3
      vertex 28.099350199103355 3.3665608018636703 3
    endloop
  endfacet
  facet normal 0 0 1
    outer loop
      vertex 28.400794997811317 1.8917199969291687 3
      vertex 28.42496419698 1.6785928010940552 3
      vertex 28.787502199411392 1.3233807981014252 3
    endloop
  endfacet
  facet normal 0 0 1
    outer loop
      vertex 28.400794997811317 1.8917199969291687 3
      vertex 29.00502499938011 1.2996999993920326 3
      vertex 28.407061398029327 1.9890796020627022 3
    endloop
  endfacet
  facet normal 0 0 1
    outer loop
      vertex 28.407061398029327 1.9890796020627022 3
      vertex 29.00502499938011 1.2996999993920326 3
      vertex 28.425860598683357 2.0777344033122063 3
    endloop
  endfacet
  facet normal 0 0 1
    outer loop
      vertex 28.425860598683357 2.0777344033122063 3
      vertex 29.00502499938011 1.2996999993920326 3
      vertex 28.457192599773407 2.157684400677681 3
    endloop
  endfacet
  facet normal 0 0 1
    outer loop
      vertex 28.457192599773407 2.157684400677681 3
      vertex 29.00502499938011 1.2996999993920326 3
      vertex 28.501057401299477 2.228929601609707 3
    endloop
  endfacet
  facet normal 0 0 1
    outer loop
      vertex 29.00502499938011 1.2996999993920326 3
      vertex 28.557455003261566 2.2914699986577034 3
      vertex 28.501057401299477 2.228929601609707 3
    endloop
  endfacet
  facet normal 0 0 1
    outer loop
      vertex 29.118537798523903 1.3054371997714043 3
      vertex 29.573576599359512 1.6763956025242805 3
      vertex 29.591155402362347 1.7813284024596214 3
    endloop
  endfacet
  facet normal 0 0 1
    outer loop
      vertex 29.00502499938011 1.2996999993920326 3
      vertex 29.591155402362347 1.7813284024596214 3
      vertex 29.597015000879765 1.8998500034213066 3
    endloop
  endfacet
  facet normal 0 0 1
    outer loop
      vertex 29.00502499938011 1.2996999993920326 3
      vertex 29.597015000879765 1.8998500034213066 3
      vertex 29.590667001903057 2.0012079998850822 3
    endloop
  endfacet
  facet normal 0 0 1
    outer loop
      vertex 29.00502499938011 1.2996999993920326 3
      vertex 29.495447002351284 2.2422820031642914 3
      vertex 29.438314996659756 2.301639996469021 3
    endloop
  endfacet
  facet normal 0 0 1
    outer loop
      vertex 29.00502499938011 1.2996999993920326 3
      vertex 29.590667001903057 2.0012079998850822 3
      vertex 29.571622997522354 2.0920659974217415 3
    endloop
  endfacet
  facet normal 0 0 1
    outer loop
      vertex 29.00502499938011 1.2996999993920326 3
      vertex 29.571622997522354 2.0920659974217415 3
      vertex 29.539883002638817 2.172424003481865 3
    endloop
  endfacet
  facet normal 0 0 1
    outer loop
      vertex 29.00502499938011 1.2996999993920326 3
      vertex 29.539883002638817 2.172424003481865 3
      vertex 29.495447002351284 2.2422820031642914 3
    endloop
  endfacet
  facet normal 0 0 1
    outer loop
      vertex 29.00502499938011 1.2996999993920326 3
      vertex 28.62500060349703 2.3438391983509064 3
      vertex 28.557455003261566 2.2914699986577034 3
    endloop
  endfacet
  facet normal 0 0 1
    outer loop
      vertex 29.00502499938011 1.2996999993920326 3
      vertex 28.702309399843216 2.384570799767971 3
      vertex 28.62500060349703 2.3438391983509064 3
    endloop
  endfacet
  facet normal 0 0 1
    outer loop
      vertex 29.00502499938011 1.2996999993920326 3
      vertex 28.78938139975071 2.4136648029088974 3
      vertex 28.702309399843216 2.384570799767971 3
    endloop
  endfacet
  facet normal 0 0 1
    outer loop
      vertex 29.00502499938011 1.2996999993920326 3
      vertex 28.88621660321951 2.431121200323105 3
      vertex 28.78938139975071 2.4136648029088974 3
    endloop
  endfacet
  facet normal 0 0 1
    outer loop
      vertex 29.00502499938011 1.2996999993920326 3
      vertex 29.201773397624493 2.415292002260685 3
      vertex 29.10242059826851 2.431528002023697 3
    endloop
  endfacet
  facet normal 0 0 1
    outer loop
      vertex 29.00502499938011 1.2996999993920326 3
      vertex 29.438314996659756 2.301639996469021 3
      vertex 29.369720600545406 2.3503480032086372 3
    endloop
  endfacet
  facet normal 0 0 1
    outer loop
      vertex 29.00502499938011 1.2996999993920326 3
      vertex 29.369720600545406 2.3503480032086372 3
      vertex 29.290873400866985 2.388232000172138 3
    endloop
  endfacet
  facet normal 0 0 1
    outer loop
      vertex 29.00502499938011 1.2996999993920326 3
      vertex 29.290873400866985 2.388232000172138 3
      vertex 29.201773397624493 2.415292002260685 3
    endloop
  endfacet
  facet normal 0 0 1
    outer loop
      vertex 29.00502499938011 1.2996999993920326 3
      vertex 28.992815002799034 2.436939999461174 3
      vertex 28.88621660321951 2.431121200323105 3
    endloop
  endfacet
  facet normal 0 0 1
    outer loop
      vertex 29.00502499938011 1.2996999993920326 3
      vertex 29.10242059826851 2.431528002023697 3
      vertex 28.992815002799034 2.436939999461174 3
    endloop
  endfacet
  facet normal 0 0 1
    outer loop
      vertex 28.125259399414062 2.253101199865341 3
      vertex 28.183114998042583 2.333169996738434 3
      vertex 28.176117800176144 2.887009598314762 3
    endloop
  endfacet
  facet normal 0 0 1
    outer loop
      vertex 28.183114998042583 2.333169996738434 3
      vertex 28.224815003573895 2.811250001192093 3
      vertex 28.176117800176144 2.887009598314762 3
    endloop
  endfacet
  facet normal 0 0 1
    outer loop
      vertex 28.250990599393845 2.4036471992731094 3
      vertex 28.326025396585464 2.4620788022875786 3
      vertex 28.282881796360016 2.743140399456024 3
    endloop
  endfacet
  facet normal 0 0 1
    outer loop
      vertex 28.183114998042583 2.333169996738434 3
      vertex 28.250990599393845 2.4036471992731094 3
      vertex 28.224815003573895 2.811250001192093 3
    endloop
  endfacet
  facet normal 0 0 1
    outer loop
      vertex 28.326025396585464 2.4620788022875786 3
      vertex 28.408219397068024 2.5084647983312607 3
      vertex 28.348842203617096 2.685283601284027 3
    endloop
  endfacet
  facet normal 0 0 1
    outer loop
      vertex 28.326025396585464 2.4620788022875786 3
      vertex 28.348842203617096 2.685283601284027 3
      vertex 28.282881796360016 2.743140399456024 3
    endloop
  endfacet
  facet normal 0 0 1
    outer loop
      vertex 28.408219397068024 2.5084647983312607 3
      vertex 28.497572600841522 2.542805202305317 3
      vertex 28.422696202993393 2.637679599225521 3
    endloop
  endfacet
  facet normal 0 0 1
    outer loop
      vertex 28.497572600841522 2.542805202305317 3
      vertex 28.59408500045538 2.565099999308586 3
      vertex 28.59408500045538 2.5732299983501434 3
    endloop
  endfacet
  facet normal 0 0 1
    outer loop
      vertex 28.497572600841522 2.542805202305317 3
      vertex 28.59408500045538 2.5732299983501434 3
      vertex 28.504443801939487 2.6003284007310867 3
    endloop
  endfacet
  facet normal 0 0 1
    outer loop
      vertex 28.497572600841522 2.542805202305317 3
      vertex 28.504443801939487 2.6003284007310867 3
      vertex 28.422696202993393 2.637679599225521 3
    endloop
  endfacet
  facet normal 0 0 1
    outer loop
      vertex 28.408219397068024 2.5084647983312607 3
      vertex 28.422696202993393 2.637679599225521 3
      vertex 28.348842203617096 2.685283601284027 3
    endloop
  endfacet
  facet normal 0 0 1
    outer loop
      vertex 28.250990599393845 2.4036471992731094 3
      vertex 28.282881796360016 2.743140399456024 3
      vertex 28.224815003573895 2.811250001192093 3
    endloop
  endfacet
  facet normal 0 0 1
    outer loop
      vertex 29.39766500145197 2.5773100033402443 3
      vertex 29.39766500145197 2.569150000810623 3
      vertex 29.502631403505802 2.545519597828388 3
    endloop
  endfacet
  facet normal 0 0 1
    outer loop
      vertex 29.39766500145197 2.5773100033402443 3
      vertex 29.502631403505802 2.545519597828388 3
      vertex 29.488069400191307 2.601470798254013 3
    endloop
  endfacet
  facet normal 0 0 1
    outer loop
      vertex 29.502631403505802 2.545519597828388 3
      vertex 29.59783460199833 2.5104124024510384 3
      vertex 29.57049860060215 2.6365372017025948 3
    endloop
  endfacet
  facet normal 0 0 1
    outer loop
      vertex 29.68327459692955 2.4638283997774124 3
      vertex 29.644952602684498 2.682509198784828 3
      vertex 29.59783460199833 2.5104124024510384 3
    endloop
  endfacet
  facet normal 0 0 1
    outer loop
      vertex 29.502631403505802 2.545519597828388 3
      vertex 29.57049860060215 2.6365372017025948 3
      vertex 29.488069400191307 2.601470798254013 3
    endloop
  endfacet
  facet normal 0 0 1
    outer loop
      vertex 29.59783460199833 2.5104124024510384 3
      vertex 29.644952602684498 2.682509198784828 3
      vertex 29.57049860060215 2.6365372017025948 3
    endloop
  endfacet
  facet normal 0 0 1
    outer loop
      vertex 29.68327459692955 2.4638283997774124 3
      vertex 29.71143139898777 2.739386796951294 3
      vertex 29.644952602684498 2.682509198784828 3
    endloop
  endfacet
  facet normal 0 0 1
    outer loop
      vertex 28.663573399186134 2.794235199689865 3
      vertex 28.992815002799034 3.7023100033402443 3
      vertex 28.603234998881817 2.8407400026917458 3
    endloop
  endfacet
  facet normal 0 0 1
    outer loop
      vertex 28.7331086024642 2.7580647990107536 3
      vertex 28.81184060126543 2.7322288006544113 3
      vertex 28.992815002799034 3.7023100033402443 3
    endloop
  endfacet
  facet normal 0 0 1
    outer loop
      vertex 28.81184060126543 2.7322288006544113 3
      vertex 28.89976940304041 2.7167271971702576 3
      vertex 28.992815002799034 3.7023100033402443 3
    endloop
  endfacet
  facet normal 0 0 1
    outer loop
      vertex 28.663573399186134 2.794235199689865 3
      vertex 28.7331086024642 2.7580647990107536 3
      vertex 28.992815002799034 3.7023100033402443 3
    endloop
  endfacet
  facet normal 0 0 1
    outer loop
      vertex 28.996895000338554 2.7115600034594536 3
      vertex 29.095315396785736 2.716320402920246 3
      vertex 28.992815002799034 3.7023100033402443 3
    endloop
  endfacet
  facet normal 0 0 1
    outer loop
      vertex 28.89976940304041 2.7167271971702576 3
      vertex 28.996895000338554 2.7115600034594536 3
      vertex 28.992815002799034 3.7023100033402443 3
    endloop
  endfacet
  facet normal 0 0 1
    outer loop
      vertex 29.095315396785736 2.716320402920246 3
      vertex 29.183888599276543 2.7306016013026237 3
      vertex 28.992815002799034 3.7023100033402443 3
    endloop
  endfacet
  facet normal 0 0 1
    outer loop
      vertex 29.183888599276543 2.7306016013026237 3
      vertex 29.262614600360394 2.7544035986065865 3
      vertex 28.992815002799034 3.7023100033402443 3
    endloop
  endfacet
  facet normal 0 0 1
    outer loop
      vertex 29.262614600360394 2.7544035986065865 3
      vertex 29.33149340003729 2.787726402282715 3
      vertex 28.992815002799034 3.7023100033402443 3
    endloop
  endfacet
  facet normal 0 0 1
    outer loop
      vertex 29.33149340003729 2.787726402282715 3
      vertex 29.390524998307228 2.8305699974298477 3
      vertex 28.992815002799034 3.7023100033402443 3
    endloop
  endfacet
  facet normal 0 0 1
    outer loop
      vertex 0 0 3
      vertex 53.00007999688387 1.065760001540184 3
      vertex 41.42363499850035 1.0250800028443336 3
    endloop
  endfacet
  facet normal 0 0 1
    outer loop
      vertex 29.00094500184059 1.0250800028443336 3
      vertex 41.294697396457195 1.0307355970144272 3
      vertex 29.18095099925995 1.0339491963386536 3
    endloop
  endfacet
  facet normal 0 0 1
    outer loop
      vertex 29.18095099925995 1.0339491963386536 3
      vertex 41.17642059922218 1.0477024018764496 3
      vertex 29.343377001583576 1.060556799173355 3
    endloop
  endfacet
  facet normal 0 0 1
    outer loop
      vertex 29.343377001583576 1.060556799173355 3
      vertex 41.06880459934473 1.0759804025292397 3
      vertex 29.488223001360893 1.104902796447277 3
    endloop
  endfacet
  facet normal 0 0 1
    outer loop
      vertex 29.488223001360893 1.104902796447277 3
      vertex 41.980581402778625 1.740209199488163 3
      vertex 29.6154889985919 1.1669872030615807 3
    endloop
  endfacet
  facet normal 0 0 1
    outer loop
      vertex 29.6154889985919 1.1669872030615807 3
      vertex 41.980581402778625 1.740209199488163 3
      vertex 29.725175000727177 1.246809996664524 3
    endloop
  endfacet
  facet normal 0 0 1
    outer loop
      vertex 29.725175000727177 1.246809996664524 3
      vertex 41.980581402778625 1.740209199488163 3
      vertex 29.815992198884487 1.34251119941473 3
    endloop
  endfacet
  facet normal 0 0 1
    outer loop
      vertex 29.815992198884487 1.34251119941473 3
      vertex 41.980581402778625 1.740209199488163 3
      vertex 29.886627800762653 1.4522067978978157 3
    endloop
  endfacet
  facet normal 0 0 1
    outer loop
      vertex 29.758951403200626 2.405767597258091 3
      vertex 29.71143139898777 2.739386796951294 3
      vertex 29.68327459692955 2.4638283997774124 3
    endloop
  endfacet
  facet normal 0 0 1
    outer loop
      vertex 29.758951403200626 2.405767597258091 3
      vertex 29.824864998459816 2.3362300023436546 3
      vertex 29.769934996962547 2.8071700036525726 3
    endloop
  endfacet
  facet normal 0 0 1
    outer loop
      vertex 29.758951403200626 2.405767597258091 3
      vertex 29.769934996962547 2.8071700036525726 3
      vertex 29.71143139898777 2.739386796951294 3
    endloop
  endfacet
  facet normal 0 0 1
    outer loop
      vertex 29.824864998459816 2.3362300023436546 3
      vertex 29.819010198116302 2.8829391971230507 3
      vertex 29.769934996962547 2.8071700036525726 3
    endloop
  endfacet
  facet normal 0 0 1
    outer loop
      vertex 29.886627800762653 1.4522067978978157 3
      vertex 41.980581402778625 1.740209199488163 3
      vertex 29.937081798911095 1.5758967995643616 3
    endloop
  endfacet
  facet normal 0 0 1
    outer loop
      vertex 29.937081798911095 1.5758967995643616 3
      vertex 41.980581402778625 1.740209199488163 3
      vertex 29.96735420078039 1.713581196963787 3
    endloop
  endfacet
  facet normal 0 0 1
    outer loop
      vertex 29.96735420078039 1.713581196963787 3
      vertex 41.980581402778625 1.740209199488163 3
      vertex 29.977444998919964 1.8652599975466728 3
    endloop
  endfacet
  facet normal 0 0 1
    outer loop
      vertex 29.977444998919964 1.8652599975466728 3
      vertex 42.02997460216284 1.8874168023467064 3
      vertex 29.97134180366993 1.9745884016156197 3
    endloop
  endfacet
  facet normal 0 0 1
    outer loop
      vertex 29.97134180366993 1.9745884016156197 3
      vertex 42.02997460216284 1.8874168023467064 3
      vertex 29.953032203018665 2.076349601149559 3
    endloop
  endfacet
  facet normal 0 0 1
    outer loop
      vertex 29.953032203018665 2.076349601149559 3
      vertex 42.02997460216284 1.8874168023467064 3
      vertex 29.92251619696617 2.1705436035990715 3
    endloop
  endfacet
  facet normal 0 0 1
    outer loop
      vertex 29.92251619696617 2.1705436035990715 3
      vertex 42.02997460216284 1.8874168023467064 3
      vertex 29.87979380041361 2.2571704015135765 3
    endloop
  endfacet
  facet normal 0 0 1
    outer loop
      vertex 29.87979380041361 2.2571704015135765 3
      vertex 42.02997460216284 1.8874168023467064 3
      vertex 29.824864998459816 2.3362300023436546 3
    endloop
  endfacet
  facet normal 0 0 1
    outer loop
      vertex 29.824864998459816 2.3362300023436546 3
      vertex 42.02997460216284 1.8874168023467064 3
      vertex 29.819010198116302 2.8829391971230507 3
    endloop
  endfacet
  facet normal 0 0 1
    outer loop
      vertex 29.819010198116302 2.8829391971230507 3
      vertex 42.02997460216284 1.8874168023467064 3
      vertex 29.857179798185825 2.9637508019804955 3
    endloop
  endfacet
  facet normal 0 0 1
    outer loop
      vertex 29.857179798185825 2.9637508019804955 3
      vertex 42.02997460216284 1.8874168023467064 3
      vertex 29.884443797171116 3.0496048033237457 3
    endloop
  endfacet
  facet normal 0 0 1
    outer loop
      vertex 29.884443797171116 3.0496048033237457 3
      vertex 42.02997460216284 1.8874168023467064 3
      vertex 29.900802202522755 3.1405012011528015 3
    endloop
  endfacet
  facet normal 0 0 1
    outer loop
      vertex 29.900802202522755 3.1405012011528015 3
      vertex 42.02997460216284 1.8874168023467064 3
      vertex 29.90625499933958 3.2364400029182434 3
    endloop
  endfacet
  facet normal 0 0 1
    outer loop
      vertex 29.90625499933958 3.2364400029182434 3
      vertex 42.02997460216284 1.8874168023467064 3
      vertex 29.896448597311974 3.3667239993810654 3
    endloop
  endfacet
  facet normal 0 0 1
    outer loop
      vertex 29.896448597311974 3.3667239993810654 3
      vertex 42.02997460216284 1.8874168023467064 3
      vertex 29.867029398679733 3.485775999724865 3
    endloop
  endfacet
  facet normal 0 0 1
    outer loop
      vertex 29.867029398679733 3.485775999724865 3
      vertex 42.02997460216284 1.8874168023467064 3
      vertex 29.81799740344286 3.5935959964990616 3
    endloop
  endfacet
  facet normal 0 0 1
    outer loop
      vertex 29.74935259670019 3.690183997154236 3
      vertex 29.81799740344286 3.5935959964990616 3
      vertex 42.02997460216284 1.8874168023467064 3
    endloop
  endfacet
  facet normal 0 0 1
    outer loop
      vertex 29.74935259670019 3.690183997154236 3
      vertex 42.02997460216284 1.8874168023467064 3
      vertex 29.66109500080347 3.7755400016903877 3
    endloop
  endfacet
  facet normal 0 0 1
    outer loop
      vertex 25 5 3
      vertex 40.978838197886944 2.1395019963383675 3
      vertex 40.86751180142164 2.213547997176647 3
    endloop
  endfacet
  facet normal 0 0 1
    outer loop
      vertex 17.911240600049496 2.7481684014201164 3
      vertex 28.099350199103355 3.3665608018636703 3
      vertex 28.128765799105167 3.482675202190876 3
    endloop
  endfacet
  facet normal 0 0 1
    outer loop
      vertex 17.911240600049496 2.7481684014201164 3
      vertex 28.128765799105167 3.482675202190876 3
      vertex 28.17779179662466 3.5888632014393806 3
    endloop
  endfacet
  facet normal 0 0 1
    outer loop
      vertex 18.01466739922762 2.9352495968341827 3
      vertex 28.17779179662466 3.5888632014393806 3
      vertex 28.246428199112415 3.6851247996091843 3
    endloop
  endfacet
  facet normal 0 0 1
    outer loop
      vertex 18.138765402138233 3.145603597164154 3
      vertex 28.246428199112415 3.6851247996091843 3
      vertex 28.33467499911785 3.771459996700287 3
    endloop
  endfacet
  facet normal 0 0 1
    outer loop
      vertex 18.138765402138233 3.145603597164154 3
      vertex 28.33467499911785 3.771459996700287 3
      vertex 28.439451798796654 3.8447055965662003 3
    endloop
  endfacet
  facet normal 0 0 1
    outer loop
      vertex 18.138765402138233 3.145603597164154 3
      vertex 28.439451798796654 3.8447055965662003 3
      vertex 28.557654201984406 3.901674397289753 3
    endloop
  endfacet
  facet normal 0 0 1
    outer loop
      vertex 18.138765402138233 3.145603597164154 3
      vertex 28.557654201984406 3.901674397289753 3
      vertex 28.689282201230526 3.942366398870945 3
    endloop
  endfacet
  facet normal 0 0 1
    outer loop
      vertex 18.44897499680519 3.933159999549389 3
      vertex 28.834335796535015 3.9667816013097763 3
      vertex 25 5 3
    endloop
  endfacet
  facet normal 0 0 1
    outer loop
      vertex 18.44897499680519 3.933159999549389 3
      vertex 28.689282201230526 3.942366398870945 3
      vertex 28.834335796535015 3.9667816013097763 3
    endloop
  endfacet
  facet normal 0 0 1
    outer loop
      vertex 28.55306900292635 2.897101603448391 3
      vertex 28.603234998881817 2.8407400026917458 3
      vertex 28.992815002799034 3.7023100033402443 3
    endloop
  endfacet
  facet normal 0 0 1
    outer loop
      vertex 28.55306900292635 2.897101603448391 3
      vertex 28.992815002799034 3.7023100033402443 3
      vertex 28.514050997793674 2.9628183990716934 3
    endloop
  endfacet
  facet normal 0 0 1
    outer loop
      vertex 28.514050997793674 2.9628183990716934 3
      vertex 28.992815002799034 3.7023100033402443 3
      vertex 28.486180998384953 3.0378903970122337 3
    endloop
  endfacet
  facet normal 0 0 1
    outer loop
      vertex 28.486180998384953 3.0378903970122337 3
      vertex 28.992815002799034 3.7023100033402443 3
      vertex 28.469458997249603 3.122317597270012 3
    endloop
  endfacet
  facet normal 0 0 1
    outer loop
      vertex 28.46929579973221 3.3081376031041145 3
      vertex 28.72708459943533 3.6583648025989532 3
      vertex 28.485528200864792 3.3905704021453857 3
    endloop
  endfacet
  facet normal 0 0 1
    outer loop
      vertex 28.485528200864792 3.3905704021453857 3
      vertex 28.6581974029541 3.62418519705534 3
      vertex 28.512582197785378 3.4633983969688416 3
    endloop
  endfacet
  facet normal 0 0 1
    outer loop
      vertex 28.463885001838207 3.216099999845028 3
      vertex 28.469458997249603 3.122317597270012 3
      vertex 28.992815002799034 3.7023100033402443 3
    endloop
  endfacet
  facet normal 0 0 1
    outer loop
      vertex 28.463885001838207 3.216099999845028 3
      vertex 28.80581659823656 3.682778798043728 3
      vertex 28.46929579973221 3.3081376031041145 3
    endloop
  endfacet
  facet normal 0 0 1
    outer loop
      vertex 29.390524998307228 2.8305699974298477 3
      vertex 29.439232997596264 2.8840743973851204 3
      vertex 28.992815002799034 3.7023100033402443 3
    endloop
  endfacet
  facet normal 0 0 1
    outer loop
      vertex 29.439232997596264 2.8840743973851204 3
      vertex 29.477117002010345 2.949379600584507 3
      vertex 28.992815002799034 3.7023100033402443 3
    endloop
  endfacet
  facet normal 0 0 1
    outer loop
      vertex 29.477117002010345 2.949379600584507 3
      vertex 29.50417699664831 3.026485599577427 3
      vertex 28.992815002799034 3.7023100033402443 3
    endloop
  endfacet
  facet normal 0 0 1
    outer loop
      vertex 29.50417699664831 3.026485599577427 3
      vertex 29.520412996411324 3.1153924018144608 3
      vertex 28.992815002799034 3.7023100033402443 3
    endloop
  endfacet
  facet normal 0 0 1
    outer loop
      vertex 29.520412996411324 3.1153924018144608 3
      vertex 29.52582500129938 3.216099999845028 3
      vertex 28.992815002799034 3.7023100033402443 3
    endloop
  endfacet
  facet normal 0 0 1
    outer loop
      vertex 29.52582500129938 3.216099999845028 3
      vertex 29.50450459867716 3.3911356031894684 3
      vertex 29.184698596596718 3.6828615963459015 3
    endloop
  endfacet
  facet normal 0 0 1
    outer loop
      vertex 29.50450459867716 3.3911356031894684 3
      vertex 29.44054339826107 3.527274399995804 3
      vertex 29.333941400051117 3.624516397714615 3
    endloop
  endfacet
  facet normal 0 0 1
    outer loop
      vertex 28.512582197785378 3.4633983969688416 3
      vertex 28.599155001342297 3.5802399963140488 3
      vertex 28.550457797944546 3.526621602475643 3
    endloop
  endfacet
  facet normal 0 0 1
    outer loop
      vertex 28.485528200864792 3.3905704021453857 3
      vertex 28.72708459943533 3.6583648025989532 3
      vertex 28.6581974029541 3.62418519705534 3
    endloop
  endfacet
  facet normal 0 0 1
    outer loop
      vertex 28.512582197785378 3.4633983969688416 3
      vertex 28.6581974029541 3.62418519705534 3
      vertex 28.599155001342297 3.5802399963140488 3
    endloop
  endfacet
  facet normal 0 0 1
    outer loop
      vertex 28.463885001838207 3.216099999845028 3
      vertex 28.894393399357796 3.697427198290825 3
      vertex 28.80581659823656 3.682778798043728 3
    endloop
  endfacet
  facet normal 0 0 1
    outer loop
      vertex 28.46929579973221 3.3081376031041145 3
      vertex 28.80581659823656 3.682778798043728 3
      vertex 28.72708459943533 3.6583648025989532 3
    endloop
  endfacet
  facet normal 0 0 1
    outer loop
      vertex 28.463885001838207 3.216099999845028 3
      vertex 28.992815002799034 3.7023100033402443 3
      vertex 28.894393399357796 3.697427198290825 3
    endloop
  endfacet
  facet normal 0 0 1
    outer loop
      vertex 29.52582500129938 3.216099999845028 3
      vertex 29.184698596596718 3.6828615963459015 3
      vertex 28.992815002799034 3.7023100033402443 3
    endloop
  endfacet
  facet normal 0 0 1
    outer loop
      vertex 29.184698596596718 3.6828615963459015 3
      vertex 29.50450459867716 3.3911356031894684 3
      vertex 29.333941400051117 3.624516397714615 3
    endloop
  endfacet
  facet normal 0 0 1
    outer loop
      vertex 25 5 3
      vertex 28.834335796535015 3.9667816013097763 3
      vertex 28.992815002799034 3.9749199971556664 3
    endloop
  endfacet
  facet normal 0 0 1
    outer loop
      vertex 25 5 3
      vertex 28.992815002799034 3.9749199971556664 3
      vertex 29.154954202473164 3.9669447988271713 3
    endloop
  endfacet
  facet normal 0 0 1
    outer loop
      vertex 25 5 3
      vertex 29.154954202473164 3.9669447988271713 3
      vertex 29.302851803600788 3.9430191963911057 3
    endloop
  endfacet
  facet normal 0 0 1
    outer loop
      vertex 25 5 3
      vertex 29.302851803600788 3.9430191963911057 3
      vertex 41.10253419727087 2.0866120010614395 3
    endloop
  endfacet
  facet normal 0 0 1
    outer loop
      vertex 29.436507798731327 3.90314319729805 3
      vertex 41.10253419727087 2.0866120010614395 3
      vertex 29.302851803600788 3.9430191963911057 3
    endloop
  endfacet
  facet normal 0 0 1
    outer loop
      vertex 29.66109500080347 3.7755400016903877 3
      vertex 42.02997460216284 1.8874168023467064 3
      vertex 29.55592220276594 3.847316801548004 3
    endloop
  endfacet
  facet normal 0 0 1
    outer loop
      vertex 29.436507798731327 3.90314319729805 3
      vertex 29.55592220276594 3.847316801548004 3
      vertex 42.02997460216284 1.8874168023467064 3
    endloop
  endfacet
  facet normal 0 0 1
    outer loop
      vertex 33 5 3
      vertex 25 5 3
      vertex 40.86751180142164 2.213547997176647 3
    endloop
  endfacet
  facet normal 0 0 1
    outer loop
      vertex 0 0 3
      vertex 54.79642000049353 1.065760001540184 3
      vertex 53.00007999688387 1.065760001540184 3
    endloop
  endfacet
  facet normal 0 0 1
    outer loop
      vertex 0 0 3
      vertex 56.153499998152256 1.0250800028443336 3
      vertex 54.79642000049353 1.065760001540184 3
    endloop
  endfacet
  facet normal 0 0 1
    outer loop
      vertex 29.488223001360893 1.104902796447277 3
      vertex 40.88555499911308 1.1664699986577034 3
      vertex 40.809188202023506 1.2299835979938507 3
    endloop
  endfacet
  facet normal 0 0 1
    outer loop
      vertex 29.488223001360893 1.104902796447277 3
      vertex 40.809188202023506 1.2299835979938507 3
      vertex 40.742015801370144 1.307412400841713 3
    endloop
  endfacet
  facet normal 0 0 1
    outer loop
      vertex 29.488223001360893 1.104902796447277 3
      vertex 40.742015801370144 1.307412400841713 3
      vertex 40.684037797152996 1.3987563997507095 3
    endloop
  endfacet
  facet normal 0 0 1
    outer loop
      vertex 29.488223001360893 1.104902796447277 3
      vertex 40.684037797152996 1.3987563997507095 3
      vertex 40.63525419682264 1.504015602171421 3
    endloop
  endfacet
  facet normal 0 0 1
    outer loop
      vertex 29.488223001360893 1.104902796447277 3
      vertex 40.63525419682264 1.504015602171421 3
      vertex 40.595665000379086 1.623190000653267 3
    endloop
  endfacet
  facet normal 0 0 1
    outer loop
      vertex 29.488223001360893 1.104902796447277 3
      vertex 40.595665000379086 1.623190000653267 3
      vertex 40.94555500149727 1.6781200021505356 3
    endloop
  endfacet
  facet normal 0 0 1
    outer loop
      vertex 29.343377001583576 1.060556799173355 3
      vertex 41.17642059922218 1.0477024018764496 3
      vertex 41.06880459934473 1.0759804025292397 3
    endloop
  endfacet
  facet normal 0 0 1
    outer loop
      vertex 29.18095099925995 1.0339491963386536 3
      vertex 41.294697396457195 1.0307355970144272 3
      vertex 41.17642059922218 1.0477024018764496 3
    endloop
  endfacet
  facet normal 0 0 1
    outer loop
      vertex 29.00094500184059 1.0250800028443336 3
      vertex 41.42363499850035 1.0250800028443336 3
      vertex 41.294697396457195 1.0307355970144272 3
    endloop
  endfacet
  facet normal 0 0 1
    outer loop
      vertex 29.488223001360893 1.104902796447277 3
      vertex 41.06880459934473 1.0759804025292397 3
      vertex 40.97184939682484 1.1155695989727974 3
    endloop
  endfacet
  facet normal 0 0 1
    outer loop
      vertex 29.488223001360893 1.104902796447277 3
      vertex 40.97184939682484 1.1155695989727974 3
      vertex 40.88555499911308 1.1664699986577034 3
    endloop
  endfacet
  facet normal 0 0 1
    outer loop
      vertex 29.488223001360893 1.104902796447277 3
      vertex 40.94555500149727 1.6781200021505356 3
      vertex 41.980581402778625 1.740209199488163 3
    endloop
  endfacet
  facet normal 0 0 1
    outer loop
      vertex 0 0 3
      vertex 67.65470000356436 1.066720001399517 3
      vertex 56.153499998152256 1.0250800028443336 3
    endloop
  endfacet
  facet normal 0 0 1
    outer loop
      vertex 41.17259979993105 1.3773579970002174 3
      vertex 41.29059819877148 1.3343920037150383 3
      vertex 41.075759798288345 1.4489680007100105 3
    endloop
  endfacet
  facet normal 0 0 1
    outer loop
      vertex 41.29059819877148 1.3343920037150383 3
      vertex 41.000078201293945 1.5492219999432564 3
      vertex 41.075759798288345 1.4489680007100105 3
    endloop
  endfacet
  facet normal 0 0 1
    outer loop
      vertex 41.42975500226021 1.3200699985027313 3
      vertex 40.94555500149727 1.6781200021505356 3
      vertex 41.000078201293945 1.5492219999432564 3
    endloop
  endfacet
  facet normal 0 0 1
    outer loop
      vertex 41.29059819877148 1.3343920037150383 3
      vertex 41.42975500226021 1.3200699985027313 3
      vertex 41.000078201293945 1.5492219999432564 3
    endloop
  endfacet
  facet normal 0 0 1
    outer loop
      vertex 41.42975500226021 1.3200699985027313 3
      vertex 41.5501905977726 1.3317880034446716 3
      vertex 40.94555500149727 1.6781200021505356 3
    endloop
  endfacet
  facet normal 0 0 1
    outer loop
      vertex 41.5501905977726 1.3317880034446716 3
      vertex 41.65923339873552 1.3669420033693314 3
      vertex 40.94555500149727 1.6781200021505356 3
    endloop
  endfacet
  facet normal 0 0 1
    outer loop
      vertex 41.65923339873552 1.3669420033693314 3
      vertex 41.7568833976984 1.4255319982767105 3
      vertex 40.94555500149727 1.6781200021505356 3
    endloop
  endfacet
  facet normal 0 0 1
    outer loop
      vertex 40.94555500149727 1.6781200021505356 3
      vertex 41.7568833976984 1.4255319982767105 3
      vertex 41.843140602111816 1.5075580030679703 3
    endloop
  endfacet
  facet normal 0 0 1
    outer loop
      vertex 29.977444998919964 1.8652599975466728 3
      vertex 41.980581402778625 1.740209199488163 3
      vertex 42.02997460216284 1.8874168023467064 3
    endloop
  endfacet
  facet normal 0 0 1
    outer loop
      vertex 25 5 3
      vertex 41.10253419727087 2.0866120010614395 3
      vertex 40.978838197886944 2.1395019963383675 3
    endloop
  endfacet
  facet normal 0 0 1
    outer loop
      vertex 29.436507798731327 3.90314319729805 3
      vertex 41.23859979957342 2.054877996444702 3
      vertex 41.10253419727087 2.0866120010614395 3
    endloop
  endfacet
  facet normal 0 0 1
    outer loop
      vertex 29.436507798731327 3.90314319729805 3
      vertex 42.02997460216284 1.8874168023467064 3
      vertex 41.23859979957342 2.054877996444702 3
    endloop
  endfacet
  facet normal 0 0 1
    outer loop
      vertex 41.23859979957342 2.054877996444702 3
      vertex 42.02997460216284 1.8874168023467064 3
      vertex 41.38703499734402 2.0442999973893166 3
    endloop
  endfacet
  facet normal 0 0 1
    outer loop
      vertex 41.283446200191975 2.3623012006282806 3
      vertex 41.061535000801086 2.5152399986982346 3
      vertex 41.126879796385765 2.44969479739666 3
    endloop
  endfacet
  facet normal 0 0 1
    outer loop
      vertex 41.061535000801086 2.5152399986982346 3
      vertex 41.374667800962925 2.3404527977108955 3
      vertex 41.006606198847294 2.593327596783638 3
    endloop
  endfacet
  facet normal 0 0 1
    outer loop
      vertex 41.006606198847294 2.593327596783638 3
      vertex 41.47451499849558 2.333169996738434 3
      vertex 40.96388380229473 2.681910403072834 3
    endloop
  endfacet
  facet normal 0 0 1
    outer loop
      vertex 41.283446200191975 2.3623012006282806 3
      vertex 41.374667800962925 2.3404527977108955 3
      vertex 41.061535000801086 2.5152399986982346 3
    endloop
  endfacet
  facet normal 0 0 1
    outer loop
      vertex 41.20085020363331 2.3987151980400085 3
      vertex 41.283446200191975 2.3623012006282806 3
      vertex 41.126879796385765 2.44969479739666 3
    endloop
  endfacet
  facet normal 0 0 1
    outer loop
      vertex 41.006606198847294 2.593327596783638 3
      vertex 41.374667800962925 2.3404527977108955 3
      vertex 41.47451499849558 2.333169996738434 3
    endloop
  endfacet
  facet normal 0 0 1
    outer loop
      vertex 41.53708779811859 2.3360584005713463 3
      vertex 41.59787020087242 2.3447235971689224 3
      vertex 40.91505820304155 2.8905616030097008 3
    endloop
  endfacet
  facet normal 0 0 1
    outer loop
      vertex 41.47451499849558 2.333169996738434 3
      vertex 41.53708779811859 2.3360584005713463 3
      vertex 40.91505820304155 2.8905616030097008 3
    endloop
  endfacet
  facet normal 0 0 1
    outer loop
      vertex 41.59787020087242 2.3447235971689224 3
      vertex 41.65686219930649 2.3591656014323235 3
      vertex 40.91505820304155 2.8905616030097008 3
    endloop
  endfacet
  facet normal 0 0 1
    outer loop
      vertex 41.47451499849558 2.333169996738434 3
      vertex 40.93336780369282 2.7809884026646614 3
      vertex 40.96388380229473 2.681910403072834 3
    endloop
  endfacet
  facet normal 0 0 1
    outer loop
      vertex 41.47451499849558 2.333169996738434 3
      vertex 40.91505820304155 2.8905616030097008 3
      vertex 40.93336780369282 2.7809884026646614 3
    endloop
  endfacet
  facet normal 0 0 1
    outer loop
      vertex 41.71406380087137 2.379384398460388 3
      vertex 41.76947499811649 2.405380003154278 3
      vertex 40.91505820304155 2.8905616030097008 3
    endloop
  endfacet
  facet normal 0 0 1
    outer loop
      vertex 41.65686219930649 2.3591656014323235 3
      vertex 41.71406380087137 2.379384398460388 3
      vertex 40.91505820304155 2.8905616030097008 3
    endloop
  endfacet
  facet normal 0 0 1
    outer loop
      vertex 41.76947499811649 2.405380003154278 3
      vertex 41.82168219983578 2.436676003038883 3
      vertex 40.91505820304155 2.8905616030097008 3
    endloop
  endfacet
  facet normal 0 0 1
    outer loop
      vertex 41.82168219983578 2.436676003038883 3
      vertex 41.86924780160189 2.472772002220154 3
      vertex 40.91505820304155 2.8905616030097008 3
    endloop
  endfacet
  facet normal 0 0 1
    outer loop
      vertex 40.91505820304155 2.8905616030097008 3
      vertex 42.05607820302248 3.043863996863365 3
      vertex 40.90895500034094 3.0106299966573715 3
    endloop
  endfacet
  facet normal 0 0 1
    outer loop
      vertex 40.90895500034094 3.0106299966573715 3
      vertex 42.037037797272205 3.165963999927044 3
      vertex 40.91505820304155 3.128412403166294 3
    endloop
  endfacet
  facet normal 0 0 1
    outer loop
      vertex 0 0 3
      vertex 69.45103999972343 1.066720001399517 3
      vertex 67.65470000356436 1.066720001399517 3
    endloop
  endfacet
  facet normal 0 0 1
    outer loop
      vertex 0 0 3
      vertex 69.66274999827147 1.066720001399517 3
      vertex 69.45103999972343 1.066720001399517 3
    endloop
  endfacet
  facet normal 0 0 1
    outer loop
      vertex 0 0 3
      vertex 71.45909000188112 1.066720001399517 3
      vertex 69.66274999827147 1.066720001399517 3
    endloop
  endfacet
  facet normal 0 0 1
    outer loop
      vertex 41.42363499850035 1.0250800028443336 3
      vertex 53.00007999688387 1.065760001540184 3
      vertex 41.61384820193052 1.04094760119915 3
    endloop
  endfacet
  facet normal 0 0 1
    outer loop
      vertex 41.61384820193052 1.04094760119915 3
      vertex 53.00007999688387 1.065760001540184 3
      vertex 41.785751797258854 1.08855040371418 3
    endloop
  endfacet
  facet normal 0 0 1
    outer loop
      vertex 41.785751797258854 1.08855040371418 3
      vertex 53.00007999688387 1.065760001540184 3
      vertex 41.9393457993865 1.1678884029388428 3
    endloop
  endfacet
  facet normal 0 0 1
    outer loop
      vertex 41.9393457993865 1.1678884029388428 3
      vertex 53.00007999688387 1.065760001540184 3
      vertex 42.074630200862885 1.2789615988731384 3
    endloop
  endfacet
  facet normal 0 0 1
    outer loop
      vertex 42.074630200862885 1.2789615988731384 3
      vertex 53.00007999688387 1.065760001540184 3
      vertex 42.191605001688 1.4217699989676476 3
    endloop
  endfacet
  facet normal 0 0 1
    outer loop
      vertex 42.191605001688 1.4217699989676476 3
      vertex 53.00007999688387 1.065760001540184 3
      vertex 42.288653798401356 1.5941284000873566 3
    endloop
  endfacet
  facet normal 0 0 1
    outer loop
      vertex 42.288653798401356 1.5941284000873566 3
      vertex 53.00007999688387 1.065760001540184 3
      vertex 42.364136196672916 1.7938276007771492 3
    endloop
  endfacet
  facet normal 0 0 1
    outer loop
      vertex 40.94555500149727 1.6781200021505356 3
      vertex 41.843140602111816 1.5075580030679703 3
      vertex 41.918004997074604 1.6130200028419495 3
    endloop
  endfacet
  facet normal 0 0 1
    outer loop
      vertex 40.94555500149727 1.6781200021505356 3
      vertex 41.918004997074604 1.6130200028419495 3
      vertex 41.980581402778625 1.740209199488163 3
    endloop
  endfacet
  facet normal 0 0 1
    outer loop
      vertex 41.38703499734402 2.0442999973893166 3
      vertex 42.02997460216284 1.8874168023467064 3
      vertex 41.4798813983798 2.048734001815319 3
    endloop
  endfacet
  facet normal 0 0 1
    outer loop
      vertex 42.02997460216284 1.8874168023467064 3
      vertex 41.56963659822941 2.0620360001921654 3
      vertex 41.4798813983798 2.048734001815319 3
    endloop
  endfacet
  facet normal 0 0 1
    outer loop
      vertex 42.02997460216284 1.8874168023467064 3
      vertex 41.656300596892834 2.084205999970436 3
      vertex 41.56963659822941 2.0620360001921654 3
    endloop
  endfacet
  facet normal 0 0 1
    outer loop
      vertex 42.02997460216284 1.8874168023467064 3
      vertex 41.73987340182066 2.1152440011501312 3
      vertex 41.656300596892834 2.084205999970436 3
    endloop
  endfacet
  facet normal 0 0 1
    outer loop
      vertex 42.02997460216284 1.8874168023467064 3
      vertex 41.820354998111725 2.15514999628067 3
      vertex 41.73987340182066 2.1152440011501312 3
    endloop
  endfacet
  facet normal 0 0 1
    outer loop
      vertex 41.820354998111725 2.15514999628067 3
      vertex 42.06618460267782 2.0546427965164185 3
      vertex 41.89465180039406 2.202391602098942 3
    endloop
  endfacet
  facet normal 0 0 1
    outer loop
      vertex 42.02997460216284 1.8874168023467064 3
      vertex 42.06618460267782 2.0546427965164185 3
      vertex 41.820354998111725 2.15514999628067 3
    endloop
  endfacet
  facet normal 0 0 1
    outer loop
      vertex 41.89465180039406 2.202391602098942 3
      vertex 42.06618460267782 2.0546427965164185 3
      vertex 41.95967020094395 2.2554123997688293 3
    endloop
  endfacet
  facet normal 0 0 1
    outer loop
      vertex 41.95967020094395 2.2554123997688293 3
      vertex 42.06618460267782 2.0546427965164185 3
      vertex 42.089211396873 2.2418871968984604 3
    endloop
  endfacet
  facet normal 0 0 1
    outer loop
      vertex 41.95967020094395 2.2554123997688293 3
      vertex 42.089211396873 2.2418871968984604 3
      vertex 42.01541019976139 2.3142123967409134 3
    endloop
  endfacet
  facet normal 0 0 1
    outer loop
      vertex 42.01541019976139 2.3142123967409134 3
      vertex 42.089211396873 2.2418871968984604 3
      vertex 42.06187179684639 2.3787916004657745 3
    endloop
  endfacet
  facet normal 0 0 1
    outer loop
      vertex 42.06187179684639 2.3787916004657745 3
      vertex 42.089211396873 2.2418871968984604 3
      vertex 42.099054999649525 2.449150003492832 3
    endloop
  endfacet
  facet normal 0 0 1
    outer loop
      vertex 41.86924780160189 2.472772002220154 3
      vertex 41.91217180341482 2.5136680006980896 3
      vertex 40.91505820304155 2.8905616030097008 3
    endloop
  endfacet
  facet normal 0 0 1
    outer loop
      vertex 41.91217180341482 2.5136680006980896 3
      vertex 41.950454197824 2.5593639984726906 3
      vertex 40.91505820304155 2.8905616030097008 3
    endloop
  endfacet
  facet normal 0 0 1
    outer loop
      vertex 40.91505820304155 2.8905616030097008 3
      vertex 41.950454197824 2.5593639984726906 3
      vertex 41.98409499973059 2.6098600029945374 3
    endloop
  endfacet
  facet normal 0 0 1
    outer loop
      vertex 40.91505820304155 2.8905616030097008 3
      vertex 41.98409499973059 2.6098600029945374 3
      vertex 42.01229380071163 2.6642199978232384 3
    endloop
  endfacet
  facet normal 0 0 1
    outer loop
      vertex 40.91505820304155 2.8905616030097008 3
      vertex 42.01229380071163 2.6642199978232384 3
      vertex 42.03422620147467 2.7215079963207245 3
    endloop
  endfacet
  facet normal 0 0 1
    outer loop
      vertex 40.91505820304155 2.8905616030097008 3
      vertex 42.03422620147467 2.7215079963207245 3
      vertex 42.04989220201969 2.7817239984869957 3
    endloop
  endfacet
  facet normal 0 0 1
    outer loop
      vertex 40.91505820304155 2.8905616030097008 3
      vertex 42.04989220201969 2.7817239984869957 3
      vertex 42.059291802346706 2.8448679968714714 3
    endloop
  endfacet
  facet normal 0 0 1
    outer loop
      vertex 40.91505820304155 2.8905616030097008 3
      vertex 42.059291802346706 2.8448679968714714 3
      vertex 42.06242500245571 2.910939998924732 3
    endloop
  endfacet
  facet normal 0 0 1
    outer loop
      vertex 40.91505820304155 2.8905616030097008 3
      vertex 42.06242500245571 2.910939998924732 3
      vertex 42.05607820302248 3.043863996863365 3
    endloop
  endfacet
  facet normal 0 0 1
    outer loop
      vertex 40.90895500034094 3.0106299966573715 3
      vertex 42.05607820302248 3.043863996863365 3
      vertex 42.037037797272205 3.165963999927044 3
    endloop
  endfacet
  facet normal 0 0 1
    outer loop
      vertex 42.364136196672916 1.7938276007771492 3
      vertex 53.00007999688387 1.065760001540184 3
      vertex 42.418052196502686 2.0208676010370255 3
    endloop
  endfacet
  facet normal 0 0 1
    outer loop
      vertex 42.418052196502686 2.0208676010370255 3
      vertex 53.00007999688387 1.065760001540184 3
      vertex 42.45040179789066 2.2752484008669853 3
    endloop
  endfacet
  facet normal 0 0 1
    outer loop
      vertex 42.45040179789066 2.2752484008669853 3
      vertex 53.00007999688387 1.377010002732277 3
      vertex 42.46118500083685 2.556970000267029 3
    endloop
  endfacet
  facet normal 0 0 1
    outer loop
      vertex 42.46118500083685 2.556970000267029 3
      vertex 53.08348000049591 3.120489999651909 3
      vertex 42.45133779942989 2.826721601188183 3
    endloop
  endfacet
  facet normal 0 0 1
    outer loop
      vertex 42.45133779942989 2.826721601188183 3
      vertex 53.08348000049591 3.120489999651909 3
      vertex 42.42179620265961 3.0679923966526985 3
    endloop
  endfacet
  facet normal 0 0 1
    outer loop
      vertex 33 5 3
      vertex 40.86751180142164 2.213547997176647 3
      vertex 40.768555000424385 2.3087500035762787 3
    endloop
  endfacet
  facet normal 0 0 1
    outer loop
      vertex 33 5 3
      vertex 40.768555000424385 2.3087500035762787 3
      vertex 40.685070998966694 2.4214588031172752 3
    endloop
  endfacet
  facet normal 0 0 1
    outer loop
      vertex 33 5 3
      vertex 40.685070998966694 2.4214588031172752 3
      vertex 40.62013900279999 2.5480011999607086 3
    endloop
  endfacet
  facet normal 0 0 1
    outer loop
      vertex 33 5 3
      vertex 40.62013900279999 2.5480011999607086 3
      vertex 37 5 3
    endloop
  endfacet
  facet normal 0 0 1
    outer loop
      vertex 40.62013900279999 2.5480011999607086 3
      vertex 40.573758997023106 2.6883772015571594 3
      vertex 37 5 3
    endloop
  endfacet
  facet normal 0 0 1
    outer loop
      vertex 40.573758997023106 2.6883772015571594 3
      vertex 40.54593099653721 2.842586800456047 3
      vertex 37 5 3
    endloop
  endfacet
  facet normal 0 0 1
    outer loop
      vertex 40.54593099653721 2.842586800456047 3
      vertex 40.5366550013423 3.0106299966573715 3
      vertex 37 5 3
    endloop
  endfacet
  facet normal 0 0 1
    outer loop
      vertex 40.5366550013423 3.0106299966573715 3
      vertex 40.54674579948187 3.182772397994995 3
      vertex 37 5 3
    endloop
  endfacet
  facet normal 0 0 1
    outer loop
      vertex 40.54674579948187 3.182772397994995 3
      vertex 40.577018201351166 3.339535601437092 3
      vertex 37 5 3
    endloop
  endfacet
  facet normal 0 0 1
    outer loop
      vertex 40.91505820304155 3.128412403166294 3
      vertex 42.00530380010605 3.277240000665188 3
      vertex 40.93336780369282 3.236023597419262 3
    endloop
  endfacet
  facet normal 0 0 1
    outer loop
      vertex 40.93336780369282 3.236023597419262 3
      vertex 41.96087619662285 3.377691999077797 3
      vertex 40.96388380229473 3.333463601768017 3
    endloop
  endfacet
  facet normal 0 0 1
    outer loop
      vertex 40.96388380229473 3.333463601768017 3
      vertex 41.96087619662285 3.377691999077797 3
      vertex 41.006606198847294 3.4207324013113976 3
    endloop
  endfacet
  facet normal 0 0 1
    outer loop
      vertex 41.006606198847294 3.4207324013113976 3
      vertex 41.96087619662285 3.377691999077797 3
      vertex 41.061535000801086 3.4978300034999847 3
    endloop
  endfacet
  facet normal 0 0 1
    outer loop
      vertex 41.061535000801086 3.4978300034999847 3
      vertex 41.96087619662285 3.377691999077797 3
      vertex 41.127041801810265 3.5626515969634056 3
    endloop
  endfacet
  facet normal 0 0 1
    outer loop
      vertex 41.127041801810265 3.5626515969634056 3
      vertex 41.96087619662285 3.377691999077797 3
      vertex 41.201498202979565 3.613068401813507 3
    endloop
  endfacet
  facet normal 0 0 1
    outer loop
      vertex 41.201498202979565 3.613068401813507 3
      vertex 41.96087619662285 3.377691999077797 3
      vertex 41.284904196858406 3.649080403149128 3
    endloop
  endfacet
  facet normal 0 0 1
    outer loop
      vertex 41.284904196858406 3.649080403149128 3
      vertex 41.96087619662285 3.377691999077797 3
      vertex 41.37725979834795 3.6706876009702682 3
    endloop
  endfacet
  facet normal 0 0 1
    outer loop
      vertex 40.577018201351166 3.339535601437092 3
      vertex 40.62747219949961 3.480919599533081 3
      vertex 37 5 3
    endloop
  endfacet
  facet normal 0 0 1
    outer loop
      vertex 40.62747219949961 3.480919599533081 3
      vertex 40.69810780137777 3.6069243997335434 3
      vertex 37 5 3
    endloop
  endfacet
  facet normal 0 0 1
    outer loop
      vertex 40.69810780137777 3.6069243997335434 3
      vertex 40.788924999535084 3.717550002038479 3
      vertex 37 5 3
    endloop
  endfacet
  facet normal 0 0 1
    outer loop
      vertex 40.788924999535084 3.717550002038479 3
      vertex 40.89772540330887 3.8102032020688057 3
      vertex 37 5 3
    endloop
  endfacet
  facet normal 0 0 1
    outer loop
      vertex 40.89772540330887 3.8102032020688057 3
      vertex 41.022310599684715 3.8822667971253395 3
      vertex 37 5 3
    endloop
  endfacet
  facet normal 0 0 1
    outer loop
      vertex 41.022310599684715 3.8822667971253395 3
      vertex 41.162680603563786 3.9337408021092415 3
      vertex 37 5 3
    endloop
  endfacet
  facet normal 0 0 1
    outer loop
      vertex 41.162680603563786 3.9337408021092415 3
      vertex 41.31883540004492 3.9646252021193504 3
      vertex 37 5 3
    endloop
  endfacet
  facet normal 0 0 1
    outer loop
      vertex 41.31883540004492 3.9646252021193504 3
      vertex 41.49077499657869 3.9749199971556664 3
      vertex 37 5 3
    endloop
  endfacet
  facet normal 0 0 1
    outer loop
      vertex 41.672729797661304 3.960759997367859 3
      vertex 37 5 3
      vertex 41.49077499657869 3.9749199971556664 3
    endloop
  endfacet
  facet normal 0 0 1
    outer loop
      vertex 46 5 3
      vertex 37 5 3
      vertex 41.672729797661304 3.960759997367859 3
    endloop
  endfacet
  facet normal 0 0 1
    outer loop
      vertex 40.91505820304155 3.128412403166294 3
      vertex 42.037037797272205 3.165963999927044 3
      vertex 42.00530380010605 3.277240000665188 3
    endloop
  endfacet
  facet normal 0 0 1
    outer loop
      vertex 40.93336780369282 3.236023597419262 3
      vertex 42.00530380010605 3.277240000665188 3
      vertex 41.96087619662285 3.377691999077797 3
    endloop
  endfacet
  facet normal 0 0 1
    outer loop
      vertex 41.96087619662285 3.377691999077797 3
      vertex 41.903755001723766 3.467320002615452 3
      vertex 41.478564999997616 3.6778900027275085 3
    endloop
  endfacet
  facet normal 0 0 1
    outer loop
      vertex 41.37725979834795 3.6706876009702682 3
      vertex 41.96087619662285 3.377691999077797 3
      vertex 41.478564999997616 3.6778900027275085 3
    endloop
  endfacet
  facet normal 0 0 1
    outer loop
      vertex 41.903755001723766 3.467320002615452 3
      vertex 41.58085899800062 3.6694672033190727 3
      vertex 41.478564999997616 3.6778900027275085 3
    endloop
  endfacet
  facet normal 0 0 1
    outer loop
      vertex 41.903755001723766 3.467320002615452 3
      vertex 41.835973002016544 3.543125197291374 3
      vertex 41.58085899800062 3.6694672033190727 3
    endloop
  endfacet
  facet normal 0 0 1
    outer loop
      vertex 41.759562999010086 3.6020848006010056 3
      vertex 41.67452500015497 3.6441987976431847 3
      vertex 41.835973002016544 3.543125197291374 3
    endloop
  endfacet
  facet normal 0 0 1
    outer loop
      vertex 41.58085899800062 3.6694672033190727 3
      vertex 41.835973002016544 3.543125197291374 3
      vertex 41.67452500015497 3.6441987976431847 3
    endloop
  endfacet
  facet normal 0 0 1
    outer loop
      vertex 46 5 3
      vertex 41.672729797661304 3.960759997367859 3
      vertex 41.83613020181656 3.9182799980044365 3
    endloop
  endfacet
  facet normal 0 0 1
    outer loop
      vertex 42.42179620265961 3.0679923966526985 3
      vertex 53.08348000049591 3.120489999651909 3
      vertex 42.37256020307541 3.280782401561737 3
    endloop
  endfacet
  facet normal 0 0 1
    outer loop
      vertex 42.37256020307541 3.280782401561737 3
      vertex 53.08348000049591 3.120489999651909 3
      vertex 42.3036298006773 3.4650916010141373 3
    endloop
  endfacet
  facet normal 0 0 1
    outer loop
      vertex 42.3036298006773 3.4650916010141373 3
      vertex 53.08348000049591 3.120489999651909 3
      vertex 42.21500500291586 3.6209200024604797 3
    endloop
  endfacet
  facet normal 0 0 1
    outer loop
      vertex 42.21500500291586 3.6209200024604797 3
      vertex 53.08348000049591 3.120489999651909 3
      vertex 42.107267796993256 3.748360000550747 3
    endloop
  endfacet
  facet normal 0 0 1
    outer loop
      vertex 41.980976201593876 3.847479999065399 3
      vertex 42.107267796993256 3.748360000550747 3
      vertex 53.08348000049591 3.120489999651909 3
    endloop
  endfacet
  facet normal 0 0 1
    outer loop
      vertex 41.980976201593876 3.847479999065399 3
      vertex 53.76094000041485 3.932199999690056 3
      vertex 41.83613020181656 3.9182799980044365 3
    endloop
  endfacet
  facet normal 0 0 1
    outer loop
      vertex 46 5 3
      vertex 41.83613020181656 3.9182799980044365 3
      vertex 53.76094000041485 3.932199999690056 3
    endloop
  endfacet
  facet normal 0 0 1
    outer loop
      vertex 37 25 3
      vertex 33 5 3
      vertex 37 5 3
    endloop
  endfacet
  facet normal 0 0 -1
    outer loop
      vertex 0 25 0
      vertex 4 25 0
      vertex 4 5 0
    endloop
  endfacet
  facet normal 0 0 -1
    outer loop
      vertex 14 25 0
      vertex 14 5 0
      vertex 10 25 0
    endloop
  endfacet
  facet normal 0 0 -1
    outer loop
      vertex 25 25 0
      vertex 25 5 0
      vertex 21 25 0
    endloop
  endfacet
  facet normal -1 0 0
    outer loop
      vertex 0 0 0
      vertex 0 25 3
      vertex 0 25 0
    endloop
  endfacet
  facet normal 0 1 0
    outer loop
      vertex 0 25 0
      vertex 0 25 3
      vertex 4 25 0
    endloop
  endfacet
  facet normal 0 1 0
    outer loop
      vertex 10 25 0
      vertex 10 25 3
      vertex 14 25 0
    endloop
  endfacet
  facet normal 0 1 0
    outer loop
      vertex 21 25 0
      vertex 21 25 3
      vertex 25 25 0
    endloop
  endfacet
  facet normal 0 0 -1
    outer loop
      vertex 37 25 0
      vertex 37 5 0
      vertex 33 25 0
    endloop
  endfacet
  facet normal 0 1 0
    outer loop
      vertex 33 25 0
      vertex 33 25 3
      vertex 37 25 0
    endloop
  endfacet
  facet normal 0 1 0
    outer loop
      vertex 46 25 0
      vertex 46 25 3
      vertex 50 25 0
    endloop
  endfacet
  facet normal 0 0 1
    outer loop
      vertex 0 25 3
      vertex 4 5 3
      vertex 4 25 3
    endloop
  endfacet
  facet normal 0 0 1
    outer loop
      vertex 10 5 3
      vertex 14 25 3
      vertex 10 25 3
    endloop
  endfacet
  facet normal 0 0 1
    outer loop
      vertex 21 5 3
      vertex 25 25 3
      vertex 21 25 3
    endloop
  endfacet
  facet normal 0 1 0
    outer loop
      vertex 0 25 3
      vertex 4 25 3
      vertex 4 25 0
    endloop
  endfacet
  facet normal 0 1 0
    outer loop
      vertex 14 25 0
      vertex 10 25 3
      vertex 14 25 3
    endloop
  endfacet
  facet normal 0 1 0
    outer loop
      vertex 25 25 0
      vertex 21 25 3
      vertex 25 25 3
    endloop
  endfacet
  facet normal 0 0 1
    outer loop
      vertex 33 5 3
      vertex 37 25 3
      vertex 33 25 3
    endloop
  endfacet
  facet normal 0 0 1
    outer loop
      vertex 46 5 3
      vertex 50 25 3
      vertex 46 25 3
    endloop
  endfacet
  facet normal 0 1 0
    outer loop
      vertex 37 25 0
      vertex 33 25 3
      vertex 37 25 3
    endloop
  endfacet
  facet normal 0 0 -1
    outer loop
      vertex 0 0 0
      vertex 60 5 0
      vertex 95 0 0
    endloop
  endfacet
  facet normal 0 -1 0
    outer loop
      vertex 0 0 0
      vertex 95 0 0
      vertex 95 0 3
    endloop
  endfacet
  facet normal 0 0 -1
    outer loop
      vertex 60 25 0
      vertex 64 5 0
      vertex 60 5 0
    endloop
  endfacet
  facet normal 0 0 -1
    outer loop
      vertex 95 0 0
      vertex 60 5 0
      vertex 64 5 0
    endloop
  endfacet
  facet normal 0 0 -1
    outer loop
      vertex 95 0 0
      vertex 64 5 0
      vertex 75 5 0
    endloop
  endfacet
  facet normal 0 0 -1
    outer loop
      vertex 95 0 0
      vertex 75 5 0
      vertex 79 5 0
    endloop
  endfacet
  facet normal 0 0 -1
    outer loop
      vertex 95 0 0
      vertex 79 5 0
      vertex 91 5 0
    endloop
  endfacet
  facet normal 0 0 -1
    outer loop
      vertex 75 25 0
      vertex 79 5 0
      vertex 75 5 0
    endloop
  endfacet
  facet normal 0 0 -1
    outer loop
      vertex 95 0 0
      vertex 91 5 0
      vertex 95 25 0
    endloop
  endfacet
  facet normal 1 0 0
    outer loop
      vertex 95 0 0
      vertex 95 25 0
      vertex 95 0 3
    endloop
  endfacet
  facet normal 0 0 1
    outer loop
      vertex 42.45040179789066 2.2752484008669853 3
      vertex 53.00007999688387 1.065760001540184 3
      vertex 53.00007999688387 1.377010002732277 3
    endloop
  endfacet
  facet normal 0 0 1
    outer loop
      vertex 42.46118500083685 2.556970000267029 3
      vertex 53.00007999688387 1.377010002732277 3
      vertex 53.08348000049591 3.120489999651909 3
    endloop
  endfacet
  facet normal 0 0 1
    outer loop
      vertex 53.00007999688387 1.377010002732277 3
      vertex 53.73040000349283 1.377010002732277 3
      vertex 53.08348000049591 3.120489999651909 3
    endloop
  endfacet
  facet normal 0 0 1
    outer loop
      vertex 0 0 3
      vertex 95 0 3
      vertex 71.45909000188112 1.066720001399517 3
    endloop
  endfacet
  facet normal 0 0 1
    outer loop
      vertex 54.79642000049353 1.065760001540184 3
      vertex 55.965599201619625 1.040133997797966 3
      vertex 55.797392800450325 1.0852959975600243 3
    endloop
  endfacet
  facet normal 0 0 1
    outer loop
      vertex 54.79642000049353 1.065760001540184 3
      vertex 56.153499998152256 1.0250800028443336 3
      vertex 55.965599201619625 1.040133997797966 3
    endloop
  endfacet
  facet normal 0 0 1
    outer loop
      vertex 54.79642000049353 1.065760001540184 3
      vertex 55.797392800450325 1.0852959975600243 3
      vertex 55.648880802094936 1.1605660021305084 3
    endloop
  endfacet
  facet normal 0 0 1
    outer loop
      vertex 54.79642000049353 1.065760001540184 3
      vertex 55.648880802094936 1.1605660021305084 3
      vertex 55.52006319910288 1.2659439966082573 3
    endloop
  endfacet
  facet normal 0 0 1
    outer loop
      vertex 54.79642000049353 1.065760001540184 3
      vertex 55.52006319910288 1.2659439966082573 3
      vertex 55.41093999892473 1.4014300033450127 3
    endloop
  endfacet
  facet normal 0 0 1
    outer loop
      vertex 54.79642000049353 1.065760001540184 3
      vertex 55.41093999892473 1.4014300033450127 3
      vertex 54.79642000049353 1.377010002732277 3
    endloop
  endfacet
  facet normal 0 0 1
    outer loop
      vertex 54.79642000049353 1.377010002732277 3
      vertex 55.41093999892473 1.4014300033450127 3
      vertex 55.32159160077572 1.5658048018813133 3
    endloop
  endfacet
  facet normal 0 0 1
    outer loop
      vertex 56.15754999965429 1.3241200000047684 3
      vertex 56.280028000473976 1.335674799978733 3
      vertex 56.56444600224495 1.5089967995882034 3
    endloop
  endfacet
  facet normal 0 0 1
    outer loop
      vertex 56.280028000473976 1.335674799978733 3
      vertex 56.38866999745369 1.3703391999006271 3
      vertex 56.483475998044014 1.4281131997704506 3
    endloop
  endfacet
  facet normal 0 0 1
    outer loop
      vertex 55.92530679702759 1.3693647980690002 3
      vertex 56.034389197826385 1.3354312032461166 3
      vertex 56.68577440083027 1.7409183979034424 3
    endloop
  endfacet
  facet normal 0 0 1
    outer loop
      vertex 55.8303027972579 1.4259207993745804 3
      vertex 55.92530679702759 1.3693647980690002 3
      vertex 56.68577440083027 1.7409183979034424 3
    endloop
  endfacet
  facet normal 0 0 1
    outer loop
      vertex 55.8303027972579 1.4259207993745804 3
      vertex 56.68577440083027 1.7409183979034424 3
      vertex 55.74937719851732 1.5050991997122765 3
    endloop
  endfacet
  facet normal 0 0 1
    outer loop
      vertex 56.034389197826385 1.3354312032461166 3
      vertex 56.15754999965429 1.3241200000047684 3
      vertex 56.68577440083027 1.7409183979034424 3
    endloop
  endfacet
  facet normal 0 0 1
    outer loop
      vertex 56.280028000473976 1.335674799978733 3
      vertex 56.483475998044014 1.4281131997704506 3
      vertex 56.56444600224495 1.5089967995882034 3
    endloop
  endfacet
  facet normal 0 0 1
    outer loop
      vertex 56.15754999965429 1.3241200000047684 3
      vertex 56.56444600224495 1.5089967995882034 3
      vertex 56.631580002605915 1.6129899993538857 3
    endloop
  endfacet
  facet normal 0 0 1
    outer loop
      vertex 56.15754999965429 1.3241200000047684 3
      vertex 56.631580002605915 1.6129899993538857 3
      vertex 56.68577440083027 1.7409183979034424 3
    endloop
  endfacet
  facet normal 0 0 1
    outer loop
      vertex 54.09865000098944 1.377010002732277 3
      vertex 54.79642000049353 1.377010002732277 3
      vertex 55.202460400760174 1.977563202381134 3
    endloop
  endfacet
  facet normal 0 0 1
    outer loop
      vertex 54.09865000098944 1.377010002732277 3
      vertex 55.202460400760174 1.977563202381134 3
      vertex 55.17267759889364 2.2249467968940735 3
    endloop
  endfacet
  facet normal 0 0 1
    outer loop
      vertex 54.09865000098944 1.377010002732277 3
      vertex 55.17267759889364 2.2249467968940735 3
      vertex 55.162749998271465 2.5 3
    endloop
  endfacet
  facet normal 0 0 1
    outer loop
      vertex 54.79642000049353 1.377010002732277 3
      vertex 55.32159160077572 1.5658048018813133 3
      vertex 55.25209839642048 1.7578492015600204 3
    endloop
  endfacet
  facet normal 0 0 1
    outer loop
      vertex 54.79642000049353 1.377010002732277 3
      vertex 55.25209839642048 1.7578492015600204 3
      vertex 55.202460400760174 1.977563202381134 3
    endloop
  endfacet
  facet normal 0 0 1
    outer loop
      vertex 55.682530000805855 1.6068999990820885 3
      vertex 56.68577440083027 1.7409183979034424 3
      vertex 55.62870279699564 1.7331136018037796 3
    endloop
  endfacet
  facet normal 0 0 1
    outer loop
      vertex 55.74937719851732 1.5050991997122765 3
      vertex 56.68577440083027 1.7409183979034424 3
      vertex 55.682530000805855 1.6068999990820885 3
    endloop
  endfacet
  facet normal 0 0 1
    outer loop
      vertex 55.58683720231056 1.8855303972959518 3
      vertex 55.62870279699564 1.7331136018037796 3
      vertex 56.68577440083027 1.7409183979034424 3
    endloop
  endfacet
  facet normal 0 0 1
    outer loop
      vertex 55.58683720231056 1.8855303972959518 3
      vertex 56.72792559862137 1.8935836032032967 3
      vertex 55.55693320184946 2.0641504004597664 3
    endloop
  endfacet
  facet normal 0 0 1
    outer loop
      vertex 55.58683720231056 1.8855303972959518 3
      vertex 56.68577440083027 1.7409183979034424 3
      vertex 56.72792559862137 1.8935836032032967 3
    endloop
  endfacet
  facet normal 0 0 1
    outer loop
      vertex 55.55693320184946 2.0641504004597664 3
      vertex 56.758033603429794 2.0709856003522873 3
      vertex 55.538990803062916 2.268973596394062 3
    endloop
  endfacet
  facet normal 0 0 1
    outer loop
      vertex 55.55693320184946 2.0641504004597664 3
      vertex 56.72792559862137 1.8935836032032967 3
      vertex 56.758033603429794 2.0709856003522873 3
    endloop
  endfacet
  facet normal 0 0 1
    outer loop
      vertex 55.538990803062916 2.268973596394062 3
      vertex 56.758033603429794 2.0709856003522873 3
      vertex 56.776098400354385 2.273124396800995 3
    endloop
  endfacet
  facet normal 0 0 1
    outer loop
      vertex 53.73040000349283 1.377010002732277 3
      vertex 53.73040000349283 3.5822800025343895 3
      vertex 53.08348000049591 3.120489999651909 3
    endloop
  endfacet
  facet normal 0 0 1
    outer loop
      vertex 54.09865000098944 1.377010002732277 3
      vertex 55.162749998271465 2.5 3
      vertex 54.09865000098944 3.932199999690056 3
    endloop
  endfacet
  facet normal 0 0 1
    outer loop
      vertex 54.09865000098944 3.932199999690056 3
      vertex 55.162749998271465 2.5 3
      vertex 55.17239320278168 2.7805816009640694 3
    endloop
  endfacet
  facet normal 0 0 1
    outer loop
      vertex 55.538990803062916 2.268973596394062 3
      vertex 56.776098400354385 2.273124396800995 3
      vertex 55.53300999850035 2.5 3
    endloop
  endfacet
  facet normal 0 0 1
    outer loop
      vertex 55.53300999850035 2.5 3
      vertex 56.776098400354385 2.273124396800995 3
      vertex 56.78211999684572 2.5 3
    endloop
  endfacet
  facet normal 0 0 1
    outer loop
      vertex 55.53300999850035 2.5 3
      vertex 56.77638279646635 2.7345243990421295 3
      vertex 55.53890919685364 2.737287998199463 3
    endloop
  endfacet
  facet normal 0 0 1
    outer loop
      vertex 55.53300999850035 2.5 3
      vertex 56.78211999684572 2.5 3
      vertex 56.77638279646635 2.7345243990421295 3
    endloop
  endfacet
  facet normal 0 0 1
    outer loop
      vertex 55.53890919685364 2.737287998199463 3
      vertex 56.759171202778816 2.941705599427223 3
      vertex 55.55660679936409 2.946255996823311 3
    endloop
  endfacet
  facet normal 0 0 1
    outer loop
      vertex 55.53890919685364 2.737287998199463 3
      vertex 56.77638279646635 2.7345243990421295 3
      vertex 56.759171202778816 2.941705599427223 3
    endloop
  endfacet
  facet normal 0 0 1
    outer loop
      vertex 55.55660679936409 2.946255996823311 3
      vertex 56.73048520088196 3.121543601155281 3
      vertex 55.58610279858112 3.1269040033221245 3
    endloop
  endfacet
  facet normal 0 0 1
    outer loop
      vertex 55.55660679936409 2.946255996823311 3
      vertex 56.759171202778816 2.941705599427223 3
      vertex 56.73048520088196 3.121543601155281 3
    endloop
  endfacet
  facet normal 0 0 1
    outer loop
      vertex 41.980976201593876 3.847479999065399 3
      vertex 53.08348000049591 3.120489999651909 3
      vertex 53.08348000049591 3.466329999268055 3
    endloop
  endfacet
  facet normal 0 0 1
    outer loop
      vertex 41.980976201593876 3.847479999065399 3
      vertex 53.08348000049591 3.466329999268055 3
      vertex 53.76094000041485 3.932199999690056 3
    endloop
  endfacet
  facet normal 0 0 1
    outer loop
      vertex 46 5 3
      vertex 53.76094000041485 3.932199999690056 3
      vertex 50 5 3
    endloop
  endfacet
  facet normal 0 0 1
    outer loop
      vertex 54.09865000098944 3.932199999690056 3
      vertex 50 5 3
      vertex 53.76094000041485 3.932199999690056 3
    endloop
  endfacet
  facet normal 0 0 1
    outer loop
      vertex 54.09865000098944 3.932199999690056 3
      vertex 55.7938252016902 3.9160047993063927 3
      vertex 50 5 3
    endloop
  endfacet
  facet normal 0 0 1
    outer loop
      vertex 54.09865000098944 3.932199999690056 3
      vertex 55.17239320278168 2.7805816009640694 3
      vertex 55.20132280141115 3.0315423980355263 3
    endloop
  endfacet
  facet normal 0 0 1
    outer loop
      vertex 54.09865000098944 3.932199999690056 3
      vertex 55.20132280141115 3.0315423980355263 3
      vertex 55.24953880161047 3.2528823986649513 3
    endloop
  endfacet
  facet normal 0 0 1
    outer loop
      vertex 54.09865000098944 3.932199999690056 3
      vertex 55.24953880161047 3.2528823986649513 3
      vertex 55.31704120337963 3.4446016028523445 3
    endloop
  endfacet
  facet normal 0 0 1
    outer loop
      vertex 55.58610279858112 3.1269040033221245 3
      vertex 56.69032479822636 3.2740383967757225 3
      vertex 55.62739720195532 3.2792320027947426 3
    endloop
  endfacet
  facet normal 0 0 1
    outer loop
      vertex 55.62739720195532 3.2792320027947426 3
      vertex 56.69032479822636 3.2740383967757225 3
      vertex 55.680490002036095 3.4032400026917458 3
    endloop
  endfacet
  facet normal 0 0 1
    outer loop
      vertex 55.58610279858112 3.1269040033221245 3
      vertex 56.73048520088196 3.121543601155281 3
      vertex 56.69032479822636 3.2740383967757225 3
    endloop
  endfacet
  facet normal 0 0 1
    outer loop
      vertex 55.680490002036095 3.4032400026917458 3
      vertex 56.69032479822636 3.2740383967757225 3
      vertex 55.74710199981928 3.502113997936249 3
    endloop
  endfacet
  facet normal 0 0 1
    outer loop
      vertex 56.69032479822636 3.2740383967757225 3
      vertex 55.828929997980595 3.579016000032425 3
      vertex 55.74710199981928 3.502113997936249 3
    endloop
  endfacet
  facet normal 0 0 1
    outer loop
      vertex 56.69032479822636 3.2740383967757225 3
      vertex 55.92597399652004 3.6339460015296936 3
      vertex 55.828929997980595 3.579016000032425 3
    endloop
  endfacet
  facet normal 0 0 1
    outer loop
      vertex 54.09865000098944 3.932199999690056 3
      vertex 55.31704120337963 3.4446016028523445 3
      vertex 55.403829999268055 3.6067000031471252 3
    endloop
  endfacet
  facet normal 0 0 1
    outer loop
      vertex 54.09865000098944 3.932199999690056 3
      vertex 55.403829999268055 3.6067000031471252 3
      vertex 55.51145079731941 3.739259198307991 3
    endloop
  endfacet
  facet normal 0 0 1
    outer loop
      vertex 54.09865000098944 3.932199999690056 3
      vertex 55.51145079731941 3.739259198307991 3
      vertex 55.64144919812679 3.8423608019948006 3
    endloop
  endfacet
  facet normal 0 0 1
    outer loop
      vertex 54.09865000098944 3.932199999690056 3
      vertex 55.64144919812679 3.8423608019948006 3
      vertex 55.7938252016902 3.9160047993063927 3
    endloop
  endfacet
  facet normal 0 0 1
    outer loop
      vertex 56.69032479822636 3.2740383967757225 3
      vertex 56.0382340028882 3.666904002428055 3
      vertex 55.92597399652004 3.6339460015296936 3
    endloop
  endfacet
  facet normal 0 0 1
    outer loop
      vertex 56.69032479822636 3.2740383967757225 3
      vertex 56.165710002183914 3.6778900027275085 3
      vertex 56.0382340028882 3.666904002428055 3
    endloop
  endfacet
  facet normal 0 0 1
    outer loop
      vertex 56.165710002183914 3.6778900027275085 3
      vertex 56.63869000226259 3.3991900011897087 3
      vertex 56.290085196495056 3.6667419970035553 3
    endloop
  endfacet
  facet normal 0 0 1
    outer loop
      vertex 55.7938252016902 3.9160047993063927 3
      vertex 55.968578800559044 3.960191197693348 3
      vertex 50 5 3
    endloop
  endfacet
  facet normal 0 0 1
    outer loop
      vertex 60 5 3
      vertex 50 5 3
      vertex 55.968578800559044 3.960191197693348 3
    endloop
  endfacet
  facet normal 0 0 1
    outer loop
      vertex 56.69032479822636 3.2740383967757225 3
      vertex 56.63869000226259 3.3991900011897087 3
      vertex 56.165710002183914 3.6778900027275085 3
    endloop
  endfacet
  facet normal 0 0 1
    outer loop
      vertex 56.290085196495056 3.6667419970035553 3
      vertex 56.63869000226259 3.3991900011897087 3
      vertex 56.573873199522495 3.4995220005512238 3
    endloop
  endfacet
  facet normal 0 0 1
    outer loop
      vertex 56.39957080036402 3.6332980021834373 3
      vertex 56.573873199522495 3.4995220005512238 3
      vertex 56.49416679888964 3.5775580033659935 3
    endloop
  endfacet
  facet normal 0 0 1
    outer loop
      vertex 56.39957080036402 3.6332980021834373 3
      vertex 56.290085196495056 3.6667419970035553 3
      vertex 56.573873199522495 3.4995220005512238 3
    endloop
  endfacet
  facet normal 0 0 1
    outer loop
      vertex 60 5 3
      vertex 56.357709996402264 3.960028000175953 3
      vertex 56.52847000211477 3.915352001786232 3
    endloop
  endfacet
  facet normal 0 0 1
    outer loop
      vertex 60 5 3
      vertex 55.968578800559044 3.960191197693348 3
      vertex 56.165710002183914 3.9749199971556664 3
    endloop
  endfacet
  facet normal 0 0 1
    outer loop
      vertex 60 5 3
      vertex 56.165710002183914 3.9749199971556664 3
      vertex 56.357709996402264 3.960028000175953 3
    endloop
  endfacet
  facet normal 0 0 1
    outer loop
      vertex 56.153499998152256 1.0250800028443336 3
      vertex 67.65470000356436 1.066720001399517 3
      vertex 56.34159280359745 1.0402155965566635 3
    endloop
  endfacet
  facet normal 0 0 1
    outer loop
      vertex 56.34159280359745 1.0402155965566635 3
      vertex 67.65470000356436 1.066720001399517 3
      vertex 56.51039920002222 1.085622400045395 3
    endloop
  endfacet
  facet normal 0 0 1
    outer loop
      vertex 56.51039920002222 1.085622400045395 3
      vertex 67.65470000356436 1.066720001399517 3
      vertex 56.65991920232773 1.1613003984093666 3
    endloop
  endfacet
  facet normal 0 0 1
    outer loop
      vertex 56.65991920232773 1.1613003984093666 3
      vertex 67.65470000356436 1.066720001399517 3
      vertex 56.79015280306339 1.2672495990991592 3
    endloop
  endfacet
  facet normal 0 0 1
    outer loop
      vertex 56.79015280306339 1.2672495990991592 3
      vertex 67.65470000356436 1.066720001399517 3
      vertex 56.901100002229214 1.4034700021147728 3
    endloop
  endfacet
  facet normal 0 0 1
    outer loop
      vertex 56.901100002229214 1.4034700021147728 3
      vertex 67.65470000356436 1.066720001399517 3
      vertex 56.992284402251244 1.5684159994125366 3
    endloop
  endfacet
  facet normal 0 0 1
    outer loop
      vertex 56.992284402251244 1.5684159994125366 3
      vertex 67.65470000356436 1.066720001399517 3
      vertex 57.06320559978485 1.7605419978499413 3
    endloop
  endfacet
  facet normal 0 0 1
    outer loop
      vertex 57.14425840228796 2.226333998143673 3
      vertex 67.65470000356436 1.066720001399517 3
      vertex 67.65470000356436 1.37797000259161 3
    endloop
  endfacet
  facet normal 0 0 1
    outer loop
      vertex 57.06320559978485 1.7605419978499413 3
      vertex 67.65470000356436 1.066720001399517 3
      vertex 57.11386360228062 1.9798479974269867 3
    endloop
  endfacet
  facet normal 0 0 1
    outer loop
      vertex 57.11386360228062 1.9798479974269867 3
      vertex 67.65470000356436 1.066720001399517 3
      vertex 57.14425840228796 2.226333998143673 3
    endloop
  endfacet
  facet normal 0 0 1
    outer loop
      vertex 57.14425840228796 2.226333998143673 3
      vertex 67.65470000356436 1.37797000259161 3
      vertex 57.15438999980688 2.5 3
    endloop
  endfacet
  facet normal 0 0 1
    outer loop
      vertex 57.15438999980688 2.5 3
      vertex 67.73809999972582 3.121449999511242 3
      vertex 57.14474680274725 2.77781680226326 3
    endloop
  endfacet
  facet normal 0 0 1
    outer loop
      vertex 57.14474680274725 2.77781680226326 3
      vertex 67.73809999972582 3.121449999511242 3
      vertex 57.115817196667194 3.026987202465534 3
    endloop
  endfacet
  facet normal 0 0 1
    outer loop
      vertex 57.15438999980688 2.5 3
      vertex 67.65470000356436 1.37797000259161 3
      vertex 67.73809999972582 3.121449999511242 3
    endloop
  endfacet
  facet normal 0 0 1
    outer loop
      vertex 69.45103999972343 1.066720001399517 3
      vertex 69.66274999827147 1.066720001399517 3
      vertex 69.45103999972343 1.37797000259161 3
    endloop
  endfacet
  facet normal 0 0 1
    outer loop
      vertex 69.66274999827147 1.066720001399517 3
      vertex 69.66274999827147 1.37797000259161 3
      vertex 69.45103999972343 1.37797000259161 3
    endloop
  endfacet
  facet normal 0 0 1
    outer loop
      vertex 67.65470000356436 1.37797000259161 3
      vertex 68.38502000272274 1.37797000259161 3
      vertex 67.73809999972582 3.121449999511242 3
    endloop
  endfacet
  facet normal 0 0 1
    outer loop
      vertex 68.38502000272274 1.37797000259161 3
      vertex 68.38502000272274 3.5832400023937225 3
      vertex 67.73809999972582 3.121449999511242 3
    endloop
  endfacet
  facet normal 0 0 1
    outer loop
      vertex 68.75327000021935 1.37797000259161 3
      vertex 69.45103999972343 1.37797000259161 3
      vertex 69.7461500018835 3.121449999511242 3
    endloop
  endfacet
  facet normal 0 0 1
    outer loop
      vertex 69.45103999972343 1.37797000259161 3
      vertex 69.66274999827147 1.37797000259161 3
      vertex 69.7461500018835 3.121449999511242 3
    endloop
  endfacet
  facet normal 0 0 1
    outer loop
      vertex 69.66274999827147 1.37797000259161 3
      vertex 70.39306999742985 1.37797000259161 3
      vertex 69.7461500018835 3.121449999511242 3
    endloop
  endfacet
  facet normal 0 0 1
    outer loop
      vertex 70.76132000237703 1.37797000259161 3
      vertex 71.45909000188112 1.37797000259161 3
      vertex 70.76132000237703 3.933159999549389 3
    endloop
  endfacet
  facet normal 0 0 1
    outer loop
      vertex 68.75327000021935 1.37797000259161 3
      vertex 69.7461500018835 3.121449999511242 3
      vertex 68.75327000021935 3.933159999549389 3
    endloop
  endfacet
  facet normal 0 0 1
    outer loop
      vertex 70.39306999742985 1.37797000259161 3
      vertex 70.39306999742985 3.5832400023937225 3
      vertex 69.7461500018835 3.121449999511242 3
    endloop
  endfacet
  facet normal 0 0 1
    outer loop
      vertex 57.115817196667194 3.026987202465534 3
      vertex 67.73809999972582 3.121449999511242 3
      vertex 57.067601196467876 3.247511200606823 3
    endloop
  endfacet
  facet normal 0 0 1
    outer loop
      vertex 57.067601196467876 3.247511200606823 3
      vertex 67.73809999972582 3.121449999511242 3
      vertex 57.000098802149296 3.439388796687126 3
    endloop
  endfacet
  facet normal 0 0 1
    outer loop
      vertex 56.91330999881029 3.6026199981570244 3
      vertex 67.73809999972582 3.121449999511242 3
      vertex 56.80627000331879 3.7366480007767677 3
    endloop
  endfacet
  facet normal 0 0 1
    outer loop
      vertex 56.91330999881029 3.6026199981570244 3
      vertex 57.000098802149296 3.439388796687126 3
      vertex 67.73809999972582 3.121449999511242 3
    endloop
  endfacet
  facet normal 0 0 1
    outer loop
      vertex 56.80627000331879 3.7366480007767677 3
      vertex 67.73809999972582 3.121449999511242 3
      vertex 56.6779899969697 3.8408920019865036 3
    endloop
  endfacet
  facet normal 0 0 1
    outer loop
      vertex 56.52847000211477 3.915352001786232 3
      vertex 56.6779899969697 3.8408920019865036 3
      vertex 67.73809999972582 3.467289999127388 3
    endloop
  endfacet
  facet normal 0 0 1
    outer loop
      vertex 60 5 3
      vertex 56.52847000211477 3.915352001786232 3
      vertex 67.73809999972582 3.467289999127388 3
    endloop
  endfacet
  facet normal 0 0 1
    outer loop
      vertex 56.6779899969697 3.8408920019865036 3
      vertex 67.73809999972582 3.121449999511242 3
      vertex 67.73809999972582 3.467289999127388 3
    endloop
  endfacet
  facet normal 0 0 1
    outer loop
      vertex 60 5 3
      vertex 67.73809999972582 3.467289999127388 3
      vertex 64 5 3
    endloop
  endfacet
  facet normal 0 0 1
    outer loop
      vertex 67.73809999972582 3.467289999127388 3
      vertex 68.41555999964476 3.933159999549389 3
      vertex 64 5 3
    endloop
  endfacet
  facet normal 0 0 1
    outer loop
      vertex 68.75327000021935 3.933159999549389 3
      vertex 64 5 3
      vertex 68.41555999964476 3.933159999549389 3
    endloop
  endfacet
  facet normal 0 0 1
    outer loop
      vertex 68.75327000021935 3.933159999549389 3
      vertex 70.42361000180244 3.933159999549389 3
      vertex 64 5 3
    endloop
  endfacet
  facet normal 0 0 1
    outer loop
      vertex 68.75327000021935 3.933159999549389 3
      vertex 69.7461500018835 3.121449999511242 3
      vertex 69.7461500018835 3.467289999127388 3
    endloop
  endfacet
  facet normal 0 0 1
    outer loop
      vertex 68.75327000021935 3.933159999549389 3
      vertex 69.7461500018835 3.467289999127388 3
      vertex 70.42361000180244 3.933159999549389 3
    endloop
  endfacet
  facet normal 0 0 1
    outer loop
      vertex 75 5 3
      vertex 64 5 3
      vertex 70.42361000180244 3.933159999549389 3
    endloop
  endfacet
  facet normal 0 0 1
    outer loop
      vertex 50 25 3
      vertex 46 5 3
      vertex 50 5 3
    endloop
  endfacet
  facet normal 0 0 1
    outer loop
      vertex 64 25 3
      vertex 60 5 3
      vertex 64 5 3
    endloop
  endfacet
  facet normal 0 0 1
    outer loop
      vertex 71.45909000188112 1.066720001399517 3
      vertex 83.00007999688387 1.3558899983763695 3
      vertex 71.45909000188112 1.37797000259161 3
    endloop
  endfacet
  facet normal 0 0 1
    outer loop
      vertex 75 5 3
      vertex 71.45909000188112 1.37797000259161 3
      vertex 83.73040000349283 1.3558899983763695 3
    endloop
  endfacet
  facet normal 0 0 1
    outer loop
      vertex 71.45909000188112 1.066720001399517 3
      vertex 83.00007999688387 1.0446399971842766 3
      vertex 83.00007999688387 1.3558899983763695 3
    endloop
  endfacet
  facet normal 0 0 1
    outer loop
      vertex 71.45909000188112 1.37797000259161 3
      vertex 83.00007999688387 1.3558899983763695 3
      vertex 83.73040000349283 1.3558899983763695 3
    endloop
  endfacet
  facet normal 0 0 1
    outer loop
      vertex 75 5 3
      vertex 70.76132000237703 3.933159999549389 3
      vertex 71.45909000188112 1.37797000259161 3
    endloop
  endfacet
  facet normal 0 0 1
    outer loop
      vertex 75 5 3
      vertex 70.42361000180244 3.933159999549389 3
      vertex 70.76132000237703 3.933159999549389 3
    endloop
  endfacet
  facet normal 0 0 1
    outer loop
      vertex 75 5 3
      vertex 83.08348000049591 3.445210002362728 3
      vertex 79 5 3
    endloop
  endfacet
  facet normal 0 0 1
    outer loop
      vertex 75 5 3
      vertex 83.73040000349283 1.3558899983763695 3
      vertex 83.08348000049591 3.099370002746582 3
    endloop
  endfacet
  facet normal 0 0 1
    outer loop
      vertex 83.08348000049591 3.445210002362728 3
      vertex 75 5 3
      vertex 83.08348000049591 3.099370002746582 3
    endloop
  endfacet
  facet normal 0 0 1
    outer loop
      vertex 83.08348000049591 3.445210002362728 3
      vertex 83.76094000041485 3.911080002784729 3
      vertex 79 5 3
    endloop
  endfacet
  facet normal 0 0 1
    outer loop
      vertex 83.76094000041485 3.911080002784729 3
      vertex 86.16367000341415 3.9538000002503395 3
      vertex 79 5 3
    endloop
  endfacet
  facet normal 0 0 1
    outer loop
      vertex 95 0 3
      vertex 83.00007999688387 1.0446399971842766 3
      vertex 71.45909000188112 1.066720001399517 3
    endloop
  endfacet
  facet normal 0 0 1
    outer loop
      vertex 84.79642000049353 1.0446399971842766 3
      vertex 85.20955000072718 1.0446399971842766 3
      vertex 85.20955000072718 1.3030000030994415 3
    endloop
  endfacet
  facet normal 0 0 1
    outer loop
      vertex 84.79642000049353 1.0446399971842766 3
      vertex 85.20955000072718 1.3030000030994415 3
      vertex 84.79642000049353 1.3558899983763695 3
    endloop
  endfacet
  facet normal 0 0 1
    outer loop
      vertex 84.79642000049353 1.3558899983763695 3
      vertex 85.20955000072718 1.3030000030994415 3
      vertex 85.2528771981597 1.3959700018167496 3
    endloop
  endfacet
  facet normal 0 0 1
    outer loop
      vertex 84.09865000098944 1.3558899983763695 3
      vertex 84.79642000049353 1.3558899983763695 3
      vertex 85.2528771981597 1.3959700018167496 3
    endloop
  endfacet
  facet normal 0 0 1
    outer loop
      vertex 84.09865000098944 1.3558899983763695 3
      vertex 85.2528771981597 1.3959700018167496 3
      vertex 85.29986680299044 1.4844639971852303 3
    endloop
  endfacet
  facet normal 0 0 1
    outer loop
      vertex 84.09865000098944 1.3558899983763695 3
      vertex 85.29986680299044 1.4844639971852303 3
      vertex 85.35051880031824 1.5684819966554642 3
    endloop
  endfacet
  facet normal 0 0 1
    outer loop
      vertex 84.09865000098944 1.3558899983763695 3
      vertex 85.35051880031824 1.5684819966554642 3
      vertex 85.40483319759369 1.6480240002274513 3
    endloop
  endfacet
  facet normal 0 0 1
    outer loop
      vertex 95 0 3
      vertex 84.79642000049353 1.0446399971842766 3
      vertex 83.00007999688387 1.0446399971842766 3
    endloop
  endfacet
  facet normal 0 0 1
    outer loop
      vertex 95 0 3
      vertex 85.20955000072718 1.0446399971842766 3
      vertex 84.79642000049353 1.0446399971842766 3
    endloop
  endfacet
  facet normal 0 0 1
    outer loop
      vertex 85.6398603990674 1.4133016020059586 3
      vertex 85.61236000061035 1.3558899983763695 3
      vertex 87.10762000083923 1.3558899983763695 3
    endloop
  endfacet
  facet normal 0 0 1
    outer loop
      vertex 85.6398603990674 1.4133016020059586 3
      vertex 87.10762000083923 1.3558899983763695 3
      vertex 85.67354559898376 1.4716084003448486 3
    endloop
  endfacet
  facet normal 0 0 1
    outer loop
      vertex 85.67354559898376 1.4716084003448486 3
      vertex 87.10762000083923 1.3558899983763695 3
      vertex 85.71341560035944 1.5308104008436203 3
    endloop
  endfacet
  facet normal 0 0 1
    outer loop
      vertex 85.71341560035944 1.5308104008436203 3
      vertex 87.10762000083923 1.3558899983763695 3
      vertex 85.75947040319443 1.5909076035022736 3
    endloop
  endfacet
  facet normal 0 0 1
    outer loop
      vertex 85.75947040319443 1.5909076035022736 3
      vertex 87.10762000083923 1.3558899983763695 3
      vertex 85.81171000003815 1.6519000008702278 3
    endloop
  endfacet
  facet normal 0 0 1
    outer loop
      vertex 84.09865000098944 1.3558899983763695 3
      vertex 85.40483319759369 1.6480240002274513 3
      vertex 85.46281000226736 1.7230900004506111 3
    endloop
  endfacet
  facet normal 0 0 1
    outer loop
      vertex 84.09865000098944 1.3558899983763695 3
      vertex 85.46281000226736 1.7230900004506111 3
      vertex 85.52323839813471 1.794545203447342 3
    endloop
  endfacet
  facet normal 0 0 1
    outer loop
      vertex 84.09865000098944 1.3558899983763695 3
      vertex 85.52323839813471 1.794545203447342 3
      vertex 85.5848836004734 1.8632308021187782 3
    endloop
  endfacet
  facet normal 0 0 1
    outer loop
      vertex 84.09865000098944 1.3558899983763695 3
      vertex 85.5848836004734 1.8632308021187782 3
      vertex 85.64774560183287 1.92914679646492 3
    endloop
  endfacet
  facet normal 0 0 1
    outer loop
      vertex 84.09865000098944 1.3558899983763695 3
      vertex 85.64774560183287 1.92914679646492 3
      vertex 85.7118244022131 1.9922932013869286 3
    endloop
  endfacet
  facet normal 0 0 1
    outer loop
      vertex 84.09865000098944 1.3558899983763695 3
      vertex 85.7118244022131 1.9922932013869286 3
      vertex 85.7771200016141 2.0526700019836426 3
    endloop
  endfacet
  facet normal 0 0 1
    outer loop
      vertex 84.09865000098944 1.3558899983763695 3
      vertex 85.7771200016141 2.0526700019836426 3
      vertex 85.84291359782219 2.110818400979042 3
    endloop
  endfacet
  facet normal 0 0 1
    outer loop
      vertex 84.09865000098944 1.3558899983763695 3
      vertex 85.84291359782219 2.110818400979042 3
      vertex 85.90846239775419 2.1672556027770042 3
    endloop
  endfacet
  facet normal 0 0 1
    outer loop
      vertex 84.09865000098944 1.3558899983763695 3
      vertex 85.90846239775419 2.1672556027770042 3
      vertex 85.9737664014101 2.2219815999269485 3
    endloop
  endfacet
  facet normal 0 0 1
    outer loop
      vertex 84.09865000098944 1.3558899983763695 3
      vertex 85.9737664014101 2.2219815999269485 3
      vertex 86.03882560133934 2.2749963998794556 3
    endloop
  endfacet
  facet normal 0 0 1
    outer loop
      vertex 84.09865000098944 1.3558899983763695 3
      vertex 86.03882560133934 2.2749963998794556 3
      vertex 86.1036399975419 2.3263000026345253 3
    endloop
  endfacet
  facet normal 0 0 1
    outer loop
      vertex 84.09865000098944 1.3558899983763695 3
      vertex 86.1036399975419 2.3263000026345253 3
      vertex 86.16707079857588 2.376748003065586 3
    endloop
  endfacet
  facet normal 0 0 1
    outer loop
      vertex 84.09865000098944 1.3558899983763695 3
      vertex 86.16707079857588 2.376748003065586 3
      vertex 86.22797919809818 2.427196003496647 3
    endloop
  endfacet
  facet normal 0 0 1
    outer loop
      vertex 84.09865000098944 1.3558899983763695 3
      vertex 86.22797919809818 2.427196003496647 3
      vertex 86.2863652035594 2.477643996477127 3
    endloop
  endfacet
  facet normal 0 0 1
    outer loop
      vertex 84.09865000098944 1.3558899983763695 3
      vertex 86.2863652035594 2.477643996477127 3
      vertex 86.34222880005836 2.528091996908188 3
    endloop
  endfacet
  facet normal 0 0 1
    outer loop
      vertex 84.09865000098944 1.3558899983763695 3
      vertex 86.34222880005836 2.528091996908188 3
      vertex 86.39557000249624 2.5785399973392487 3
    endloop
  endfacet
  facet normal 0 0 1
    outer loop
      vertex 84.09865000098944 1.3558899983763695 3
      vertex 86.39557000249624 2.5785399973392487 3
      vertex 86.44565679877996 2.6294872015714645 3
    endloop
  endfacet
  facet normal 0 0 1
    outer loop
      vertex 84.09865000098944 1.3558899983763695 3
      vertex 86.44565679877996 2.6294872015714645 3
      vertex 86.4917571991682 2.6814088001847267 3
    endloop
  endfacet
  facet normal 0 0 1
    outer loop
      vertex 83.73040000349283 3.561159998178482 3
      vertex 83.08348000049591 3.099370002746582 3
      vertex 83.73040000349283 1.3558899983763695 3
    endloop
  endfacet
  facet normal 0 0 1
    outer loop
      vertex 84.09865000098944 1.3558899983763695 3
      vertex 85.25050479918718 3.3350152000784874 3
      vertex 84.09865000098944 3.911080002784729 3
    endloop
  endfacet
  facet normal 0 0 1
    outer loop
      vertex 84.09865000098944 1.3558899983763695 3
      vertex 86.4917571991682 2.6814088001847267 3
      vertex 85.22580999881029 3.2031100019812584 3
    endloop
  endfacet
  facet normal 0 0 1
    outer loop
      vertex 84.09865000098944 1.3558899983763695 3
      vertex 85.22580999881029 3.2031100019812584 3
      vertex 85.25050479918718 3.3350152000784874 3
    endloop
  endfacet
  facet normal 0 0 1
    outer loop
      vertex 85.22580999881029 3.2031100019812584 3
      vertex 86.4917571991682 2.6814088001847267 3
      vertex 85.6001499965787 3.168520003557205 3
    endloop
  endfacet
  facet normal 0 0 1
    outer loop
      vertex 85.6001499965787 3.168520003557205 3
      vertex 86.6061400026083 2.843019999563694 3
      vertex 85.61572720110416 3.2563659995794296 3
    endloop
  endfacet
  facet normal 0 0 1
    outer loop
      vertex 85.81171000003815 1.6519000008702278 3
      vertex 87.10762000083923 1.3558899983763695 3
      vertex 85.87086760252714 1.7148448005318642 3
    endloop
  endfacet
  facet normal 0 0 1
    outer loop
      vertex 85.87086760252714 1.7148448005318642 3
      vertex 87.10762000083923 1.3558899983763695 3
      vertex 85.93767639994621 1.7807992026209831 3
    endloop
  endfacet
  facet normal 0 0 1
    outer loop
      vertex 85.93767639994621 1.7807992026209831 3
      vertex 87.10762000083923 1.3558899983763695 3
      vertex 86.01213639974594 1.849763199687004 3
    endloop
  endfacet
  facet normal 0 0 1
    outer loop
      vertex 87.10762000083923 1.3558899983763695 3
      vertex 86.09424760192633 1.9217367991805077 3
      vertex 86.01213639974594 1.849763199687004 3
    endloop
  endfacet
  facet normal 0 0 1
    outer loop
      vertex 87.10762000083923 1.3558899983763695 3
      vertex 86.18400999903679 1.9967200011014938 3
      vertex 86.09424760192633 1.9217367991805077 3
    endloop
  endfacet
  facet normal 0 0 1
    outer loop
      vertex 87.10762000083923 1.3558899983763695 3
      vertex 86.34309999644756 2.1278140023350716 3
      vertex 86.18400999903679 1.9967200011014938 3
    endloop
  endfacet
  facet normal 0 0 1
    outer loop
      vertex 85.6001499965787 3.168520003557205 3
      vertex 86.4917571991682 2.6814088001847267 3
      vertex 86.53387120366096 2.734304800629616 3
    endloop
  endfacet
  facet normal 0 0 1
    outer loop
      vertex 85.6001499965787 3.168520003557205 3
      vertex 86.53387120366096 2.734304800629616 3
      vertex 86.57199879735708 2.7881752029061317 3
    endloop
  endfacet
  facet normal 0 0 1
    outer loop
      vertex 85.6001499965787 3.168520003557205 3
      vertex 86.57199879735708 2.7881752029061317 3
      vertex 86.6061400026083 2.843019999563694 3
    endloop
  endfacet
  facet normal 0 0 1
    outer loop
      vertex 86.6061400026083 2.843019999563694 3
      vertex 86.6350731998682 2.899826802313328 3
      vertex 85.61572720110416 3.2563659995794296 3
    endloop
  endfacet
  facet normal 0 0 1
    outer loop
      vertex 86.6350731998682 2.899826802313328 3
      vertex 86.6575767993927 2.959559202194214 3
      vertex 85.61572720110416 3.2563659995794296 3
    endloop
  endfacet
  facet normal 0 0 1
    outer loop
      vertex 85.61572720110416 3.2563659995794296 3
      vertex 86.6575767993927 2.959559202194214 3
      vertex 86.6736508011818 3.0222171992063522 3
    endloop
  endfacet
  facet normal 0 0 1
    outer loop
      vertex 85.61572720110416 3.2563659995794296 3
      vertex 86.6736508011818 3.0222171992063522 3
      vertex 86.6832951977849 3.0878008008003235 3
    endloop
  endfacet
  facet normal 0 0 1
    outer loop
      vertex 95 0 3
      vertex 87.10762000083923 1.0446399971842766 3
      vertex 85.20955000072718 1.0446399971842766 3
    endloop
  endfacet
  facet normal 0 0 1
    outer loop
      vertex 95 0 3
      vertex 87.10762000083923 1.3558899983763695 3
      vertex 87.10762000083923 1.0446399971842766 3
    endloop
  endfacet
  facet normal 0 0 1
    outer loop
      vertex 95 0 3
      vertex 86.34309999644756 2.1278140023350716 3
      vertex 87.10762000083923 1.3558899983763695 3
    endloop
  endfacet
  facet normal 0 0 1
    outer loop
      vertex 95 0 3
      vertex 86.48021800071001 2.2444240003824234 3
      vertex 86.34309999644756 2.1278140023350716 3
    endloop
  endfacet
  facet normal 0 0 1
    outer loop
      vertex 95 0 3
      vertex 86.59536399692297 2.34655000269413 3
      vertex 86.48021800071001 2.2444240003824234 3
    endloop
  endfacet
  facet normal 0 0 1
    outer loop
      vertex 95 0 3
      vertex 86.6885379999876 2.4341920018196106 3
      vertex 86.59536399692297 2.34655000269413 3
    endloop
  endfacet
  facet normal 0 0 1
    outer loop
      vertex 95 0 3
      vertex 86.75974000245333 2.5073499977588654 3
      vertex 86.6885379999876 2.4341920018196106 3
    endloop
  endfacet
  facet normal 0 0 1
    outer loop
      vertex 95 0 3
      vertex 86.81698600202799 2.5732659995555878 3
      vertex 86.75974000245333 2.5073499977588654 3
    endloop
  endfacet
  facet normal 0 0 1
    outer loop
      vertex 95 0 3
      vertex 86.86829199641943 2.63918200135231 3
      vertex 86.81698600202799 2.5732659995555878 3
    endloop
  endfacet
  facet normal 0 0 1
    outer loop
      vertex 95 0 3
      vertex 86.91365800052881 2.7050980031490326 3
      vertex 86.86829199641943 2.63918200135231 3
    endloop
  endfacet
  facet normal 0 0 1
    outer loop
      vertex 95 0 3
      vertex 86.95308399945498 2.7710139974951744 3
      vertex 86.91365800052881 2.7050980031490326 3
    endloop
  endfacet
  facet normal 0 0 1
    outer loop
      vertex 95 0 3
      vertex 86.9865700006485 2.836929999291897 3
      vertex 86.95308399945498 2.7710139974951744 3
    endloop
  endfacet
  facet normal 0 0 1
    outer loop
      vertex 95 0 3
      vertex 87.0140343979001 2.9029264003038406 3
      vertex 86.9865700006485 2.836929999291897 3
    endloop
  endfacet
  facet normal 0 0 1
    outer loop
      vertex 95 0 3
      vertex 87.03539559990168 2.9690835997462273 3
      vertex 87.0140343979001 2.9029264003038406 3
    endloop
  endfacet
  facet normal 0 0 1
    outer loop
      vertex 95 0 3
      vertex 87.05065359920263 3.0354015976190567 3
      vertex 87.03539559990168 2.9690835997462273 3
    endloop
  endfacet
  facet normal 0 0 1
    outer loop
      vertex 95 0 3
      vertex 87.05980840325356 3.1018804013729095 3
      vertex 87.05065359920263 3.0354015976190567 3
    endloop
  endfacet
  facet normal 0 0 1
    outer loop
      vertex 95 0 3
      vertex 87.06285999715328 3.168520003557205 3
      vertex 87.05980840325356 3.1018804013729095 3
    endloop
  endfacet
  facet normal 0 0 1
    outer loop
      vertex 95 0 3
      vertex 87.05354200303555 3.312194801867008 3
      vertex 87.06285999715328 3.168520003557205 3
    endloop
  endfacet
  facet normal 0 0 1
    outer loop
      vertex 95 0 3
      vertex 87.0255879983306 3.4421152025461197 3
      vertex 87.05354200303555 3.312194801867008 3
    endloop
  endfacet
  facet normal 0 0 1
    outer loop
      vertex 95 0 3
      vertex 86.97899799793959 3.558281198143959 3
      vertex 87.0255879983306 3.4421152025461197 3
    endloop
  endfacet
  facet normal 0 0 1
    outer loop
      vertex 95 0 3
      vertex 86.91377200186253 3.6606928035616875 3
      vertex 86.97899799793959 3.558281198143959 3
    endloop
  endfacet
  facet normal 0 0 1
    outer loop
      vertex 95 0 3
      vertex 91 5 3
      vertex 86.91377200186253 3.6606928035616875 3
    endloop
  endfacet
  facet normal 0 0 1
    outer loop
      vertex 85.61572720110416 3.2563659995794296 3
      vertex 86.6865099966526 3.156309999525547 3
      vertex 85.6413147971034 3.3359920009970665 3
    endloop
  endfacet
  facet normal 0 0 1
    outer loop
      vertex 85.6413147971034 3.3359920009970665 3
      vertex 86.6865099966526 3.156309999525547 3
      vertex 85.67691279947758 3.407398000359535 3
    endloop
  endfacet
  facet normal 0 0 1
    outer loop
      vertex 86.6865099966526 3.156309999525547 3
      vertex 85.7225212007761 3.470583997666836 3
      vertex 85.67691279947758 3.407398000359535 3
    endloop
  endfacet
  facet normal 0 0 1
    outer loop
      vertex 86.6865099966526 3.156309999525547 3
      vertex 85.77814000099897 3.525550000369549 3
      vertex 85.7225212007761 3.470583997666836 3
    endloop
  endfacet
  facet normal 0 0 1
    outer loop
      vertex 84.09865000098944 3.911080002784729 3
      vertex 85.25050479918718 3.3350152000784874 3
      vertex 85.29204519838095 3.4556908011436462 3
    endloop
  endfacet
  facet normal 0 0 1
    outer loop
      vertex 84.09865000098944 3.911080002784729 3
      vertex 85.29204519838095 3.4556908011436462 3
      vertex 85.35043119639158 3.5651367977261543 3
    endloop
  endfacet
  facet normal 0 0 1
    outer loop
      vertex 84.09865000098944 3.911080002784729 3
      vertex 85.35043119639158 3.5651367977261543 3
      vertex 85.42566280066967 3.6633531972765923 3
    endloop
  endfacet
  facet normal 0 0 1
    outer loop
      vertex 84.09865000098944 3.911080002784729 3
      vertex 85.42566280066967 3.6633531972765923 3
      vertex 85.51773999631405 3.75033999979496 3
    endloop
  endfacet
  facet normal 0 0 1
    outer loop
      vertex 84.09865000098944 3.911080002784729 3
      vertex 85.51773999631405 3.75033999979496 3
      vertex 85.62397719919682 3.8235855996608734 3
    endloop
  endfacet
  facet normal 0 0 1
    outer loop
      vertex 84.09865000098944 3.911080002784729 3
      vertex 85.62397719919682 3.8235855996608734 3
      vertex 85.74168880283833 3.880554400384426 3
    endloop
  endfacet
  facet normal 0 0 1
    outer loop
      vertex 84.09865000098944 3.911080002784729 3
      vertex 85.74168880283833 3.880554400384426 3
      vertex 85.870874799788 3.921246401965618 3
    endloop
  endfacet
  facet normal 0 0 1
    outer loop
      vertex 84.09865000098944 3.911080002784729 3
      vertex 85.870874799788 3.921246401965618 3
      vertex 83.76094000041485 3.911080002784729 3
    endloop
  endfacet
  facet normal 0 0 1
    outer loop
      vertex 83.76094000041485 3.911080002784729 3
      vertex 85.870874799788 3.921246401965618 3
      vertex 86.01153519749641 3.945661596953869 3
    endloop
  endfacet
  facet normal 0 0 1
    outer loop
      vertex 83.76094000041485 3.911080002784729 3
      vertex 86.01153519749641 3.945661596953869 3
      vertex 86.16367000341415 3.9538000002503395 3
    endloop
  endfacet
  facet normal 0 0 1
    outer loop
      vertex 91 5 3
      vertex 79 5 3
      vertex 86.16367000341415 3.9538000002503395 3
    endloop
  endfacet
  facet normal 0 0 1
    outer loop
      vertex 85.61572720110416 3.2563659995794296 3
      vertex 86.6832951977849 3.0878008008003235 3
      vertex 86.6865099966526 3.156309999525547 3
    endloop
  endfacet
  facet normal 0 0 1
    outer loop
      vertex 86.6865099966526 3.156309999525547 3
      vertex 85.84206040203571 3.571331202983856 3
      vertex 85.77814000099897 3.525550000369549 3
    endloop
  endfacet
  facet normal 0 0 1
    outer loop
      vertex 86.6865099966526 3.156309999525547 3
      vertex 85.91257359832525 3.6069388017058372 3
      vertex 85.84206040203571 3.571331202983856 3
    endloop
  endfacet
  facet normal 0 0 1
    outer loop
      vertex 86.6865099966526 3.156309999525547 3
      vertex 85.98967959731817 3.632372796535492 3
      vertex 85.91257359832525 3.6069388017058372 3
    endloop
  endfacet
  facet normal 0 0 1
    outer loop
      vertex 86.6865099966526 3.156309999525547 3
      vertex 86.07337839901447 3.6476332023739815 3
      vertex 85.98967959731817 3.632372796535492 3
    endloop
  endfacet
  facet normal 0 0 1
    outer loop
      vertex 86.6865099966526 3.156309999525547 3
      vertex 86.16367000341415 3.652719996869564 3
      vertex 86.07337839901447 3.6476332023739815 3
    endloop
  endfacet
  facet normal 0 0 1
    outer loop
      vertex 86.6865099966526 3.156309999525547 3
      vertex 86.25781720131636 3.6475119963288307 3
      vertex 86.16367000341415 3.652719996869564 3
    endloop
  endfacet
  facet normal 0 0 1
    outer loop
      vertex 86.6865099966526 3.156309999525547 3
      vertex 86.34333880245686 3.6318880021572113 3
      vertex 86.25781720131636 3.6475119963288307 3
    endloop
  endfacet
  facet normal 0 0 1
    outer loop
      vertex 86.6865099966526 3.156309999525547 3
      vertex 86.68097560107708 3.2464815974235535 3
      vertex 86.34333880245686 3.6318880021572113 3
    endloop
  endfacet
  facet normal 0 0 1
    outer loop
      vertex 86.68097560107708 3.2464815974235535 3
      vertex 86.66437239944935 3.3281883969902992 3
      vertex 86.42023479938507 3.6058479994535446 3
    endloop
  endfacet
  facet normal 0 0 1
    outer loop
      vertex 86.66437239944935 3.3281883969902992 3
      vertex 86.63670039921999 3.4014303982257843 3
      vertex 86.48850519955158 3.569392003118992 3
    endloop
  endfacet
  facet normal 0 0 1
    outer loop
      vertex 86.597959600389 3.4662076011300087 3
      vertex 86.54815000295639 3.522519998252392 3
      vertex 86.63670039921999 3.4014303982257843 3
    endloop
  endfacet
  facet normal 0 0 1
    outer loop
      vertex 86.68097560107708 3.2464815974235535 3
      vertex 86.42023479938507 3.6058479994535446 3
      vertex 86.34333880245686 3.6318880021572113 3
    endloop
  endfacet
  facet normal 0 0 1
    outer loop
      vertex 86.66437239944935 3.3281883969902992 3
      vertex 86.48850519955158 3.569392003118992 3
      vertex 86.42023479938507 3.6058479994535446 3
    endloop
  endfacet
  facet normal 0 0 1
    outer loop
      vertex 86.54815000295639 3.522519998252392 3
      vertex 86.48850519955158 3.569392003118992 3
      vertex 86.63670039921999 3.4014303982257843 3
    endloop
  endfacet
  facet normal 0 0 1
    outer loop
      vertex 91 5 3
      vertex 86.32898200303316 3.945621997117996 3
      vertex 86.4782619997859 3.9210880026221275 3
    endloop
  endfacet
  facet normal 0 0 1
    outer loop
      vertex 91 5 3
      vertex 86.82991000264883 3.749349996447563 3
      vertex 86.91377200186253 3.6606928035616875 3
    endloop
  endfacet
  facet normal 0 0 1
    outer loop
      vertex 91 5 3
      vertex 86.72872599959373 3.822952002286911 3
      vertex 86.82991000264883 3.749349996447563 3
    endloop
  endfacet
  facet normal 0 0 1
    outer loop
      vertex 91 5 3
      vertex 86.61151000112295 3.8801980018615723 3
      vertex 86.72872599959373 3.822952002286911 3
    endloop
  endfacet
  facet normal 0 0 1
    outer loop
      vertex 91 5 3
      vertex 86.4782619997859 3.9210880026221275 3
      vertex 86.61151000112295 3.8801980018615723 3
    endloop
  endfacet
  facet normal 0 0 1
    outer loop
      vertex 91 5 3
      vertex 86.16367000341415 3.9538000002503395 3
      vertex 86.32898200303316 3.945621997117996 3
    endloop
  endfacet
  facet normal 0 0 1
    outer loop
      vertex 79 5 3
      vertex 79 25 3
      vertex 75 5 3
    endloop
  endfacet
  facet normal 0 0 1
    outer loop
      vertex 95 0 3
      vertex 95 25 3
      vertex 91 5 3
    endloop
  endfacet
  facet normal 0 0 -1
    outer loop
      vertex 50 25 0
      vertex 50 5 0
      vertex 46 25 0
    endloop
  endfacet
  facet normal 0 0 -1
    outer loop
      vertex 64 25 0
      vertex 64 5 0
      vertex 60 25 0
    endloop
  endfacet
  facet normal 0 1 0
    outer loop
      vertex 60 25 0
      vertex 60 25 3
      vertex 64 25 0
    endloop
  endfacet
  facet normal 0 0 -1
    outer loop
      vertex 79 25 0
      vertex 79 5 0
      vertex 75 25 0
    endloop
  endfacet
  facet normal 0 0 -1
    outer loop
      vertex 95 25 0
      vertex 91 5 0
      vertex 91 25 0
    endloop
  endfacet
  facet normal 0 1 0
    outer loop
      vertex 75 25 0
      vertex 75 25 3
      vertex 79 25 0
    endloop
  endfacet
  facet normal 0 1 0
    outer loop
      vertex 95 25 0
      vertex 91 25 0
      vertex 91 25 3
    endloop
  endfacet
  facet normal 0 0 1
    outer loop
      vertex 60 5 3
      vertex 64 25 3
      vertex 60 25 3
    endloop
  endfacet
  facet normal 0 1 0
    outer loop
      vertex 46 25 3
      vertex 50 25 3
      vertex 50 25 0
    endloop
  endfacet
  facet normal 0 1 0
    outer loop
      vertex 64 25 0
      vertex 60 25 3
      vertex 64 25 3
    endloop
  endfacet
  facet normal 1 0 0
    outer loop
      vertex 95 0 3
      vertex 95 25 0
      vertex 95 25 3
    endloop
  endfacet
  facet normal 0 0 1
    outer loop
      vertex 75 25 3
      vertex 75 5 3
      vertex 79 25 3
    endloop
  endfacet
  facet normal 0 0 1
    outer loop
      vertex 95 25 3
      vertex 91 25 3
      vertex 91 5 3
    endloop
  endfacet
  facet normal 0 1 0
    outer loop
      vertex 79 25 0
      vertex 75 25 3
      vertex 79 25 3
    endloop
  endfacet
  facet normal 0 1 0
    outer loop
      vertex 95 25 0
      vertex 91 25 3
      vertex 95 25 3
    endloop
  endfacet
endsolid OpenSCAD_Model
