solid OpenSCAD_Model
  facet normal 0 0 1
    outer loop
      vertex -3.3515183126457777 -5.805 6.5
      vertex -2.9101436430589085 -1.9444958155686076 6.5
      vertex -3.0867244252192427 -1.6498885788909918 6.5
    endloop
  endfacet
  facet normal 0 0 1
    outer loop
      vertex -3.4327484814113065 -0.6828161270564489 6.5
      vertex -3.483146543352689 -0.3430599911534621 6.5
      vertex -6.703036625291555 0 6.5
    endloop
  endfacet
  facet normal 0 0 1
    outer loop
      vertex -3.483146543352689 -0.3430599911534621 6.5
      vertex -3.5 0 6.5
      vertex -6.703036625291555 0 6.5
    endloop
  endfacet
  facet normal 0 0 1
    outer loop
      vertex -3.3515183126457777 -5.805 6.5
      vertex -3.2335783637895035 -1.3393920132778143 6.5
      vertex -6.703036625291555 0 6.5
    endloop
  endfacet
  facet normal 0 0 1
    outer loop
      vertex -3.3515183126457777 -5.805 6.5
      vertex -3.0867244252192427 -1.6498885788909918 6.5
      vertex -3.2335783637895035 -1.3393920132778143 6.5
    endloop
  endfacet
  facet normal 0 0 1
    outer loop
      vertex -3.2335783637895035 -1.3393920132778143 6.5
      vertex -3.349291175062731 -1.015996370390618 6.5
      vertex -6.703036625291555 0 6.5
    endloop
  endfacet
  facet normal 0 0 1
    outer loop
      vertex -3.349291175062731 -1.015996370390618 6.5
      vertex -3.4327484814113065 -0.6828161270564489 6.5
      vertex -6.703036625291555 0 6.5
    endloop
  endfacet
  facet normal 0 0 1
    outer loop
      vertex -3.3515183126457777 -5.805 6.5
      vertex -1.9444958155686076 -2.9101436430589085 6.5
      vertex -2.220376494572759 -2.7055365867695795 6.5
    endloop
  endfacet
  facet normal 0 0 1
    outer loop
      vertex -3.3515183126457777 -5.805 6.5
      vertex -1.6498885788909918 -3.0867244252192427 6.5
      vertex -1.9444958155686076 -2.9101436430589085 6.5
    endloop
  endfacet
  facet normal 0 0 1
    outer loop
      vertex -3.3515183126457777 -5.805 6.5
      vertex -2.4748737341529163 -2.4748737341529163 6.5
      vertex -2.7055365867695795 -2.220376494572759 6.5
    endloop
  endfacet
  facet normal 0 0 1
    outer loop
      vertex -3.3515183126457777 -5.805 6.5
      vertex -2.220376494572759 -2.7055365867695795 6.5
      vertex -2.4748737341529163 -2.4748737341529163 6.5
    endloop
  endfacet
  facet normal 0 0 1
    outer loop
      vertex -3.3515183126457777 -5.805 6.5
      vertex -2.7055365867695795 -2.220376494572759 6.5
      vertex -2.9101436430589085 -1.9444958155686076 6.5
    endloop
  endfacet
  facet normal 0 0 1
    outer loop
      vertex -3.3515183126457777 -5.805 6.5
      vertex -1.015996370390618 -3.349291175062731 6.5
      vertex -1.3393920132778143 -3.2335783637895035 6.5
    endloop
  endfacet
  facet normal 0 0 1
    outer loop
      vertex -3.3515183126457777 -5.805 6.5
      vertex -1.3393920132778143 -3.2335783637895035 6.5
      vertex -1.6498885788909918 -3.0867244252192427 6.5
    endloop
  endfacet
  facet normal 0 0 1
    outer loop
      vertex -3.3515183126457777 -5.805 6.5
      vertex -0.6828161270564489 -3.4327484814113065 6.5
      vertex -1.015996370390618 -3.349291175062731 6.5
    endloop
  endfacet
  facet normal 0 0 1
    outer loop
      vertex -3.3515183126457777 -5.805 6.5
      vertex -0.3430599911534621 -3.483146543352689 6.5
      vertex -0.6828161270564489 -3.4327484814113065 6.5
    endloop
  endfacet
  facet normal 0.8660254037844386 0.5000000000000001 0
    outer loop
      vertex -3.3515183126457777 -5.805 6.5
      vertex -6.703036625291555 0 6.5
      vertex -3.3515183126457777 -5.805 11.100000000000001
    endloop
  endfacet
  facet normal 0 0 -1
    outer loop
      vertex -3.3515183126457777 -5.805 11.100000000000001
      vertex -3.0867244252192427 -1.6498885788909918 11.100000000000001
      vertex -2.9101436430589085 -1.9444958155686076 11.100000000000001
    endloop
  endfacet
  facet normal 0.8660254037844386 0.5000000000000001 -5.041316117586863e-18
    outer loop
      vertex -3.3515183126457777 -5.805 11.100000000000001
      vertex -6.703036625291555 0 6.5
      vertex -6.703036625291555 0 11.100000000000001
    endloop
  endfacet
  facet normal 0 0 -1
    outer loop
      vertex -3.4327484814113065 -0.6828161270564489 11.100000000000001
      vertex -6.703036625291555 0 11.100000000000001
      vertex -3.483146543352689 -0.3430599911534621 11.100000000000001
    endloop
  endfacet
  facet normal 0 0 -1
    outer loop
      vertex -3.483146543352689 -0.3430599911534621 11.100000000000001
      vertex -6.703036625291555 0 11.100000000000001
      vertex -3.5 0 11.100000000000001
    endloop
  endfacet
  facet normal 0 0 -1
    outer loop
      vertex -3.3515183126457777 -5.805 11.100000000000001
      vertex -6.703036625291555 0 11.100000000000001
      vertex -3.349291175062731 -1.015996370390618 11.100000000000001
    endloop
  endfacet
  facet normal 0 0 -1
    outer loop
      vertex -3.3515183126457777 -5.805 11.100000000000001
      vertex -3.2335783637895035 -1.3393920132778143 11.100000000000001
      vertex -3.0867244252192427 -1.6498885788909918 11.100000000000001
    endloop
  endfacet
  facet normal 0 0 -1
    outer loop
      vertex -3.3515183126457777 -5.805 11.100000000000001
      vertex -3.349291175062731 -1.015996370390618 11.100000000000001
      vertex -3.2335783637895035 -1.3393920132778143 11.100000000000001
    endloop
  endfacet
  facet normal 0 0 -1
    outer loop
      vertex -3.349291175062731 -1.015996370390618 11.100000000000001
      vertex -6.703036625291555 0 11.100000000000001
      vertex -3.4327484814113065 -0.6828161270564489 11.100000000000001
    endloop
  endfacet
  facet normal 0 0 -1
    outer loop
      vertex -3.3515183126457777 -5.805 11.100000000000001
      vertex -2.220376494572759 -2.7055365867695795 11.100000000000001
      vertex -1.9444958155686076 -2.9101436430589085 11.100000000000001
    endloop
  endfacet
  facet normal 0 0 -1
    outer loop
      vertex -3.3515183126457777 -5.805 11.100000000000001
      vertex -1.9444958155686076 -2.9101436430589085 11.100000000000001
      vertex -1.6498885788909918 -3.0867244252192427 11.100000000000001
    endloop
  endfacet
  facet normal 0 0 -1
    outer loop
      vertex -3.3515183126457777 -5.805 11.100000000000001
      vertex -2.7055365867695795 -2.220376494572759 11.100000000000001
      vertex -2.4748737341529163 -2.4748737341529163 11.100000000000001
    endloop
  endfacet
  facet normal 0 0 -1
    outer loop
      vertex -3.3515183126457777 -5.805 11.100000000000001
      vertex -2.4748737341529163 -2.4748737341529163 11.100000000000001
      vertex -2.220376494572759 -2.7055365867695795 11.100000000000001
    endloop
  endfacet
  facet normal 0 0 -1
    outer loop
      vertex -3.3515183126457777 -5.805 11.100000000000001
      vertex -2.9101436430589085 -1.9444958155686076 11.100000000000001
      vertex -2.7055365867695795 -2.220376494572759 11.100000000000001
    endloop
  endfacet
  facet normal 0 0 -1
    outer loop
      vertex -3.3515183126457777 -5.805 11.100000000000001
      vertex -1.3393920132778143 -3.2335783637895035 11.100000000000001
      vertex -1.015996370390618 -3.349291175062731 11.100000000000001
    endloop
  endfacet
  facet normal 0 0 -1
    outer loop
      vertex -3.3515183126457777 -5.805 11.100000000000001
      vertex -1.6498885788909918 -3.0867244252192427 11.100000000000001
      vertex -1.3393920132778143 -3.2335783637895035 11.100000000000001
    endloop
  endfacet
  facet normal 0 0 -1
    outer loop
      vertex -3.3515183126457777 -5.805 11.100000000000001
      vertex -1.015996370390618 -3.349291175062731 11.100000000000001
      vertex -0.6828161270564489 -3.4327484814113065 11.100000000000001
    endloop
  endfacet
  facet normal 0 0 -1
    outer loop
      vertex -3.3515183126457777 -5.805 11.100000000000001
      vertex -0.6828161270564489 -3.4327484814113065 11.100000000000001
      vertex -0.3430599911534621 -3.483146543352689 11.100000000000001
    endloop
  endfacet
  facet normal 0 0 -1
    outer loop
      vertex -3.3515183126457777 -5.805 11.100000000000001
      vertex -0.3430599911534621 -3.483146543352689 11.100000000000001
      vertex 0 -3.5 11.100000000000001
    endloop
  endfacet
  facet normal 0 0 1
    outer loop
      vertex -6.703036625291555 0 6.5
      vertex -3.5 0 6.5
      vertex -3.483146543352689 0.3430599911534621 6.5
    endloop
  endfacet
  facet normal 0 0 1
    outer loop
      vertex -6.703036625291555 0 6.5
      vertex -3.483146543352689 0.3430599911534621 6.5
      vertex -3.4327484814113065 0.6828161270564489 6.5
    endloop
  endfacet
  facet normal 0 0 1
    outer loop
      vertex -6.703036625291555 0 6.5
      vertex -3.4327484814113065 0.6828161270564489 6.5
      vertex -3.349291175062731 1.015996370390618 6.5
    endloop
  endfacet
  facet normal 0 0 1
    outer loop
      vertex -6.703036625291555 0 6.5
      vertex -3.349291175062731 1.015996370390618 6.5
      vertex -3.2335783637895035 1.3393920132778143 6.5
    endloop
  endfacet
  facet normal 0 0 1
    outer loop
      vertex -6.703036625291555 0 6.5
      vertex -3.2335783637895035 1.3393920132778143 6.5
      vertex -3.0867244252192427 1.6498885788909918 6.5
    endloop
  endfacet
  facet normal 0 0 1
    outer loop
      vertex -6.703036625291555 0 6.5
      vertex -3.0867244252192427 1.6498885788909918 6.5
      vertex -2.9101436430589085 1.9444958155686076 6.5
    endloop
  endfacet
  facet normal 0 0 1
    outer loop
      vertex -6.703036625291555 0 6.5
      vertex -2.9101436430589085 1.9444958155686076 6.5
      vertex -2.7055365867695795 2.220376494572759 6.5
    endloop
  endfacet
  facet normal 0 0 1
    outer loop
      vertex -6.703036625291555 0 6.5
      vertex -2.7055365867695795 2.220376494572759 6.5
      vertex -2.4748737341529163 2.4748737341529163 6.5
    endloop
  endfacet
  facet normal 0 0 1
    outer loop
      vertex -6.703036625291555 0 6.5
      vertex -2.4748737341529163 2.4748737341529163 6.5
      vertex -3.3515183126457777 5.805 6.5
    endloop
  endfacet
  facet normal 0 0 1
    outer loop
      vertex -2.4748737341529163 2.4748737341529163 6.5
      vertex -2.220376494572759 2.7055365867695795 6.5
      vertex -3.3515183126457777 5.805 6.5
    endloop
  endfacet
  facet normal 0 0 1
    outer loop
      vertex -2.220376494572759 2.7055365867695795 6.5
      vertex -1.9444958155686076 2.9101436430589085 6.5
      vertex -3.3515183126457777 5.805 6.5
    endloop
  endfacet
  facet normal 0 0 1
    outer loop
      vertex -3.3515183126457777 5.805 6.5
      vertex -1.9444958155686076 2.9101436430589085 6.5
      vertex -1.6498885788909918 3.0867244252192427 6.5
    endloop
  endfacet
  facet normal 0 0 1
    outer loop
      vertex -3.3515183126457777 5.805 6.5
      vertex -1.6498885788909918 3.0867244252192427 6.5
      vertex -1.3393920132778143 3.2335783637895035 6.5
    endloop
  endfacet
  facet normal 0 0 1
    outer loop
      vertex -3.3515183126457777 5.805 6.5
      vertex -1.3393920132778143 3.2335783637895035 6.5
      vertex -1.015996370390618 3.349291175062731 6.5
    endloop
  endfacet
  facet normal 0 0 1
    outer loop
      vertex -3.3515183126457777 5.805 6.5
      vertex -1.015996370390618 3.349291175062731 6.5
      vertex -0.6828161270564489 3.4327484814113065 6.5
    endloop
  endfacet
  facet normal 0 0 1
    outer loop
      vertex -3.3515183126457777 5.805 6.5
      vertex -0.6828161270564489 3.4327484814113065 6.5
      vertex 3.3515183126457777 5.805 6.5
    endloop
  endfacet
  facet normal 0 0 -1
    outer loop
      vertex -6.703036625291555 0 11.100000000000001
      vertex -3.483146543352689 0.3430599911534621 11.100000000000001
      vertex -3.5 0 11.100000000000001
    endloop
  endfacet
  facet normal 0 0 -1
    outer loop
      vertex -6.703036625291555 0 11.100000000000001
      vertex -3.4327484814113065 0.6828161270564489 11.100000000000001
      vertex -3.483146543352689 0.3430599911534621 11.100000000000001
    endloop
  endfacet
  facet normal 0.8660254037844386 -0.5000000000000001 0
    outer loop
      vertex -6.703036625291555 0 6.5
      vertex -3.3515183126457777 5.805 11.100000000000001
      vertex -6.703036625291555 0 11.100000000000001
    endloop
  endfacet
  facet normal 0 0 -1
    outer loop
      vertex -6.703036625291555 0 11.100000000000001
      vertex -3.3515183126457777 5.805 11.100000000000001
      vertex -3.4327484814113065 0.6828161270564489 11.100000000000001
    endloop
  endfacet
  facet normal 0 0 -1
    outer loop
      vertex -3.4327484814113065 0.6828161270564489 11.100000000000001
      vertex -3.3515183126457777 5.805 11.100000000000001
      vertex -3.349291175062731 1.015996370390618 11.100000000000001
    endloop
  endfacet
  facet normal 0 0 -1
    outer loop
      vertex -3.349291175062731 1.015996370390618 11.100000000000001
      vertex -3.3515183126457777 5.805 11.100000000000001
      vertex -3.2335783637895035 1.3393920132778143 11.100000000000001
    endloop
  endfacet
  facet normal 0 0 -1
    outer loop
      vertex -3.2335783637895035 1.3393920132778143 11.100000000000001
      vertex -3.3515183126457777 5.805 11.100000000000001
      vertex -3.0867244252192427 1.6498885788909918 11.100000000000001
    endloop
  endfacet
  facet normal 0.8660254037844386 -0.5000000000000001 5.041316117586863e-18
    outer loop
      vertex -6.703036625291555 0 6.5
      vertex -3.3515183126457777 5.805 6.5
      vertex -3.3515183126457777 5.805 11.100000000000001
    endloop
  endfacet
  facet normal 0 0 -1
    outer loop
      vertex -3.0867244252192427 1.6498885788909918 11.100000000000001
      vertex -3.3515183126457777 5.805 11.100000000000001
      vertex -2.9101436430589085 1.9444958155686076 11.100000000000001
    endloop
  endfacet
  facet normal 0 -1 0
    outer loop
      vertex -3.3515183126457777 5.805 6.5
      vertex 3.3515183126457777 5.805 6.5
      vertex -3.3515183126457777 5.805 11.100000000000001
    endloop
  endfacet
  facet normal 0 0 -1
    outer loop
      vertex -2.9101436430589085 1.9444958155686076 11.100000000000001
      vertex -3.3515183126457777 5.805 11.100000000000001
      vertex -2.7055365867695795 2.220376494572759 11.100000000000001
    endloop
  endfacet
  facet normal 0 0 -1
    outer loop
      vertex -2.7055365867695795 2.220376494572759 11.100000000000001
      vertex -3.3515183126457777 5.805 11.100000000000001
      vertex -2.4748737341529163 2.4748737341529163 11.100000000000001
    endloop
  endfacet
  facet normal 0 0 -1
    outer loop
      vertex -2.4748737341529163 2.4748737341529163 11.100000000000001
      vertex -3.3515183126457777 5.805 11.100000000000001
      vertex -2.220376494572759 2.7055365867695795 11.100000000000001
    endloop
  endfacet
  facet normal 0 0 -1
    outer loop
      vertex -2.220376494572759 2.7055365867695795 11.100000000000001
      vertex -3.3515183126457777 5.805 11.100000000000001
      vertex -1.9444958155686076 2.9101436430589085 11.100000000000001
    endloop
  endfacet
  facet normal 0 0 -1
    outer loop
      vertex -3.3515183126457777 5.805 11.100000000000001
      vertex -1.6498885788909918 3.0867244252192427 11.100000000000001
      vertex -1.9444958155686076 2.9101436430589085 11.100000000000001
    endloop
  endfacet
  facet normal 0 0 -1
    outer loop
      vertex -3.3515183126457777 5.805 11.100000000000001
      vertex -1.3393920132778143 3.2335783637895035 11.100000000000001
      vertex -1.6498885788909918 3.0867244252192427 11.100000000000001
    endloop
  endfacet
  facet normal 0 0 -1
    outer loop
      vertex -3.3515183126457777 5.805 11.100000000000001
      vertex -1.015996370390618 3.349291175062731 11.100000000000001
      vertex -1.3393920132778143 3.2335783637895035 11.100000000000001
    endloop
  endfacet
  facet normal 0 0 -1
    outer loop
      vertex -3.3515183126457777 5.805 11.100000000000001
      vertex -0.6828161270564489 3.4327484814113065 11.100000000000001
      vertex -1.015996370390618 3.349291175062731 11.100000000000001
    endloop
  endfacet
  facet normal 0 0 -1
    outer loop
      vertex -3.3515183126457777 5.805 11.100000000000001
      vertex -0.3430599911534621 3.483146543352689 11.100000000000001
      vertex -0.6828161270564489 3.4327484814113065 11.100000000000001
    endloop
  endfacet
  facet normal 0 0 1
    outer loop
      vertex -3.3515183126457777 -5.805 6.5
      vertex 10.494204040153868 -5.805 6.5
      vertex -0.3430599911534621 -3.483146543352689 6.5
    endloop
  endfacet
  facet normal 0 0 1
    outer loop
      vertex -0.3430599911534621 -3.483146543352689 6.5
      vertex 10.583055172180261 -5.6567608419119715 6.5
      vertex 0 -3.5 6.5
    endloop
  endfacet
  facet normal 0 0 1
    outer loop
      vertex -0.3430599911534621 -3.483146543352689 6.5
      vertex 10.494204040153868 -5.805 6.5
      vertex 10.583055172180261 -5.6567608419119715 6.5
    endloop
  endfacet
  facet normal 0 0 1
    outer loop
      vertex 0 -3.5 6.5
      vertex 10.583055172180261 -5.6567608419119715 6.5
      vertex 9.110732075929354 -3.5 6.5
    endloop
  endfacet
  facet normal 0 0 1
    outer loop
      vertex 9.110732075929354 -3.5 6.5
      vertex 10.583055172180261 -5.6567608419119715 6.5
      vertex 11.08655439013544 -4.592201188381077 6.5
    endloop
  endfacet
  facet normal 0 0 1
    outer loop
      vertex 9.110732075929354 -3.5 6.5
      vertex 11.08655439013544 -4.592201188381077 6.5
      vertex 11.477350224164713 -3.5 6.5
    endloop
  endfacet
  facet normal 0 1 0
    outer loop
      vertex -3.3515183126457777 -5.805 6.5
      vertex -3.3515183126457777 -5.805 11.100000000000001
      vertex 10.494204040153868 -5.805 11.100000000000001
    endloop
  endfacet
  facet normal 0 0 -1
    outer loop
      vertex -3.3515183126457777 -5.805 11.100000000000001
      vertex 0 -3.5 11.100000000000001
      vertex 10.494204040153868 -5.805 11.100000000000001
    endloop
  endfacet
  facet normal 0 1 0
    outer loop
      vertex -3.3515183126457777 -5.805 6.5
      vertex 10.494204040153868 -5.805 11.100000000000001
      vertex 10.494204040153868 -5.805 6.5
    endloop
  endfacet
  facet normal 0 0 -1
    outer loop
      vertex 0 -3.5 11.100000000000001
      vertex 10.583055172180261 -5.6567608419119715 11.100000000000001
      vertex 10.494204040153868 -5.805 11.100000000000001
    endloop
  endfacet
  facet normal 0 0 -1
    outer loop
      vertex 0 -3.5 11.100000000000001
      vertex 11.08655439013544 -4.592201188381077 11.100000000000001
      vertex 10.583055172180261 -5.6567608419119715 11.100000000000001
    endloop
  endfacet
  facet normal 0 0 -1
    outer loop
      vertex 0 -3.5 11.100000000000001
      vertex 11.477350224164713 -3.5 11.100000000000001
      vertex 11.08655439013544 -4.592201188381077 11.100000000000001
    endloop
  endfacet
  facet normal 0 0 1
    outer loop
      vertex -0.6828161270564489 3.4327484814113065 6.5
      vertex -0.3430599911534621 3.483146543352689 6.5
      vertex 3.3515183126457777 5.805 6.5
    endloop
  endfacet
  facet normal 0 0 1
    outer loop
      vertex -0.3430599911534621 3.483146543352689 6.5
      vertex 0 3.5 6.5
      vertex 3.3515183126457777 5.805 6.5
    endloop
  endfacet
  facet normal 0 0 1
    outer loop
      vertex 0 3.5 6.5
      vertex 1.5478657903476054 3.5 6.5
      vertex 3.3515183126457777 5.805 6.5
    endloop
  endfacet
  facet normal 0 0 1
    outer loop
      vertex 1.6637610666321814 3.1088850891053355 6.5
      vertex 3.3515183126457777 5.805 6.5
      vertex 1.5478657903476054 3.5 6.5
    endloop
  endfacet
  facet normal 0 0 1
    outer loop
      vertex 1.6637610666321814 3.1088850891053355 6.5
      vertex 11.533808065135005 3.2817128674910103 6.5
      vertex 3.3515183126457777 5.805 6.5
    endloop
  endfacet
  facet normal 0 0 1
    outer loop
      vertex 3.3515183126457777 5.805 6.5
      vertex 11.533808065135005 3.2817128674910103 6.5
      vertex 11.483284028786507 3.483416127053548 6.5
    endloop
  endfacet
  facet normal 0 0 1
    outer loop
      vertex 3.3515183126457777 5.805 6.5
      vertex 10.583055172180261 5.6567608419119715 6.5
      vertex 10.494204040153868 5.805 6.5
    endloop
  endfacet
  facet normal 0 0 1
    outer loop
      vertex 3.3515183126457777 5.805 6.5
      vertex 11.483284028786507 3.483416127053548 6.5
      vertex 11.08655439013544 4.592201188381077 6.5
    endloop
  endfacet
  facet normal 0 0 1
    outer loop
      vertex 3.3515183126457777 5.805 6.5
      vertex 11.08655439013544 4.592201188381077 6.5
      vertex 10.583055172180261 5.6567608419119715 6.5
    endloop
  endfacet
  facet normal 0 0 -1
    outer loop
      vertex -3.3515183126457777 5.805 11.100000000000001
      vertex 10.494204040153868 5.805 11.100000000000001
      vertex -0.3430599911534621 3.483146543352689 11.100000000000001
    endloop
  endfacet
  facet normal 0 0 -1
    outer loop
      vertex -0.3430599911534621 3.483146543352689 11.100000000000001
      vertex 10.583055172180261 5.6567608419119715 11.100000000000001
      vertex 0 3.5 11.100000000000001
    endloop
  endfacet
  facet normal 0 -1 0
    outer loop
      vertex 3.3515183126457777 5.805 6.5
      vertex 10.494204040153868 5.805 11.100000000000001
      vertex -3.3515183126457777 5.805 11.100000000000001
    endloop
  endfacet
  facet normal 0 -1 0
    outer loop
      vertex 3.3515183126457777 5.805 6.5
      vertex 10.494204040153868 5.805 6.5
      vertex 10.494204040153868 5.805 11.100000000000001
    endloop
  endfacet
  facet normal 0 0 -1
    outer loop
      vertex -0.3430599911534621 3.483146543352689 11.100000000000001
      vertex 10.494204040153868 5.805 11.100000000000001
      vertex 10.583055172180261 5.6567608419119715 11.100000000000001
    endloop
  endfacet
  facet normal 0 0 -1
    outer loop
      vertex 0 3.5 11.100000000000001
      vertex 10.583055172180261 5.6567608419119715 11.100000000000001
      vertex 11.08655439013544 4.592201188381077 11.100000000000001
    endloop
  endfacet
  facet normal 0 0 -1
    outer loop
      vertex 0 3.5 11.100000000000001
      vertex 11.08655439013544 4.592201188381077 11.100000000000001
      vertex 11.477350224164713 3.5 11.100000000000001
    endloop
  endfacet
  facet normal -0.7409511253549595 -0.6715589548470179 0
    outer loop
      vertex -9.276125440352844 -7.612719409963746 0
      vertex -8.485281374238571 -8.485281374238571 0
      vertex -9.276125440352844 -7.612719409963746 15.100000000000001
    endloop
  endfacet
  facet normal -0.8032075314806456 -0.5956993044924325 8.174756341770514e-19
    outer loop
      vertex -9.276125440352844 -7.612719409963746 0
      vertex -9.977635347630542 -6.666842796235226 15.100000000000001
      vertex -9.977635347630542 -6.666842796235226 0
    endloop
  endfacet
  facet normal -0.6715589548470179 -0.7409511253549595 0
    outer loop
      vertex -7.612719409963746 -9.276125440352844 0
      vertex -7.612719409963746 -9.276125440352844 15.100000000000001
      vertex -8.485281374238571 -8.485281374238571 0
    endloop
  endfacet
  facet normal -0.5956993044924325 -0.8032075314806456 8.174756341770514e-19
    outer loop
      vertex -7.612719409963746 -9.276125440352844 0
      vertex -6.666842796235226 -9.977635347630542 0
      vertex -6.666842796235226 -9.977635347630542 15.100000000000001
    endloop
  endfacet
  facet normal 0 0 -1
    outer loop
      vertex -10.583055172180261 -5.6567608419119715 0
      vertex -11.08655439013544 -4.592201188381077 0
      vertex -10.583055172180261 5.6567608419119715 0
    endloop
  endfacet
  facet normal 0 0 -1
    outer loop
      vertex -11.483284028786507 -3.483416127053548 0
      vertex -11.769423364838765 -2.341083864193539 0
      vertex -11.483284028786507 3.483416127053548 0
    endloop
  endfacet
  facet normal 0 0 -1
    outer loop
      vertex -11.769423364838765 -2.341083864193539 0
      vertex -11.942216720066362 -1.1762056839547272 0
      vertex -11.769423364838765 2.341083864193539 0
    endloop
  endfacet
  facet normal 0 0 -1
    outer loop
      vertex -11.08655439013544 -4.592201188381077 0
      vertex -11.483284028786507 -3.483416127053548 0
      vertex -11.08655439013544 4.592201188381077 0
    endloop
  endfacet
  facet normal 0 0 -1
    outer loop
      vertex -9.977635347630542 -6.666842796235226 0
      vertex -10.583055172180261 -5.6567608419119715 0
      vertex -9.977635347630542 6.666842796235226 0
    endloop
  endfacet
  facet normal 0 0 -1
    outer loop
      vertex -9.276125440352844 -7.612719409963746 0
      vertex -9.977635347630542 -6.666842796235226 0
      vertex -9.276125440352844 7.612719409963746 0
    endloop
  endfacet
  facet normal 0 0 -1
    outer loop
      vertex -7.612719409963746 -9.276125440352844 0
      vertex -6.666842796235226 9.977635347630542 0
      vertex -6.666842796235226 -9.977635347630542 0
    endloop
  endfacet
  facet normal 0 0 -1
    outer loop
      vertex -9.276125440352844 -7.612719409963746 0
      vertex -8.485281374238571 8.485281374238571 0
      vertex -8.485281374238571 -8.485281374238571 0
    endloop
  endfacet
  facet normal 0 0 -1
    outer loop
      vertex -7.612719409963746 -9.276125440352844 0
      vertex -8.485281374238571 -8.485281374238571 0
      vertex -7.612719409963746 9.276125440352844 0
    endloop
  endfacet
  facet normal -0.9039892931234439 -0.4275550934302809 -1.2816922880627263e-18
    outer loop
      vertex -10.583055172180261 -5.6567608419119715 0
      vertex -11.08655439013544 -4.592201188381077 15.100000000000001
      vertex -11.08655439013544 -4.592201188381077 0
    endloop
  endfacet
  facet normal -0.9415440651830205 -0.33688985339222116 -1.4350106711612223e-18
    outer loop
      vertex -11.08655439013544 -4.592201188381077 0
      vertex -11.483284028786507 -3.483416127053548 15.100000000000001
      vertex -11.483284028786507 -3.483416127053548 0
    endloop
  endfacet
  facet normal -0.8577286100002715 -0.5141027441932225 8.554068228719207e-19
    outer loop
      vertex -9.977635347630542 -6.666842796235226 0
      vertex -10.583055172180261 -5.6567608419119715 15.100000000000001
      vertex -10.583055172180261 -5.6567608419119715 0
    endloop
  endfacet
  facet normal -0.9700312531945443 -0.24298017990326345 7.821087117444934e-20
    outer loop
      vertex -11.483284028786507 -3.483416127053548 0
      vertex -11.769423364838765 -2.341083864193539 15.100000000000001
      vertex -11.769423364838765 -2.341083864193539 0
    endloop
  endfacet
  facet normal -0.989176509964781 -0.14673047445536164 2.3908396509351046e-19
    outer loop
      vertex -11.769423364838765 -2.341083864193539 0
      vertex -11.942216720066362 -1.1762056839547272 15.100000000000001
      vertex -11.942216720066362 -1.1762056839547272 0
    endloop
  endfacet
  facet normal -0.9987954562051724 -0.049067674327418334 2.768139688697308e-19
    outer loop
      vertex -11.942216720066362 -1.1762056839547272 0
      vertex -12 0 15.100000000000001
      vertex -12 0 0
    endloop
  endfacet
  facet normal 0 0 -1
    outer loop
      vertex -2.341083864193539 -11.769423364838765 0
      vertex -1.1313708498984762 -1.1313708498984762 0
      vertex -1.1762056839547272 -11.942216720066362 0
    endloop
  endfacet
  facet normal 0 0 -1
    outer loop
      vertex -1.1762056839547272 -11.942216720066362 0
      vertex 0 -1.6 0
      vertex 0 -12 0
    endloop
  endfacet
  facet normal -0.4275550934302809 -0.9039892931234439 -1.2816922880627263e-18
    outer loop
      vertex -5.6567608419119715 -10.583055172180261 0
      vertex -4.592201188381077 -11.08655439013544 0
      vertex -4.592201188381077 -11.08655439013544 15.100000000000001
    endloop
  endfacet
  facet normal -0.5141027441932225 -0.8577286100002715 8.554068228719207e-19
    outer loop
      vertex -6.666842796235226 -9.977635347630542 0
      vertex -5.6567608419119715 -10.583055172180261 0
      vertex -5.6567608419119715 -10.583055172180261 15.100000000000001
    endloop
  endfacet
  facet normal -0.33688985339222116 -0.9415440651830205 -1.4350106711612223e-18
    outer loop
      vertex -4.592201188381077 -11.08655439013544 0
      vertex -3.483416127053548 -11.483284028786507 0
      vertex -3.483416127053548 -11.483284028786507 15.100000000000001
    endloop
  endfacet
  facet normal -0.24298017990326345 -0.9700312531945443 7.821087117444934e-20
    outer loop
      vertex -3.483416127053548 -11.483284028786507 0
      vertex -2.341083864193539 -11.769423364838765 0
      vertex -2.341083864193539 -11.769423364838765 15.100000000000001
    endloop
  endfacet
  facet normal -0.14673047445536164 -0.989176509964781 2.3908396509351046e-19
    outer loop
      vertex -2.341083864193539 -11.769423364838765 0
      vertex -1.1762056839547272 -11.942216720066362 0
      vertex -1.1762056839547272 -11.942216720066362 15.100000000000001
    endloop
  endfacet
  facet normal -0.049067674327418334 -0.9987954562051724 2.768139688697308e-19
    outer loop
      vertex -1.1762056839547272 -11.942216720066362 0
      vertex 0 -12 0
      vertex 0 -12 15.100000000000001
    endloop
  endfacet
  facet normal 0 0 -1
    outer loop
      vertex -6.666842796235226 -9.977635347630542 0
      vertex -5.6567608419119715 10.583055172180261 0
      vertex -5.6567608419119715 -10.583055172180261 0
    endloop
  endfacet
  facet normal 0 0 -1
    outer loop
      vertex -5.6567608419119715 -10.583055172180261 0
      vertex -4.592201188381077 11.08655439013544 0
      vertex -4.592201188381077 -11.08655439013544 0
    endloop
  endfacet
  facet normal 0 0 -1
    outer loop
      vertex -4.592201188381077 -11.08655439013544 0
      vertex -3.483416127053548 11.483284028786507 0
      vertex -3.483416127053548 -11.483284028786507 0
    endloop
  endfacet
  facet normal 0 0 -1
    outer loop
      vertex -2.341083864193539 -11.769423364838765 0
      vertex -1.3303513796840725 -0.8889123728313635 0
      vertex -1.2368167253803792 -1.015029254661833 0
    endloop
  endfacet
  facet normal 0 0 -1
    outer loop
      vertex -2.341083864193539 -11.769423364838765 0
      vertex -1.2368167253803792 -1.015029254661833 0
      vertex -1.1313708498984762 -1.1313708498984762 0
    endloop
  endfacet
  facet normal 0 0 -1
    outer loop
      vertex -3.483416127053548 -11.483284028786507 0
      vertex -2.341083864193539 11.769423364838765 0
      vertex -2.341083864193539 -11.769423364838765 0
    endloop
  endfacet
  facet normal 0 0 -1
    outer loop
      vertex -2.341083864193539 -11.769423364838765 0
      vertex -1.4110740229573682 -0.7542347789215963 0
      vertex -1.3303513796840725 -0.8889123728313635 0
    endloop
  endfacet
  facet normal 0 0 -1
    outer loop
      vertex -2.341083864193539 -11.769423364838765 0
      vertex -1.478207252018059 -0.6122934917841437 0
      vertex -1.4110740229573682 -0.7542347789215963 0
    endloop
  endfacet
  facet normal 0 0 -1
    outer loop
      vertex -2.341083864193539 -11.769423364838765 0
      vertex -1.5311045371715342 -0.46445548360713973 0
      vertex -1.478207252018059 -0.6122934917841437 0
    endloop
  endfacet
  facet normal 0 0 -1
    outer loop
      vertex -2.341083864193539 -11.769423364838765 0
      vertex -1.5692564486451688 -0.3121445152258052 0
      vertex -1.5311045371715342 -0.46445548360713973 0
    endloop
  endfacet
  facet normal 0 0 -1
    outer loop
      vertex -2.341083864193539 -11.769423364838765 0
      vertex -1.592295562675515 -0.15682742452729698 0
      vertex -1.5692564486451688 -0.3121445152258052 0
    endloop
  endfacet
  facet normal 0 0 -1
    outer loop
      vertex -2.341083864193539 -11.769423364838765 0
      vertex -1.6 0 0
      vertex -1.592295562675515 -0.15682742452729698 0
    endloop
  endfacet
  facet normal 0 0 -1
    outer loop
      vertex -1.1762056839547272 -11.942216720066362 0
      vertex -0.8889123728313635 -1.3303513796840725 0
      vertex -0.7542347789215963 -1.4110740229573682 0
    endloop
  endfacet
  facet normal 0 0 -1
    outer loop
      vertex -1.1762056839547272 -11.942216720066362 0
      vertex -0.7542347789215963 -1.4110740229573682 0
      vertex -0.6122934917841437 -1.478207252018059 0
    endloop
  endfacet
  facet normal 0 0 -1
    outer loop
      vertex -1.1762056839547272 -11.942216720066362 0
      vertex -0.6122934917841437 -1.478207252018059 0
      vertex -0.46445548360713973 -1.5311045371715342 0
    endloop
  endfacet
  facet normal 0 0 -1
    outer loop
      vertex -1.1762056839547272 -11.942216720066362 0
      vertex -1.1313708498984762 -1.1313708498984762 0
      vertex -1.015029254661833 -1.2368167253803792 0
    endloop
  endfacet
  facet normal 0 0 -1
    outer loop
      vertex -1.1762056839547272 -11.942216720066362 0
      vertex -1.015029254661833 -1.2368167253803792 0
      vertex -0.8889123728313635 -1.3303513796840725 0
    endloop
  endfacet
  facet normal 0 0 -1
    outer loop
      vertex -1.1762056839547272 -11.942216720066362 0
      vertex -0.46445548360713973 -1.5311045371715342 0
      vertex -0.3121445152258052 -1.5692564486451688 0
    endloop
  endfacet
  facet normal 0 0 -1
    outer loop
      vertex -1.1762056839547272 -11.942216720066362 0
      vertex -0.3121445152258052 -1.5692564486451688 0
      vertex -0.15682742452729698 -1.592295562675515 0
    endloop
  endfacet
  facet normal 0 0 -1
    outer loop
      vertex -1.1762056839547272 -11.942216720066362 0
      vertex -0.15682742452729698 -1.592295562675515 0
      vertex 0 -1.6 0
    endloop
  endfacet
  facet normal -0.8577286100002715 -0.5141027441932225 0
    outer loop
      vertex -9.977635347630542 -6.666842796235226 0
      vertex -9.977635347630542 -6.666842796235226 15.100000000000001
      vertex -10.583055172180261 -5.6567608419119715 15.100000000000001
    endloop
  endfacet
  facet normal -0.8032075314806456 -0.5956993044924325 0
    outer loop
      vertex -9.276125440352844 -7.612719409963746 0
      vertex -9.276125440352844 -7.612719409963746 15.100000000000001
      vertex -9.977635347630542 -6.666842796235226 15.100000000000001
    endloop
  endfacet
  facet normal -0.5956993044924325 -0.8032075314806456 0
    outer loop
      vertex -7.612719409963746 -9.276125440352844 0
      vertex -6.666842796235226 -9.977635347630542 15.100000000000001
      vertex -7.612719409963746 -9.276125440352844 15.100000000000001
    endloop
  endfacet
  facet normal -0.5141027441932225 -0.8577286100002715 0
    outer loop
      vertex -6.666842796235226 -9.977635347630542 0
      vertex -5.6567608419119715 -10.583055172180261 15.100000000000001
      vertex -6.666842796235226 -9.977635347630542 15.100000000000001
    endloop
  endfacet
  facet normal -0.7409511253549595 -0.6715589548470179 0
    outer loop
      vertex -8.485281374238571 -8.485281374238571 0
      vertex -8.485281374238571 -8.485281374238571 15.100000000000001
      vertex -9.276125440352844 -7.612719409963746 15.100000000000001
    endloop
  endfacet
  facet normal -0.6715589548470179 -0.7409511253549595 0
    outer loop
      vertex -8.485281374238571 -8.485281374238571 0
      vertex -7.612719409963746 -9.276125440352844 15.100000000000001
      vertex -8.485281374238571 -8.485281374238571 15.100000000000001
    endloop
  endfacet
  facet normal -0.9039892931234439 -0.4275550934302809 0
    outer loop
      vertex -10.583055172180261 -5.6567608419119715 0
      vertex -10.583055172180261 -5.6567608419119715 15.100000000000001
      vertex -11.08655439013544 -4.592201188381077 15.100000000000001
    endloop
  endfacet
  facet normal -0.9700312531945443 -0.24298017990326345 0
    outer loop
      vertex -11.483284028786507 -3.483416127053548 0
      vertex -11.483284028786507 -3.483416127053548 15.100000000000001
      vertex -11.769423364838765 -2.341083864193539 15.100000000000001
    endloop
  endfacet
  facet normal -0.9415440651830205 -0.33688985339222116 0
    outer loop
      vertex -11.08655439013544 -4.592201188381077 0
      vertex -11.08655439013544 -4.592201188381077 15.100000000000001
      vertex -11.483284028786507 -3.483416127053548 15.100000000000001
    endloop
  endfacet
  facet normal -0.989176509964781 -0.14673047445536164 0
    outer loop
      vertex -11.769423364838765 -2.341083864193539 0
      vertex -11.769423364838765 -2.341083864193539 15.100000000000001
      vertex -11.942216720066362 -1.1762056839547272 15.100000000000001
    endloop
  endfacet
  facet normal -0.9987954562051724 -0.049067674327418334 0
    outer loop
      vertex -11.942216720066362 -1.1762056839547272 0
      vertex -11.942216720066362 -1.1762056839547272 15.100000000000001
      vertex -12 0 15.100000000000001
    endloop
  endfacet
  facet normal 0 0 1
    outer loop
      vertex -11.08655439013544 -4.592201188381077 15.100000000000001
      vertex -11.483284028786507 3.483416127053548 15.100000000000001
      vertex -11.483284028786507 -3.483416127053548 15.100000000000001
    endloop
  endfacet
  facet normal 0 0 1
    outer loop
      vertex -10.583055172180261 -5.6567608419119715 15.100000000000001
      vertex -11.08655439013544 4.592201188381077 15.100000000000001
      vertex -11.08655439013544 -4.592201188381077 15.100000000000001
    endloop
  endfacet
  facet normal 0 0 1
    outer loop
      vertex -11.483284028786507 -3.483416127053548 15.100000000000001
      vertex -11.769423364838765 2.341083864193539 15.100000000000001
      vertex -11.769423364838765 -2.341083864193539 15.100000000000001
    endloop
  endfacet
  facet normal 0 0 1
    outer loop
      vertex -11.769423364838765 -2.341083864193539 15.100000000000001
      vertex -11.942216720066362 1.1762056839547272 15.100000000000001
      vertex -11.942216720066362 -1.1762056839547272 15.100000000000001
    endloop
  endfacet
  facet normal 0 0 1
    outer loop
      vertex -9.977635347630542 -6.666842796235226 15.100000000000001
      vertex -10.583055172180261 5.6567608419119715 15.100000000000001
      vertex -10.583055172180261 -5.6567608419119715 15.100000000000001
    endloop
  endfacet
  facet normal 0 0 1
    outer loop
      vertex -9.276125440352844 -7.612719409963746 15.100000000000001
      vertex -9.977635347630542 6.666842796235226 15.100000000000001
      vertex -9.977635347630542 -6.666842796235226 15.100000000000001
    endloop
  endfacet
  facet normal 0 0 1
    outer loop
      vertex -9.276125440352844 -7.612719409963746 15.100000000000001
      vertex -8.485281374238571 -8.485281374238571 15.100000000000001
      vertex -9.276125440352844 7.612719409963746 15.100000000000001
    endloop
  endfacet
  facet normal 0 0 1
    outer loop
      vertex -7.612719409963746 -9.276125440352844 15.100000000000001
      vertex -8.485281374238571 8.485281374238571 15.100000000000001
      vertex -8.485281374238571 -8.485281374238571 15.100000000000001
    endloop
  endfacet
  facet normal 0 0 1
    outer loop
      vertex -7.612719409963746 -9.276125440352844 15.100000000000001
      vertex -6.666842796235226 -9.977635347630542 15.100000000000001
      vertex -7.612719409963746 9.276125440352844 15.100000000000001
    endloop
  endfacet
  facet normal 0 0 1
    outer loop
      vertex -6.666842796235226 -9.977635347630542 15.100000000000001
      vertex -5.6567608419119715 -10.583055172180261 15.100000000000001
      vertex -6.666842796235226 9.977635347630542 15.100000000000001
    endloop
  endfacet
  facet normal -0.4275550934302809 -0.9039892931234439 0
    outer loop
      vertex -5.6567608419119715 -10.583055172180261 0
      vertex -4.592201188381077 -11.08655439013544 15.100000000000001
      vertex -5.6567608419119715 -10.583055172180261 15.100000000000001
    endloop
  endfacet
  facet normal -0.33688985339222116 -0.9415440651830205 0
    outer loop
      vertex -4.592201188381077 -11.08655439013544 0
      vertex -3.483416127053548 -11.483284028786507 15.100000000000001
      vertex -4.592201188381077 -11.08655439013544 15.100000000000001
    endloop
  endfacet
  facet normal -0.24298017990326345 -0.9700312531945443 0
    outer loop
      vertex -3.483416127053548 -11.483284028786507 0
      vertex -2.341083864193539 -11.769423364838765 15.100000000000001
      vertex -3.483416127053548 -11.483284028786507 15.100000000000001
    endloop
  endfacet
  facet normal -0.14673047445536164 -0.989176509964781 0
    outer loop
      vertex -2.341083864193539 -11.769423364838765 0
      vertex -1.1762056839547272 -11.942216720066362 15.100000000000001
      vertex -2.341083864193539 -11.769423364838765 15.100000000000001
    endloop
  endfacet
  facet normal -0.049067674327418334 -0.9987954562051724 0
    outer loop
      vertex -1.1762056839547272 -11.942216720066362 0
      vertex 0 -12 15.100000000000001
      vertex -1.1762056839547272 -11.942216720066362 15.100000000000001
    endloop
  endfacet
  facet normal 0 0 1
    outer loop
      vertex -1.1762056839547272 -11.942216720066362 15.100000000000001
      vertex 0 -12 15.100000000000001
      vertex -0.6828161270564489 -3.4327484814113065 15.100000000000001
    endloop
  endfacet
  facet normal 0 0 1
    outer loop
      vertex -3.483416127053548 -11.483284028786507 15.100000000000001
      vertex -2.341083864193539 -11.769423364838765 15.100000000000001
      vertex -2.9101436430589085 -1.9444958155686076 15.100000000000001
    endloop
  endfacet
  facet normal 0 0 1
    outer loop
      vertex -2.341083864193539 -11.769423364838765 15.100000000000001
      vertex -1.1762056839547272 -11.942216720066362 15.100000000000001
      vertex -1.6498885788909918 -3.0867244252192427 15.100000000000001
    endloop
  endfacet
  facet normal 0 0 1
    outer loop
      vertex -1.1762056839547272 -11.942216720066362 15.100000000000001
      vertex -1.3393920132778143 -3.2335783637895035 15.100000000000001
      vertex -1.6498885788909918 -3.0867244252192427 15.100000000000001
    endloop
  endfacet
  facet normal 0 0 1
    outer loop
      vertex -1.1762056839547272 -11.942216720066362 15.100000000000001
      vertex -1.015996370390618 -3.349291175062731 15.100000000000001
      vertex -1.3393920132778143 -3.2335783637895035 15.100000000000001
    endloop
  endfacet
  facet normal 0 0 1
    outer loop
      vertex -1.1762056839547272 -11.942216720066362 15.100000000000001
      vertex -0.6828161270564489 -3.4327484814113065 15.100000000000001
      vertex -1.015996370390618 -3.349291175062731 15.100000000000001
    endloop
  endfacet
  facet normal 0 0 1
    outer loop
      vertex 0 -12 15.100000000000001
      vertex -0.3430599911534621 -3.483146543352689 15.100000000000001
      vertex -0.6828161270564489 -3.4327484814113065 15.100000000000001
    endloop
  endfacet
  facet normal 0 0 1
    outer loop
      vertex 0 -12 15.100000000000001
      vertex 0 -3.5 15.100000000000001
      vertex -0.3430599911534621 -3.483146543352689 15.100000000000001
    endloop
  endfacet
  facet normal 0 0 1
    outer loop
      vertex -5.6567608419119715 -10.583055172180261 15.100000000000001
      vertex -4.592201188381077 -11.08655439013544 15.100000000000001
      vertex -5.6567608419119715 10.583055172180261 15.100000000000001
    endloop
  endfacet
  facet normal 0 0 1
    outer loop
      vertex -3.483416127053548 -11.483284028786507 15.100000000000001
      vertex -2.9101436430589085 -1.9444958155686076 15.100000000000001
      vertex -3.0867244252192427 -1.6498885788909918 15.100000000000001
    endloop
  endfacet
  facet normal 0 0 1
    outer loop
      vertex -3.483416127053548 -11.483284028786507 15.100000000000001
      vertex -3.0867244252192427 -1.6498885788909918 15.100000000000001
      vertex -3.2335783637895035 -1.3393920132778143 15.100000000000001
    endloop
  endfacet
  facet normal 0 0 1
    outer loop
      vertex -3.483416127053548 -11.483284028786507 15.100000000000001
      vertex -3.2335783637895035 -1.3393920132778143 15.100000000000001
      vertex -3.349291175062731 -1.015996370390618 15.100000000000001
    endloop
  endfacet
  facet normal 0 0 1
    outer loop
      vertex -4.592201188381077 -11.08655439013544 15.100000000000001
      vertex -3.483416127053548 -11.483284028786507 15.100000000000001
      vertex -4.592201188381077 11.08655439013544 15.100000000000001
    endloop
  endfacet
  facet normal 0 0 1
    outer loop
      vertex -3.483416127053548 -11.483284028786507 15.100000000000001
      vertex -3.349291175062731 -1.015996370390618 15.100000000000001
      vertex -3.4327484814113065 -0.6828161270564489 15.100000000000001
    endloop
  endfacet
  facet normal 0 0 1
    outer loop
      vertex -3.483416127053548 -11.483284028786507 15.100000000000001
      vertex -3.4327484814113065 -0.6828161270564489 15.100000000000001
      vertex -3.483146543352689 -0.3430599911534621 15.100000000000001
    endloop
  endfacet
  facet normal 0 0 1
    outer loop
      vertex -3.483416127053548 -11.483284028786507 15.100000000000001
      vertex -3.483146543352689 -0.3430599911534621 15.100000000000001
      vertex -3.5 0 15.100000000000001
    endloop
  endfacet
  facet normal 0 0 1
    outer loop
      vertex -3.483416127053548 -11.483284028786507 15.100000000000001
      vertex -3.5 0 15.100000000000001
      vertex -4.592201188381077 11.08655439013544 15.100000000000001
    endloop
  endfacet
  facet normal 0 0 1
    outer loop
      vertex -2.341083864193539 -11.769423364838765 15.100000000000001
      vertex -2.7055365867695795 -2.220376494572759 15.100000000000001
      vertex -2.9101436430589085 -1.9444958155686076 15.100000000000001
    endloop
  endfacet
  facet normal 0 0 1
    outer loop
      vertex -2.341083864193539 -11.769423364838765 15.100000000000001
      vertex -2.220376494572759 -2.7055365867695795 15.100000000000001
      vertex -2.4748737341529163 -2.4748737341529163 15.100000000000001
    endloop
  endfacet
  facet normal 0 0 1
    outer loop
      vertex -2.341083864193539 -11.769423364838765 15.100000000000001
      vertex -2.4748737341529163 -2.4748737341529163 15.100000000000001
      vertex -2.7055365867695795 -2.220376494572759 15.100000000000001
    endloop
  endfacet
  facet normal 0 0 1
    outer loop
      vertex -2.341083864193539 -11.769423364838765 15.100000000000001
      vertex -1.9444958155686076 -2.9101436430589085 15.100000000000001
      vertex -2.220376494572759 -2.7055365867695795 15.100000000000001
    endloop
  endfacet
  facet normal 0 0 1
    outer loop
      vertex -2.341083864193539 -11.769423364838765 15.100000000000001
      vertex -1.6498885788909918 -3.0867244252192427 15.100000000000001
      vertex -1.9444958155686076 -2.9101436430589085 15.100000000000001
    endloop
  endfacet
  facet normal 0 0 -1
    outer loop
      vertex -11.942216720066362 -1.1762056839547272 0
      vertex -12 0 0
      vertex -11.942216720066362 1.1762056839547272 0
    endloop
  endfacet
  facet normal 0 0 -1
    outer loop
      vertex -11.942216720066362 -1.1762056839547272 0
      vertex -11.942216720066362 1.1762056839547272 0
      vertex -11.769423364838765 2.341083864193539 0
    endloop
  endfacet
  facet normal 0 0 -1
    outer loop
      vertex -11.769423364838765 -2.341083864193539 0
      vertex -11.769423364838765 2.341083864193539 0
      vertex -11.483284028786507 3.483416127053548 0
    endloop
  endfacet
  facet normal 0 0 -1
    outer loop
      vertex -11.483284028786507 -3.483416127053548 0
      vertex -11.483284028786507 3.483416127053548 0
      vertex -11.08655439013544 4.592201188381077 0
    endloop
  endfacet
  facet normal 0 0 -1
    outer loop
      vertex -11.08655439013544 -4.592201188381077 0
      vertex -11.08655439013544 4.592201188381077 0
      vertex -10.583055172180261 5.6567608419119715 0
    endloop
  endfacet
  facet normal 0 0 -1
    outer loop
      vertex -10.583055172180261 -5.6567608419119715 0
      vertex -10.583055172180261 5.6567608419119715 0
      vertex -9.977635347630542 6.666842796235226 0
    endloop
  endfacet
  facet normal 0 0 -1
    outer loop
      vertex -9.977635347630542 -6.666842796235226 0
      vertex -9.977635347630542 6.666842796235226 0
      vertex -9.276125440352844 7.612719409963746 0
    endloop
  endfacet
  facet normal 0 0 -1
    outer loop
      vertex -9.276125440352844 -7.612719409963746 0
      vertex -9.276125440352844 7.612719409963746 0
      vertex -8.485281374238571 8.485281374238571 0
    endloop
  endfacet
  facet normal 0 0 -1
    outer loop
      vertex -8.485281374238571 -8.485281374238571 0
      vertex -8.485281374238571 8.485281374238571 0
      vertex -7.612719409963746 9.276125440352844 0
    endloop
  endfacet
  facet normal 0 0 -1
    outer loop
      vertex -7.612719409963746 -9.276125440352844 0
      vertex -7.612719409963746 9.276125440352844 0
      vertex -6.666842796235226 9.977635347630542 0
    endloop
  endfacet
  facet normal 0 0 -1
    outer loop
      vertex -6.666842796235226 -9.977635347630542 0
      vertex -6.666842796235226 9.977635347630542 0
      vertex -5.6567608419119715 10.583055172180261 0
    endloop
  endfacet
  facet normal -0.9987954562051724 0.049067674327418334 -2.768139688697308e-19
    outer loop
      vertex -12 0 0
      vertex -11.942216720066362 1.1762056839547272 15.100000000000001
      vertex -11.942216720066362 1.1762056839547272 0
    endloop
  endfacet
  facet normal -0.989176509964781 0.14673047445536164 -2.3908396509351046e-19
    outer loop
      vertex -11.942216720066362 1.1762056839547272 0
      vertex -11.769423364838765 2.341083864193539 15.100000000000001
      vertex -11.769423364838765 2.341083864193539 0
    endloop
  endfacet
  facet normal -0.9700312531945443 0.24298017990326345 -7.821087117444934e-20
    outer loop
      vertex -11.769423364838765 2.341083864193539 0
      vertex -11.483284028786507 3.483416127053548 15.100000000000001
      vertex -11.483284028786507 3.483416127053548 0
    endloop
  endfacet
  facet normal -0.9415440651830205 0.33688985339222116 1.4350106711612223e-18
    outer loop
      vertex -11.483284028786507 3.483416127053548 0
      vertex -11.08655439013544 4.592201188381077 15.100000000000001
      vertex -11.08655439013544 4.592201188381077 0
    endloop
  endfacet
  facet normal -0.9039892931234439 0.4275550934302809 1.2816922880627263e-18
    outer loop
      vertex -11.08655439013544 4.592201188381077 0
      vertex -10.583055172180261 5.6567608419119715 15.100000000000001
      vertex -10.583055172180261 5.6567608419119715 0
    endloop
  endfacet
  facet normal -0.8577286100002715 0.5141027441932225 -8.554068228719207e-19
    outer loop
      vertex -10.583055172180261 5.6567608419119715 0
      vertex -9.977635347630542 6.666842796235226 15.100000000000001
      vertex -9.977635347630542 6.666842796235226 0
    endloop
  endfacet
  facet normal -0.8032075314806456 0.5956993044924325 -8.174756341770514e-19
    outer loop
      vertex -9.977635347630542 6.666842796235226 0
      vertex -9.276125440352844 7.612719409963746 15.100000000000001
      vertex -9.276125440352844 7.612719409963746 0
    endloop
  endfacet
  facet normal -0.7409511253549595 0.6715589548470179 -2.7255614901584493e-18
    outer loop
      vertex -9.276125440352844 7.612719409963746 0
      vertex -8.485281374238571 8.485281374238571 15.100000000000001
      vertex -8.485281374238571 8.485281374238571 0
    endloop
  endfacet
  facet normal -0.6715589548470179 0.7409511253549595 0
    outer loop
      vertex -8.485281374238571 8.485281374238571 0
      vertex -8.485281374238571 8.485281374238571 15.100000000000001
      vertex -7.612719409963746 9.276125440352844 0
    endloop
  endfacet
  facet normal -0.5956993044924325 0.8032075314806456 0
    outer loop
      vertex -7.612719409963746 9.276125440352844 0
      vertex -7.612719409963746 9.276125440352844 15.100000000000001
      vertex -6.666842796235226 9.977635347630542 0
    endloop
  endfacet
  facet normal -0.5141027441932225 0.8577286100002715 0
    outer loop
      vertex -6.666842796235226 9.977635347630542 0
      vertex -6.666842796235226 9.977635347630542 15.100000000000001
      vertex -5.6567608419119715 10.583055172180261 0
    endloop
  endfacet
  facet normal 0 0 -1
    outer loop
      vertex -5.6567608419119715 -10.583055172180261 0
      vertex -5.6567608419119715 10.583055172180261 0
      vertex -4.592201188381077 11.08655439013544 0
    endloop
  endfacet
  facet normal 0 0 -1
    outer loop
      vertex -4.592201188381077 -11.08655439013544 0
      vertex -4.592201188381077 11.08655439013544 0
      vertex -3.483416127053548 11.483284028786507 0
    endloop
  endfacet
  facet normal 0 0 -1
    outer loop
      vertex -3.483416127053548 -11.483284028786507 0
      vertex -3.483416127053548 11.483284028786507 0
      vertex -2.341083864193539 11.769423364838765 0
    endloop
  endfacet
  facet normal 0 0 -1
    outer loop
      vertex -2.341083864193539 -11.769423364838765 0
      vertex -1.1762056839547272 11.942216720066362 0
      vertex -1.6 0 0
    endloop
  endfacet
  facet normal 0 0 -1
    outer loop
      vertex -2.341083864193539 -11.769423364838765 0
      vertex -2.341083864193539 11.769423364838765 0
      vertex -1.1762056839547272 11.942216720066362 0
    endloop
  endfacet
  facet normal 0 0 -1
    outer loop
      vertex -1.1762056839547272 11.942216720066362 0
      vertex -1.592295562675515 0.15682742452729698 0
      vertex -1.6 0 0
    endloop
  endfacet
  facet normal 0 0 -1
    outer loop
      vertex -1.1762056839547272 11.942216720066362 0
      vertex -1.5692564486451688 0.3121445152258052 0
      vertex -1.592295562675515 0.15682742452729698 0
    endloop
  endfacet
  facet normal 0 0 -1
    outer loop
      vertex -1.1762056839547272 11.942216720066362 0
      vertex -1.5311045371715342 0.46445548360713973 0
      vertex -1.5692564486451688 0.3121445152258052 0
    endloop
  endfacet
  facet normal 0 0 -1
    outer loop
      vertex -1.1762056839547272 11.942216720066362 0
      vertex -1.478207252018059 0.6122934917841437 0
      vertex -1.5311045371715342 0.46445548360713973 0
    endloop
  endfacet
  facet normal 0 0 -1
    outer loop
      vertex -1.1762056839547272 11.942216720066362 0
      vertex -1.4110740229573682 0.7542347789215963 0
      vertex -1.478207252018059 0.6122934917841437 0
    endloop
  endfacet
  facet normal 0 0 -1
    outer loop
      vertex -1.1762056839547272 11.942216720066362 0
      vertex -1.3303513796840725 0.8889123728313635 0
      vertex -1.4110740229573682 0.7542347789215963 0
    endloop
  endfacet
  facet normal 0 0 -1
    outer loop
      vertex -1.1762056839547272 11.942216720066362 0
      vertex -1.2368167253803792 1.015029254661833 0
      vertex -1.3303513796840725 0.8889123728313635 0
    endloop
  endfacet
  facet normal 0 0 -1
    outer loop
      vertex -1.1762056839547272 11.942216720066362 0
      vertex -1.1313708498984762 1.1313708498984762 0
      vertex -1.2368167253803792 1.015029254661833 0
    endloop
  endfacet
  facet normal 0 0 -1
    outer loop
      vertex -1.1762056839547272 11.942216720066362 0
      vertex -1.015029254661833 1.2368167253803792 0
      vertex -1.1313708498984762 1.1313708498984762 0
    endloop
  endfacet
  facet normal 0 0 -1
    outer loop
      vertex -1.1762056839547272 11.942216720066362 0
      vertex -0.8889123728313635 1.3303513796840725 0
      vertex -1.015029254661833 1.2368167253803792 0
    endloop
  endfacet
  facet normal 0 0 -1
    outer loop
      vertex -1.1762056839547272 11.942216720066362 0
      vertex -0.7542347789215963 1.4110740229573682 0
      vertex -0.8889123728313635 1.3303513796840725 0
    endloop
  endfacet
  facet normal 0 0 -1
    outer loop
      vertex -1.1762056839547272 11.942216720066362 0
      vertex -0.6122934917841437 1.478207252018059 0
      vertex -0.7542347789215963 1.4110740229573682 0
    endloop
  endfacet
  facet normal 0 0 -1
    outer loop
      vertex 0 12 0
      vertex -0.46445548360713973 1.5311045371715342 0
      vertex -0.6122934917841437 1.478207252018059 0
    endloop
  endfacet
  facet normal 0 0 -1
    outer loop
      vertex 0 12 0
      vertex -0.3121445152258052 1.5692564486451688 0
      vertex -0.46445548360713973 1.5311045371715342 0
    endloop
  endfacet
  facet normal 0 0 -1
    outer loop
      vertex 0 12 0
      vertex -0.15682742452729698 1.592295562675515 0
      vertex -0.3121445152258052 1.5692564486451688 0
    endloop
  endfacet
  facet normal 0 0 -1
    outer loop
      vertex 0 12 0
      vertex 0 1.6 0
      vertex -0.15682742452729698 1.592295562675515 0
    endloop
  endfacet
  facet normal 0 0 -1
    outer loop
      vertex -1.1762056839547272 11.942216720066362 0
      vertex 0 12 0
      vertex -0.6122934917841437 1.478207252018059 0
    endloop
  endfacet
  facet normal -0.4275550934302809 0.9039892931234439 0
    outer loop
      vertex -5.6567608419119715 10.583055172180261 0
      vertex -5.6567608419119715 10.583055172180261 15.100000000000001
      vertex -4.592201188381077 11.08655439013544 0
    endloop
  endfacet
  facet normal -0.33688985339222116 0.9415440651830205 0
    outer loop
      vertex -4.592201188381077 11.08655439013544 0
      vertex -4.592201188381077 11.08655439013544 15.100000000000001
      vertex -3.483416127053548 11.483284028786507 0
    endloop
  endfacet
  facet normal -0.24298017990326345 0.9700312531945443 0
    outer loop
      vertex -3.483416127053548 11.483284028786507 0
      vertex -3.483416127053548 11.483284028786507 15.100000000000001
      vertex -2.341083864193539 11.769423364838765 0
    endloop
  endfacet
  facet normal -0.14673047445536164 0.989176509964781 0
    outer loop
      vertex -2.341083864193539 11.769423364838765 0
      vertex -2.341083864193539 11.769423364838765 15.100000000000001
      vertex -1.1762056839547272 11.942216720066362 0
    endloop
  endfacet
  facet normal -0.049067674327418334 0.9987954562051724 0
    outer loop
      vertex -1.1762056839547272 11.942216720066362 0
      vertex -1.1762056839547272 11.942216720066362 15.100000000000001
      vertex 0 12 0
    endloop
  endfacet
  facet normal -0.9987954562051724 0.049067674327418334 0
    outer loop
      vertex -12 0 0
      vertex -12 0 15.100000000000001
      vertex -11.942216720066362 1.1762056839547272 15.100000000000001
    endloop
  endfacet
  facet normal -0.989176509964781 0.14673047445536164 0
    outer loop
      vertex -11.942216720066362 1.1762056839547272 0
      vertex -11.942216720066362 1.1762056839547272 15.100000000000001
      vertex -11.769423364838765 2.341083864193539 15.100000000000001
    endloop
  endfacet
  facet normal -0.9700312531945443 0.24298017990326345 0
    outer loop
      vertex -11.769423364838765 2.341083864193539 0
      vertex -11.769423364838765 2.341083864193539 15.100000000000001
      vertex -11.483284028786507 3.483416127053548 15.100000000000001
    endloop
  endfacet
  facet normal -0.9415440651830205 0.33688985339222116 0
    outer loop
      vertex -11.483284028786507 3.483416127053548 0
      vertex -11.483284028786507 3.483416127053548 15.100000000000001
      vertex -11.08655439013544 4.592201188381077 15.100000000000001
    endloop
  endfacet
  facet normal -0.9039892931234439 0.4275550934302809 0
    outer loop
      vertex -11.08655439013544 4.592201188381077 0
      vertex -11.08655439013544 4.592201188381077 15.100000000000001
      vertex -10.583055172180261 5.6567608419119715 15.100000000000001
    endloop
  endfacet
  facet normal -0.8577286100002715 0.5141027441932225 0
    outer loop
      vertex -10.583055172180261 5.6567608419119715 0
      vertex -10.583055172180261 5.6567608419119715 15.100000000000001
      vertex -9.977635347630542 6.666842796235226 15.100000000000001
    endloop
  endfacet
  facet normal 0 0 1
    outer loop
      vertex -11.942216720066362 -1.1762056839547272 15.100000000000001
      vertex -11.942216720066362 1.1762056839547272 15.100000000000001
      vertex -12 0 15.100000000000001
    endloop
  endfacet
  facet normal 0 0 1
    outer loop
      vertex -11.769423364838765 -2.341083864193539 15.100000000000001
      vertex -11.769423364838765 2.341083864193539 15.100000000000001
      vertex -11.942216720066362 1.1762056839547272 15.100000000000001
    endloop
  endfacet
  facet normal 0 0 1
    outer loop
      vertex -11.483284028786507 -3.483416127053548 15.100000000000001
      vertex -11.483284028786507 3.483416127053548 15.100000000000001
      vertex -11.769423364838765 2.341083864193539 15.100000000000001
    endloop
  endfacet
  facet normal 0 0 1
    outer loop
      vertex -11.08655439013544 -4.592201188381077 15.100000000000001
      vertex -11.08655439013544 4.592201188381077 15.100000000000001
      vertex -11.483284028786507 3.483416127053548 15.100000000000001
    endloop
  endfacet
  facet normal 0 0 1
    outer loop
      vertex -10.583055172180261 -5.6567608419119715 15.100000000000001
      vertex -10.583055172180261 5.6567608419119715 15.100000000000001
      vertex -11.08655439013544 4.592201188381077 15.100000000000001
    endloop
  endfacet
  facet normal 0 0 1
    outer loop
      vertex -9.977635347630542 -6.666842796235226 15.100000000000001
      vertex -9.977635347630542 6.666842796235226 15.100000000000001
      vertex -10.583055172180261 5.6567608419119715 15.100000000000001
    endloop
  endfacet
  facet normal 0 0 1
    outer loop
      vertex -9.276125440352844 -7.612719409963746 15.100000000000001
      vertex -9.276125440352844 7.612719409963746 15.100000000000001
      vertex -9.977635347630542 6.666842796235226 15.100000000000001
    endloop
  endfacet
  facet normal 0 0 1
    outer loop
      vertex -8.485281374238571 -8.485281374238571 15.100000000000001
      vertex -8.485281374238571 8.485281374238571 15.100000000000001
      vertex -9.276125440352844 7.612719409963746 15.100000000000001
    endloop
  endfacet
  facet normal 0 0 1
    outer loop
      vertex -7.612719409963746 -9.276125440352844 15.100000000000001
      vertex -7.612719409963746 9.276125440352844 15.100000000000001
      vertex -8.485281374238571 8.485281374238571 15.100000000000001
    endloop
  endfacet
  facet normal 0 0 1
    outer loop
      vertex -6.666842796235226 -9.977635347630542 15.100000000000001
      vertex -6.666842796235226 9.977635347630542 15.100000000000001
      vertex -7.612719409963746 9.276125440352844 15.100000000000001
    endloop
  endfacet
  facet normal -0.8032075314806456 0.5956993044924325 0
    outer loop
      vertex -9.977635347630542 6.666842796235226 0
      vertex -9.977635347630542 6.666842796235226 15.100000000000001
      vertex -9.276125440352844 7.612719409963746 15.100000000000001
    endloop
  endfacet
  facet normal -0.7409511253549595 0.6715589548470179 0
    outer loop
      vertex -9.276125440352844 7.612719409963746 0
      vertex -9.276125440352844 7.612719409963746 15.100000000000001
      vertex -8.485281374238571 8.485281374238571 15.100000000000001
    endloop
  endfacet
  facet normal -0.6715589548470179 0.7409511253549595 0
    outer loop
      vertex -7.612719409963746 9.276125440352844 0
      vertex -8.485281374238571 8.485281374238571 15.100000000000001
      vertex -7.612719409963746 9.276125440352844 15.100000000000001
    endloop
  endfacet
  facet normal -0.5956993044924325 0.8032075314806456 0
    outer loop
      vertex -6.666842796235226 9.977635347630542 0
      vertex -7.612719409963746 9.276125440352844 15.100000000000001
      vertex -6.666842796235226 9.977635347630542 15.100000000000001
    endloop
  endfacet
  facet normal 0 0 1
    outer loop
      vertex -5.6567608419119715 -10.583055172180261 15.100000000000001
      vertex -5.6567608419119715 10.583055172180261 15.100000000000001
      vertex -6.666842796235226 9.977635347630542 15.100000000000001
    endloop
  endfacet
  facet normal 0 0 1
    outer loop
      vertex -4.592201188381077 -11.08655439013544 15.100000000000001
      vertex -4.592201188381077 11.08655439013544 15.100000000000001
      vertex -5.6567608419119715 10.583055172180261 15.100000000000001
    endloop
  endfacet
  facet normal 0 0 1
    outer loop
      vertex -4.592201188381077 11.08655439013544 15.100000000000001
      vertex -3.5 0 15.100000000000001
      vertex -3.483146543352689 0.3430599911534621 15.100000000000001
    endloop
  endfacet
  facet normal 0 0 1
    outer loop
      vertex -3.483416127053548 11.483284028786507 15.100000000000001
      vertex -3.483146543352689 0.3430599911534621 15.100000000000001
      vertex -3.4327484814113065 0.6828161270564489 15.100000000000001
    endloop
  endfacet
  facet normal 0 0 1
    outer loop
      vertex -3.483416127053548 11.483284028786507 15.100000000000001
      vertex -3.4327484814113065 0.6828161270564489 15.100000000000001
      vertex -3.349291175062731 1.015996370390618 15.100000000000001
    endloop
  endfacet
  facet normal 0 0 1
    outer loop
      vertex -3.483416127053548 11.483284028786507 15.100000000000001
      vertex -3.349291175062731 1.015996370390618 15.100000000000001
      vertex -3.2335783637895035 1.3393920132778143 15.100000000000001
    endloop
  endfacet
  facet normal 0 0 1
    outer loop
      vertex -3.483416127053548 11.483284028786507 15.100000000000001
      vertex -3.2335783637895035 1.3393920132778143 15.100000000000001
      vertex -3.0867244252192427 1.6498885788909918 15.100000000000001
    endloop
  endfacet
  facet normal 0 0 1
    outer loop
      vertex -3.483416127053548 11.483284028786507 15.100000000000001
      vertex -3.0867244252192427 1.6498885788909918 15.100000000000001
      vertex -2.9101436430589085 1.9444958155686076 15.100000000000001
    endloop
  endfacet
  facet normal 0 0 1
    outer loop
      vertex -3.483416127053548 11.483284028786507 15.100000000000001
      vertex -2.9101436430589085 1.9444958155686076 15.100000000000001
      vertex -2.7055365867695795 2.220376494572759 15.100000000000001
    endloop
  endfacet
  facet normal 0 0 1
    outer loop
      vertex -3.483416127053548 11.483284028786507 15.100000000000001
      vertex -2.7055365867695795 2.220376494572759 15.100000000000001
      vertex -2.4748737341529163 2.4748737341529163 15.100000000000001
    endloop
  endfacet
  facet normal 0 0 1
    outer loop
      vertex -3.483416127053548 11.483284028786507 15.100000000000001
      vertex -2.4748737341529163 2.4748737341529163 15.100000000000001
      vertex -2.220376494572759 2.7055365867695795 15.100000000000001
    endloop
  endfacet
  facet normal 0 0 1
    outer loop
      vertex -2.341083864193539 11.769423364838765 15.100000000000001
      vertex -2.220376494572759 2.7055365867695795 15.100000000000001
      vertex -1.9444958155686076 2.9101436430589085 15.100000000000001
    endloop
  endfacet
  facet normal 0 0 1
    outer loop
      vertex -2.341083864193539 11.769423364838765 15.100000000000001
      vertex -1.9444958155686076 2.9101436430589085 15.100000000000001
      vertex -1.6498885788909918 3.0867244252192427 15.100000000000001
    endloop
  endfacet
  facet normal -0.5141027441932225 0.8577286100002715 0
    outer loop
      vertex -5.6567608419119715 10.583055172180261 0
      vertex -6.666842796235226 9.977635347630542 15.100000000000001
      vertex -5.6567608419119715 10.583055172180261 15.100000000000001
    endloop
  endfacet
  facet normal -0.4275550934302809 0.9039892931234439 0
    outer loop
      vertex -4.592201188381077 11.08655439013544 0
      vertex -5.6567608419119715 10.583055172180261 15.100000000000001
      vertex -4.592201188381077 11.08655439013544 15.100000000000001
    endloop
  endfacet
  facet normal -0.33688985339222116 0.9415440651830205 0
    outer loop
      vertex -3.483416127053548 11.483284028786507 0
      vertex -4.592201188381077 11.08655439013544 15.100000000000001
      vertex -3.483416127053548 11.483284028786507 15.100000000000001
    endloop
  endfacet
  facet normal -0.24298017990326345 0.9700312531945443 0
    outer loop
      vertex -2.341083864193539 11.769423364838765 0
      vertex -3.483416127053548 11.483284028786507 15.100000000000001
      vertex -2.341083864193539 11.769423364838765 15.100000000000001
    endloop
  endfacet
  facet normal -0.14673047445536164 0.989176509964781 0
    outer loop
      vertex -1.1762056839547272 11.942216720066362 0
      vertex -2.341083864193539 11.769423364838765 15.100000000000001
      vertex -1.1762056839547272 11.942216720066362 15.100000000000001
    endloop
  endfacet
  facet normal -0.049067674327418334 0.9987954562051724 -2.768139688697308e-19
    outer loop
      vertex -1.1762056839547272 11.942216720066362 15.100000000000001
      vertex 0 12 15.100000000000001
      vertex 0 12 0
    endloop
  endfacet
  facet normal 0 0 1
    outer loop
      vertex -4.592201188381077 11.08655439013544 15.100000000000001
      vertex -3.483146543352689 0.3430599911534621 15.100000000000001
      vertex -3.483416127053548 11.483284028786507 15.100000000000001
    endloop
  endfacet
  facet normal 0 0 1
    outer loop
      vertex -2.341083864193539 11.769423364838765 15.100000000000001
      vertex -1.6498885788909918 3.0867244252192427 15.100000000000001
      vertex -1.3393920132778143 3.2335783637895035 15.100000000000001
    endloop
  endfacet
  facet normal 0 0 1
    outer loop
      vertex -2.341083864193539 11.769423364838765 15.100000000000001
      vertex -1.3393920132778143 3.2335783637895035 15.100000000000001
      vertex -1.015996370390618 3.349291175062731 15.100000000000001
    endloop
  endfacet
  facet normal 0 0 1
    outer loop
      vertex -3.483416127053548 11.483284028786507 15.100000000000001
      vertex -2.220376494572759 2.7055365867695795 15.100000000000001
      vertex -2.341083864193539 11.769423364838765 15.100000000000001
    endloop
  endfacet
  facet normal 0 0 1
    outer loop
      vertex -1.1762056839547272 11.942216720066362 15.100000000000001
      vertex -1.015996370390618 3.349291175062731 15.100000000000001
      vertex -0.6828161270564489 3.4327484814113065 15.100000000000001
    endloop
  endfacet
  facet normal 0 0 1
    outer loop
      vertex -1.1762056839547272 11.942216720066362 15.100000000000001
      vertex -0.6828161270564489 3.4327484814113065 15.100000000000001
      vertex -0.3430599911534621 3.483146543352689 15.100000000000001
    endloop
  endfacet
  facet normal 0 0 1
    outer loop
      vertex -1.1762056839547272 11.942216720066362 15.100000000000001
      vertex -0.3430599911534621 3.483146543352689 15.100000000000001
      vertex 0 3.5 15.100000000000001
    endloop
  endfacet
  facet normal 0 0 1
    outer loop
      vertex -2.341083864193539 11.769423364838765 15.100000000000001
      vertex -1.015996370390618 3.349291175062731 15.100000000000001
      vertex -1.1762056839547272 11.942216720066362 15.100000000000001
    endloop
  endfacet
  facet normal 0 0 1
    outer loop
      vertex -1.1762056839547272 11.942216720066362 15.100000000000001
      vertex 0 3.5 15.100000000000001
      vertex 0 12 15.100000000000001
    endloop
  endfacet
  facet normal 0 0 -1
    outer loop
      vertex 0 -12 0
      vertex 0.6122934917841437 -1.478207252018059 0
      vertex 1.1762056839547272 -11.942216720066362 0
    endloop
  endfacet
  facet normal 0.049067674327418334 -0.9987954562051724 -2.768139688697308e-19
    outer loop
      vertex 0 -12 0
      vertex 1.1762056839547272 -11.942216720066362 0
      vertex 1.1762056839547272 -11.942216720066362 15.100000000000001
    endloop
  endfacet
  facet normal 0.14673047445536164 -0.989176509964781 -2.3908396509351046e-19
    outer loop
      vertex 1.1762056839547272 -11.942216720066362 0
      vertex 2.341083864193539 -11.769423364838765 0
      vertex 2.341083864193539 -11.769423364838765 15.100000000000001
    endloop
  endfacet
  facet normal 0.24298017990326345 -0.9700312531945443 -7.821087117444934e-20
    outer loop
      vertex 2.341083864193539 -11.769423364838765 0
      vertex 3.483416127053548 -11.483284028786507 0
      vertex 3.483416127053548 -11.483284028786507 15.100000000000001
    endloop
  endfacet
  facet normal 0.33688985339222116 -0.9415440651830205 1.4350106711612223e-18
    outer loop
      vertex 3.483416127053548 -11.483284028786507 0
      vertex 4.592201188381077 -11.08655439013544 0
      vertex 4.592201188381077 -11.08655439013544 15.100000000000001
    endloop
  endfacet
  facet normal 0.4275550934302809 -0.9039892931234439 1.2816922880627263e-18
    outer loop
      vertex 4.592201188381077 -11.08655439013544 0
      vertex 5.6567608419119715 -10.583055172180261 0
      vertex 5.6567608419119715 -10.583055172180261 15.100000000000001
    endloop
  endfacet
  facet normal 0 0 -1
    outer loop
      vertex 0 -12 0
      vertex 0 -1.6 0
      vertex 0.15682742452729698 -1.592295562675515 0
    endloop
  endfacet
  facet normal 0 0 -1
    outer loop
      vertex 0 -12 0
      vertex 0.15682742452729698 -1.592295562675515 0
      vertex 0.3121445152258052 -1.5692564486451688 0
    endloop
  endfacet
  facet normal 0 0 -1
    outer loop
      vertex 0 -12 0
      vertex 0.3121445152258052 -1.5692564486451688 0
      vertex 0.46445548360713973 -1.5311045371715342 0
    endloop
  endfacet
  facet normal 0 0 -1
    outer loop
      vertex 0 -12 0
      vertex 0.46445548360713973 -1.5311045371715342 0
      vertex 0.6122934917841437 -1.478207252018059 0
    endloop
  endfacet
  facet normal 0 0 -1
    outer loop
      vertex 1.1762056839547272 -11.942216720066362 0
      vertex 0.6122934917841437 -1.478207252018059 0
      vertex 0.7542347789215963 -1.4110740229573682 0
    endloop
  endfacet
  facet normal 0 0 -1
    outer loop
      vertex 1.1762056839547272 -11.942216720066362 0
      vertex 0.7542347789215963 -1.4110740229573682 0
      vertex 0.8889123728313635 -1.3303513796840725 0
    endloop
  endfacet
  facet normal 0 0 -1
    outer loop
      vertex 1.1762056839547272 -11.942216720066362 0
      vertex 0.8889123728313635 -1.3303513796840725 0
      vertex 1.015029254661833 -1.2368167253803792 0
    endloop
  endfacet
  facet normal 0 0 -1
    outer loop
      vertex 1.1762056839547272 -11.942216720066362 0
      vertex 1.015029254661833 -1.2368167253803792 0
      vertex 1.1313708498984762 -1.1313708498984762 0
    endloop
  endfacet
  facet normal 0 0 -1
    outer loop
      vertex 1.1762056839547272 -11.942216720066362 0
      vertex 1.1313708498984762 -1.1313708498984762 0
      vertex 1.2368167253803792 -1.015029254661833 0
    endloop
  endfacet
  facet normal 0 0 -1
    outer loop
      vertex 1.1762056839547272 -11.942216720066362 0
      vertex 1.2368167253803792 -1.015029254661833 0
      vertex 1.3303513796840725 -0.8889123728313635 0
    endloop
  endfacet
  facet normal 0 0 -1
    outer loop
      vertex 1.1762056839547272 -11.942216720066362 0
      vertex 1.3303513796840725 -0.8889123728313635 0
      vertex 1.4110740229573682 -0.7542347789215963 0
    endloop
  endfacet
  facet normal 0 0 -1
    outer loop
      vertex 1.1762056839547272 -11.942216720066362 0
      vertex 1.4110740229573682 -0.7542347789215963 0
      vertex 1.478207252018059 -0.6122934917841437 0
    endloop
  endfacet
  facet normal 0 0 -1
    outer loop
      vertex 1.1762056839547272 -11.942216720066362 0
      vertex 1.478207252018059 -0.6122934917841437 0
      vertex 1.5311045371715342 -0.46445548360713973 0
    endloop
  endfacet
  facet normal 0 0 -1
    outer loop
      vertex 1.1762056839547272 -11.942216720066362 0
      vertex 1.5311045371715342 -0.46445548360713973 0
      vertex 1.5692564486451688 -0.3121445152258052 0
    endloop
  endfacet
  facet normal 0 0 -1
    outer loop
      vertex 1.1762056839547272 -11.942216720066362 0
      vertex 1.5692564486451688 -0.3121445152258052 0
      vertex 1.592295562675515 -0.15682742452729698 0
    endloop
  endfacet
  facet normal 0 0 -1
    outer loop
      vertex 1.1762056839547272 -11.942216720066362 0
      vertex 1.592295562675515 -0.15682742452729698 0
      vertex 1.6 0 0
    endloop
  endfacet
  facet normal 0 0 -1
    outer loop
      vertex 1.1762056839547272 -11.942216720066362 0
      vertex 2.341083864193539 11.769423364838765 0
      vertex 2.341083864193539 -11.769423364838765 0
    endloop
  endfacet
  facet normal 0 0 -1
    outer loop
      vertex 1.1762056839547272 -11.942216720066362 0
      vertex 1.6 0 0
      vertex 2.341083864193539 11.769423364838765 0
    endloop
  endfacet
  facet normal 0 0 -1
    outer loop
      vertex 2.341083864193539 -11.769423364838765 0
      vertex 3.483416127053548 11.483284028786507 0
      vertex 3.483416127053548 -11.483284028786507 0
    endloop
  endfacet
  facet normal 0 0 -1
    outer loop
      vertex 3.483416127053548 -11.483284028786507 0
      vertex 4.592201188381077 11.08655439013544 0
      vertex 4.592201188381077 -11.08655439013544 0
    endloop
  endfacet
  facet normal 0 0 -1
    outer loop
      vertex 4.592201188381077 -11.08655439013544 0
      vertex 5.6567608419119715 10.583055172180261 0
      vertex 5.6567608419119715 -10.583055172180261 0
    endloop
  endfacet
  facet normal 0.5141027441932225 -0.8577286100002715 -8.554068228719207e-19
    outer loop
      vertex 5.6567608419119715 -10.583055172180261 0
      vertex 6.666842796235226 -9.977635347630542 0
      vertex 6.666842796235226 -9.977635347630542 15.100000000000001
    endloop
  endfacet
  facet normal 0.5956993044924325 -0.8032075314806456 -8.174756341770514e-19
    outer loop
      vertex 6.666842796235226 -9.977635347630542 0
      vertex 7.612719409963746 -9.276125440352844 0
      vertex 7.612719409963746 -9.276125440352844 15.100000000000001
    endloop
  endfacet
  facet normal 0.6715589548470179 -0.7409511253549595 -2.7255614901584493e-18
    outer loop
      vertex 7.612719409963746 -9.276125440352844 0
      vertex 8.485281374238571 -8.485281374238571 0
      vertex 8.485281374238571 -8.485281374238571 15.100000000000001
    endloop
  endfacet
  facet normal 0.7409511253549595 -0.6715589548470179 0
    outer loop
      vertex 8.485281374238571 -8.485281374238571 0
      vertex 9.276125440352844 -7.612719409963746 0
      vertex 8.485281374238571 -8.485281374238571 15.100000000000001
    endloop
  endfacet
  facet normal 0.8032075314806456 -0.5956993044924325 0
    outer loop
      vertex 9.276125440352844 -7.612719409963746 0
      vertex 9.977635347630542 -6.666842796235226 0
      vertex 9.276125440352844 -7.612719409963746 15.100000000000001
    endloop
  endfacet
  facet normal 0.8577286100002715 -0.5141027441932225 0
    outer loop
      vertex 9.977635347630542 -6.666842796235226 0
      vertex 10.583055172180261 -5.6567608419119715 0
      vertex 9.977635347630542 -6.666842796235226 15.100000000000001
    endloop
  endfacet
  facet normal 0.8577286100002728 -0.5141027441932207 1.7723444673693855e-16
    outer loop
      vertex 10.583055172180261 -5.6567608419119715 0
      vertex 10.494204040153868 -5.805 6.5
      vertex 9.977635347630542 -6.666842796235226 15.100000000000001
    endloop
  endfacet
  facet normal 0 0 -1
    outer loop
      vertex 5.6567608419119715 -10.583055172180261 0
      vertex 6.666842796235226 9.977635347630542 0
      vertex 6.666842796235226 -9.977635347630542 0
    endloop
  endfacet
  facet normal 0 0 -1
    outer loop
      vertex 6.666842796235226 -9.977635347630542 0
      vertex 7.612719409963746 9.276125440352844 0
      vertex 7.612719409963746 -9.276125440352844 0
    endloop
  endfacet
  facet normal 0 0 -1
    outer loop
      vertex 7.612719409963746 -9.276125440352844 0
      vertex 8.485281374238571 8.485281374238571 0
      vertex 8.485281374238571 -8.485281374238571 0
    endloop
  endfacet
  facet normal 0.9039892931234439 -0.4275550934302809 0
    outer loop
      vertex 10.583055172180261 -5.6567608419119715 0
      vertex 11.08655439013544 -4.592201188381077 0
      vertex 10.583055172180261 -5.6567608419119715 6.5
    endloop
  endfacet
  facet normal 0.9415440651830205 -0.33688985339222116 0
    outer loop
      vertex 11.08655439013544 -4.592201188381077 0
      vertex 11.483284028786507 -3.483416127053548 0
      vertex 11.08655439013544 -4.592201188381077 6.5
    endloop
  endfacet
  facet normal 0.9700312531945441 -0.24298017990326343 0
    outer loop
      vertex 11.483284028786507 -3.483416127053548 0
      vertex 11.769423364838765 -2.341083864193539 0
      vertex 11.483284028786507 -3.483416127053548 6.5
    endloop
  endfacet
  facet normal 0 0 -1
    outer loop
      vertex 8.485281374238571 -8.485281374238571 0
      vertex 9.276125440352844 7.612719409963746 0
      vertex 9.276125440352844 -7.612719409963746 0
    endloop
  endfacet
  facet normal 0 0 -1
    outer loop
      vertex 9.276125440352844 -7.612719409963746 0
      vertex 9.977635347630542 6.666842796235226 0
      vertex 9.977635347630542 -6.666842796235226 0
    endloop
  endfacet
  facet normal 0 0 -1
    outer loop
      vertex 9.977635347630542 -6.666842796235226 0
      vertex 10.583055172180261 5.6567608419119715 0
      vertex 10.583055172180261 -5.6567608419119715 0
    endloop
  endfacet
  facet normal 0 0 -1
    outer loop
      vertex 10.583055172180261 -5.6567608419119715 0
      vertex 11.08655439013544 4.592201188381077 0
      vertex 11.08655439013544 -4.592201188381077 0
    endloop
  endfacet
  facet normal 0 0 -1
    outer loop
      vertex 11.08655439013544 -4.592201188381077 0
      vertex 11.483284028786507 3.483416127053548 0
      vertex 11.483284028786507 -3.483416127053548 0
    endloop
  endfacet
  facet normal 0 0 -1
    outer loop
      vertex 11.483284028786507 -3.483416127053548 0
      vertex 11.769423364838765 2.341083864193539 0
      vertex 11.769423364838765 -2.341083864193539 0
    endloop
  endfacet
  facet normal 0 0 -1
    outer loop
      vertex 11.769423364838765 -2.341083864193539 0
      vertex 11.942216720066362 1.1762056839547272 0
      vertex 11.942216720066362 -1.1762056839547272 0
    endloop
  endfacet
  facet normal 0.9891765099647809 -0.14673047445536164 0
    outer loop
      vertex 11.769423364838765 -2.341083864193539 0
      vertex 11.942216720066362 -1.1762056839547272 0
      vertex 11.769423364838765 -2.341083864193539 6.5
    endloop
  endfacet
  facet normal 0.9987954562051724 -0.049067674327418334 0
    outer loop
      vertex 11.942216720066362 -1.1762056839547272 0
      vertex 12 0 0
      vertex 11.942216720066362 -1.1762056839547272 6.5
    endloop
  endfacet
  facet normal 0.8577286100002693 -0.5141027441932263 0
    outer loop
      vertex 10.583055172180261 -5.6567608419119715 0
      vertex 10.583055172180261 -5.6567608419119715 6.5
      vertex 10.494204040153868 -5.805 6.5
    endloop
  endfacet
  facet normal 0.9039892931234439 -0.4275550934302809 0
    outer loop
      vertex 11.08655439013544 -4.592201188381077 0
      vertex 11.08655439013544 -4.592201188381077 6.5
      vertex 10.583055172180261 -5.6567608419119715 6.5
    endloop
  endfacet
  facet normal 0.9415440651830204 -0.336889853392221 2.8402359406706265e-17
    outer loop
      vertex 11.483284028786507 -3.483416127053548 0
      vertex 11.477350224164713 -3.5 6.5
      vertex 11.08655439013544 -4.592201188381077 6.5
    endloop
  endfacet
  facet normal 0.9415440651830169 -0.3368898533922309 0
    outer loop
      vertex 11.483284028786507 -3.483416127053548 0
      vertex 11.483284028786507 -3.483416127053548 6.5
      vertex 11.477350224164713 -3.5 6.5
    endloop
  endfacet
  facet normal 0.9700312531945441 -0.24298017990326343 0
    outer loop
      vertex 11.769423364838765 -2.341083864193539 0
      vertex 11.769423364838765 -2.341083864193539 6.5
      vertex 11.483284028786507 -3.483416127053548 6.5
    endloop
  endfacet
  facet normal 0.9891765099647809 -0.14673047445536164 0
    outer loop
      vertex 11.942216720066362 -1.1762056839547272 0
      vertex 11.942216720066362 -1.1762056839547272 6.5
      vertex 11.769423364838765 -2.341083864193539 6.5
    endloop
  endfacet
  facet normal 0.9987954562051724 -0.049067674327418334 0
    outer loop
      vertex 12 0 0
      vertex 12 0 6.5
      vertex 11.942216720066362 -1.1762056839547272 6.5
    endloop
  endfacet
  facet normal 0.049067674327418334 -0.9987954562051724 0
    outer loop
      vertex 0 -12 0
      vertex 1.1762056839547272 -11.942216720066362 15.100000000000001
      vertex 0 -12 15.100000000000001
    endloop
  endfacet
  facet normal 0.14673047445536164 -0.989176509964781 0
    outer loop
      vertex 1.1762056839547272 -11.942216720066362 0
      vertex 2.341083864193539 -11.769423364838765 15.100000000000001
      vertex 1.1762056839547272 -11.942216720066362 15.100000000000001
    endloop
  endfacet
  facet normal 0.24298017990326345 -0.9700312531945443 0
    outer loop
      vertex 2.341083864193539 -11.769423364838765 0
      vertex 3.483416127053548 -11.483284028786507 15.100000000000001
      vertex 2.341083864193539 -11.769423364838765 15.100000000000001
    endloop
  endfacet
  facet normal 0.33688985339222116 -0.9415440651830205 0
    outer loop
      vertex 3.483416127053548 -11.483284028786507 0
      vertex 4.592201188381077 -11.08655439013544 15.100000000000001
      vertex 3.483416127053548 -11.483284028786507 15.100000000000001
    endloop
  endfacet
  facet normal 0.4275550934302809 -0.9039892931234439 0
    outer loop
      vertex 4.592201188381077 -11.08655439013544 0
      vertex 5.6567608419119715 -10.583055172180261 15.100000000000001
      vertex 4.592201188381077 -11.08655439013544 15.100000000000001
    endloop
  endfacet
  facet normal 0.5141027441932225 -0.8577286100002715 0
    outer loop
      vertex 5.6567608419119715 -10.583055172180261 0
      vertex 6.666842796235226 -9.977635347630542 15.100000000000001
      vertex 5.6567608419119715 -10.583055172180261 15.100000000000001
    endloop
  endfacet
  facet normal 0 0 1
    outer loop
      vertex 0 -12 15.100000000000001
      vertex 1.1762056839547272 -11.942216720066362 15.100000000000001
      vertex 0 -3.5 15.100000000000001
    endloop
  endfacet
  facet normal 0 0 1
    outer loop
      vertex 1.1762056839547272 -11.942216720066362 15.100000000000001
      vertex 2.341083864193539 -11.769423364838765 15.100000000000001
      vertex 0 -3.5 15.100000000000001
    endloop
  endfacet
  facet normal 0 0 1
    outer loop
      vertex 2.341083864193539 -11.769423364838765 15.100000000000001
      vertex 3.483416127053548 -11.483284028786507 15.100000000000001
      vertex 0 -3.5 15.100000000000001
    endloop
  endfacet
  facet normal 0 0 1
    outer loop
      vertex 3.483416127053548 -11.483284028786507 15.100000000000001
      vertex 4.592201188381077 -11.08655439013544 15.100000000000001
      vertex 0 -3.5 15.100000000000001
    endloop
  endfacet
  facet normal 0 0 1
    outer loop
      vertex 4.592201188381077 -11.08655439013544 15.100000000000001
      vertex 5.6567608419119715 -10.583055172180261 15.100000000000001
      vertex 0 -3.5 15.100000000000001
    endloop
  endfacet
  facet normal 0 0 1
    outer loop
      vertex 5.6567608419119715 -10.583055172180261 15.100000000000001
      vertex 6.666842796235226 -9.977635347630542 15.100000000000001
      vertex 0 -3.5 15.100000000000001
    endloop
  endfacet
  facet normal 0 0 1
    outer loop
      vertex 6.666842796235226 -9.977635347630542 15.100000000000001
      vertex 7.612719409963746 -9.276125440352844 15.100000000000001
      vertex 0 -3.5 15.100000000000001
    endloop
  endfacet
  facet normal 0 0 1
    outer loop
      vertex 7.612719409963746 -9.276125440352844 15.100000000000001
      vertex 8.485281374238571 -8.485281374238571 15.100000000000001
      vertex 0 -3.5 15.100000000000001
    endloop
  endfacet
  facet normal 0 0 1
    outer loop
      vertex 8.485281374238571 -8.485281374238571 15.100000000000001
      vertex 9.276125440352844 -7.612719409963746 15.100000000000001
      vertex 0 -3.5 15.100000000000001
    endloop
  endfacet
  facet normal 0.5956993044924325 -0.8032075314806456 0
    outer loop
      vertex 6.666842796235226 -9.977635347630542 0
      vertex 7.612719409963746 -9.276125440352844 15.100000000000001
      vertex 6.666842796235226 -9.977635347630542 15.100000000000001
    endloop
  endfacet
  facet normal 0.6715589548470179 -0.7409511253549595 0
    outer loop
      vertex 7.612719409963746 -9.276125440352844 0
      vertex 8.485281374238571 -8.485281374238571 15.100000000000001
      vertex 7.612719409963746 -9.276125440352844 15.100000000000001
    endloop
  endfacet
  facet normal 0.7409511253549595 -0.6715589548470179 0
    outer loop
      vertex 9.276125440352844 -7.612719409963746 0
      vertex 9.276125440352844 -7.612719409963746 15.100000000000001
      vertex 8.485281374238571 -8.485281374238571 15.100000000000001
    endloop
  endfacet
  facet normal 0.8032075314806456 -0.5956993044924325 0
    outer loop
      vertex 9.977635347630542 -6.666842796235226 0
      vertex 9.977635347630542 -6.666842796235226 15.100000000000001
      vertex 9.276125440352844 -7.612719409963746 15.100000000000001
    endloop
  endfacet
  facet normal 0.857728610000272 -0.5141027441932219 8.709711349586381e-19
    outer loop
      vertex 9.977635347630542 -6.666842796235226 15.100000000000001
      vertex 10.494204040153868 -5.805 6.5
      vertex 10.494204040153868 -5.805 11.100000000000001
    endloop
  endfacet
  facet normal 0.8577286100002717 -0.5141027441932225 -1.8715191466017363e-16
    outer loop
      vertex 9.977635347630542 -6.666842796235226 15.100000000000001
      vertex 10.494204040153868 -5.805 11.100000000000001
      vertex 10.583055172180261 -5.6567608419119715 15.100000000000001
    endloop
  endfacet
  facet normal 0 0 1
    outer loop
      vertex 9.276125440352844 -7.612719409963746 15.100000000000001
      vertex 9.977635347630542 -6.666842796235226 15.100000000000001
      vertex 0 -3.5 15.100000000000001
    endloop
  endfacet
  facet normal 0 0 1
    outer loop
      vertex 9.977635347630542 -6.666842796235226 15.100000000000001
      vertex 10.583055172180261 -5.6567608419119715 15.100000000000001
      vertex 0 -3.5 15.100000000000001
    endloop
  endfacet
  facet normal 0 0 1
    outer loop
      vertex 10.583055172180261 -5.6567608419119715 15.100000000000001
      vertex 11.08655439013544 -4.592201188381077 15.100000000000001
      vertex 0 -3.5 15.100000000000001
    endloop
  endfacet
  facet normal 0 0 1
    outer loop
      vertex 11.08655439013544 -4.592201188381077 15.100000000000001
      vertex 11.477350224164713 -3.5 15.100000000000001
      vertex 0 -3.5 15.100000000000001
    endloop
  endfacet
  facet normal 0.8577286100002693 -0.5141027441932263 0
    outer loop
      vertex 10.583055172180261 -5.6567608419119715 15.100000000000001
      vertex 10.494204040153868 -5.805 11.100000000000001
      vertex 10.583055172180261 -5.6567608419119715 11.100000000000001
    endloop
  endfacet
  facet normal 0.9039892931234438 -0.4275550934302809 0
    outer loop
      vertex 10.583055172180261 -5.6567608419119715 15.100000000000001
      vertex 10.583055172180261 -5.6567608419119715 11.100000000000001
      vertex 11.08655439013544 -4.592201188381077 11.100000000000001
    endloop
  endfacet
  facet normal 0.9415440651830205 -0.33688985339222105 0
    outer loop
      vertex 11.08655439013544 -4.592201188381077 15.100000000000001
      vertex 11.08655439013544 -4.592201188381077 11.100000000000001
      vertex 11.477350224164713 -3.5 11.100000000000001
    endloop
  endfacet
  facet normal 0.9039892931234438 -0.4275550934302809 4.8383883874367925e-18
    outer loop
      vertex 10.583055172180261 -5.6567608419119715 15.100000000000001
      vertex 11.08655439013544 -4.592201188381077 11.100000000000001
      vertex 11.08655439013544 -4.592201188381077 15.100000000000001
    endloop
  endfacet
  facet normal 0.9415440651830205 -0.33688985339222105 -2.9361738210683075e-18
    outer loop
      vertex 11.08655439013544 -4.592201188381077 15.100000000000001
      vertex 11.477350224164713 -3.5 11.100000000000001
      vertex 11.477350224164713 -3.5 15.100000000000001
    endloop
  endfacet
  facet normal 0 0 -1
    outer loop
      vertex 1.1762056839547272 11.942216720066362 0
      vertex 0.15682742452729698 1.592295562675515 0
      vertex 0 1.6 0
    endloop
  endfacet
  facet normal 0 0 -1
    outer loop
      vertex 1.1762056839547272 11.942216720066362 0
      vertex 0.3121445152258052 1.5692564486451688 0
      vertex 0.15682742452729698 1.592295562675515 0
    endloop
  endfacet
  facet normal 0 0 -1
    outer loop
      vertex 1.1762056839547272 11.942216720066362 0
      vertex 0.46445548360713973 1.5311045371715342 0
      vertex 0.3121445152258052 1.5692564486451688 0
    endloop
  endfacet
  facet normal 0 0 -1
    outer loop
      vertex 1.1762056839547272 11.942216720066362 0
      vertex 1.015029254661833 1.2368167253803792 0
      vertex 0.8889123728313635 1.3303513796840725 0
    endloop
  endfacet
  facet normal 0 0 -1
    outer loop
      vertex 1.1762056839547272 11.942216720066362 0
      vertex 1.1313708498984762 1.1313708498984762 0
      vertex 1.015029254661833 1.2368167253803792 0
    endloop
  endfacet
  facet normal 0 0 -1
    outer loop
      vertex 1.1762056839547272 11.942216720066362 0
      vertex 0.6122934917841437 1.478207252018059 0
      vertex 0.46445548360713973 1.5311045371715342 0
    endloop
  endfacet
  facet normal 0 0 -1
    outer loop
      vertex 1.1762056839547272 11.942216720066362 0
      vertex 0.7542347789215963 1.4110740229573682 0
      vertex 0.6122934917841437 1.478207252018059 0
    endloop
  endfacet
  facet normal 0 0 -1
    outer loop
      vertex 1.1762056839547272 11.942216720066362 0
      vertex 0.8889123728313635 1.3303513796840725 0
      vertex 0.7542347789215963 1.4110740229573682 0
    endloop
  endfacet
  facet normal 0 0 -1
    outer loop
      vertex 2.341083864193539 11.769423364838765 0
      vertex 1.6 0 0
      vertex 1.592295562675515 0.15682742452729698 0
    endloop
  endfacet
  facet normal 0 0 -1
    outer loop
      vertex 2.341083864193539 11.769423364838765 0
      vertex 1.592295562675515 0.15682742452729698 0
      vertex 1.5692564486451688 0.3121445152258052 0
    endloop
  endfacet
  facet normal 0 0 -1
    outer loop
      vertex 2.341083864193539 11.769423364838765 0
      vertex 1.5692564486451688 0.3121445152258052 0
      vertex 1.5311045371715342 0.46445548360713973 0
    endloop
  endfacet
  facet normal 0 0 -1
    outer loop
      vertex 2.341083864193539 11.769423364838765 0
      vertex 1.5311045371715342 0.46445548360713973 0
      vertex 1.478207252018059 0.6122934917841437 0
    endloop
  endfacet
  facet normal 0 0 -1
    outer loop
      vertex 2.341083864193539 11.769423364838765 0
      vertex 1.478207252018059 0.6122934917841437 0
      vertex 1.4110740229573682 0.7542347789215963 0
    endloop
  endfacet
  facet normal 0 0 -1
    outer loop
      vertex 2.341083864193539 11.769423364838765 0
      vertex 1.4110740229573682 0.7542347789215963 0
      vertex 1.3303513796840725 0.8889123728313635 0
    endloop
  endfacet
  facet normal 0 0 -1
    outer loop
      vertex 2.341083864193539 -11.769423364838765 0
      vertex 2.341083864193539 11.769423364838765 0
      vertex 3.483416127053548 11.483284028786507 0
    endloop
  endfacet
  facet normal 0 0 -1
    outer loop
      vertex 2.341083864193539 11.769423364838765 0
      vertex 1.2368167253803792 1.015029254661833 0
      vertex 1.1313708498984762 1.1313708498984762 0
    endloop
  endfacet
  facet normal 0 0 -1
    outer loop
      vertex 2.341083864193539 11.769423364838765 0
      vertex 1.3303513796840725 0.8889123728313635 0
      vertex 1.2368167253803792 1.015029254661833 0
    endloop
  endfacet
  facet normal 0 0 -1
    outer loop
      vertex 3.483416127053548 -11.483284028786507 0
      vertex 3.483416127053548 11.483284028786507 0
      vertex 4.592201188381077 11.08655439013544 0
    endloop
  endfacet
  facet normal 0 0 -1
    outer loop
      vertex 4.592201188381077 -11.08655439013544 0
      vertex 4.592201188381077 11.08655439013544 0
      vertex 5.6567608419119715 10.583055172180261 0
    endloop
  endfacet
  facet normal 0 0 -1
    outer loop
      vertex 5.6567608419119715 -10.583055172180261 0
      vertex 5.6567608419119715 10.583055172180261 0
      vertex 6.666842796235226 9.977635347630542 0
    endloop
  endfacet
  facet normal 0 0 -1
    outer loop
      vertex 0 12 0
      vertex 1.1762056839547272 11.942216720066362 0
      vertex 0 1.6 0
    endloop
  endfacet
  facet normal 0 0 -1
    outer loop
      vertex 1.1762056839547272 11.942216720066362 0
      vertex 2.341083864193539 11.769423364838765 0
      vertex 1.1313708498984762 1.1313708498984762 0
    endloop
  endfacet
  facet normal 0.049067674327418334 0.9987954562051724 0
    outer loop
      vertex 0 12 0
      vertex 0 12 15.100000000000001
      vertex 1.1762056839547272 11.942216720066362 0
    endloop
  endfacet
  facet normal 0.14673047445536164 0.989176509964781 0
    outer loop
      vertex 1.1762056839547272 11.942216720066362 0
      vertex 1.1762056839547272 11.942216720066362 15.100000000000001
      vertex 2.341083864193539 11.769423364838765 0
    endloop
  endfacet
  facet normal 0.24298017990326345 0.9700312531945443 0
    outer loop
      vertex 2.341083864193539 11.769423364838765 0
      vertex 2.341083864193539 11.769423364838765 15.100000000000001
      vertex 3.483416127053548 11.483284028786507 0
    endloop
  endfacet
  facet normal 0.33688985339222116 0.9415440651830205 0
    outer loop
      vertex 3.483416127053548 11.483284028786507 0
      vertex 3.483416127053548 11.483284028786507 15.100000000000001
      vertex 4.592201188381077 11.08655439013544 0
    endloop
  endfacet
  facet normal 0.5141027441932225 0.8577286100002715 0
    outer loop
      vertex 5.6567608419119715 10.583055172180261 0
      vertex 5.6567608419119715 10.583055172180261 15.100000000000001
      vertex 6.666842796235226 9.977635347630542 0
    endloop
  endfacet
  facet normal 0.4275550934302809 0.9039892931234439 0
    outer loop
      vertex 4.592201188381077 11.08655439013544 0
      vertex 4.592201188381077 11.08655439013544 15.100000000000001
      vertex 5.6567608419119715 10.583055172180261 0
    endloop
  endfacet
  facet normal 0 0 -1
    outer loop
      vertex 7.612719409963746 -9.276125440352844 0
      vertex 7.612719409963746 9.276125440352844 0
      vertex 8.485281374238571 8.485281374238571 0
    endloop
  endfacet
  facet normal 0 0 -1
    outer loop
      vertex 8.485281374238571 -8.485281374238571 0
      vertex 8.485281374238571 8.485281374238571 0
      vertex 9.276125440352844 7.612719409963746 0
    endloop
  endfacet
  facet normal 0 0 -1
    outer loop
      vertex 6.666842796235226 -9.977635347630542 0
      vertex 6.666842796235226 9.977635347630542 0
      vertex 7.612719409963746 9.276125440352844 0
    endloop
  endfacet
  facet normal 0 0 -1
    outer loop
      vertex 9.276125440352844 -7.612719409963746 0
      vertex 9.276125440352844 7.612719409963746 0
      vertex 9.977635347630542 6.666842796235226 0
    endloop
  endfacet
  facet normal 0 0 -1
    outer loop
      vertex 9.977635347630542 -6.666842796235226 0
      vertex 9.977635347630542 6.666842796235226 0
      vertex 10.583055172180261 5.6567608419119715 0
    endloop
  endfacet
  facet normal 0 0 -1
    outer loop
      vertex 11.08655439013544 -4.592201188381077 0
      vertex 11.08655439013544 4.592201188381077 0
      vertex 11.483284028786507 3.483416127053548 0
    endloop
  endfacet
  facet normal 0 0 -1
    outer loop
      vertex 11.942216720066362 -1.1762056839547272 0
      vertex 11.942216720066362 1.1762056839547272 0
      vertex 12 0 0
    endloop
  endfacet
  facet normal 0 0 -1
    outer loop
      vertex 11.769423364838765 -2.341083864193539 0
      vertex 11.769423364838765 2.341083864193539 0
      vertex 11.942216720066362 1.1762056839547272 0
    endloop
  endfacet
  facet normal 0 0 -1
    outer loop
      vertex 11.483284028786507 -3.483416127053548 0
      vertex 11.483284028786507 3.483416127053548 0
      vertex 11.769423364838765 2.341083864193539 0
    endloop
  endfacet
  facet normal 0 0 -1
    outer loop
      vertex 10.583055172180261 -5.6567608419119715 0
      vertex 10.583055172180261 5.6567608419119715 0
      vertex 11.08655439013544 4.592201188381077 0
    endloop
  endfacet
  facet normal 0.9987954562051724 0.049067674327418334 0
    outer loop
      vertex 12 0 0
      vertex 11.942216720066362 1.1762056839547272 0
      vertex 12 0 6.5
    endloop
  endfacet
  facet normal 0.9891765099647809 0.14673047445536164 0
    outer loop
      vertex 11.942216720066362 1.1762056839547272 0
      vertex 11.769423364838765 2.341083864193539 0
      vertex 11.942216720066362 1.1762056839547272 6.5
    endloop
  endfacet
  facet normal 0.9700312531945441 0.24298017990326343 0
    outer loop
      vertex 11.769423364838765 2.341083864193539 0
      vertex 11.483284028786507 3.483416127053548 0
      vertex 11.769423364838765 2.341083864193539 6.5
    endloop
  endfacet
  facet normal 0.9415440651830205 0.33688985339222116 0
    outer loop
      vertex 11.483284028786507 3.483416127053548 0
      vertex 11.08655439013544 4.592201188381077 0
      vertex 11.483284028786507 3.483416127053548 6.5
    endloop
  endfacet
  facet normal 0.9039892931234439 0.4275550934302809 0
    outer loop
      vertex 11.08655439013544 4.592201188381077 0
      vertex 10.583055172180261 5.6567608419119715 0
      vertex 11.08655439013544 4.592201188381077 6.5
    endloop
  endfacet
  facet normal 0.9987954562051724 0.049067674327418334 0
    outer loop
      vertex 11.942216720066362 1.1762056839547272 0
      vertex 11.942216720066362 1.1762056839547272 6.5
      vertex 12 0 6.5
    endloop
  endfacet
  facet normal 0.9891765099647809 0.14673047445536164 0
    outer loop
      vertex 11.769423364838765 2.341083864193539 0
      vertex 11.769423364838765 2.341083864193539 6.5
      vertex 11.942216720066362 1.1762056839547272 6.5
    endloop
  endfacet
  facet normal 0.9415440651830205 0.33688985339222116 0
    outer loop
      vertex 11.08655439013544 4.592201188381077 0
      vertex 11.08655439013544 4.592201188381077 6.5
      vertex 11.483284028786507 3.483416127053548 6.5
    endloop
  endfacet
  facet normal 0.9700312531945443 0.24298017990326268 -1.434497929034956e-16
    outer loop
      vertex 11.483284028786507 3.483416127053548 0
      vertex 11.533808065135005 3.2817128674910103 6.5
      vertex 11.769423364838765 2.341083864193539 6.5
    endloop
  endfacet
  facet normal 0.9700312531945432 0.24298017990326704 0
    outer loop
      vertex 11.483284028786507 3.483416127053548 0
      vertex 11.483284028786507 3.483416127053548 6.5
      vertex 11.533808065135005 3.2817128674910103 6.5
    endloop
  endfacet
  facet normal 0.9039892931234439 0.4275550934302809 0
    outer loop
      vertex 10.583055172180261 5.6567608419119715 0
      vertex 10.583055172180261 5.6567608419119715 6.5
      vertex 11.08655439013544 4.592201188381077 6.5
    endloop
  endfacet
  facet normal 0.8577286100002693 0.5141027441932263 0
    outer loop
      vertex 10.583055172180261 5.6567608419119715 0
      vertex 10.494204040153868 5.805 6.5
      vertex 10.583055172180261 5.6567608419119715 6.5
    endloop
  endfacet
  facet normal 0.8577286100002716 0.5141027441932225 1.1590345575326406e-16
    outer loop
      vertex 10.583055172180261 5.6567608419119715 0
      vertex 9.977635347630542 6.666842796235226 0
      vertex 10.494204040153868 5.805 6.5
    endloop
  endfacet
  facet normal 0.5956993044924325 0.8032075314806456 0
    outer loop
      vertex 6.666842796235226 9.977635347630542 0
      vertex 6.666842796235226 9.977635347630542 15.100000000000001
      vertex 7.612719409963746 9.276125440352844 0
    endloop
  endfacet
  facet normal 0.6715589548470179 0.7409511253549595 2.7255614901584493e-18
    outer loop
      vertex 8.485281374238571 8.485281374238571 0
      vertex 7.612719409963746 9.276125440352844 0
      vertex 7.612719409963746 9.276125440352844 15.100000000000001
    endloop
  endfacet
  facet normal 0.8032075314806456 0.5956993044924325 0
    outer loop
      vertex 9.977635347630542 6.666842796235226 0
      vertex 9.276125440352844 7.612719409963746 0
      vertex 9.977635347630542 6.666842796235226 15.100000000000001
    endloop
  endfacet
  facet normal 0.7409511253549595 0.6715589548470179 2.7255614901584493e-18
    outer loop
      vertex 8.485281374238571 8.485281374238571 0
      vertex 9.276125440352844 7.612719409963746 15.100000000000001
      vertex 9.276125440352844 7.612719409963746 0
    endloop
  endfacet
  facet normal 0.857728610000272 0.5141027441932219 -8.709711349586381e-19
    outer loop
      vertex 9.977635347630542 6.666842796235226 0
      vertex 10.494204040153868 5.805 11.100000000000001
      vertex 10.494204040153868 5.805 6.5
    endloop
  endfacet
  facet normal 0.049067674327418334 0.9987954562051724 0
    outer loop
      vertex 1.1762056839547272 11.942216720066362 0
      vertex 0 12 15.100000000000001
      vertex 1.1762056839547272 11.942216720066362 15.100000000000001
    endloop
  endfacet
  facet normal 0.14673047445536164 0.989176509964781 0
    outer loop
      vertex 2.341083864193539 11.769423364838765 0
      vertex 1.1762056839547272 11.942216720066362 15.100000000000001
      vertex 2.341083864193539 11.769423364838765 15.100000000000001
    endloop
  endfacet
  facet normal 0.24298017990326345 0.9700312531945443 0
    outer loop
      vertex 3.483416127053548 11.483284028786507 0
      vertex 2.341083864193539 11.769423364838765 15.100000000000001
      vertex 3.483416127053548 11.483284028786507 15.100000000000001
    endloop
  endfacet
  facet normal 0.33688985339222116 0.9415440651830205 0
    outer loop
      vertex 4.592201188381077 11.08655439013544 0
      vertex 3.483416127053548 11.483284028786507 15.100000000000001
      vertex 4.592201188381077 11.08655439013544 15.100000000000001
    endloop
  endfacet
  facet normal 0.4275550934302809 0.9039892931234439 0
    outer loop
      vertex 5.6567608419119715 10.583055172180261 0
      vertex 4.592201188381077 11.08655439013544 15.100000000000001
      vertex 5.6567608419119715 10.583055172180261 15.100000000000001
    endloop
  endfacet
  facet normal 0 0 1
    outer loop
      vertex 0 12 15.100000000000001
      vertex 0 3.5 15.100000000000001
      vertex 11.477350224164713 3.5 15.100000000000001
    endloop
  endfacet
  facet normal 0 0 1
    outer loop
      vertex 2.341083864193539 11.769423364838765 15.100000000000001
      vertex 11.477350224164713 3.5 15.100000000000001
      vertex 3.483416127053548 11.483284028786507 15.100000000000001
    endloop
  endfacet
  facet normal 0 0 1
    outer loop
      vertex 0 12 15.100000000000001
      vertex 11.477350224164713 3.5 15.100000000000001
      vertex 1.1762056839547272 11.942216720066362 15.100000000000001
    endloop
  endfacet
  facet normal 0 0 1
    outer loop
      vertex 1.1762056839547272 11.942216720066362 15.100000000000001
      vertex 11.477350224164713 3.5 15.100000000000001
      vertex 2.341083864193539 11.769423364838765 15.100000000000001
    endloop
  endfacet
  facet normal 0.9415440651830205 0.33688985339222105 0
    outer loop
      vertex 11.08655439013544 4.592201188381077 15.100000000000001
      vertex 11.477350224164713 3.5 11.100000000000001
      vertex 11.08655439013544 4.592201188381077 11.100000000000001
    endloop
  endfacet
  facet normal 0.9039892931234438 0.4275550934302809 0
    outer loop
      vertex 11.08655439013544 4.592201188381077 15.100000000000001
      vertex 11.08655439013544 4.592201188381077 11.100000000000001
      vertex 10.583055172180261 5.6567608419119715 11.100000000000001
    endloop
  endfacet
  facet normal 0.8577286100002693 0.5141027441932263 0
    outer loop
      vertex 10.583055172180261 5.6567608419119715 15.100000000000001
      vertex 10.583055172180261 5.6567608419119715 11.100000000000001
      vertex 10.494204040153868 5.805 11.100000000000001
    endloop
  endfacet
  facet normal 0 0 1
    outer loop
      vertex 9.977635347630542 6.666842796235226 15.100000000000001
      vertex 9.276125440352844 7.612719409963746 15.100000000000001
      vertex 11.477350224164713 3.5 15.100000000000001
    endloop
  endfacet
  facet normal 0.9415440651830205 0.33688985339222105 2.9361738210683075e-18
    outer loop
      vertex 11.08655439013544 4.592201188381077 15.100000000000001
      vertex 11.477350224164713 3.5 15.100000000000001
      vertex 11.477350224164713 3.5 11.100000000000001
    endloop
  endfacet
  facet normal 0.9039892931234438 0.4275550934302809 -4.8383883874367925e-18
    outer loop
      vertex 11.08655439013544 4.592201188381077 15.100000000000001
      vertex 10.583055172180261 5.6567608419119715 11.100000000000001
      vertex 10.583055172180261 5.6567608419119715 15.100000000000001
    endloop
  endfacet
  facet normal 0 0 1
    outer loop
      vertex 11.08655439013544 4.592201188381077 15.100000000000001
      vertex 10.583055172180261 5.6567608419119715 15.100000000000001
      vertex 11.477350224164713 3.5 15.100000000000001
    endloop
  endfacet
  facet normal 0 0 1
    outer loop
      vertex 10.583055172180261 5.6567608419119715 15.100000000000001
      vertex 9.977635347630542 6.666842796235226 15.100000000000001
      vertex 11.477350224164713 3.5 15.100000000000001
    endloop
  endfacet
  facet normal 0.6715589548470179 0.7409511253549595 0
    outer loop
      vertex 8.485281374238571 8.485281374238571 0
      vertex 7.612719409963746 9.276125440352844 15.100000000000001
      vertex 8.485281374238571 8.485281374238571 15.100000000000001
    endloop
  endfacet
  facet normal 0.7409511253549595 0.6715589548470179 0
    outer loop
      vertex 8.485281374238571 8.485281374238571 0
      vertex 8.485281374238571 8.485281374238571 15.100000000000001
      vertex 9.276125440352844 7.612719409963746 15.100000000000001
    endloop
  endfacet
  facet normal 0.5141027441932225 0.8577286100002715 0
    outer loop
      vertex 6.666842796235226 9.977635347630542 0
      vertex 5.6567608419119715 10.583055172180261 15.100000000000001
      vertex 6.666842796235226 9.977635347630542 15.100000000000001
    endloop
  endfacet
  facet normal 0.5956993044924325 0.8032075314806456 0
    outer loop
      vertex 7.612719409963746 9.276125440352844 0
      vertex 6.666842796235226 9.977635347630542 15.100000000000001
      vertex 7.612719409963746 9.276125440352844 15.100000000000001
    endloop
  endfacet
  facet normal 0.8577286100002744 0.5141027441932178 -4.282816653791059e-16
    outer loop
      vertex 9.977635347630542 6.666842796235226 0
      vertex 10.583055172180261 5.6567608419119715 15.100000000000001
      vertex 10.494204040153868 5.805 11.100000000000001
    endloop
  endfacet
  facet normal 0.8032075314806456 0.5956993044924325 0
    outer loop
      vertex 9.276125440352844 7.612719409963746 0
      vertex 9.276125440352844 7.612719409963746 15.100000000000001
      vertex 9.977635347630542 6.666842796235226 15.100000000000001
    endloop
  endfacet
  facet normal 0.8577286100002715 0.5141027441932225 0
    outer loop
      vertex 9.977635347630542 6.666842796235226 0
      vertex 9.977635347630542 6.666842796235226 15.100000000000001
      vertex 10.583055172180261 5.6567608419119715 15.100000000000001
    endloop
  endfacet
  facet normal 0 0 1
    outer loop
      vertex 3.483416127053548 11.483284028786507 15.100000000000001
      vertex 11.477350224164713 3.5 15.100000000000001
      vertex 4.592201188381077 11.08655439013544 15.100000000000001
    endloop
  endfacet
  facet normal 0 0 1
    outer loop
      vertex 4.592201188381077 11.08655439013544 15.100000000000001
      vertex 11.477350224164713 3.5 15.100000000000001
      vertex 5.6567608419119715 10.583055172180261 15.100000000000001
    endloop
  endfacet
  facet normal 0 0 1
    outer loop
      vertex 5.6567608419119715 10.583055172180261 15.100000000000001
      vertex 11.477350224164713 3.5 15.100000000000001
      vertex 6.666842796235226 9.977635347630542 15.100000000000001
    endloop
  endfacet
  facet normal 0 0 1
    outer loop
      vertex 6.666842796235226 9.977635347630542 15.100000000000001
      vertex 11.477350224164713 3.5 15.100000000000001
      vertex 7.612719409963746 9.276125440352844 15.100000000000001
    endloop
  endfacet
  facet normal 0 0 1
    outer loop
      vertex 8.485281374238571 8.485281374238571 15.100000000000001
      vertex 11.477350224164713 3.5 15.100000000000001
      vertex 9.276125440352844 7.612719409963746 15.100000000000001
    endloop
  endfacet
  facet normal 0 0 1
    outer loop
      vertex 8.485281374238571 8.485281374238571 15.100000000000001
      vertex 7.612719409963746 9.276125440352844 15.100000000000001
      vertex 11.477350224164713 3.5 15.100000000000001
    endloop
  endfacet
  facet normal 0.9415440651830211 0.33688985339221905 0
    outer loop
      vertex -1.5311045371715342 -0.46445548360713973 1.5
      vertex -1.478207252018059 -0.6122934917841437 0
      vertex -1.5311045371715342 -0.46445548360713973 0
    endloop
  endfacet
  facet normal 0.970031253194544 0.24298017990326445 0
    outer loop
      vertex -1.5692564486451688 -0.3121445152258052 1.5
      vertex -1.5311045371715342 -0.46445548360713973 0
      vertex -1.5692564486451688 -0.3121445152258052 0
    endloop
  endfacet
  facet normal 0.989176509964781 0.14673047445536183 0
    outer loop
      vertex -1.592295562675515 -0.15682742452729698 1.5
      vertex -1.5692564486451688 -0.3121445152258052 0
      vertex -1.592295562675515 -0.15682742452729698 0
    endloop
  endfacet
  facet normal 0.9987954562051724 0.04906767432741814 0
    outer loop
      vertex -1.6 0 1.5
      vertex -1.592295562675515 -0.15682742452729698 0
      vertex -1.6 0 0
    endloop
  endfacet
  facet normal 0.970031253194544 0.24298017990326445 0
    outer loop
      vertex -1.5311045371715342 -0.46445548360713973 1.5
      vertex -1.5311045371715342 -0.46445548360713973 0
      vertex -1.5692564486451688 -0.3121445152258052 1.5
    endloop
  endfacet
  facet normal 0.989176509964781 0.14673047445536183 0
    outer loop
      vertex -1.5692564486451688 -0.3121445152258052 1.5
      vertex -1.5692564486451688 -0.3121445152258052 0
      vertex -1.592295562675515 -0.15682742452729698 1.5
    endloop
  endfacet
  facet normal 0.9987954562051724 0.04906767432741814 0
    outer loop
      vertex -1.592295562675515 -0.15682742452729698 1.5
      vertex -1.592295562675515 -0.15682742452729698 0
      vertex -1.6 0 1.5
    endloop
  endfacet
  facet normal 0.24298017990326445 0.970031253194544 0
    outer loop
      vertex -0.46445548360713973 -1.5311045371715342 1.5
      vertex -0.3121445152258052 -1.5692564486451688 0
      vertex -0.46445548360713973 -1.5311045371715342 0
    endloop
  endfacet
  facet normal 0.14673047445536183 0.989176509964781 0
    outer loop
      vertex -0.3121445152258052 -1.5692564486451688 1.5
      vertex -0.15682742452729698 -1.592295562675515 0
      vertex -0.3121445152258052 -1.5692564486451688 0
    endloop
  endfacet
  facet normal 0.04906767432741814 0.9987954562051724 0
    outer loop
      vertex -0.15682742452729698 -1.592295562675515 1.5
      vertex 0 -1.6 0
      vertex -0.15682742452729698 -1.592295562675515 0
    endloop
  endfacet
  facet normal 0.33688985339221905 0.9415440651830211 -3.4517534619556274e-18
    outer loop
      vertex -0.6122934917841437 -1.478207252018059 1.5
      vertex -0.46445548360713973 -1.5311045371715342 1.5
      vertex -0.46445548360713973 -1.5311045371715342 0
    endloop
  endfacet
  facet normal 0.24298017990326445 0.970031253194544 0
    outer loop
      vertex -0.3121445152258052 -1.5692564486451688 1.5
      vertex -0.3121445152258052 -1.5692564486451688 0
      vertex -0.46445548360713973 -1.5311045371715342 1.5
    endloop
  endfacet
  facet normal 0.14673047445536183 0.989176509964781 6.360179967283491e-19
    outer loop
      vertex -0.3121445152258052 -1.5692564486451688 1.5
      vertex -0.15682742452729698 -1.592295562675515 1.5
      vertex -0.15682742452729698 -1.592295562675515 0
    endloop
  endfacet
  facet normal 0.04906767432741814 0.9987954562051724 -1.7683179851866546e-19
    outer loop
      vertex -0.15682742452729698 -1.592295562675515 1.5
      vertex 0 -1.6 1.5
      vertex 0 -1.6 0
    endloop
  endfacet
  facet normal 0.8577286100002718 0.5141027441932222 0
    outer loop
      vertex -1.4110740229573682 -0.7542347789215963 1.5
      vertex -1.3303513796840725 -0.8889123728313635 0
      vertex -1.4110740229573682 -0.7542347789215963 0
    endloop
  endfacet
  facet normal 0.7409511253549597 0.6715589548470177 0
    outer loop
      vertex -1.2368167253803792 -1.015029254661833 1.5
      vertex -1.1313708498984762 -1.1313708498984762 0
      vertex -1.2368167253803792 -1.015029254661833 0
    endloop
  endfacet
  facet normal 0.8032075314806453 0.5956993044924327 0
    outer loop
      vertex -1.3303513796840725 -0.8889123728313635 1.5
      vertex -1.2368167253803792 -1.015029254661833 0
      vertex -1.3303513796840725 -0.8889123728313635 0
    endloop
  endfacet
  facet normal 0.6715589548470177 0.7409511253549597 0
    outer loop
      vertex -1.1313708498984762 -1.1313708498984762 1.5
      vertex -1.015029254661833 -1.2368167253803792 0
      vertex -1.1313708498984762 -1.1313708498984762 0
    endloop
  endfacet
  facet normal 0.5956993044924327 0.8032075314806453 0
    outer loop
      vertex -1.015029254661833 -1.2368167253803792 1.5
      vertex -0.8889123728313635 -1.3303513796840725 0
      vertex -1.015029254661833 -1.2368167253803792 0
    endloop
  endfacet
  facet normal 0.5141027441932222 0.8577286100002718 0
    outer loop
      vertex -0.8889123728313635 -1.3303513796840725 1.5
      vertex -0.7542347789215963 -1.4110740229573682 0
      vertex -0.8889123728313635 -1.3303513796840725 0
    endloop
  endfacet
  facet normal 0.9039892931234434 0.4275550934302821 0
    outer loop
      vertex -1.478207252018059 -0.6122934917841437 1.5
      vertex -1.4110740229573682 -0.7542347789215963 0
      vertex -1.478207252018059 -0.6122934917841437 0
    endloop
  endfacet
  facet normal 0.4275550934302821 0.9039892931234434 0
    outer loop
      vertex -0.7542347789215963 -1.4110740229573682 1.5
      vertex -0.6122934917841437 -1.478207252018059 0
      vertex -0.7542347789215963 -1.4110740229573682 0
    endloop
  endfacet
  facet normal 0.33688985339221905 0.9415440651830211 0
    outer loop
      vertex -0.6122934917841437 -1.478207252018059 1.5
      vertex -0.46445548360713973 -1.5311045371715342 0
      vertex -0.6122934917841437 -1.478207252018059 0
    endloop
  endfacet
  facet normal 0.8577286100002718 0.5141027441932222 0
    outer loop
      vertex -1.3303513796840725 -0.8889123728313635 1.5
      vertex -1.3303513796840725 -0.8889123728313635 0
      vertex -1.4110740229573682 -0.7542347789215963 1.5
    endloop
  endfacet
  facet normal 0.8032075314806453 0.5956993044924327 0
    outer loop
      vertex -1.2368167253803792 -1.015029254661833 1.5
      vertex -1.2368167253803792 -1.015029254661833 0
      vertex -1.3303513796840725 -0.8889123728313635 1.5
    endloop
  endfacet
  facet normal 0.7409511253549597 0.6715589548470177 0
    outer loop
      vertex -1.1313708498984762 -1.1313708498984762 1.5
      vertex -1.1313708498984762 -1.1313708498984762 0
      vertex -1.2368167253803792 -1.015029254661833 1.5
    endloop
  endfacet
  facet normal 0.6715589548470177 0.7409511253549597 0
    outer loop
      vertex -1.015029254661833 -1.2368167253803792 1.5
      vertex -1.015029254661833 -1.2368167253803792 0
      vertex -1.1313708498984762 -1.1313708498984762 1.5
    endloop
  endfacet
  facet normal 0.5141027441932222 0.8577286100002718 -4.209545850934176e-19
    outer loop
      vertex -0.8889123728313635 -1.3303513796840725 1.5
      vertex -0.7542347789215963 -1.4110740229573682 1.5
      vertex -0.7542347789215963 -1.4110740229573682 0
    endloop
  endfacet
  facet normal 0.5956993044924327 0.8032075314806453 0
    outer loop
      vertex -0.8889123728313635 -1.3303513796840725 1.5
      vertex -0.8889123728313635 -1.3303513796840725 0
      vertex -1.015029254661833 -1.2368167253803792 1.5
    endloop
  endfacet
  facet normal 0.9039892931234434 0.4275550934302821 0
    outer loop
      vertex -1.4110740229573682 -0.7542347789215963 1.5
      vertex -1.4110740229573682 -0.7542347789215963 0
      vertex -1.478207252018059 -0.6122934917841437 1.5
    endloop
  endfacet
  facet normal 0.9415440651830211 0.33688985339221905 0
    outer loop
      vertex -1.478207252018059 -0.6122934917841437 1.5
      vertex -1.478207252018059 -0.6122934917841437 0
      vertex -1.5311045371715342 -0.46445548360713973 1.5
    endloop
  endfacet
  facet normal 0.4275550934302821 0.9039892931234434 0
    outer loop
      vertex -0.6122934917841437 -1.478207252018059 1.5
      vertex -0.6122934917841437 -1.478207252018059 0
      vertex -0.7542347789215963 -1.4110740229573682 1.5
    endloop
  endfacet
  facet normal 0.9987954562051724 -0.04906767432741814 0
    outer loop
      vertex -1.592295562675515 0.15682742452729698 1.5
      vertex -1.6 0 0
      vertex -1.592295562675515 0.15682742452729698 0
    endloop
  endfacet
  facet normal 0.989176509964781 -0.14673047445536183 0
    outer loop
      vertex -1.5692564486451688 0.3121445152258052 1.5
      vertex -1.592295562675515 0.15682742452729698 0
      vertex -1.5692564486451688 0.3121445152258052 0
    endloop
  endfacet
  facet normal 0.970031253194544 -0.24298017990326445 0
    outer loop
      vertex -1.5311045371715342 0.46445548360713973 1.5
      vertex -1.5692564486451688 0.3121445152258052 0
      vertex -1.5311045371715342 0.46445548360713973 0
    endloop
  endfacet
  facet normal 0.9987954562051724 -0.04906767432741814 0
    outer loop
      vertex -1.6 0 1.5
      vertex -1.6 0 0
      vertex -1.592295562675515 0.15682742452729698 1.5
    endloop
  endfacet
  facet normal 0.989176509964781 -0.14673047445536183 0
    outer loop
      vertex -1.592295562675515 0.15682742452729698 1.5
      vertex -1.592295562675515 0.15682742452729698 0
      vertex -1.5692564486451688 0.3121445152258052 1.5
    endloop
  endfacet
  facet normal 0.970031253194544 -0.24298017990326445 0
    outer loop
      vertex -1.5692564486451688 0.3121445152258052 1.5
      vertex -1.5692564486451688 0.3121445152258052 0
      vertex -1.5311045371715342 0.46445548360713973 1.5
    endloop
  endfacet
  facet normal 0.9415440651830211 -0.33688985339221905 0
    outer loop
      vertex -1.5311045371715342 0.46445548360713973 1.5
      vertex -1.5311045371715342 0.46445548360713973 0
      vertex -1.478207252018059 0.6122934917841437 1.5
    endloop
  endfacet
  facet normal 0.9415440651830211 -0.33688985339221905 0
    outer loop
      vertex -1.478207252018059 0.6122934917841437 1.5
      vertex -1.5311045371715342 0.46445548360713973 0
      vertex -1.478207252018059 0.6122934917841437 0
    endloop
  endfacet
  facet normal 0.9039892931234434 -0.4275550934302821 0
    outer loop
      vertex -1.4110740229573682 0.7542347789215963 1.5
      vertex -1.478207252018059 0.6122934917841437 0
      vertex -1.4110740229573682 0.7542347789215963 0
    endloop
  endfacet
  facet normal 0.8577286100002718 -0.5141027441932222 0
    outer loop
      vertex -1.3303513796840725 0.8889123728313635 1.5
      vertex -1.4110740229573682 0.7542347789215963 0
      vertex -1.3303513796840725 0.8889123728313635 0
    endloop
  endfacet
  facet normal 0.8032075314806453 -0.5956993044924327 0
    outer loop
      vertex -1.2368167253803792 1.015029254661833 1.5
      vertex -1.3303513796840725 0.8889123728313635 0
      vertex -1.2368167253803792 1.015029254661833 0
    endloop
  endfacet
  facet normal 0.7409511253549597 -0.6715589548470177 0
    outer loop
      vertex -1.1313708498984762 1.1313708498984762 1.5
      vertex -1.2368167253803792 1.015029254661833 0
      vertex -1.1313708498984762 1.1313708498984762 0
    endloop
  endfacet
  facet normal 0.6715589548470177 -0.7409511253549597 0
    outer loop
      vertex -1.015029254661833 1.2368167253803792 1.5
      vertex -1.1313708498984762 1.1313708498984762 0
      vertex -1.015029254661833 1.2368167253803792 0
    endloop
  endfacet
  facet normal 0.5956993044924327 -0.8032075314806453 0
    outer loop
      vertex -0.8889123728313635 1.3303513796840725 1.5
      vertex -1.015029254661833 1.2368167253803792 0
      vertex -0.8889123728313635 1.3303513796840725 0
    endloop
  endfacet
  facet normal 0.5141027441932222 -0.8577286100002718 0
    outer loop
      vertex -0.7542347789215963 1.4110740229573682 1.5
      vertex -0.8889123728313635 1.3303513796840725 0
      vertex -0.7542347789215963 1.4110740229573682 0
    endloop
  endfacet
  facet normal 0.4275550934302821 -0.9039892931234434 0
    outer loop
      vertex -0.6122934917841437 1.478207252018059 1.5
      vertex -0.7542347789215963 1.4110740229573682 0
      vertex -0.6122934917841437 1.478207252018059 0
    endloop
  endfacet
  facet normal 0.9039892931234434 -0.4275550934302821 0
    outer loop
      vertex -1.478207252018059 0.6122934917841437 1.5
      vertex -1.478207252018059 0.6122934917841437 0
      vertex -1.4110740229573682 0.7542347789215963 1.5
    endloop
  endfacet
  facet normal 0.8577286100002718 -0.5141027441932222 0
    outer loop
      vertex -1.4110740229573682 0.7542347789215963 1.5
      vertex -1.4110740229573682 0.7542347789215963 0
      vertex -1.3303513796840725 0.8889123728313635 1.5
    endloop
  endfacet
  facet normal 0.8032075314806453 -0.5956993044924327 0
    outer loop
      vertex -1.3303513796840725 0.8889123728313635 1.5
      vertex -1.3303513796840725 0.8889123728313635 0
      vertex -1.2368167253803792 1.015029254661833 1.5
    endloop
  endfacet
  facet normal 0.7409511253549597 -0.6715589548470177 0
    outer loop
      vertex -1.2368167253803792 1.015029254661833 1.5
      vertex -1.2368167253803792 1.015029254661833 0
      vertex -1.1313708498984762 1.1313708498984762 1.5
    endloop
  endfacet
  facet normal 0.6715589548470177 -0.7409511253549597 0
    outer loop
      vertex -1.1313708498984762 1.1313708498984762 1.5
      vertex -1.1313708498984762 1.1313708498984762 0
      vertex -1.015029254661833 1.2368167253803792 1.5
    endloop
  endfacet
  facet normal 0.5956993044924327 -0.8032075314806453 0
    outer loop
      vertex -1.015029254661833 1.2368167253803792 1.5
      vertex -1.015029254661833 1.2368167253803792 0
      vertex -0.8889123728313635 1.3303513796840725 1.5
    endloop
  endfacet
  facet normal 0.5141027441932222 -0.8577286100002718 0
    outer loop
      vertex -0.8889123728313635 1.3303513796840725 1.5
      vertex -0.8889123728313635 1.3303513796840725 0
      vertex -0.7542347789215963 1.4110740229573682 1.5
    endloop
  endfacet
  facet normal 0.4275550934302821 -0.9039892931234434 0
    outer loop
      vertex -0.7542347789215963 1.4110740229573682 1.5
      vertex -0.7542347789215963 1.4110740229573682 0
      vertex -0.6122934917841437 1.478207252018059 1.5
    endloop
  endfacet
  facet normal 0.33688985339221905 -0.9415440651830211 0
    outer loop
      vertex -0.6122934917841437 1.478207252018059 1.5
      vertex -0.6122934917841437 1.478207252018059 0
      vertex -0.46445548360713973 1.5311045371715342 1.5
    endloop
  endfacet
  facet normal 0.33688985339221905 -0.9415440651830211 0
    outer loop
      vertex -0.46445548360713973 1.5311045371715342 1.5
      vertex -0.6122934917841437 1.478207252018059 0
      vertex -0.46445548360713973 1.5311045371715342 0
    endloop
  endfacet
  facet normal 0.24298017990326445 -0.970031253194544 0
    outer loop
      vertex -0.3121445152258052 1.5692564486451688 1.5
      vertex -0.46445548360713973 1.5311045371715342 0
      vertex -0.3121445152258052 1.5692564486451688 0
    endloop
  endfacet
  facet normal 0.14673047445536183 -0.989176509964781 0
    outer loop
      vertex -0.15682742452729698 1.592295562675515 1.5
      vertex -0.3121445152258052 1.5692564486451688 0
      vertex -0.15682742452729698 1.592295562675515 0
    endloop
  endfacet
  facet normal 0.04906767432741814 -0.9987954562051724 0
    outer loop
      vertex 0 1.6 1.5
      vertex -0.15682742452729698 1.592295562675515 0
      vertex 0 1.6 0
    endloop
  endfacet
  facet normal 0.24298017990326445 -0.970031253194544 0
    outer loop
      vertex -0.46445548360713973 1.5311045371715342 1.5
      vertex -0.46445548360713973 1.5311045371715342 0
      vertex -0.3121445152258052 1.5692564486451688 1.5
    endloop
  endfacet
  facet normal 0.14673047445536183 -0.989176509964781 0
    outer loop
      vertex -0.3121445152258052 1.5692564486451688 1.5
      vertex -0.3121445152258052 1.5692564486451688 0
      vertex -0.15682742452729698 1.592295562675515 1.5
    endloop
  endfacet
  facet normal 0.04906767432741814 -0.9987954562051724 0
    outer loop
      vertex -0.15682742452729698 1.592295562675515 1.5
      vertex -0.15682742452729698 1.592295562675515 0
      vertex 0 1.6 1.5
    endloop
  endfacet
  facet normal -0.04906767432741814 0.9987954562051724 0
    outer loop
      vertex 0 -1.6 1.5
      vertex 0.15682742452729698 -1.592295562675515 0
      vertex 0 -1.6 0
    endloop
  endfacet
  facet normal -0.14673047445536183 0.989176509964781 0
    outer loop
      vertex 0.15682742452729698 -1.592295562675515 1.5
      vertex 0.3121445152258052 -1.5692564486451688 0
      vertex 0.15682742452729698 -1.592295562675515 0
    endloop
  endfacet
  facet normal -0.24298017990326445 0.970031253194544 0
    outer loop
      vertex 0.3121445152258052 -1.5692564486451688 1.5
      vertex 0.46445548360713973 -1.5311045371715342 0
      vertex 0.3121445152258052 -1.5692564486451688 0
    endloop
  endfacet
  facet normal -0.33688985339221905 0.9415440651830211 0
    outer loop
      vertex 0.46445548360713973 -1.5311045371715342 1.5
      vertex 0.6122934917841437 -1.478207252018059 0
      vertex 0.46445548360713973 -1.5311045371715342 0
    endloop
  endfacet
  facet normal -0.04906767432741814 0.9987954562051724 1.7683179851866546e-19
    outer loop
      vertex 0 -1.6 1.5
      vertex 0.15682742452729698 -1.592295562675515 1.5
      vertex 0.15682742452729698 -1.592295562675515 0
    endloop
  endfacet
  facet normal -0.14673047445536183 0.989176509964781 -6.360179967283491e-19
    outer loop
      vertex 0.15682742452729698 -1.592295562675515 1.5
      vertex 0.3121445152258052 -1.5692564486451688 1.5
      vertex 0.3121445152258052 -1.5692564486451688 0
    endloop
  endfacet
  facet normal -0.24298017990326445 0.970031253194544 -1.8910024621000962e-19
    outer loop
      vertex 0.3121445152258052 -1.5692564486451688 1.5
      vertex 0.46445548360713973 -1.5311045371715342 1.5
      vertex 0.46445548360713973 -1.5311045371715342 0
    endloop
  endfacet
  facet normal -0.4275550934302821 0.9039892931234434 0
    outer loop
      vertex 0.6122934917841437 -1.478207252018059 1.5
      vertex 0.7542347789215963 -1.4110740229573682 0
      vertex 0.6122934917841437 -1.478207252018059 0
    endloop
  endfacet
  facet normal -0.5141027441932222 0.8577286100002718 0
    outer loop
      vertex 0.7542347789215963 -1.4110740229573682 1.5
      vertex 0.8889123728313635 -1.3303513796840725 0
      vertex 0.7542347789215963 -1.4110740229573682 0
    endloop
  endfacet
  facet normal -0.5956993044924327 0.8032075314806453 0
    outer loop
      vertex 0.8889123728313635 -1.3303513796840725 1.5
      vertex 1.015029254661833 -1.2368167253803792 0
      vertex 0.8889123728313635 -1.3303513796840725 0
    endloop
  endfacet
  facet normal -0.6715589548470177 0.7409511253549597 0
    outer loop
      vertex 1.015029254661833 -1.2368167253803792 1.5
      vertex 1.1313708498984762 -1.1313708498984762 0
      vertex 1.015029254661833 -1.2368167253803792 0
    endloop
  endfacet
  facet normal -0.7409511253549597 0.6715589548470177 0
    outer loop
      vertex 1.1313708498984762 -1.1313708498984762 1.5
      vertex 1.2368167253803792 -1.015029254661833 0
      vertex 1.1313708498984762 -1.1313708498984762 0
    endloop
  endfacet
  facet normal -0.8032075314806453 0.5956993044924327 0
    outer loop
      vertex 1.2368167253803792 -1.015029254661833 1.5
      vertex 1.3303513796840725 -0.8889123728313635 0
      vertex 1.2368167253803792 -1.015029254661833 0
    endloop
  endfacet
  facet normal -0.8577286100002718 0.5141027441932222 0
    outer loop
      vertex 1.3303513796840725 -0.8889123728313635 1.5
      vertex 1.4110740229573682 -0.7542347789215963 0
      vertex 1.3303513796840725 -0.8889123728313635 0
    endloop
  endfacet
  facet normal -0.9039892931234434 0.4275550934302821 0
    outer loop
      vertex 1.4110740229573682 -0.7542347789215963 1.5
      vertex 1.478207252018059 -0.6122934917841437 0
      vertex 1.4110740229573682 -0.7542347789215963 0
    endloop
  endfacet
  facet normal -0.9415440651830211 0.33688985339221905 0
    outer loop
      vertex 1.478207252018059 -0.6122934917841437 1.5
      vertex 1.5311045371715342 -0.46445548360713973 0
      vertex 1.478207252018059 -0.6122934917841437 0
    endloop
  endfacet
  facet normal -0.33688985339221905 0.9415440651830211 3.4517534619556274e-18
    outer loop
      vertex 0.46445548360713973 -1.5311045371715342 1.5
      vertex 0.6122934917841437 -1.478207252018059 1.5
      vertex 0.6122934917841437 -1.478207252018059 0
    endloop
  endfacet
  facet normal -0.4275550934302821 0.9039892931234434 -6.723084700891358e-19
    outer loop
      vertex 0.6122934917841437 -1.478207252018059 1.5
      vertex 0.7542347789215963 -1.4110740229573682 1.5
      vertex 0.7542347789215963 -1.4110740229573682 0
    endloop
  endfacet
  facet normal -0.5141027441932222 0.8577286100002718 4.209545850934176e-19
    outer loop
      vertex 0.7542347789215963 -1.4110740229573682 1.5
      vertex 0.8889123728313635 -1.3303513796840725 1.5
      vertex 0.8889123728313635 -1.3303513796840725 0
    endloop
  endfacet
  facet normal -0.5956993044924327 0.8032075314806453 -1.4289245774293213e-18
    outer loop
      vertex 0.8889123728313635 -1.3303513796840725 1.5
      vertex 1.015029254661833 -1.2368167253803792 1.5
      vertex 1.015029254661833 -1.2368167253803792 0
    endloop
  endfacet
  facet normal -0.6715589548470177 0.7409511253549597 1.4784677390058305e-18
    outer loop
      vertex 1.015029254661833 -1.2368167253803792 1.5
      vertex 1.1313708498984762 -1.1313708498984762 1.5
      vertex 1.1313708498984762 -1.1313708498984762 0
    endloop
  endfacet
  facet normal -0.7409511253549597 0.6715589548470177 1.4784677390058305e-18
    outer loop
      vertex 1.1313708498984762 -1.1313708498984762 1.5
      vertex 1.2368167253803792 -1.015029254661833 1.5
      vertex 1.2368167253803792 -1.015029254661833 0
    endloop
  endfacet
  facet normal -0.8032075314806453 0.5956993044924327 -1.4289245774293213e-18
    outer loop
      vertex 1.2368167253803792 -1.015029254661833 1.5
      vertex 1.3303513796840725 -0.8889123728313635 1.5
      vertex 1.3303513796840725 -0.8889123728313635 0
    endloop
  endfacet
  facet normal -0.8577286100002718 0.5141027441932222 4.209545850934176e-19
    outer loop
      vertex 1.3303513796840725 -0.8889123728313635 1.5
      vertex 1.4110740229573682 -0.7542347789215963 1.5
      vertex 1.4110740229573682 -0.7542347789215963 0
    endloop
  endfacet
  facet normal -0.9039892931234434 0.4275550934302821 -6.723084700891358e-19
    outer loop
      vertex 1.4110740229573682 -0.7542347789215963 1.5
      vertex 1.478207252018059 -0.6122934917841437 1.5
      vertex 1.478207252018059 -0.6122934917841437 0
    endloop
  endfacet
  facet normal -0.970031253194544 0.24298017990326445 0
    outer loop
      vertex 1.5311045371715342 -0.46445548360713973 1.5
      vertex 1.5692564486451688 -0.3121445152258052 0
      vertex 1.5311045371715342 -0.46445548360713973 0
    endloop
  endfacet
  facet normal -0.989176509964781 0.14673047445536183 0
    outer loop
      vertex 1.5692564486451688 -0.3121445152258052 1.5
      vertex 1.592295562675515 -0.15682742452729698 0
      vertex 1.5692564486451688 -0.3121445152258052 0
    endloop
  endfacet
  facet normal -0.9987954562051724 0.04906767432741814 0
    outer loop
      vertex 1.592295562675515 -0.15682742452729698 1.5
      vertex 1.6 0 0
      vertex 1.592295562675515 -0.15682742452729698 0
    endloop
  endfacet
  facet normal -0.9415440651830211 0.33688985339221905 3.4517534619556274e-18
    outer loop
      vertex 1.478207252018059 -0.6122934917841437 1.5
      vertex 1.5311045371715342 -0.46445548360713973 1.5
      vertex 1.5311045371715342 -0.46445548360713973 0
    endloop
  endfacet
  facet normal -0.970031253194544 0.24298017990326445 -1.8910024621000962e-19
    outer loop
      vertex 1.5311045371715342 -0.46445548360713973 1.5
      vertex 1.5692564486451688 -0.3121445152258052 1.5
      vertex 1.5692564486451688 -0.3121445152258052 0
    endloop
  endfacet
  facet normal -0.989176509964781 0.14673047445536183 -6.360179967283491e-19
    outer loop
      vertex 1.5692564486451688 -0.3121445152258052 1.5
      vertex 1.592295562675515 -0.15682742452729698 1.5
      vertex 1.592295562675515 -0.15682742452729698 0
    endloop
  endfacet
  facet normal -0.9987954562051724 0.04906767432741814 1.7683179851866546e-19
    outer loop
      vertex 1.592295562675515 -0.15682742452729698 1.5
      vertex 1.6 0 1.5
      vertex 1.6 0 0
    endloop
  endfacet
  facet normal -0.33688985339221905 -0.9415440651830211 0
    outer loop
      vertex 0.6122934917841437 1.478207252018059 1.5
      vertex 0.46445548360713973 1.5311045371715342 0
      vertex 0.6122934917841437 1.478207252018059 0
    endloop
  endfacet
  facet normal -0.4275550934302821 -0.9039892931234434 0
    outer loop
      vertex 0.7542347789215963 1.4110740229573682 1.5
      vertex 0.6122934917841437 1.478207252018059 0
      vertex 0.7542347789215963 1.4110740229573682 0
    endloop
  endfacet
  facet normal -0.9039892931234434 -0.4275550934302821 0
    outer loop
      vertex 1.478207252018059 0.6122934917841437 1.5
      vertex 1.4110740229573682 0.7542347789215963 0
      vertex 1.478207252018059 0.6122934917841437 0
    endloop
  endfacet
  facet normal -0.5141027441932222 -0.8577286100002718 0
    outer loop
      vertex 0.8889123728313635 1.3303513796840725 1.5
      vertex 0.7542347789215963 1.4110740229573682 0
      vertex 0.8889123728313635 1.3303513796840725 0
    endloop
  endfacet
  facet normal -0.5956993044924327 -0.8032075314806453 0
    outer loop
      vertex 1.015029254661833 1.2368167253803792 1.5
      vertex 0.8889123728313635 1.3303513796840725 0
      vertex 1.015029254661833 1.2368167253803792 0
    endloop
  endfacet
  facet normal -0.6715589548470177 -0.7409511253549597 0
    outer loop
      vertex 1.1313708498984762 1.1313708498984762 1.5
      vertex 1.015029254661833 1.2368167253803792 0
      vertex 1.1313708498984762 1.1313708498984762 0
    endloop
  endfacet
  facet normal -0.8032075314806453 -0.5956993044924327 0
    outer loop
      vertex 1.3303513796840725 0.8889123728313635 1.5
      vertex 1.2368167253803792 1.015029254661833 0
      vertex 1.3303513796840725 0.8889123728313635 0
    endloop
  endfacet
  facet normal -0.7409511253549597 -0.6715589548470177 0
    outer loop
      vertex 1.2368167253803792 1.015029254661833 1.5
      vertex 1.1313708498984762 1.1313708498984762 0
      vertex 1.2368167253803792 1.015029254661833 0
    endloop
  endfacet
  facet normal -0.8577286100002718 -0.5141027441932222 0
    outer loop
      vertex 1.4110740229573682 0.7542347789215963 1.5
      vertex 1.3303513796840725 0.8889123728313635 0
      vertex 1.4110740229573682 0.7542347789215963 0
    endloop
  endfacet
  facet normal -0.4275550934302821 -0.9039892931234434 6.723084700891358e-19
    outer loop
      vertex 0.7542347789215963 1.4110740229573682 1.5
      vertex 0.6122934917841437 1.478207252018059 1.5
      vertex 0.6122934917841437 1.478207252018059 0
    endloop
  endfacet
  facet normal -0.9415440651830211 -0.33688985339221905 0
    outer loop
      vertex 1.478207252018059 0.6122934917841437 1.5
      vertex 1.478207252018059 0.6122934917841437 0
      vertex 1.5311045371715342 0.46445548360713973 1.5
    endloop
  endfacet
  facet normal -0.9039892931234434 -0.4275550934302821 6.723084700891358e-19
    outer loop
      vertex 1.478207252018059 0.6122934917841437 1.5
      vertex 1.4110740229573682 0.7542347789215963 1.5
      vertex 1.4110740229573682 0.7542347789215963 0
    endloop
  endfacet
  facet normal -0.5956993044924327 -0.8032075314806453 0
    outer loop
      vertex 0.8889123728313635 1.3303513796840725 1.5
      vertex 0.8889123728313635 1.3303513796840725 0
      vertex 1.015029254661833 1.2368167253803792 1.5
    endloop
  endfacet
  facet normal -0.5141027441932222 -0.8577286100002718 -4.209545850934176e-19
    outer loop
      vertex 0.8889123728313635 1.3303513796840725 1.5
      vertex 0.7542347789215963 1.4110740229573682 1.5
      vertex 0.7542347789215963 1.4110740229573682 0
    endloop
  endfacet
  facet normal -0.6715589548470177 -0.7409511253549597 -1.4784677390058305e-18
    outer loop
      vertex 1.1313708498984762 1.1313708498984762 1.5
      vertex 1.015029254661833 1.2368167253803792 1.5
      vertex 1.015029254661833 1.2368167253803792 0
    endloop
  endfacet
  facet normal -0.7409511253549597 -0.6715589548470177 -1.4784677390058305e-18
    outer loop
      vertex 1.2368167253803792 1.015029254661833 1.5
      vertex 1.1313708498984762 1.1313708498984762 1.5
      vertex 1.1313708498984762 1.1313708498984762 0
    endloop
  endfacet
  facet normal -0.8032075314806453 -0.5956993044924327 1.4289245774293213e-18
    outer loop
      vertex 1.3303513796840725 0.8889123728313635 1.5
      vertex 1.2368167253803792 1.015029254661833 1.5
      vertex 1.2368167253803792 1.015029254661833 0
    endloop
  endfacet
  facet normal -0.8577286100002718 -0.5141027441932222 -4.209545850934176e-19
    outer loop
      vertex 1.4110740229573682 0.7542347789215963 1.5
      vertex 1.3303513796840725 0.8889123728313635 1.5
      vertex 1.3303513796840725 0.8889123728313635 0
    endloop
  endfacet
  facet normal -0.04906767432741814 -0.9987954562051724 0
    outer loop
      vertex 0.15682742452729698 1.592295562675515 1.5
      vertex 0 1.6 0
      vertex 0.15682742452729698 1.592295562675515 0
    endloop
  endfacet
  facet normal -0.14673047445536183 -0.989176509964781 0
    outer loop
      vertex 0.3121445152258052 1.5692564486451688 1.5
      vertex 0.15682742452729698 1.592295562675515 0
      vertex 0.3121445152258052 1.5692564486451688 0
    endloop
  endfacet
  facet normal -0.24298017990326445 -0.970031253194544 0
    outer loop
      vertex 0.46445548360713973 1.5311045371715342 1.5
      vertex 0.3121445152258052 1.5692564486451688 0
      vertex 0.46445548360713973 1.5311045371715342 0
    endloop
  endfacet
  facet normal -0.04906767432741814 -0.9987954562051724 0
    outer loop
      vertex 0 1.6 1.5
      vertex 0 1.6 0
      vertex 0.15682742452729698 1.592295562675515 1.5
    endloop
  endfacet
  facet normal -0.14673047445536183 -0.989176509964781 0
    outer loop
      vertex 0.15682742452729698 1.592295562675515 1.5
      vertex 0.15682742452729698 1.592295562675515 0
      vertex 0.3121445152258052 1.5692564486451688 1.5
    endloop
  endfacet
  facet normal -0.24298017990326445 -0.970031253194544 1.8910024621000962e-19
    outer loop
      vertex 0.46445548360713973 1.5311045371715342 1.5
      vertex 0.3121445152258052 1.5692564486451688 1.5
      vertex 0.3121445152258052 1.5692564486451688 0
    endloop
  endfacet
  facet normal -0.33688985339221905 -0.9415440651830211 0
    outer loop
      vertex 0.46445548360713973 1.5311045371715342 1.5
      vertex 0.46445548360713973 1.5311045371715342 0
      vertex 0.6122934917841437 1.478207252018059 1.5
    endloop
  endfacet
  facet normal -0.9987954562051724 -0.04906767432741814 0
    outer loop
      vertex 1.6 0 1.5
      vertex 1.592295562675515 0.15682742452729698 0
      vertex 1.6 0 0
    endloop
  endfacet
  facet normal -0.989176509964781 -0.14673047445536183 0
    outer loop
      vertex 1.592295562675515 0.15682742452729698 1.5
      vertex 1.5692564486451688 0.3121445152258052 0
      vertex 1.592295562675515 0.15682742452729698 0
    endloop
  endfacet
  facet normal -0.970031253194544 -0.24298017990326445 0
    outer loop
      vertex 1.5692564486451688 0.3121445152258052 1.5
      vertex 1.5311045371715342 0.46445548360713973 0
      vertex 1.5692564486451688 0.3121445152258052 0
    endloop
  endfacet
  facet normal -0.9415440651830211 -0.33688985339221905 0
    outer loop
      vertex 1.5311045371715342 0.46445548360713973 1.5
      vertex 1.478207252018059 0.6122934917841437 0
      vertex 1.5311045371715342 0.46445548360713973 0
    endloop
  endfacet
  facet normal -0.9987954562051724 -0.04906767432741814 -1.7683179851866546e-19
    outer loop
      vertex 1.6 0 1.5
      vertex 1.592295562675515 0.15682742452729698 1.5
      vertex 1.592295562675515 0.15682742452729698 0
    endloop
  endfacet
  facet normal -0.989176509964781 -0.14673047445536183 6.360179967283491e-19
    outer loop
      vertex 1.592295562675515 0.15682742452729698 1.5
      vertex 1.5692564486451688 0.3121445152258052 1.5
      vertex 1.5692564486451688 0.3121445152258052 0
    endloop
  endfacet
  facet normal -0.970031253194544 -0.24298017990326445 1.8910024621000962e-19
    outer loop
      vertex 1.5692564486451688 0.3121445152258052 1.5
      vertex 1.5311045371715342 0.46445548360713973 1.5
      vertex 1.5311045371715342 0.46445548360713973 0
    endloop
  endfacet
  facet normal 0.5701782532872164 0.4228730130228981 0.7043260426359904
    outer loop
      vertex -2.4748737341529163 -1.844062724345748 3
      vertex -1.2368167253803792 -1.015029254661833 1.5
      vertex -2.5692961662276 -1.7167488127612345 3
    endloop
  endfacet
  facet normal 0.5259838856930191 0.47672400574755847 0.7043260426359904
    outer loop
      vertex -2.220376494572759 -2.1459823181590134 3
      vertex -1.1313708498984762 -1.1313708498984762 1.5
      vertex -2.3886534936361135 -1.9603172608659405 3
    endloop
  endfacet
  facet normal 0.5701782532872159 0.4228730130228984 0.7043260426359904
    outer loop
      vertex -2.3886534936361135 -1.9603172608659405 3
      vertex -1.2368167253803792 -1.015029254661833 1.5
      vertex -2.4458092074595776 -1.8832517020110837 3
    endloop
  endfacet
  facet normal 0.5701782532872172 0.42287301302289676 0.7043260426359904
    outer loop
      vertex -2.4748737341529163 -1.844062724345748 3
      vertex -2.4458092074595776 -1.8832517020110837 3
      vertex -1.2368167253803792 -1.015029254661833 1.5
    endloop
  endfacet
  facet normal 0.4767240057475584 0.525983885693019 0.7043260426359904
    outer loop
      vertex -2.185006782130087 -2.185006782130087 3
      vertex -1.9603172608659405 -2.3886534936361135 3
      vertex -1.015029254661833 -1.2368167253803792 1.5
    endloop
  endfacet
  facet normal 0.4228730130228985 0.5701782532872159 0.7043260426359904
    outer loop
      vertex -1.7167488127612345 -2.5692961662276 3
      vertex -0.8889123728313635 -1.3303513796840725 1.5
      vertex -1.9203334554899851 -2.418307504735225 3
    endloop
  endfacet
  facet normal 0.42287301302289354 0.5701782532872202 0.7043260426359899
    outer loop
      vertex -1.9603172608659405 -2.3886534936361135 3
      vertex -1.9444958155686076 -2.4003874771836933 3
      vertex -0.8889123728313635 -1.3303513796840725 1.5
    endloop
  endfacet
  facet normal 0.42287301302289704 0.5701782532872173 0.7043260426359903
    outer loop
      vertex -1.9203334554899851 -2.418307504735225 3
      vertex -0.8889123728313635 -1.3303513796840725 1.5
      vertex -1.9444958155686076 -2.4003874771836933 3
    endloop
  endfacet
  facet normal 0.5259838856930176 0.47672400574756013 0.7043260426359905
    outer loop
      vertex -2.185006782130087 -2.185006782130087 3
      vertex -1.1313708498984762 -1.1313708498984762 1.5
      vertex -2.1943007433111053 -2.174752476165766 3
    endloop
  endfacet
  facet normal 0.5259838856930196 0.47672400574755786 0.7043260426359903
    outer loop
      vertex -2.1943007433111053 -2.174752476165766 3
      vertex -1.1313708498984762 -1.1313708498984762 1.5
      vertex -2.220376494572759 -2.1459823181590134 3
    endloop
  endfacet
  facet normal 0.6088814926111181 0.3649495220169251 0.7043260426359904
    outer loop
      vertex -2.7055365867695795 -1.4894454033606335 3
      vertex -1.3303513796840725 -0.8889123728313635 1.5
      vertex -2.725195112218162 -1.4566471351192751 3
    endloop
  endfacet
  facet normal 0.6417208703126939 0.303511367612226 0.7043260426359903
    outer loop
      vertex -2.725195112218162 -1.4566471351192751 3
      vertex -1.4110740229573682 -0.7542347789215963 1.5
      vertex -2.854848939534877 -1.182517149281794 3
    endloop
  endfacet
  facet normal 0.6683801252328474 0.23915023282122969 0.7043260426359904
    outer loop
      vertex -2.9101436430589085 -1.0279788056217563 3
      vertex -1.478207252018059 -0.6122934917841437 1.5
      vertex -2.957009010944693 -0.8969988768671002 3
    endloop
  endfacet
  facet normal 0.6683801252328471 0.23915023282123057 0.7043260426359903
    outer loop
      vertex -2.854848939534877 -1.182517149281794 3
      vertex -1.478207252018059 -0.6122934917841437 1.5
      vertex -2.8705537549793365 -1.138625130488013 3
    endloop
  endfacet
  facet normal 0.6683801252328474 0.23915023282122969 0.7043260426359903
    outer loop
      vertex -2.8705537549793365 -1.138625130488013 3
      vertex -1.478207252018059 -0.6122934917841437 1.5
      vertex -2.9101436430589085 -1.0279788056217563 3
    endloop
  endfacet
  facet normal 0.6886025141732651 0.17248595055535243 0.7043260426359904
    outer loop
      vertex -2.957009010944693 -0.8969988768671002 3
      vertex -1.5311045371715342 -0.46445548360713973 1.5
      vertex -3.0306914691135587 -0.6028420149187116 3
    endloop
  endfacet
  facet normal 0.70219328447377 0.10416053429521241 0.7043260426359904
    outer loop
      vertex -3.0306914691135587 -0.6028420149187116 3
      vertex -1.5692564486451688 -0.3121445152258052 1.5
      vertex -3.075186711690378 -0.3028794548196886 3
    endloop
  endfacet
  facet normal 0.7090215495868969 0.03483199514987068 0.7043260426359904
    outer loop
      vertex -3.075186711690378 -0.3028794548196886 3
      vertex -1.592295562675515 -0.15682742452729698 1.5
      vertex -3.0900662251655633 0 3
    endloop
  endfacet
  facet normal 0.6417208703126936 0.3035113676122267 0.7043260426359904
    outer loop
      vertex -2.854848939534877 -1.182517149281794 3
      vertex -1.4110740229573682 -0.7542347789215963 1.5
      vertex -1.478207252018059 -0.6122934917841437 1.5
    endloop
  endfacet
  facet normal 0.5701782532872165 0.4228730130228978 0.7043260426359903
    outer loop
      vertex -2.5692961662276 -1.7167488127612345 3
      vertex -1.2368167253803792 -1.015029254661833 1.5
      vertex -1.3303513796840725 -0.8889123728313635 1.5
    endloop
  endfacet
  facet normal 0.5259838856930196 0.4767240057475577 0.7043260426359906
    outer loop
      vertex -2.3886534936361135 -1.9603172608659405 3
      vertex -1.1313708498984762 -1.1313708498984762 1.5
      vertex -1.2368167253803792 -1.015029254661833 1.5
    endloop
  endfacet
  facet normal 0.6088814926111183 0.36494952201692477 0.7043260426359904
    outer loop
      vertex -2.725195112218162 -1.4566471351192751 3
      vertex -1.3303513796840725 -0.8889123728313635 1.5
      vertex -1.4110740229573682 -0.7542347789215963 1.5
    endloop
  endfacet
  facet normal 0.6088814926111177 0.3649495220169257 0.7043260426359904
    outer loop
      vertex -2.672348450606427 -1.544816463370035 3
      vertex -2.5692961662276 -1.7167488127612345 3
      vertex -1.3303513796840725 -0.8889123728313635 1.5
    endloop
  endfacet
  facet normal 0.6088814926111186 0.3649495220169239 0.7043260426359904
    outer loop
      vertex -2.672348450606427 -1.544816463370035 3
      vertex -1.3303513796840725 -0.8889123728313635 1.5
      vertex -2.7055365867695795 -1.4894454033606335 3
    endloop
  endfacet
  facet normal 0.6683801252328474 0.23915023282122977 0.7043260426359903
    outer loop
      vertex -2.957009010944693 -0.8969988768671002 3
      vertex -1.478207252018059 -0.6122934917841437 1.5
      vertex -1.5311045371715342 -0.46445548360713973 1.5
    endloop
  endfacet
  facet normal 0.6886025141732651 0.1724859505553516 0.7043260426359904
    outer loop
      vertex -3.0306914691135587 -0.6028420149187116 3
      vertex -1.5311045371715342 -0.46445548360713973 1.5
      vertex -1.5692564486451688 -0.3121445152258052 1.5
    endloop
  endfacet
  facet normal 0.70219328447377 0.10416053429521178 0.7043260426359904
    outer loop
      vertex -3.075186711690378 -0.3028794548196886 3
      vertex -1.5692564486451688 -0.3121445152258052 1.5
      vertex -1.592295562675515 -0.15682742452729698 1.5
    endloop
  endfacet
  facet normal 0.7090215495868968 0.03483199514987045 0.7043260426359904
    outer loop
      vertex -1.592295562675515 -0.15682742452729698 1.5
      vertex -1.6 0 1.5
      vertex -3.0900662251655633 0 3
    endloop
  endfacet
  facet normal 0.3649495220169241 0.6088814926111186 0.7043260426359904
    outer loop
      vertex -1.4566471351192751 -2.725195112218162 3
      vertex -0.7542347789215963 -1.4110740229573682 1.5
      vertex -1.5860497822681585 -2.6476341503597407 3
    endloop
  endfacet
  facet normal 0.30351136761222464 0.6417208703126948 0.7043260426359902
    outer loop
      vertex -0.6122934917841437 -1.478207252018059 1.5
      vertex -1.4566471351192751 -2.725195112218162 3
      vertex -1.3376487877875687 -2.78147713889534 3
    endloop
  endfacet
  facet normal 0.30351136761222763 0.6417208703126933 0.7043260426359903
    outer loop
      vertex -0.6122934917841437 -1.478207252018059 1.5
      vertex -1.3376487877875687 -2.78147713889534 3
      vertex -1.2710662655571459 -2.812968326600331 3
    endloop
  endfacet
  facet normal 0.3035113676122262 0.6417208703126939 0.7043260426359903
    outer loop
      vertex -0.6122934917841437 -1.478207252018059 1.5
      vertex -1.2710662655571459 -2.812968326600331 3
      vertex -1.182517149281794 -2.854848939534877 3
    endloop
  endfacet
  facet normal 0.23915023282122913 0.6683801252328477 0.7043260426359903
    outer loop
      vertex -1.0157973188899267 -2.914502248705674 3
      vertex -0.9288956098965756 -2.9455961773755046 3
      vertex -0.46445548360713973 -1.5311045371715342 1.5
    endloop
  endfacet
  facet normal 0.2391502328212322 0.6683801252328466 0.7043260426359902
    outer loop
      vertex -0.8969988768671002 -2.957009010944693 3
      vertex -0.46445548360713973 -1.5311045371715342 1.5
      vertex -0.9288956098965756 -2.9455961773755046 3
    endloop
  endfacet
  facet normal 0.23915023282122977 0.6683801252328474 0.7043260426359903
    outer loop
      vertex -1.0157973188899267 -2.914502248705674 3
      vertex -0.46445548360713973 -1.5311045371715342 1.5
      vertex -1.182517149281794 -2.854848939534877 3
    endloop
  endfacet
  facet normal 0.47672400574755786 0.5259838856930193 0.7043260426359906
    outer loop
      vertex -2.185006782130087 -2.185006782130087 3
      vertex -1.015029254661833 -1.2368167253803792 1.5
      vertex -1.1313708498984762 -1.1313708498984762 1.5
    endloop
  endfacet
  facet normal 0.4228730130228985 0.5701782532872165 0.7043260426359901
    outer loop
      vertex -1.9603172608659405 -2.3886534936361135 3
      vertex -0.8889123728313635 -1.3303513796840725 1.5
      vertex -1.015029254661833 -1.2368167253803792 1.5
    endloop
  endfacet
  facet normal 0.23915023282123007 0.6683801252328473 0.7043260426359904
    outer loop
      vertex -0.6122934917841437 -1.478207252018059 1.5
      vertex -1.182517149281794 -2.854848939534877 3
      vertex -0.46445548360713973 -1.5311045371715342 1.5
    endloop
  endfacet
  facet normal 0.3649495220169254 0.6088814926111179 0.7043260426359903
    outer loop
      vertex -1.7167488127612345 -2.5692961662276 3
      vertex -0.7542347789215963 -1.4110740229573682 1.5
      vertex -0.8889123728313635 -1.3303513796840725 1.5
    endloop
  endfacet
  facet normal 0.3035113676122261 0.641720870312694 0.7043260426359904
    outer loop
      vertex -0.6122934917841437 -1.478207252018059 1.5
      vertex -0.7542347789215963 -1.4110740229573682 1.5
      vertex -1.4566471351192751 -2.725195112218162 3
    endloop
  endfacet
  facet normal 0.36494952201692654 0.608881492611117 0.7043260426359904
    outer loop
      vertex -1.6498885788909918 -2.6093706481900028 3
      vertex -0.7542347789215963 -1.4110740229573682 1.5
      vertex -1.7167488127612345 -2.5692961662276 3
    endloop
  endfacet
  facet normal 0.3649495220169261 0.6088814926111175 0.7043260426359905
    outer loop
      vertex -1.5860497822681585 -2.6476341503597407 3
      vertex -0.7542347789215963 -1.4110740229573682 1.5
      vertex -1.6498885788909918 -2.6093706481900028 3
    endloop
  endfacet
  facet normal 0.17248595055535254 0.688602514173265 0.7043260426359904
    outer loop
      vertex -0.8969988768671002 -2.957009010944693 3
      vertex -0.6677229474898948 -3.014439641539426 3
      vertex -0.3121445152258052 -1.5692564486451688 1.5
    endloop
  endfacet
  facet normal 0.17248595055535204 0.6886025141732651 0.7043260426359904
    outer loop
      vertex -0.6677229474898948 -3.014439641539426 3
      vertex -0.6028420149187116 -3.0306914691135587 3
      vertex -0.3121445152258052 -1.5692564486451688 1.5
    endloop
  endfacet
  facet normal 0.10416053429521173 0.7021932844737703 0.7043260426359903
    outer loop
      vertex -0.6028420149187116 -3.0306914691135587 3
      vertex -0.33638983444407916 -3.070215916436009 3
      vertex -0.15682742452729698 -1.592295562675515 1.5
    endloop
  endfacet
  facet normal 0.10416053429521802 0.7021932844737693 0.7043260426359902
    outer loop
      vertex -0.33638983444407916 -3.070215916436009 3
      vertex -0.3028794548196886 -3.075186711690378 3
      vertex -0.15682742452729698 -1.592295562675515 1.5
    endloop
  endfacet
  facet normal 0.03483199514987068 0.7090215495868969 0.7043260426359904
    outer loop
      vertex -0.3028794548196886 -3.075186711690378 3
      vertex 0 -3.0900662251655633 3
      vertex 0 -1.6 1.5
    endloop
  endfacet
  facet normal 0.17248595055535232 0.6886025141732651 0.7043260426359903
    outer loop
      vertex -0.8969988768671002 -2.957009010944693 3
      vertex -0.3121445152258052 -1.5692564486451688 1.5
      vertex -0.46445548360713973 -1.5311045371715342 1.5
    endloop
  endfacet
  facet normal 0.10416053429521312 0.70219328447377 0.7043260426359903
    outer loop
      vertex -0.6028420149187116 -3.0306914691135587 3
      vertex -0.15682742452729698 -1.592295562675515 1.5
      vertex -0.3121445152258052 -1.5692564486451688 1.5
    endloop
  endfacet
  facet normal 0.034831995149870454 0.7090215495868969 0.7043260426359904
    outer loop
      vertex -0.3028794548196886 -3.075186711690378 3
      vertex 0 -1.6 1.5
      vertex -0.15682742452729698 -1.592295562675515 1.5
    endloop
  endfacet
  facet normal 0.7090215495868969 -0.03483199514987068 0.7043260426359904
    outer loop
      vertex -3.0900662251655633 0 3
      vertex -1.6 0 1.5
      vertex -3.075186711690378 0.3028794548196886 3
    endloop
  endfacet
  facet normal 0.70219328447377 -0.10416053429521241 0.7043260426359904
    outer loop
      vertex -3.075186711690378 0.3028794548196886 3
      vertex -1.592295562675515 0.15682742452729698 1.5
      vertex -3.0306914691135587 0.6028420149187116 3
    endloop
  endfacet
  facet normal 0.6886025141732649 -0.1724859505553524 0.7043260426359903
    outer loop
      vertex -3.0306914691135587 0.6028420149187116 3
      vertex -1.5692564486451688 0.3121445152258052 1.5
      vertex -2.957009010944693 0.8969988768671002 3
    endloop
  endfacet
  facet normal 0.6683801252328474 -0.23915023282122969 0.7043260426359904
    outer loop
      vertex -2.957009010944693 0.8969988768671002 3
      vertex -1.5311045371715342 0.46445548360713973 1.5
      vertex -2.9101436430589085 1.0279788056217563 3
    endloop
  endfacet
  facet normal 0.6683801252328473 -0.23915023282122994 0.7043260426359903
    outer loop
      vertex -2.9101436430589085 1.0279788056217563 3
      vertex -1.5311045371715342 0.46445548360713973 1.5
      vertex -2.854848939534877 1.182517149281794 3
    endloop
  endfacet
  facet normal 0.6417208703126939 -0.303511367612226 0.7043260426359903
    outer loop
      vertex -2.854848939534877 1.182517149281794 3
      vertex -1.478207252018059 0.6122934917841437 1.5
      vertex -2.725195112218162 1.4566471351192751 3
    endloop
  endfacet
  facet normal 0.7090215495868969 -0.03483199514987112 0.7043260426359904
    outer loop
      vertex -3.075186711690378 0.3028794548196886 3
      vertex -1.6 0 1.5
      vertex -1.592295562675515 0.15682742452729698 1.5
    endloop
  endfacet
  facet normal 0.70219328447377 -0.10416053429521246 0.7043260426359904
    outer loop
      vertex -3.0306914691135587 0.6028420149187116 3
      vertex -1.592295562675515 0.15682742452729698 1.5
      vertex -1.5692564486451688 0.3121445152258052 1.5
    endloop
  endfacet
  facet normal 0.6886025141732652 -0.17248595055535196 0.7043260426359904
    outer loop
      vertex -2.957009010944693 0.8969988768671002 3
      vertex -1.5692564486451688 0.3121445152258052 1.5
      vertex -1.5311045371715342 0.46445548360713973 1.5
    endloop
  endfacet
  facet normal 0.6683801252328473 -0.23915023282123035 0.7043260426359901
    outer loop
      vertex -2.854848939534877 1.182517149281794 3
      vertex -1.5311045371715342 0.46445548360713973 1.5
      vertex -1.478207252018059 0.6122934917841437 1.5
    endloop
  endfacet
  facet normal 0.6417208703126939 -0.3035113676122258 0.7043260426359904
    outer loop
      vertex -2.725195112218162 1.4566471351192751 3
      vertex -1.478207252018059 0.6122934917841437 1.5
      vertex -1.4110740229573682 0.7542347789215963 1.5
    endloop
  endfacet
  facet normal 0.6088814926111178 -0.36494952201692543 0.7043260426359905
    outer loop
      vertex -2.5692961662276 1.7167488127612345 3
      vertex -1.4110740229573682 0.7542347789215963 1.5
      vertex -1.3303513796840725 0.8889123728313635 1.5
    endloop
  endfacet
  facet normal 0.5701782532872162 -0.42287301302289815 0.7043260426359905
    outer loop
      vertex -2.3886534936361135 1.9603172608659405 3
      vertex -1.3303513796840725 0.8889123728313635 1.5
      vertex -1.2368167253803792 1.015029254661833 1.5
    endloop
  endfacet
  facet normal 0.5259838856930199 -0.4767240057475577 0.7043260426359904
    outer loop
      vertex -2.185006782130087 2.185006782130087 3
      vertex -1.2368167253803792 1.015029254661833 1.5
      vertex -1.1313708498984762 1.1313708498984762 1.5
    endloop
  endfacet
  facet normal 0.608881492611118 -0.3649495220169253 0.7043260426359904
    outer loop
      vertex -2.725195112218162 1.4566471351192751 3
      vertex -1.4110740229573682 0.7542347789215963 1.5
      vertex -2.5692961662276 1.7167488127612345 3
    endloop
  endfacet
  facet normal 0.570178253287216 -0.42287301302289837 0.7043260426359903
    outer loop
      vertex -2.5692961662276 1.7167488127612345 3
      vertex -1.3303513796840725 0.8889123728313635 1.5
      vertex -2.508061870316069 1.7993137029501922 3
    endloop
  endfacet
  facet normal 0.5701782532872167 -0.42287301302289754 0.7043260426359903
    outer loop
      vertex -2.508061870316069 1.7993137029501922 3
      vertex -1.3303513796840725 0.8889123728313635 1.5
      vertex -2.4748737341529163 1.844062724345748 3
    endloop
  endfacet
  facet normal 0.5701782532872164 -0.42287301302289787 0.7043260426359903
    outer loop
      vertex -2.4748737341529163 1.844062724345748 3
      vertex -1.3303513796840725 0.8889123728313635 1.5
      vertex -2.3886534936361135 1.9603172608659405 3
    endloop
  endfacet
  facet normal 0.5259838856930191 -0.47672400574755824 0.7043260426359904
    outer loop
      vertex -2.3886534936361135 1.9603172608659405 3
      vertex -1.2368167253803792 1.015029254661833 1.5
      vertex -2.249441021266098 2.113914554627747 3
    endloop
  endfacet
  facet normal 0.5259838856930186 -0.47672400574755897 0.7043260426359904
    outer loop
      vertex -2.249441021266098 2.113914554627747 3
      vertex -1.2368167253803792 1.015029254661833 1.5
      vertex -2.220376494572759 2.1459823181590134 3
    endloop
  endfacet
  facet normal 0.525983885693019 -0.4767240057475584 0.7043260426359904
    outer loop
      vertex -2.220376494572759 2.1459823181590134 3
      vertex -1.2368167253803792 1.015029254661833 1.5
      vertex -2.185006782130087 2.185006782130087 3
    endloop
  endfacet
  facet normal 0.47672400574755847 -0.5259838856930191 0.7043260426359904
    outer loop
      vertex -2.185006782130087 2.185006782130087 3
      vertex -1.1313708498984762 1.1313708498984762 1.5
      vertex -1.9603172608659405 2.3886534936361135 3
    endloop
  endfacet
  facet normal 0.42287301302289787 -0.5701782532872164 0.7043260426359904
    outer loop
      vertex -1.015029254661833 1.2368167253803792 1.5
      vertex -1.7167488127612345 2.5692961662276 3
      vertex -1.9603172608659405 2.3886534936361135 3
    endloop
  endfacet
  facet normal 0.47672400574755797 -0.5259838856930195 0.7043260426359904
    outer loop
      vertex -1.1313708498984762 1.1313708498984762 1.5
      vertex -1.015029254661833 1.2368167253803792 1.5
      vertex -1.9603172608659405 2.3886534936361135 3
    endloop
  endfacet
  facet normal 0.42287301302289815 -0.5701782532872162 0.7043260426359903
    outer loop
      vertex -1.015029254661833 1.2368167253803792 1.5
      vertex -0.8889123728313635 1.3303513796840725 1.5
      vertex -1.7167488127612345 2.5692961662276 3
    endloop
  endfacet
  facet normal 0.3649495220169253 -0.6088814926111179 0.7043260426359904
    outer loop
      vertex -0.8889123728313635 1.3303513796840725 1.5
      vertex -0.7542347789215963 1.4110740229573682 1.5
      vertex -1.4566471351192751 2.725195112218162 3
    endloop
  endfacet
  facet normal 0.3035113676122261 -0.641720870312694 0.7043260426359904
    outer loop
      vertex -0.7542347789215963 1.4110740229573682 1.5
      vertex -0.6122934917841437 1.478207252018059 1.5
      vertex -1.182517149281794 2.854848939534877 3
    endloop
  endfacet
  facet normal 0.3649495220169267 -0.608881492611117 0.7043260426359906
    outer loop
      vertex -0.8889123728313635 1.3303513796840725 1.5
      vertex -1.6740509389696143 2.5948882868955594 3
      vertex -1.7167488127612345 2.5692961662276 3
    endloop
  endfacet
  facet normal 0.36494952201692604 -0.608881492611117 0.7043260426359906
    outer loop
      vertex -0.8889123728313635 1.3303513796840725 1.5
      vertex -1.6180910822395635 2.628429334231697 3
      vertex -1.6740509389696143 2.5948882868955594 3
    endloop
  endfacet
  facet normal 0.3649495220169246 -0.6088814926111182 0.7043260426359904
    outer loop
      vertex -0.8889123728313635 1.3303513796840725 1.5
      vertex -1.4566471351192751 2.725195112218162 3
      vertex -1.6180910822395635 2.628429334231697 3
    endloop
  endfacet
  facet normal 0.3035113676122251 -0.6417208703126945 0.7043260426359901
    outer loop
      vertex -0.7542347789215963 1.4110740229573682 1.5
      vertex -1.3639937696607867 2.7690168904478125 3
      vertex -1.4566471351192751 2.725195112218162 3
    endloop
  endfacet
  facet normal 0.3035113676122269 -0.6417208703126936 0.7043260426359902
    outer loop
      vertex -0.7542347789215963 1.4110740229573682 1.5
      vertex -1.2965771530560264 2.800902575411634 3
      vertex -1.3639937696607867 2.7690168904478125 3
    endloop
  endfacet
  facet normal 0.3035113676122262 -0.6417208703126939 0.7043260426359903
    outer loop
      vertex -0.7542347789215963 1.4110740229573682 1.5
      vertex -1.182517149281794 2.854848939534877 3
      vertex -1.2965771530560264 2.800902575411634 3
    endloop
  endfacet
  facet normal 0.23915023282122921 -0.6683801252328474 0.7043260426359904
    outer loop
      vertex -0.6122934917841437 1.478207252018059 1.5
      vertex -1.0390464814607783 2.906183565322052 3
      vertex -1.182517149281794 2.854848939534877 3
    endloop
  endfacet
  facet normal 0.23915023282122758 -0.6683801252328483 0.7043260426359903
    outer loop
      vertex -0.6122934917841437 1.478207252018059 1.5
      vertex -0.9892266228597439 2.9240093957645823 3
      vertex -1.0390464814607783 2.906183565322052 3
    endloop
  endfacet
  facet normal 0.23915023282123157 -0.668380125232847 0.7043260426359902
    outer loop
      vertex -0.6122934917841437 1.478207252018059 1.5
      vertex -0.8969988768671002 2.957009010944693 3
      vertex -0.9892266228597439 2.9240093957645823 3
    endloop
  endfacet
  facet normal 0.23915023282123007 -0.6683801252328473 0.7043260426359903
    outer loop
      vertex -0.6122934917841437 1.478207252018059 1.5
      vertex -0.46445548360713973 1.5311045371715342 1.5
      vertex -0.8969988768671002 2.957009010944693 3
    endloop
  endfacet
  facet normal 0.17248595055535196 -0.6886025141732652 0.7043260426359904
    outer loop
      vertex -0.46445548360713973 1.5311045371715342 1.5
      vertex -0.3121445152258052 1.5692564486451688 1.5
      vertex -0.6028420149187116 3.0306914691135587 3
    endloop
  endfacet
  facet normal 0.10416053429521246 -0.70219328447377 0.7043260426359904
    outer loop
      vertex -0.3121445152258052 1.5692564486451688 1.5
      vertex -0.15682742452729698 1.592295562675515 1.5
      vertex -0.3028794548196886 3.075186711690378 3
    endloop
  endfacet
  facet normal 0.03483199514987045 -0.7090215495868968 0.7043260426359904
    outer loop
      vertex -0.15682742452729698 1.592295562675515 1.5
      vertex 0 1.6 1.5
      vertex 0 3.0900662251655633 3
    endloop
  endfacet
  facet normal 0.17248595055535149 -0.6886025141732652 0.7043260426359903
    outer loop
      vertex -0.46445548360713973 1.5311045371715342 1.5
      vertex -0.7252348012516182 3.0000336721156846 3
      vertex -0.8969988768671002 2.957009010944693 3
    endloop
  endfacet
  facet normal 0.17248595055535448 -0.6886025141732647 0.7043260426359903
    outer loop
      vertex -0.46445548360713973 1.5311045371715342 1.5
      vertex -0.6357038097698953 3.0224600180148555 3
      vertex -0.7252348012516182 3.0000336721156846 3
    endloop
  endfacet
  facet normal 0.17248595055534727 -0.6886025141732657 0.704326042635991
    outer loop
      vertex -0.46445548360713973 1.5311045371715342 1.5
      vertex -0.6028420149187116 3.0306914691135587 3
      vertex -0.6357038097698953 3.0224600180148555 3
    endloop
  endfacet
  facet normal 0.10416053429521209 -0.70219328447377 0.7043260426359904
    outer loop
      vertex -0.3121445152258052 1.5692564486451688 1.5
      vertex -0.3690409256307243 3.0653725845806337 3
      vertex -0.6028420149187116 3.0306914691135587 3
    endloop
  endfacet
  facet normal 0.10416053429520267 -0.7021932844737708 0.704326042635991
    outer loop
      vertex -0.3121445152258052 1.5692564486451688 1.5
      vertex -0.33638983444407916 3.070215916436009 3
      vertex -0.3690409256307243 3.0653725845806337 3
    endloop
  endfacet
  facet normal 0.10416053429522114 -0.7021932844737695 0.7043260426359899
    outer loop
      vertex -0.3121445152258052 1.5692564486451688 1.5
      vertex -0.3028794548196886 3.075186711690378 3
      vertex -0.33638983444407916 3.070215916436009 3
    endloop
  endfacet
  facet normal 0.03483199514987068 -0.7090215495868969 0.7043260426359904
    outer loop
      vertex -0.15682742452729698 1.592295562675515 1.5
      vertex 0 3.0900662251655633 3
      vertex -0.3028794548196886 3.075186711690378 3
    endloop
  endfacet
  facet normal -0.03483199514987022 0.7090215495868968 0.7043260426359904
    outer loop
      vertex 0 -3.0900662251655633 3
      vertex 0.03383624112317767 -3.0884039572311415 3
      vertex 0.15682742452729698 -1.592295562675515 1.5
    endloop
  endfacet
  facet normal -0.03483199514987074 0.7090215495868969 0.7043260426359904
    outer loop
      vertex 0.03383624112317767 -3.0884039572311415 3
      vertex 0.3028794548196886 -3.075186711690378 3
      vertex 0.15682742452729698 -1.592295562675515 1.5
    endloop
  endfacet
  facet normal -0.104160534295212 0.70219328447377 0.7043260426359904
    outer loop
      vertex 0.3028794548196886 -3.075186711690378 3
      vertex 0.3690409256307243 -3.0653725845806337 3
      vertex 0.3121445152258052 -1.5692564486451688 1.5
    endloop
  endfacet
  facet normal -0.10416053429521252 0.70219328447377 0.7043260426359903
    outer loop
      vertex 0.3690409256307243 -3.0653725845806337 3
      vertex 0.6028420149187116 -3.0306914691135587 3
      vertex 0.3121445152258052 -1.5692564486451688 1.5
    endloop
  endfacet
  facet normal -0.1724859505553488 0.6886025141732657 0.7043260426359906
    outer loop
      vertex 0.6028420149187116 -3.0306914691135587 3
      vertex 0.6357038097698953 -3.0224600180148555 3
      vertex 0.46445548360713973 -1.5311045371715342 1.5
    endloop
  endfacet
  facet normal -0.172485950555355 0.6886025141732646 0.7043260426359903
    outer loop
      vertex 0.6357038097698953 -3.0224600180148555 3
      vertex 0.7252348012516182 -3.0000336721156846 3
      vertex 0.46445548360713973 -1.5311045371715342 1.5
    endloop
  endfacet
  facet normal -0.1724859505553518 0.6886025141732652 0.7043260426359903
    outer loop
      vertex 0.7252348012516182 -3.0000336721156846 3
      vertex 0.8969988768671002 -2.957009010944693 3
      vertex 0.46445548360713973 -1.5311045371715342 1.5
    endloop
  endfacet
  facet normal -0.03483199514987045 0.7090215495868968 0.7043260426359904
    outer loop
      vertex 0 -3.0900662251655633 3
      vertex 0.15682742452729698 -1.592295562675515 1.5
      vertex 0 -1.6 1.5
    endloop
  endfacet
  facet normal -0.10416053429521246 0.70219328447377 0.7043260426359904
    outer loop
      vertex 0.3028794548196886 -3.075186711690378 3
      vertex 0.3121445152258052 -1.5692564486451688 1.5
      vertex 0.15682742452729698 -1.592295562675515 1.5
    endloop
  endfacet
  facet normal -0.1724859505553513 0.6886025141732652 0.7043260426359905
    outer loop
      vertex 0.6028420149187116 -3.0306914691135587 3
      vertex 0.46445548360713973 -1.5311045371715342 1.5
      vertex 0.3121445152258052 -1.5692564486451688 1.5
    endloop
  endfacet
  facet normal -0.23915023282122974 0.6683801252328473 0.7043260426359904
    outer loop
      vertex 0.8969988768671002 -2.957009010944693 3
      vertex 0.6122934917841437 -1.478207252018059 1.5
      vertex 0.46445548360713973 -1.5311045371715342 1.5
    endloop
  endfacet
  facet normal -0.23915023282123102 0.668380125232847 0.7043260426359902
    outer loop
      vertex 0.8969988768671002 -2.957009010944693 3
      vertex 0.9892266228597439 -2.9240093957645823 3
      vertex 0.6122934917841437 -1.478207252018059 1.5
    endloop
  endfacet
  facet normal -0.23915023282122855 0.6683801252328478 0.7043260426359904
    outer loop
      vertex 0.9892266228597439 -2.9240093957645823 3
      vertex 1.0390464814607783 -2.906183565322052 3
      vertex 0.6122934917841437 -1.478207252018059 1.5
    endloop
  endfacet
  facet normal -0.23915023282122952 0.6683801252328475 0.7043260426359903
    outer loop
      vertex 1.0390464814607783 -2.906183565322052 3
      vertex 1.182517149281794 -2.854848939534877 3
      vertex 0.6122934917841437 -1.478207252018059 1.5
    endloop
  endfacet
  facet normal -0.30351136761222625 0.6417208703126938 0.7043260426359904
    outer loop
      vertex 1.182517149281794 -2.854848939534877 3
      vertex 1.2965771530560264 -2.800902575411634 3
      vertex 0.7542347789215963 -1.4110740229573682 1.5
    endloop
  endfacet
  facet normal -0.30351136761222697 0.6417208703126934 0.7043260426359903
    outer loop
      vertex 1.2965771530560264 -2.800902575411634 3
      vertex 1.3639937696607867 -2.7690168904478125 3
      vertex 0.7542347789215963 -1.4110740229573682 1.5
    endloop
  endfacet
  facet normal -0.3035113676122251 0.6417208703126943 0.7043260426359903
    outer loop
      vertex 1.3639937696607867 -2.7690168904478125 3
      vertex 1.4566471351192751 -2.725195112218162 3
      vertex 0.7542347789215963 -1.4110740229573682 1.5
    endloop
  endfacet
  facet normal -0.3035113676122261 0.641720870312694 0.7043260426359904
    outer loop
      vertex 0.6122934917841437 -1.478207252018059 1.5
      vertex 1.182517149281794 -2.854848939534877 3
      vertex 0.7542347789215963 -1.4110740229573682 1.5
    endloop
  endfacet
  facet normal -0.3649495220169253 0.6088814926111179 0.7043260426359903
    outer loop
      vertex 1.4566471351192751 -2.725195112218162 3
      vertex 0.8889123728313635 -1.3303513796840725 1.5
      vertex 0.7542347789215963 -1.4110740229573682 1.5
    endloop
  endfacet
  facet normal -0.42287301302289815 0.5701782532872162 0.7043260426359903
    outer loop
      vertex 1.7167488127612345 -2.5692961662276 3
      vertex 1.015029254661833 -1.2368167253803792 1.5
      vertex 0.8889123728313635 -1.3303513796840725 1.5
    endloop
  endfacet
  facet normal -0.47672400574755763 0.5259838856930195 0.7043260426359906
    outer loop
      vertex 1.9603172608659405 -2.3886534936361135 3
      vertex 1.1313708498984762 -1.1313708498984762 1.5
      vertex 1.015029254661833 -1.2368167253803792 1.5
    endloop
  endfacet
  facet normal -0.3649495220169246 0.6088814926111182 0.7043260426359904
    outer loop
      vertex 1.4566471351192751 -2.725195112218162 3
      vertex 1.6180910822395635 -2.628429334231697 3
      vertex 0.8889123728313635 -1.3303513796840725 1.5
    endloop
  endfacet
  facet normal -0.36494952201692593 0.6088814926111176 0.7043260426359905
    outer loop
      vertex 1.6180910822395635 -2.628429334231697 3
      vertex 1.6740509389696143 -2.5948882868955594 3
      vertex 0.8889123728313635 -1.3303513796840725 1.5
    endloop
  endfacet
  facet normal -0.36494952201692676 0.608881492611117 0.7043260426359904
    outer loop
      vertex 1.6740509389696143 -2.5948882868955594 3
      vertex 1.7167488127612345 -2.5692961662276 3
      vertex 0.8889123728313635 -1.3303513796840725 1.5
    endloop
  endfacet
  facet normal -0.422873013022898 0.5701782532872163 0.7043260426359903
    outer loop
      vertex 1.7167488127612345 -2.5692961662276 3
      vertex 1.9603172608659405 -2.3886534936361135 3
      vertex 1.015029254661833 -1.2368167253803792 1.5
    endloop
  endfacet
  facet normal -0.47672400574755847 0.5259838856930191 0.7043260426359904
    outer loop
      vertex 1.9603172608659405 -2.3886534936361135 3
      vertex 2.185006782130087 -2.185006782130087 3
      vertex 1.1313708498984762 -1.1313708498984762 1.5
    endloop
  endfacet
  facet normal -0.525983885693019 0.4767240057475584 0.7043260426359904
    outer loop
      vertex 2.185006782130087 -2.185006782130087 3
      vertex 2.220376494572759 -2.1459823181590134 3
      vertex 1.2368167253803792 -1.015029254661833 1.5
    endloop
  endfacet
  facet normal -0.5259838856930186 0.47672400574755897 0.7043260426359904
    outer loop
      vertex 2.220376494572759 -2.1459823181590134 3
      vertex 2.249441021266098 -2.113914554627747 3
      vertex 1.2368167253803792 -1.015029254661833 1.5
    endloop
  endfacet
  facet normal -0.5259838856930191 0.47672400574755824 0.7043260426359904
    outer loop
      vertex 2.249441021266098 -2.113914554627747 3
      vertex 2.3886534936361135 -1.9603172608659405 3
      vertex 1.2368167253803792 -1.015029254661833 1.5
    endloop
  endfacet
  facet normal -0.5701782532872164 0.42287301302289787 0.7043260426359903
    outer loop
      vertex 2.3886534936361135 -1.9603172608659405 3
      vertex 2.4748737341529163 -1.844062724345748 3
      vertex 1.3303513796840725 -0.8889123728313635 1.5
    endloop
  endfacet
  facet normal -0.5701782532872167 0.42287301302289754 0.7043260426359903
    outer loop
      vertex 2.4748737341529163 -1.844062724345748 3
      vertex 2.508061870316069 -1.7993137029501922 3
      vertex 1.3303513796840725 -0.8889123728313635 1.5
    endloop
  endfacet
  facet normal -0.5259838856930199 0.4767240057475577 0.7043260426359904
    outer loop
      vertex 2.185006782130087 -2.185006782130087 3
      vertex 1.2368167253803792 -1.015029254661833 1.5
      vertex 1.1313708498984762 -1.1313708498984762 1.5
    endloop
  endfacet
  facet normal -0.5701782532872162 0.42287301302289815 0.7043260426359905
    outer loop
      vertex 2.3886534936361135 -1.9603172608659405 3
      vertex 1.3303513796840725 -0.8889123728313635 1.5
      vertex 1.2368167253803792 -1.015029254661833 1.5
    endloop
  endfacet
  facet normal -0.6088814926111178 0.36494952201692543 0.7043260426359905
    outer loop
      vertex 2.5692961662276 -1.7167488127612345 3
      vertex 1.4110740229573682 -0.7542347789215963 1.5
      vertex 1.3303513796840725 -0.8889123728313635 1.5
    endloop
  endfacet
  facet normal -0.641720870312694 0.3035113676122261 0.7043260426359904
    outer loop
      vertex 1.4110740229573682 -0.7542347789215963 1.5
      vertex 2.725195112218162 -1.4566471351192751 3
      vertex 1.478207252018059 -0.6122934917841437 1.5
    endloop
  endfacet
  facet normal -0.6683801252328473 0.23915023282123007 0.7043260426359904
    outer loop
      vertex 1.478207252018059 -0.6122934917841437 1.5
      vertex 2.854848939534877 -1.182517149281794 3
      vertex 1.5311045371715342 -0.46445548360713973 1.5
    endloop
  endfacet
  facet normal -0.570178253287216 0.42287301302289837 0.7043260426359903
    outer loop
      vertex 2.508061870316069 -1.7993137029501922 3
      vertex 2.5692961662276 -1.7167488127612345 3
      vertex 1.3303513796840725 -0.8889123728313635 1.5
    endloop
  endfacet
  facet normal -0.6088814926111179 0.3649495220169252 0.7043260426359904
    outer loop
      vertex 2.5692961662276 -1.7167488127612345 3
      vertex 2.725195112218162 -1.4566471351192751 3
      vertex 1.4110740229573682 -0.7542347789215963 1.5
    endloop
  endfacet
  facet normal -0.6886025141732652 0.17248595055535196 0.7043260426359903
    outer loop
      vertex 1.5311045371715342 -0.46445548360713973 1.5
      vertex 2.957009010944693 -0.8969988768671002 3
      vertex 1.5692564486451688 -0.3121445152258052 1.5
    endloop
  endfacet
  facet normal -0.70219328447377 0.10416053429521246 0.7043260426359904
    outer loop
      vertex 1.5692564486451688 -0.3121445152258052 1.5
      vertex 3.0306914691135587 -0.6028420149187116 3
      vertex 1.592295562675515 -0.15682742452729698 1.5
    endloop
  endfacet
  facet normal -0.7090215495868969 0.034831995149870454 0.7043260426359904
    outer loop
      vertex 1.592295562675515 -0.15682742452729698 1.5
      vertex 3.075186711690378 -0.3028794548196886 3
      vertex 1.6 0 1.5
    endloop
  endfacet
  facet normal -0.641720870312694 0.30351136761222586 0.7043260426359904
    outer loop
      vertex 1.478207252018059 -0.6122934917841437 1.5
      vertex 2.725195112218162 -1.4566471351192751 3
      vertex 2.854848939534877 -1.182517149281794 3
    endloop
  endfacet
  facet normal -0.6683801252328472 0.2391502328212302 0.7043260426359903
    outer loop
      vertex 1.5311045371715342 -0.46445548360713973 1.5
      vertex 2.854848939534877 -1.182517149281794 3
      vertex 2.9101436430589085 -1.0279788056217563 3
    endloop
  endfacet
  facet normal -0.6683801252328474 0.2391502328212293 0.7043260426359904
    outer loop
      vertex 1.5311045371715342 -0.46445548360713973 1.5
      vertex 2.9101436430589085 -1.0279788056217563 3
      vertex 2.957009010944693 -0.8969988768671002 3
    endloop
  endfacet
  facet normal -0.6886025141732649 0.1724859505553524 0.7043260426359903
    outer loop
      vertex 1.5692564486451688 -0.3121445152258052 1.5
      vertex 2.957009010944693 -0.8969988768671002 3
      vertex 3.0306914691135587 -0.6028420149187116 3
    endloop
  endfacet
  facet normal -0.70219328447377 0.10416053429521241 0.7043260426359903
    outer loop
      vertex 1.592295562675515 -0.15682742452729698 1.5
      vertex 3.0306914691135587 -0.6028420149187116 3
      vertex 3.075186711690378 -0.3028794548196886 3
    endloop
  endfacet
  facet normal -0.7090215495868969 0.03483199514987068 0.7043260426359904
    outer loop
      vertex 3.075186711690378 -0.3028794548196886 3
      vertex 3.0900662251655633 0 3
      vertex 1.6 0 1.5
    endloop
  endfacet
  facet normal -0.034831995149870454 -0.7090215495868969 0.7043260426359904
    outer loop
      vertex 0 1.6 1.5
      vertex 0.15682742452729698 1.592295562675515 1.5
      vertex 0.3028794548196886 3.075186711690378 3
    endloop
  endfacet
  facet normal -0.10416053429521246 -0.70219328447377 0.7043260426359904
    outer loop
      vertex 0.15682742452729698 1.592295562675515 1.5
      vertex 0.3121445152258052 1.5692564486451688 1.5
      vertex 0.6028420149187116 3.0306914691135587 3
    endloop
  endfacet
  facet normal -0.17248595055535196 -0.6886025141732652 0.7043260426359904
    outer loop
      vertex 0.46445548360713973 1.5311045371715342 1.5
      vertex 0.8969988768671002 2.957009010944693 3
      vertex 0.3121445152258052 1.5692564486451688 1.5
    endloop
  endfacet
  facet normal -0.03483199514987068 -0.7090215495868969 0.7043260426359904
    outer loop
      vertex 0 1.6 1.5
      vertex 0.3028794548196886 3.075186711690378 3
      vertex 0 3.0900662251655633 3
    endloop
  endfacet
  facet normal -0.10416053429521802 -0.7021932844737693 0.7043260426359903
    outer loop
      vertex 0.15682742452729698 1.592295562675515 1.5
      vertex 0.33638983444407916 3.070215916436009 3
      vertex 0.3028794548196886 3.075186711690378 3
    endloop
  endfacet
  facet normal -0.10416053429521172 -0.7021932844737702 0.7043260426359902
    outer loop
      vertex 0.15682742452729698 1.592295562675515 1.5
      vertex 0.6028420149187116 3.0306914691135587 3
      vertex 0.33638983444407916 3.070215916436009 3
    endloop
  endfacet
  facet normal -0.17248595055535526 -0.6886025141732642 0.7043260426359904
    outer loop
      vertex 0.3121445152258052 1.5692564486451688 1.5
      vertex 0.6677229474898948 3.014439641539426 3
      vertex 0.6357038097698953 3.0224600180148555 3
    endloop
  endfacet
  facet normal -0.17248595055535187 -0.6886025141732655 0.7043260426359899
    outer loop
      vertex 0.3121445152258052 1.5692564486451688 1.5
      vertex 0.6357038097698953 3.0224600180148555 3
      vertex 0.6028420149187116 3.0306914691135587 3
    endloop
  endfacet
  facet normal -0.17248595055535257 -0.688602514173265 0.7043260426359904
    outer loop
      vertex 0.3121445152258052 1.5692564486451688 1.5
      vertex 0.8969988768671002 2.957009010944693 3
      vertex 0.6677229474898948 3.014439641539426 3
    endloop
  endfacet
  facet normal -0.303511367612226 -0.6417208703126939 0.7043260426359904
    outer loop
      vertex 0.7542347789215963 1.4110740229573682 1.5
      vertex 1.4566471351192751 2.725195112218162 3
      vertex 0.6122934917841437 1.478207252018059 1.5
    endloop
  endfacet
  facet normal -0.3649495220169253 -0.6088814926111179 0.7043260426359904
    outer loop
      vertex 0.8889123728313635 1.3303513796840725 1.5
      vertex 1.7167488127612345 2.5692961662276 3
      vertex 0.7542347789215963 1.4110740229573682 1.5
    endloop
  endfacet
  facet normal -0.23915023282123007 -0.6683801252328473 0.7043260426359904
    outer loop
      vertex 0.46445548360713973 1.5311045371715342 1.5
      vertex 0.6122934917841437 1.478207252018059 1.5
      vertex 1.182517149281794 2.854848939534877 3
    endloop
  endfacet
  facet normal -0.42287301302289815 -0.5701782532872162 0.7043260426359904
    outer loop
      vertex 0.8889123728313635 1.3303513796840725 1.5
      vertex 1.015029254661833 1.2368167253803792 1.5
      vertex 1.9603172608659405 2.3886534936361135 3
    endloop
  endfacet
  facet normal -0.476724005747558 -0.5259838856930196 0.7043260426359904
    outer loop
      vertex 1.1313708498984762 1.1313708498984762 1.5
      vertex 2.185006782130087 2.185006782130087 3
      vertex 1.015029254661833 1.2368167253803792 1.5
    endloop
  endfacet
  facet normal -0.36494952201692593 -0.6088814926111176 0.7043260426359905
    outer loop
      vertex 0.7542347789215963 1.4110740229573682 1.5
      vertex 1.6498885788909918 2.6093706481900028 3
      vertex 1.5860497822681585 2.6476341503597407 3
    endloop
  endfacet
  facet normal -0.36494952201692676 -0.608881492611117 0.7043260426359903
    outer loop
      vertex 0.7542347789215963 1.4110740229573682 1.5
      vertex 1.7167488127612345 2.5692961662276 3
      vertex 1.6498885788909918 2.6093706481900028 3
    endloop
  endfacet
  facet normal -0.2391502328212301 -0.6683801252328472 0.7043260426359904
    outer loop
      vertex 0.46445548360713973 1.5311045371715342 1.5
      vertex 1.182517149281794 2.854848939534877 3
      vertex 1.0157973188899267 2.914502248705674 3
    endloop
  endfacet
  facet normal -0.23915023282123382 -0.668380125232846 0.7043260426359904
    outer loop
      vertex 0.46445548360713973 1.5311045371715342 1.5
      vertex 0.9288956098965756 2.9455961773755046 3
      vertex 0.8969988768671002 2.957009010944693 3
    endloop
  endfacet
  facet normal -0.23915023282122858 -0.6683801252328477 0.7043260426359905
    outer loop
      vertex 0.46445548360713973 1.5311045371715342 1.5
      vertex 1.0157973188899267 2.914502248705674 3
      vertex 0.9288956098965756 2.9455961773755046 3
    endloop
  endfacet
  facet normal -0.3035113676122262 -0.6417208703126939 0.7043260426359903
    outer loop
      vertex 0.6122934917841437 1.478207252018059 1.5
      vertex 1.2710662655571459 2.812968326600331 3
      vertex 1.182517149281794 2.854848939534877 3
    endloop
  endfacet
  facet normal -0.30351136761222763 -0.6417208703126933 0.7043260426359903
    outer loop
      vertex 0.6122934917841437 1.478207252018059 1.5
      vertex 1.3376487877875687 2.78147713889534 3
      vertex 1.2710662655571459 2.812968326600331 3
    endloop
  endfacet
  facet normal -0.30351136761222464 -0.6417208703126948 0.7043260426359902
    outer loop
      vertex 0.6122934917841437 1.478207252018059 1.5
      vertex 1.4566471351192751 2.725195112218162 3
      vertex 1.3376487877875687 2.78147713889534 3
    endloop
  endfacet
  facet normal -0.3649495220169241 -0.6088814926111185 0.7043260426359904
    outer loop
      vertex 0.7542347789215963 1.4110740229573682 1.5
      vertex 1.5860497822681585 2.6476341503597407 3
      vertex 1.4566471351192751 2.725195112218162 3
    endloop
  endfacet
  facet normal -0.7090215495868968 -0.03483199514987045 0.7043260426359904
    outer loop
      vertex 1.6 0 1.5
      vertex 3.0900662251655633 0 3
      vertex 1.592295562675515 0.15682742452729698 1.5
    endloop
  endfacet
  facet normal -0.70219328447377 -0.10416053429521246 0.7043260426359904
    outer loop
      vertex 1.592295562675515 0.15682742452729698 1.5
      vertex 3.075186711690378 0.3028794548196886 3
      vertex 1.5692564486451688 0.3121445152258052 1.5
    endloop
  endfacet
  facet normal -0.6886025141732652 -0.17248595055535196 0.7043260426359904
    outer loop
      vertex 1.5692564486451688 0.3121445152258052 1.5
      vertex 3.0306914691135587 0.6028420149187116 3
      vertex 1.5311045371715342 0.46445548360713973 1.5
    endloop
  endfacet
  facet normal -0.6683801252328473 -0.23915023282123007 0.7043260426359902
    outer loop
      vertex 1.478207252018059 0.6122934917841437 1.5
      vertex 1.5311045371715342 0.46445548360713973 1.5
      vertex 2.957009010944693 0.8969988768671002 3
    endloop
  endfacet
  facet normal -0.6088814926111179 -0.3649495220169253 0.7043260426359904
    outer loop
      vertex 1.4110740229573682 0.7542347789215963 1.5
      vertex 2.725195112218162 1.4566471351192751 3
      vertex 1.3303513796840725 0.8889123728313635 1.5
    endloop
  endfacet
  facet normal -0.5259838856930195 -0.47672400574755797 0.7043260426359904
    outer loop
      vertex 1.2368167253803792 1.015029254661833 1.5
      vertex 2.3886534936361135 1.9603172608659405 3
      vertex 1.1313708498984762 1.1313708498984762 1.5
    endloop
  endfacet
  facet normal -0.5701782532872162 -0.42287301302289815 0.7043260426359903
    outer loop
      vertex 1.3303513796840725 0.8889123728313635 1.5
      vertex 2.5692961662276 1.7167488127612345 3
      vertex 1.2368167253803792 1.015029254661833 1.5
    endloop
  endfacet
  facet normal -0.641720870312694 -0.3035113676122261 0.7043260426359904
    outer loop
      vertex 1.478207252018059 0.6122934917841437 1.5
      vertex 2.854848939534877 1.182517149281794 3
      vertex 1.4110740229573682 0.7542347789215963 1.5
    endloop
  endfacet
  facet normal -0.6088814926111186 -0.3649495220169239 0.7043260426359905
    outer loop
      vertex 1.3303513796840725 0.8889123728313635 1.5
      vertex 2.7055365867695795 1.4894454033606335 3
      vertex 2.672348450606427 1.544816463370035 3
    endloop
  endfacet
  facet normal -0.6088814926111179 -0.3649495220169257 0.7043260426359902
    outer loop
      vertex 1.3303513796840725 0.8889123728313635 1.5
      vertex 2.672348450606427 1.544816463370035 3
      vertex 2.5692961662276 1.7167488127612345 3
    endloop
  endfacet
  facet normal -0.7090215495868969 -0.03483199514987103 0.7043260426359904
    outer loop
      vertex 1.592295562675515 0.15682742452729698 1.5
      vertex 3.0900662251655633 0 3
      vertex 3.075186711690378 0.3028794548196886 3
    endloop
  endfacet
  facet normal -0.70219328447377 -0.10416053429521206 0.7043260426359904
    outer loop
      vertex 1.5692564486451688 0.3121445152258052 1.5
      vertex 3.075186711690378 0.3028794548196886 3
      vertex 3.0306914691135587 0.6028420149187116 3
    endloop
  endfacet
  facet normal -0.6886025141732651 -0.17248595055535226 0.7043260426359904
    outer loop
      vertex 1.5311045371715342 0.46445548360713973 1.5
      vertex 3.0306914691135587 0.6028420149187116 3
      vertex 2.957009010944693 0.8969988768671002 3
    endloop
  endfacet
  facet normal -0.6683801252328476 -0.23915023282122924 0.7043260426359903
    outer loop
      vertex 1.478207252018059 0.6122934917841437 1.5
      vertex 2.9101436430589085 1.0279788056217563 3
      vertex 2.8705537549793365 1.138625130488013 3
    endloop
  endfacet
  facet normal -0.6683801252328468 -0.2391502328212296 0.7043260426359909
    outer loop
      vertex 1.478207252018059 0.6122934917841437 1.5
      vertex 2.8705537549793365 1.138625130488013 3
      vertex 2.854848939534877 1.182517149281794 3
    endloop
  endfacet
  facet normal -0.6683801252328473 -0.23915023282122935 0.7043260426359904
    outer loop
      vertex 1.478207252018059 0.6122934917841437 1.5
      vertex 2.957009010944693 0.8969988768671002 3
      vertex 2.9101436430589085 1.0279788056217563 3
    endloop
  endfacet
  facet normal -0.6417208703126939 -0.30351136761222636 0.7043260426359902
    outer loop
      vertex 1.4110740229573682 0.7542347789215963 1.5
      vertex 2.854848939534877 1.182517149281794 3
      vertex 2.725195112218162 1.4566471351192751 3
    endloop
  endfacet
  facet normal -0.6088814926111185 -0.36494952201692255 0.7043260426359914
    outer loop
      vertex 1.3303513796840725 0.8889123728313635 1.5
      vertex 2.725195112218162 1.4566471351192751 3
      vertex 2.7055365867695795 1.4894454033606335 3
    endloop
  endfacet
  facet normal -0.5259838856930209 -0.47672400574755647 0.7043260426359903
    outer loop
      vertex 1.1313708498984762 1.1313708498984762 1.5
      vertex 2.220376494572759 2.1459823181590134 3
      vertex 2.1943007433111053 2.174752476165766 3
    endloop
  endfacet
  facet normal -0.5259838856930151 -0.47672400574756524 0.7043260426359887
    outer loop
      vertex 1.1313708498984762 1.1313708498984762 1.5
      vertex 2.1943007433111053 2.174752476165766 3
      vertex 2.185006782130087 2.185006782130087 3
    endloop
  endfacet
  facet normal -0.4228730130228973 -0.5701782532872176 0.7043260426359899
    outer loop
      vertex 0.8889123728313635 1.3303513796840725 1.5
      vertex 1.9444958155686076 2.4003874771836933 3
      vertex 1.9203334554899851 2.418307504735225 3
    endloop
  endfacet
  facet normal -0.4228730130228926 -0.5701782532872216 0.7043260426359892
    outer loop
      vertex 0.8889123728313635 1.3303513796840725 1.5
      vertex 1.9603172608659405 2.3886534936361135 3
      vertex 1.9444958155686076 2.4003874771836933 3
    endloop
  endfacet
  facet normal -0.4228730130228985 -0.5701782532872159 0.7043260426359904
    outer loop
      vertex 0.8889123728313635 1.3303513796840725 1.5
      vertex 1.9203334554899851 2.418307504735225 3
      vertex 1.7167488127612345 2.5692961662276 3
    endloop
  endfacet
  facet normal -0.4767240057475586 -0.5259838856930189 0.7043260426359904
    outer loop
      vertex 1.015029254661833 1.2368167253803792 1.5
      vertex 2.185006782130087 2.185006782130087 3
      vertex 1.9603172608659405 2.3886534936361135 3
    endloop
  endfacet
  facet normal -0.5701782532872173 -0.4228730130228979 0.7043260426359896
    outer loop
      vertex 1.2368167253803792 1.015029254661833 1.5
      vertex 2.4748737341529163 1.844062724345748 3
      vertex 2.4458092074595776 1.8832517020110837 3
    endloop
  endfacet
  facet normal -0.5701782532872158 -0.4228730130228988 0.7043260426359903
    outer loop
      vertex 1.2368167253803792 1.015029254661833 1.5
      vertex 2.4458092074595776 1.8832517020110837 3
      vertex 2.3886534936361135 1.9603172608659405 3
    endloop
  endfacet
  facet normal -0.5259838856930189 -0.4767240057475583 0.7043260426359904
    outer loop
      vertex 1.1313708498984762 1.1313708498984762 1.5
      vertex 2.3886534936361135 1.9603172608659405 3
      vertex 2.220376494572759 2.1459823181590134 3
    endloop
  endfacet
  facet normal -0.5701782532872166 -0.4228730130228977 0.7043260426359903
    outer loop
      vertex 1.2368167253803792 1.015029254661833 1.5
      vertex 2.5692961662276 1.7167488127612345 3
      vertex 2.4748737341529163 1.844062724345748 3
    endloop
  endfacet
  facet normal 0 0 1
    outer loop
      vertex -0.6680886949753525 -3.024576366253607 3
      vertex -0.6028420149187116 -3.0306914691135587 3
      vertex -0.6677229474898948 -3.014439641539426 3
    endloop
  endfacet
  facet normal 0 0 1
    outer loop
      vertex -0.6047799982499976 -3.0404343692500144 3
      vertex -0.6028420149187116 -3.0306914691135587 3
      vertex -0.6680886949753525 -3.024576366253607 3
    endloop
  endfacet
  facet normal 0 0 1
    outer loop
      vertex -0.30385313502163785 -3.0850726526838104 3
      vertex -0.3028794548196886 -3.075186711690378 3
      vertex -0.3365514699055343 -3.080222312887948 3
    endloop
  endfacet
  facet normal 0 0 1
    outer loop
      vertex -0.3365514699055343 -3.080222312887948 3
      vertex -0.3028794548196886 -3.075186711690378 3
      vertex -0.33638983444407916 -3.070215916436009 3
    endloop
  endfacet
  facet normal 0 0 1
    outer loop
      vertex -2.672348450606427 -1.544816463370035 3
      vertex -2.7055365867695795 -1.4920151474030172 3
      vertex -2.6726602626242153 -1.551163542803211 3
    endloop
  endfacet
  facet normal 0 0 1
    outer loop
      vertex -2.672348450606427 -1.544816463370035 3
      vertex -2.7055365867695795 -1.4894454033606335 3
      vertex -2.7055365867695795 -1.4920151474030172 3
    endloop
  endfacet
  facet normal 0 0 1
    outer loop
      vertex -2.4748737341529163 -1.85315523543728 3
      vertex -2.44635467776619 -1.894355005177725 3
      vertex -2.4458092074595776 -1.8832517020110837 3
    endloop
  endfacet
  facet normal 0 0 1
    outer loop
      vertex -2.4748737341529163 -1.85315523543728 3
      vertex -2.4458092074595776 -1.8832517020110837 3
      vertex -2.4748737341529163 -1.844062724345748 3
    endloop
  endfacet
  facet normal 0 0 1
    outer loop
      vertex -1.9209189731009373 -2.4302259895088203 3
      vertex -1.9203334554899851 -2.418307504735225 3
      vertex -1.9444958155686076 -2.4127402114133027 3
    endloop
  endfacet
  facet normal 0 0 1
    outer loop
      vertex -1.9203334554899851 -2.418307504735225 3
      vertex -1.9444958155686076 -2.4003874771836933 3
      vertex -1.9444958155686076 -2.4127402114133027 3
    endloop
  endfacet
  facet normal 0 0 1
    outer loop
      vertex -1.5860497822681585 -2.6476341503597407 3
      vertex -1.6498885788909918 -2.6093706481900028 3
      vertex -1.6498885788909918 -2.620938187213328 3
    endloop
  endfacet
  facet normal 0 0 1
    outer loop
      vertex -1.5875967644157232 -2.658274463966998 3
      vertex -1.5860497822681585 -2.6476341503597407 3
      vertex -1.6498885788909918 -2.620938187213328 3
    endloop
  endfacet
  facet normal 0 0 1
    outer loop
      vertex -2.220376494572759 -2.1607566117574972 3
      vertex -2.1943007433111053 -2.174752476165766 3
      vertex -2.220376494572759 -2.1459823181590134 3
    endloop
  endfacet
  facet normal 0 0 1
    outer loop
      vertex -2.194989239184611 -2.1887671316288424 3
      vertex -2.1943007433111053 -2.174752476165766 3
      vertex -2.220376494572759 -2.1607566117574972 3
    endloop
  endfacet
  facet normal 0 0 1
    outer loop
      vertex -2.871720659627604 -1.1623780202772709 3
      vertex -2.8705537549793365 -1.138625130488013 3
      vertex -2.9101436430589085 -1.0428229078522089 3
    endloop
  endfacet
  facet normal 0 0 1
    outer loop
      vertex -2.8705537549793365 -1.138625130488013 3
      vertex -2.9101436430589085 -1.0279788056217563 3
      vertex -2.9101436430589085 -1.0428229078522089 3
    endloop
  endfacet
  facet normal 0 0 1
    outer loop
      vertex -1.2710662655571459 -2.812968326600331 3
      vertex -1.3376487877875687 -2.78147713889534 3
      vertex -1.3376910307315975 -2.792432742083405 3
    endloop
  endfacet
  facet normal 0 0 1
    outer loop
      vertex -1.2727219783452073 -2.8231608153852057 3
      vertex -1.2710662655571459 -2.812968326600331 3
      vertex -1.3376910307315975 -2.792432742083405 3
    endloop
  endfacet
  facet normal 0 0 1
    outer loop
      vertex -1.0157973188899267 -2.914502248705674 3
      vertex -1.0158021424319466 -2.9250383293120645 3
      vertex -0.9288956098965756 -2.9455961773755046 3
    endloop
  endfacet
  facet normal 0 0 1
    outer loop
      vertex -1.0158021424319466 -2.9250383293120645 3
      vertex -0.9310062906839919 -2.955378770211221 3
      vertex -0.9288956098965756 -2.9455961773755046 3
    endloop
  endfacet
  facet normal 0 0 1
    outer loop
      vertex -2.9615363985562073 0.8983722448844581 3
      vertex -2.9101436430589085 1.0279788056217563 3
      vertex -2.9607447003860763 0.9144876313553206 3
    endloop
  endfacet
  facet normal 0 0 1
    outer loop
      vertex -2.9607447003860763 0.9144876313553206 3
      vertex -2.9101436430589085 1.0279788056217563 3
      vertex -2.9101436430589085 1.0425624182302011 3
    endloop
  endfacet
  facet normal 0 0 1
    outer loop
      vertex -2.508061870316069 1.7993137029501922 3
      vertex -2.4748737341529163 1.844062724345748 3
      vertex -2.5075105107095412 1.810536885570599 3
    endloop
  endfacet
  facet normal 0 0 1
    outer loop
      vertex -2.5075105107095412 1.810536885570599 3
      vertex -2.4748737341529163 1.844062724345748 3
      vertex -2.4748737341529163 1.851664862373698 3
    endloop
  endfacet
  facet normal 0 0 1
    outer loop
      vertex -2.249441021266098 2.113914554627747 3
      vertex -2.220376494572759 2.1459823181590134 3
      vertex -2.2492078805816256 2.118660242282587 3
    endloop
  endfacet
  facet normal 0 0 1
    outer loop
      vertex -2.2492078805816256 2.118660242282587 3
      vertex -2.220376494572759 2.1459823181590134 3
      vertex -2.220376494572759 2.1484551016671163 3
    endloop
  endfacet
  facet normal 0 0 1
    outer loop
      vertex -1.6740509389696143 2.5948882868955594 3
      vertex -1.618560776494116 2.6351990046081473 3
      vertex -1.673572761521682 2.604621812455944 3
    endloop
  endfacet
  facet normal 0 0 1
    outer loop
      vertex -1.6740509389696143 2.5948882868955594 3
      vertex -1.6180910822395635 2.628429334231697 3
      vertex -1.618560776494116 2.6351990046081473 3
    endloop
  endfacet
  facet normal 0 0 1
    outer loop
      vertex -1.3639937696607867 2.7690168904478125 3
      vertex -1.2965771530560264 2.800902575411634 3
      vertex -1.363606559120647 2.7763286895007133 3
    endloop
  endfacet
  facet normal 0 0 1
    outer loop
      vertex -1.363606559120647 2.7763286895007133 3
      vertex -1.2965771530560264 2.800902575411634 3
      vertex -1.2970031779970042 2.805207872129907 3
    endloop
  endfacet
  facet normal 0 0 1
    outer loop
      vertex -1.0390464814607783 2.906183565322052 3
      vertex -0.9892266228597439 2.9240093957645823 3
      vertex -1.03877277074605 2.9114452883651434 3
    endloop
  endfacet
  facet normal 0 0 1
    outer loop
      vertex -1.03877277074605 2.9114452883651434 3
      vertex -0.9892266228597439 2.9240093957645823 3
      vertex -0.9894338770072145 2.927301971180229 3
    endloop
  endfacet
  facet normal 0 0 1
    outer loop
      vertex -0.7252348012516182 3.0000336721156846 3
      vertex -0.6357038097698953 3.0224600180148555 3
      vertex -0.724812718519671 3.004339357107657 3
    endloop
  endfacet
  facet normal 0 0 1
    outer loop
      vertex -0.724812718519671 3.004339357107657 3
      vertex -0.6357038097698953 3.0224600180148555 3
      vertex -0.6358305992175093 3.0235641931145443 3
    endloop
  endfacet
  facet normal 0 0 1
    outer loop
      vertex -0.3690409256307243 3.0653725845806337 3
      vertex -0.33638983444407916 3.070215916436009 3
      vertex -0.3689032389611593 3.0675865890485894 3
    endloop
  endfacet
  facet normal 0 0 1
    outer loop
      vertex -0.3689032389611593 3.0675865890485894 3
      vertex -0.33638983444407916 3.070215916436009 3
      vertex -0.33640778528015325 3.0713272021698703 3
    endloop
  endfacet
  facet normal 0 0 1
    outer loop
      vertex -0.3028794548196886 3.075186711690378 3
      vertex 0 3.0900662251655633 3
      vertex -0.30385313502163785 3.0850726526838104 3
    endloop
  endfacet
  facet normal 0 0 1
    outer loop
      vertex 0 -3.1 3
      vertex 0.03301629990048357 -3.0983780131948455 3
      vertex 0 -3.0900662251655633 3
    endloop
  endfacet
  facet normal 0 0 1
    outer loop
      vertex 0 -3.0900662251655633 3
      vertex 0.03301629990048357 -3.0983780131948455 3
      vertex 0.03383624112317767 -3.0884039572311415 3
    endloop
  endfacet
  facet normal 0 0 1
    outer loop
      vertex 0.30385313502163785 -3.0850726526838104 3
      vertex 0.36841133917327856 -3.0754963477172743 3
      vertex 0.3028794548196886 -3.075186711690378 3
    endloop
  endfacet
  facet normal 0 0 1
    outer loop
      vertex 0.3028794548196886 -3.075186711690378 3
      vertex 0.36841133917327856 -3.0754963477172743 3
      vertex 0.3690409256307243 -3.0653725845806337 3
    endloop
  endfacet
  facet normal 0 0 1
    outer loop
      vertex 0.636845465277647 -3.032402387887144 3
      vertex 0.7252348012516182 -3.0000336721156846 3
      vertex 0.6357038097698953 -3.0224600180148555 3
    endloop
  endfacet
  facet normal 0 0 1
    outer loop
      vertex 0.636845465277647 -3.032402387887144 3
      vertex 0.7242068850756448 -3.010519491403947 3
      vertex 0.7252348012516182 -3.0000336721156846 3
    endloop
  endfacet
  facet normal 0 0 1
    outer loop
      vertex 0.989875324334644 -2.9343150931627604 3
      vertex 1.0390464814607783 -2.906183565322052 3
      vertex 0.9892266228597439 -2.9240093957645823 3
    endloop
  endfacet
  facet normal 0 0 1
    outer loop
      vertex 0.989875324334644 -2.9343150931627604 3
      vertex 1.0384879165721639 -2.916921229532246 3
      vertex 1.0390464814607783 -2.906183565322052 3
    endloop
  endfacet
  facet normal 0 0 1
    outer loop
      vertex 1.2965771530560264 -2.800902575411634 3
      vertex 1.2976146698626934 -2.811387449120306 3
      vertex 1.3639937696607867 -2.7690168904478125 3
    endloop
  endfacet
  facet normal 0 0 1
    outer loop
      vertex 1.2976146698626934 -2.811387449120306 3
      vertex 1.3633976043203269 -2.780274438267078 3
      vertex 1.3639937696607867 -2.7690168904478125 3
    endloop
  endfacet
  facet normal 0 0 1
    outer loop
      vertex 1.618861619315123 -2.6395350311053853 3
      vertex 1.6740509389696143 -2.5948882868955594 3
      vertex 1.6180910822395635 -2.628429334231697 3
    endloop
  endfacet
  facet normal 0 0 1
    outer loop
      vertex 1.618861619315123 -2.6395350311053853 3
      vertex 1.6734654213586622 -2.606806771669154 3
      vertex 1.6740509389696143 -2.5948882868955594 3
    endloop
  endfacet
  facet normal 0 0 1
    outer loop
      vertex 2.220376494572759 -2.1607566117574972 3
      vertex 2.2486736107131686 -2.129535555292972 3
      vertex 2.249441021266098 -2.113914554627747 3
    endloop
  endfacet
  facet normal 0 0 1
    outer loop
      vertex 2.220376494572759 -2.1607566117574972 3
      vertex 2.249441021266098 -2.113914554627747 3
      vertex 2.220376494572759 -2.1459823181590134 3
    endloop
  endfacet
  facet normal 0 0 1
    outer loop
      vertex 2.4748737341529163 -1.8607184583591605 3
      vertex 2.508061870316069 -1.7993137029501922 3
      vertex 2.4748737341529163 -1.844062724345748 3
    endloop
  endfacet
  facet normal 0 0 1
    outer loop
      vertex 2.4748737341529163 -1.8607184583591605 3
      vertex 2.507185581285376 -1.8171509759445947 3
      vertex 2.508061870316069 -1.7993137029501922 3
    endloop
  endfacet
  facet normal 0 0 1
    outer loop
      vertex 2.9101436430589085 -1.057430001814506 3
      vertex 2.9615363985562073 -0.8983722448844581 3
      vertex 2.9101436430589085 -1.0279788056217563 3
    endloop
  endfacet
  facet normal 0 0 1
    outer loop
      vertex 2.9101436430589085 -1.057430001814506 3
      vertex 2.9606580356715497 -0.9162517321460972 3
      vertex 2.9615363985562073 -0.8983722448844581 3
    endloop
  endfacet
  facet normal 0 0 1
    outer loop
      vertex 0.9288956098965756 2.9455961773755046 3
      vertex 1.0157973188899267 2.914502248705674 3
      vertex 0.9307755849232572 2.954309494110554 3
    endloop
  endfacet
  facet normal 0 0 1
    outer loop
      vertex 1.0157973188899267 2.914502248705674 3
      vertex 1.015800164140443 2.920717139891841 3
      vertex 0.9307755849232572 2.954309494110554 3
    endloop
  endfacet
  facet normal 0 0 1
    outer loop
      vertex 1.3376487877875687 2.78147713889534 3
      vertex 1.2721959951899526 2.819922888221979 3
      vertex 1.2710662655571459 2.812968326600331 3
    endloop
  endfacet
  facet normal 0 0 1
    outer loop
      vertex 1.3376487877875687 2.78147713889534 3
      vertex 1.3376673801861694 2.786299031546668 3
      vertex 1.2721959951899526 2.819922888221979 3
    endloop
  endfacet
  facet normal 0 0 1
    outer loop
      vertex 2.9101436430589085 1.0279788056217563 3
      vertex 2.9101436430589085 1.057430001814506 3
      vertex 2.8705537549793365 1.138625130488013 3
    endloop
  endfacet
  facet normal 0 0 1
    outer loop
      vertex 2.9101436430589085 1.057430001814506 3
      vertex 2.8718259294708366 1.1645208371630813 3
      vertex 2.8705537549793365 1.138625130488013 3
    endloop
  endfacet
  facet normal 0 0 1
    outer loop
      vertex 2.1943007433111053 2.174752476165766 3
      vertex 2.220376494572759 2.1586267212390804 3
      vertex 2.1949789167957015 2.1885570145755864 3
    endloop
  endfacet
  facet normal 0 0 1
    outer loop
      vertex 2.1943007433111053 2.174752476165766 3
      vertex 2.220376494572759 2.1459823181590134 3
      vertex 2.220376494572759 2.1586267212390804 3
    endloop
  endfacet
  facet normal 0 0 1
    outer loop
      vertex 1.6498885788909918 2.6093706481900028 3
      vertex 1.6498885788909918 2.6123986475972507 3
      vertex 1.5868366145226318 2.6530460692736604 3
    endloop
  endfacet
  facet normal 0 0 1
    outer loop
      vertex 1.6498885788909918 2.6093706481900028 3
      vertex 1.5868366145226318 2.6530460692736604 3
      vertex 1.5860497822681585 2.6476341503597407 3
    endloop
  endfacet
  facet normal 0 0 1
    outer loop
      vertex 1.9444958155686076 2.401208474821889 3
      vertex 1.920431560196735 2.4203044719173303 3
      vertex 1.9203334554899851 2.418307504735225 3
    endloop
  endfacet
  facet normal 0 0 1
    outer loop
      vertex 1.9444958155686076 2.4003874771836933 3
      vertex 1.9444958155686076 2.401208474821889 3
      vertex 1.9203334554899851 2.418307504735225 3
    endloop
  endfacet
  facet normal 0 0 1
    outer loop
      vertex 2.4748737341529163 1.844062724345748 3
      vertex 2.4748737341529163 1.8607184583591605 3
      vertex 2.4458092074595776 1.8832517020110837 3
    endloop
  endfacet
  facet normal 0 0 1
    outer loop
      vertex 2.4748737341529163 1.8607184583591605 3
      vertex 2.446576618012507 1.8988727026763086 3
      vertex 2.4458092074595776 1.8832517020110837 3
    endloop
  endfacet
  facet normal 0 0 1
    outer loop
      vertex 2.7055365867695795 1.4894454033606335 3
      vertex 2.7055365867695795 1.508744676277706 3
      vertex 2.672348450606427 1.544816463370035 3
    endloop
  endfacet
  facet normal 0 0 1
    outer loop
      vertex 2.7055365867695795 1.508744676277706 3
      vertex 2.67322473963712 1.5626537363644377 3
      vertex 2.672348450606427 1.544816463370035 3
    endloop
  endfacet
  facet normal 0 0 1
    outer loop
      vertex 0.33638983444407916 3.070215916436009 3
      vertex 0.6028420149187116 3.0306914691135587 3
      vertex 0.33653380251010484 3.079128574166574 3
    endloop
  endfacet
  facet normal 0 0 1
    outer loop
      vertex 0.6357038097698953 3.0224600180148555 3
      vertex 0.6680095554903311 3.02238300825231 3
      vertex 0.6367206778138187 3.0313156475242398 3
    endloop
  endfacet
  facet normal 0 0 1
    outer loop
      vertex 0.6677229474898948 3.014439641539426 3
      vertex 0.6680095554903311 3.02238300825231 3
      vertex 0.6357038097698953 3.0224600180148555 3
    endloop
  endfacet
  facet normal 0 0 1
    outer loop
      vertex -3.0867244252192427 -1.6498885788909918 3
      vertex -3.075186711690378 -0.3028794548196886 3
      vertex -3.2335783637895035 -1.3393920132778143 3
    endloop
  endfacet
  facet normal 0 0 1
    outer loop
      vertex -3.0867244252192427 -1.6498885788909918 3
      vertex -2.957009010944693 -0.8969988768671002 3
      vertex -3.0306914691135587 -0.6028420149187116 3
    endloop
  endfacet
  facet normal 0 0 1
    outer loop
      vertex -3.0867244252192427 -1.6498885788909918 3
      vertex -3.0306914691135587 -0.6028420149187116 3
      vertex -3.075186711690378 -0.3028794548196886 3
    endloop
  endfacet
  facet normal 0 0 1
    outer loop
      vertex -3.349291175062731 -1.015996370390618 3
      vertex -3.349291175062731 1.015996370390618 3
      vertex -3.4327484814113065 -0.6828161270564489 3
    endloop
  endfacet
  facet normal 0 0 1
    outer loop
      vertex -3.4327484814113065 -0.6828161270564489 3
      vertex -3.4327484814113065 0.6828161270564489 3
      vertex -3.483146543352689 -0.3430599911534621 3
    endloop
  endfacet
  facet normal 0 0 1
    outer loop
      vertex -3.2335783637895035 -1.3393920132778143 3
      vertex -3.075186711690378 -0.3028794548196886 3
      vertex -3.0900662251655633 0 3
    endloop
  endfacet
  facet normal 0 0 1
    outer loop
      vertex -3.2335783637895035 -1.3393920132778143 3
      vertex -3.2335783637895035 1.3393920132778143 3
      vertex -3.349291175062731 -1.015996370390618 3
    endloop
  endfacet
  facet normal 0 0 1
    outer loop
      vertex -3.2335783637895035 -1.3393920132778143 3
      vertex -3.0900662251655633 0 3
      vertex -3.075186711690378 0.3028794548196886 3
    endloop
  endfacet
  facet normal 0 0 1
    outer loop
      vertex -1.6498885788909918 -3.0867244252192427 3
      vertex -1.3393920132778143 -3.2335783637895035 3
      vertex -1.3376910307315975 -2.792432742083405 3
    endloop
  endfacet
  facet normal 0 0 1
    outer loop
      vertex -1.3393920132778143 -3.2335783637895035 3
      vertex -1.0157973188899267 -2.914502248705674 3
      vertex -1.182517149281794 -2.854848939534877 3
    endloop
  endfacet
  facet normal 0 0 1
    outer loop
      vertex -1.015996370390618 -3.349291175062731 3
      vertex -1.0158021424319466 -2.9250383293120645 3
      vertex -1.3393920132778143 -3.2335783637895035 3
    endloop
  endfacet
  facet normal 0 0 1
    outer loop
      vertex -1.3393920132778143 -3.2335783637895035 3
      vertex -1.0158021424319466 -2.9250383293120645 3
      vertex -1.0157973188899267 -2.914502248705674 3
    endloop
  endfacet
  facet normal 0 0 1
    outer loop
      vertex -1.015996370390618 -3.349291175062731 3
      vertex -0.9310062906839919 -2.955378770211221 3
      vertex -1.0158021424319466 -2.9250383293120645 3
    endloop
  endfacet
  facet normal 0 0 1
    outer loop
      vertex -1.015996370390618 -3.349291175062731 3
      vertex -0.8969988768671002 -2.957009010944693 3
      vertex -0.9310062906839919 -2.955378770211221 3
    endloop
  endfacet
  facet normal 0 0 1
    outer loop
      vertex -1.015996370390618 -3.349291175062731 3
      vertex -0.6828161270564489 -3.4327484814113065 3
      vertex -0.6680886949753525 -3.024576366253607 3
    endloop
  endfacet
  facet normal 0 0 1
    outer loop
      vertex -1.015996370390618 -3.349291175062731 3
      vertex -0.6680886949753525 -3.024576366253607 3
      vertex -0.8969988768671002 -2.957009010944693 3
    endloop
  endfacet
  facet normal 0 0 1
    outer loop
      vertex -0.6828161270564489 -3.4327484814113065 3
      vertex -0.6047799982499976 -3.0404343692500144 3
      vertex -0.6680886949753525 -3.024576366253607 3
    endloop
  endfacet
  facet normal 0 0 1
    outer loop
      vertex -0.3430599911534621 -3.483146543352689 3
      vertex -0.3365514699055343 -3.080222312887948 3
      vertex -0.6828161270564489 -3.4327484814113065 3
    endloop
  endfacet
  facet normal 0 0 1
    outer loop
      vertex -0.6828161270564489 -3.4327484814113065 3
      vertex -0.3365514699055343 -3.080222312887948 3
      vertex -0.33638983444407916 -3.070215916436009 3
    endloop
  endfacet
  facet normal 0 0 1
    outer loop
      vertex -0.6828161270564489 -3.4327484814113065 3
      vertex -0.33638983444407916 -3.070215916436009 3
      vertex -0.6047799982499976 -3.0404343692500144 3
    endloop
  endfacet
  facet normal 0 0 1
    outer loop
      vertex -0.6047799982499976 -3.0404343692500144 3
      vertex -0.33638983444407916 -3.070215916436009 3
      vertex -0.6028420149187116 -3.0306914691135587 3
    endloop
  endfacet
  facet normal 0 0 1
    outer loop
      vertex -0.3430599911534621 -3.483146543352689 3
      vertex -0.30385313502163785 -3.0850726526838104 3
      vertex -0.3365514699055343 -3.080222312887948 3
    endloop
  endfacet
  facet normal 0 0 1
    outer loop
      vertex -0.3430599911534621 -3.483146543352689 3
      vertex 0 -3.0900662251655633 3
      vertex -0.30385313502163785 -3.0850726526838104 3
    endloop
  endfacet
  facet normal 0 0 1
    outer loop
      vertex -0.30385313502163785 -3.0850726526838104 3
      vertex 0 -3.0900662251655633 3
      vertex -0.3028794548196886 -3.075186711690378 3
    endloop
  endfacet
  facet normal 0 0 1
    outer loop
      vertex -0.3430599911534621 -3.483146543352689 3
      vertex 0 -3.5 3
      vertex 0 -3.1 3
    endloop
  endfacet
  facet normal 0 0 1
    outer loop
      vertex -0.3430599911534621 -3.483146543352689 3
      vertex 0 -3.1 3
      vertex 0 -3.0900662251655633 3
    endloop
  endfacet
  facet normal 0 0 1
    outer loop
      vertex -2.220376494572759 -2.7055365867695795 3
      vertex -2.220376494572759 -2.1607566117574972 3
      vertex -2.4748737341529163 -2.4748737341529163 3
    endloop
  endfacet
  facet normal 0 0 1
    outer loop
      vertex -2.4748737341529163 -2.4748737341529163 3
      vertex -2.220376494572759 -2.1607566117574972 3
      vertex -2.220376494572759 -2.1459823181590134 3
    endloop
  endfacet
  facet normal 0 0 1
    outer loop
      vertex -2.7055365867695795 -2.220376494572759 3
      vertex -2.7055365867695795 -1.4920151474030172 3
      vertex -2.9101436430589085 -1.9444958155686076 3
    endloop
  endfacet
  facet normal 0 0 1
    outer loop
      vertex -2.9101436430589085 -1.9444958155686076 3
      vertex -2.9101436430589085 -1.0428229078522089 3
      vertex -3.0867244252192427 -1.6498885788909918 3
    endloop
  endfacet
  facet normal 0 0 1
    outer loop
      vertex -2.9101436430589085 -1.9444958155686076 3
      vertex -2.725195112218162 -1.4566471351192751 3
      vertex -2.854848939534877 -1.182517149281794 3
    endloop
  endfacet
  facet normal 0 0 1
    outer loop
      vertex -2.7055365867695795 -2.220376494572759 3
      vertex -2.5692961662276 -1.7167488127612345 3
      vertex -2.6726602626242153 -1.551163542803211 3
    endloop
  endfacet
  facet normal 0 0 1
    outer loop
      vertex -2.7055365867695795 -2.220376494572759 3
      vertex -2.6726602626242153 -1.551163542803211 3
      vertex -2.7055365867695795 -1.4920151474030172 3
    endloop
  endfacet
  facet normal 0 0 1
    outer loop
      vertex -2.9101436430589085 -1.9444958155686076 3
      vertex -2.7055365867695795 -1.4920151474030172 3
      vertex -2.7055365867695795 -1.4894454033606335 3
    endloop
  endfacet
  facet normal 0 0 1
    outer loop
      vertex -2.9101436430589085 -1.9444958155686076 3
      vertex -2.7055365867695795 -1.4894454033606335 3
      vertex -2.725195112218162 -1.4566471351192751 3
    endloop
  endfacet
  facet normal 0 0 1
    outer loop
      vertex -2.672348450606427 -1.544816463370035 3
      vertex -2.6726602626242153 -1.551163542803211 3
      vertex -2.5692961662276 -1.7167488127612345 3
    endloop
  endfacet
  facet normal 0 0 1
    outer loop
      vertex -2.7055365867695795 -2.220376494572759 3
      vertex -2.4748737341529163 -2.4748737341529163 3
      vertex -2.4748737341529163 -1.85315523543728 3
    endloop
  endfacet
  facet normal 0 0 1
    outer loop
      vertex -2.4748737341529163 -2.4748737341529163 3
      vertex -2.44635467776619 -1.894355005177725 3
      vertex -2.4748737341529163 -1.85315523543728 3
    endloop
  endfacet
  facet normal 0 0 1
    outer loop
      vertex -2.7055365867695795 -2.220376494572759 3
      vertex -2.4748737341529163 -1.85315523543728 3
      vertex -2.4748737341529163 -1.844062724345748 3
    endloop
  endfacet
  facet normal 0 0 1
    outer loop
      vertex -2.7055365867695795 -2.220376494572759 3
      vertex -2.4748737341529163 -1.844062724345748 3
      vertex -2.5692961662276 -1.7167488127612345 3
    endloop
  endfacet
  facet normal 0 0 1
    outer loop
      vertex -2.4748737341529163 -2.4748737341529163 3
      vertex -2.220376494572759 -2.1459823181590134 3
      vertex -2.3886534936361135 -1.9603172608659405 3
    endloop
  endfacet
  facet normal 0 0 1
    outer loop
      vertex -2.4748737341529163 -2.4748737341529163 3
      vertex -2.3886534936361135 -1.9603172608659405 3
      vertex -2.44635467776619 -1.894355005177725 3
    endloop
  endfacet
  facet normal 0 0 1
    outer loop
      vertex -2.3886534936361135 -1.9603172608659405 3
      vertex -2.4458092074595776 -1.8832517020110837 3
      vertex -2.44635467776619 -1.894355005177725 3
    endloop
  endfacet
  facet normal 0 0 1
    outer loop
      vertex -1.9444958155686076 -2.9101436430589085 3
      vertex -1.9444958155686076 -2.4127402114133027 3
      vertex -2.220376494572759 -2.7055365867695795 3
    endloop
  endfacet
  facet normal 0 0 1
    outer loop
      vertex -2.220376494572759 -2.7055365867695795 3
      vertex -2.194989239184611 -2.1887671316288424 3
      vertex -2.220376494572759 -2.1607566117574972 3
    endloop
  endfacet
  facet normal 0 0 1
    outer loop
      vertex -2.220376494572759 -2.7055365867695795 3
      vertex -1.9444958155686076 -2.4127402114133027 3
      vertex -2.194989239184611 -2.1887671316288424 3
    endloop
  endfacet
  facet normal 0 0 1
    outer loop
      vertex -2.194989239184611 -2.1887671316288424 3
      vertex -1.9444958155686076 -2.4127402114133027 3
      vertex -2.185006782130087 -2.185006782130087 3
    endloop
  endfacet
  facet normal 0 0 1
    outer loop
      vertex -1.9444958155686076 -2.9101436430589085 3
      vertex -1.9209189731009373 -2.4302259895088203 3
      vertex -1.9444958155686076 -2.4127402114133027 3
    endloop
  endfacet
  facet normal 0 0 1
    outer loop
      vertex -2.185006782130087 -2.185006782130087 3
      vertex -1.9444958155686076 -2.4127402114133027 3
      vertex -1.9603172608659405 -2.3886534936361135 3
    endloop
  endfacet
  facet normal 0 0 1
    outer loop
      vertex -1.9444958155686076 -2.4127402114133027 3
      vertex -1.9444958155686076 -2.4003874771836933 3
      vertex -1.9603172608659405 -2.3886534936361135 3
    endloop
  endfacet
  facet normal 0 0 1
    outer loop
      vertex -1.6498885788909918 -3.0867244252192427 3
      vertex -1.6498885788909918 -2.620938187213328 3
      vertex -1.9444958155686076 -2.9101436430589085 3
    endloop
  endfacet
  facet normal 0 0 1
    outer loop
      vertex -1.9444958155686076 -2.9101436430589085 3
      vertex -1.7167488127612345 -2.5692961662276 3
      vertex -1.9209189731009373 -2.4302259895088203 3
    endloop
  endfacet
  facet normal 0 0 1
    outer loop
      vertex -1.9444958155686076 -2.9101436430589085 3
      vertex -1.6498885788909918 -2.6093706481900028 3
      vertex -1.7167488127612345 -2.5692961662276 3
    endloop
  endfacet
  facet normal 0 0 1
    outer loop
      vertex -1.9444958155686076 -2.9101436430589085 3
      vertex -1.6498885788909918 -2.620938187213328 3
      vertex -1.6498885788909918 -2.6093706481900028 3
    endloop
  endfacet
  facet normal 0 0 1
    outer loop
      vertex -1.6498885788909918 -3.0867244252192427 3
      vertex -1.4566471351192751 -2.725195112218162 3
      vertex -1.5875967644157232 -2.658274463966998 3
    endloop
  endfacet
  facet normal 0 0 1
    outer loop
      vertex -1.6498885788909918 -3.0867244252192427 3
      vertex -1.5875967644157232 -2.658274463966998 3
      vertex -1.6498885788909918 -2.620938187213328 3
    endloop
  endfacet
  facet normal 0 0 1
    outer loop
      vertex -1.4566471351192751 -2.725195112218162 3
      vertex -1.5860497822681585 -2.6476341503597407 3
      vertex -1.5875967644157232 -2.658274463966998 3
    endloop
  endfacet
  facet normal 0 0 1
    outer loop
      vertex -1.7167488127612345 -2.5692961662276 3
      vertex -1.9203334554899851 -2.418307504735225 3
      vertex -1.9209189731009373 -2.4302259895088203 3
    endloop
  endfacet
  facet normal 0 0 1
    outer loop
      vertex -2.194989239184611 -2.1887671316288424 3
      vertex -2.185006782130087 -2.185006782130087 3
      vertex -2.1943007433111053 -2.174752476165766 3
    endloop
  endfacet
  facet normal 0 0 1
    outer loop
      vertex -2.9101436430589085 -1.9444958155686076 3
      vertex -2.854848939534877 -1.182517149281794 3
      vertex -2.871720659627604 -1.1623780202772709 3
    endloop
  endfacet
  facet normal 0 0 1
    outer loop
      vertex -2.9101436430589085 -1.9444958155686076 3
      vertex -2.871720659627604 -1.1623780202772709 3
      vertex -2.9101436430589085 -1.0428229078522089 3
    endloop
  endfacet
  facet normal 0 0 1
    outer loop
      vertex -3.0867244252192427 -1.6498885788909918 3
      vertex -2.9101436430589085 -1.0428229078522089 3
      vertex -2.9101436430589085 -1.0279788056217563 3
    endloop
  endfacet
  facet normal 0 0 1
    outer loop
      vertex -3.0867244252192427 -1.6498885788909918 3
      vertex -2.9101436430589085 -1.0279788056217563 3
      vertex -2.957009010944693 -0.8969988768671002 3
    endloop
  endfacet
  facet normal 0 0 1
    outer loop
      vertex -2.854848939534877 -1.182517149281794 3
      vertex -2.8705537549793365 -1.138625130488013 3
      vertex -2.871720659627604 -1.1623780202772709 3
    endloop
  endfacet
  facet normal 0 0 1
    outer loop
      vertex -1.6498885788909918 -3.0867244252192427 3
      vertex -1.3376487877875687 -2.78147713889534 3
      vertex -1.4566471351192751 -2.725195112218162 3
    endloop
  endfacet
  facet normal 0 0 1
    outer loop
      vertex -1.6498885788909918 -3.0867244252192427 3
      vertex -1.3376910307315975 -2.792432742083405 3
      vertex -1.3376487877875687 -2.78147713889534 3
    endloop
  endfacet
  facet normal 0 0 1
    outer loop
      vertex -1.3393920132778143 -3.2335783637895035 3
      vertex -1.2727219783452073 -2.8231608153852057 3
      vertex -1.3376910307315975 -2.792432742083405 3
    endloop
  endfacet
  facet normal 0 0 1
    outer loop
      vertex -1.3393920132778143 -3.2335783637895035 3
      vertex -1.182517149281794 -2.854848939534877 3
      vertex -1.2727219783452073 -2.8231608153852057 3
    endloop
  endfacet
  facet normal 0 0 1
    outer loop
      vertex -1.2727219783452073 -2.8231608153852057 3
      vertex -1.182517149281794 -2.854848939534877 3
      vertex -1.2710662655571459 -2.812968326600331 3
    endloop
  endfacet
  facet normal 0 0 1
    outer loop
      vertex -0.9310062906839919 -2.955378770211221 3
      vertex -0.8969988768671002 -2.957009010944693 3
      vertex -0.9288956098965756 -2.9455961773755046 3
    endloop
  endfacet
  facet normal 0 0 1
    outer loop
      vertex -0.8969988768671002 -2.957009010944693 3
      vertex -0.6680886949753525 -3.024576366253607 3
      vertex -0.6677229474898948 -3.014439641539426 3
    endloop
  endfacet
  facet normal 0.8577286100002719 0.5141027441932219 7.973949962916323e-19
    outer loop
      vertex -2.9101436430589085 -1.9444958155686076 3
      vertex -3.0867244252192427 -1.6498885788909918 3
      vertex -3.0867244252192427 -1.6498885788909918 6.5
    endloop
  endfacet
  facet normal 0.9039892931234437 0.4275550934302814 0
    outer loop
      vertex -3.0867244252192427 -1.6498885788909918 3
      vertex -3.2335783637895035 -1.3393920132778143 6.5
      vertex -3.0867244252192427 -1.6498885788909918 6.5
    endloop
  endfacet
  facet normal 0.9700312531945441 0.24298017990326393 -7.53122580669944e-19
    outer loop
      vertex -3.349291175062731 -1.015996370390618 3
      vertex -3.4327484814113065 -0.6828161270564489 3
      vertex -3.4327484814113065 -0.6828161270564489 6.5
    endloop
  endfacet
  facet normal 0.9039892931234437 0.4275550934302814 -2.2047570094613302e-18
    outer loop
      vertex -3.0867244252192427 -1.6498885788909918 3
      vertex -3.2335783637895035 -1.3393920132778143 3
      vertex -3.2335783637895035 -1.3393920132778143 6.5
    endloop
  endfacet
  facet normal 0.9415440651830208 0.33688985339222016 2.282933489732539e-18
    outer loop
      vertex -3.2335783637895035 -1.3393920132778143 3
      vertex -3.349291175062731 -1.015996370390618 3
      vertex -3.349291175062731 -1.015996370390618 6.5
    endloop
  endfacet
  facet normal 0.9891765099647809 0.14673047445536205 6.193343255034202e-19
    outer loop
      vertex -3.4327484814113065 -0.6828161270564489 3
      vertex -3.483146543352689 -0.3430599911534621 3
      vertex -3.483146543352689 -0.3430599911534621 6.5
    endloop
  endfacet
  facet normal 0.9987954562051723 0.049067674327417904 -8.90502445709271e-21
    outer loop
      vertex -3.483146543352689 -0.3430599911534621 3
      vertex -3.5 0 3
      vertex -3.5 0 6.5
    endloop
  endfacet
  facet normal 0.9700312531945441 0.24298017990326393 0
    outer loop
      vertex -3.349291175062731 -1.015996370390618 3
      vertex -3.4327484814113065 -0.6828161270564489 6.5
      vertex -3.349291175062731 -1.015996370390618 6.5
    endloop
  endfacet
  facet normal 0.9415440651830208 0.33688985339222016 0
    outer loop
      vertex -3.2335783637895035 -1.3393920132778143 3
      vertex -3.349291175062731 -1.015996370390618 6.5
      vertex -3.2335783637895035 -1.3393920132778143 6.5
    endloop
  endfacet
  facet normal 0.9891765099647809 0.14673047445536205 0
    outer loop
      vertex -3.4327484814113065 -0.6828161270564489 3
      vertex -3.483146543352689 -0.3430599911534621 6.5
      vertex -3.4327484814113065 -0.6828161270564489 6.5
    endloop
  endfacet
  facet normal 0.9987954562051723 0.049067674327417904 0
    outer loop
      vertex -3.483146543352689 -0.3430599911534621 3
      vertex -3.5 0 6.5
      vertex -3.483146543352689 -0.3430599911534621 6.5
    endloop
  endfacet
  facet normal 0.4275550934302814 0.9039892931234437 0
    outer loop
      vertex -1.6498885788909918 -3.0867244252192427 3
      vertex -1.6498885788909918 -3.0867244252192427 6.5
      vertex -1.3393920132778143 -3.2335783637895035 3
    endloop
  endfacet
  facet normal 0.5141027441932219 0.8577286100002719 0
    outer loop
      vertex -1.6498885788909918 -3.0867244252192427 3
      vertex -1.9444958155686076 -2.9101436430589085 6.5
      vertex -1.6498885788909918 -3.0867244252192427 6.5
    endloop
  endfacet
  facet normal 0.33688985339222016 0.9415440651830208 2.282933489732539e-18
    outer loop
      vertex -1.015996370390618 -3.349291175062731 3
      vertex -1.3393920132778143 -3.2335783637895035 3
      vertex -1.3393920132778143 -3.2335783637895035 6.5
    endloop
  endfacet
  facet normal 0.24298017990326393 0.9700312531945441 0
    outer loop
      vertex -1.015996370390618 -3.349291175062731 3
      vertex -1.015996370390618 -3.349291175062731 6.5
      vertex -0.6828161270564489 -3.4327484814113065 3
    endloop
  endfacet
  facet normal 0.14673047445536205 0.9891765099647809 6.193343255034202e-19
    outer loop
      vertex -0.3430599911534621 -3.483146543352689 3
      vertex -0.6828161270564489 -3.4327484814113065 3
      vertex -0.6828161270564489 -3.4327484814113065 6.5
    endloop
  endfacet
  facet normal 0.049067674327417904 0.9987954562051723 0
    outer loop
      vertex -0.3430599911534621 -3.483146543352689 3
      vertex -0.3430599911534621 -3.483146543352689 6.5
      vertex 0 -3.5 3
    endloop
  endfacet
  facet normal 0.4275550934302814 0.9039892931234437 0
    outer loop
      vertex -1.3393920132778143 -3.2335783637895035 3
      vertex -1.6498885788909918 -3.0867244252192427 6.5
      vertex -1.3393920132778143 -3.2335783637895035 6.5
    endloop
  endfacet
  facet normal 0.24298017990326393 0.9700312531945441 0
    outer loop
      vertex -0.6828161270564489 -3.4327484814113065 3
      vertex -1.015996370390618 -3.349291175062731 6.5
      vertex -0.6828161270564489 -3.4327484814113065 6.5
    endloop
  endfacet
  facet normal 0.33688985339222016 0.9415440651830208 0
    outer loop
      vertex -1.015996370390618 -3.349291175062731 3
      vertex -1.3393920132778143 -3.2335783637895035 6.5
      vertex -1.015996370390618 -3.349291175062731 6.5
    endloop
  endfacet
  facet normal 0.14673047445536205 0.9891765099647809 0
    outer loop
      vertex -0.3430599911534621 -3.483146543352689 3
      vertex -0.6828161270564489 -3.4327484814113065 6.5
      vertex -0.3430599911534621 -3.483146543352689 6.5
    endloop
  endfacet
  facet normal 0.049067674327417904 0.9987954562051723 0
    outer loop
      vertex 0 -3.5 3
      vertex -0.3430599911534621 -3.483146543352689 6.5
      vertex 0 -3.5 6.5
    endloop
  endfacet
  facet normal 0.740951125354959 0.6715589548470184 0
    outer loop
      vertex -2.7055365867695795 -2.220376494572759 3
      vertex -2.7055365867695795 -2.220376494572759 6.5
      vertex -2.4748737341529163 -2.4748737341529163 3
    endloop
  endfacet
  facet normal 0.6715589548470184 0.740951125354959 1.5466227507027268e-18
    outer loop
      vertex -2.220376494572759 -2.7055365867695795 3
      vertex -2.4748737341529163 -2.4748737341529163 3
      vertex -2.4748737341529163 -2.4748737341529163 6.5
    endloop
  endfacet
  facet normal 0.8032075314806448 0.5956993044924332 8.944187460704983e-19
    outer loop
      vertex -2.7055365867695795 -2.220376494572759 3
      vertex -2.9101436430589085 -1.9444958155686076 3
      vertex -2.9101436430589085 -1.9444958155686076 6.5
    endloop
  endfacet
  facet normal 0.5956993044924332 0.8032075314806448 8.944187460704983e-19
    outer loop
      vertex -1.9444958155686076 -2.9101436430589085 3
      vertex -2.220376494572759 -2.7055365867695795 3
      vertex -2.220376494572759 -2.7055365867695795 6.5
    endloop
  endfacet
  facet normal 0.5141027441932219 0.8577286100002719 7.973949962916323e-19
    outer loop
      vertex -1.6498885788909918 -3.0867244252192427 3
      vertex -1.9444958155686076 -2.9101436430589085 3
      vertex -1.9444958155686076 -2.9101436430589085 6.5
    endloop
  endfacet
  facet normal 0.6715589548470184 0.740951125354959 0
    outer loop
      vertex -2.220376494572759 -2.7055365867695795 3
      vertex -2.4748737341529163 -2.4748737341529163 6.5
      vertex -2.220376494572759 -2.7055365867695795 6.5
    endloop
  endfacet
  facet normal 0.740951125354959 0.6715589548470184 0
    outer loop
      vertex -2.4748737341529163 -2.4748737341529163 3
      vertex -2.7055365867695795 -2.220376494572759 6.5
      vertex -2.4748737341529163 -2.4748737341529163 6.5
    endloop
  endfacet
  facet normal 0.8032075314806448 0.5956993044924332 0
    outer loop
      vertex -2.7055365867695795 -2.220376494572759 3
      vertex -2.9101436430589085 -1.9444958155686076 6.5
      vertex -2.7055365867695795 -2.220376494572759 6.5
    endloop
  endfacet
  facet normal 0.8577286100002719 0.5141027441932219 0
    outer loop
      vertex -2.9101436430589085 -1.9444958155686076 3
      vertex -3.0867244252192427 -1.6498885788909918 6.5
      vertex -2.9101436430589085 -1.9444958155686076 6.5
    endloop
  endfacet
  facet normal 0.5956993044924332 0.8032075314806448 0
    outer loop
      vertex -1.9444958155686076 -2.9101436430589085 3
      vertex -2.220376494572759 -2.7055365867695795 6.5
      vertex -1.9444958155686076 -2.9101436430589085 6.5
    endloop
  endfacet
  facet normal 0.8577286100002719 0.5141027441932219 6.977206217551782e-19
    outer loop
      vertex -2.9101436430589085 -1.9444958155686076 11.100000000000001
      vertex -3.0867244252192427 -1.6498885788909918 11.100000000000001
      vertex -3.0867244252192427 -1.6498885788909918 15.100000000000001
    endloop
  endfacet
  facet normal 0.9700312531945441 0.24298017990326393 -6.589822580862009e-19
    outer loop
      vertex -3.349291175062731 -1.015996370390618 11.100000000000001
      vertex -3.4327484814113065 -0.6828161270564489 11.100000000000001
      vertex -3.4327484814113065 -0.6828161270564489 15.100000000000001
    endloop
  endfacet
  facet normal 0.9039892931234437 0.4275550934302815 -1.929162383278664e-18
    outer loop
      vertex -3.0867244252192427 -1.6498885788909918 11.100000000000001
      vertex -3.2335783637895035 -1.3393920132778143 11.100000000000001
      vertex -3.2335783637895035 -1.3393920132778143 15.100000000000001
    endloop
  endfacet
  facet normal 0.9415440651830207 0.3368898533922201 1.9975668035159715e-18
    outer loop
      vertex -3.2335783637895035 -1.3393920132778143 11.100000000000001
      vertex -3.349291175062731 -1.015996370390618 11.100000000000001
      vertex -3.349291175062731 -1.015996370390618 15.100000000000001
    endloop
  endfacet
  facet normal 0.989176509964781 0.14673047445536205 5.419175348154926e-19
    outer loop
      vertex -3.4327484814113065 -0.6828161270564489 11.100000000000001
      vertex -3.483146543352689 -0.3430599911534621 11.100000000000001
      vertex -3.483146543352689 -0.3430599911534621 15.100000000000001
    endloop
  endfacet
  facet normal 0.9987954562051724 0.04906767432741791 -7.791896399956123e-21
    outer loop
      vertex -3.483146543352689 -0.3430599911534621 11.100000000000001
      vertex -3.5 0 11.100000000000001
      vertex -3.5 0 15.100000000000001
    endloop
  endfacet
  facet normal 0.9039892931234437 0.4275550934302815 0
    outer loop
      vertex -3.0867244252192427 -1.6498885788909918 11.100000000000001
      vertex -3.2335783637895035 -1.3393920132778143 15.100000000000001
      vertex -3.0867244252192427 -1.6498885788909918 15.100000000000001
    endloop
  endfacet
  facet normal 0.9700312531945441 0.24298017990326393 0
    outer loop
      vertex -3.349291175062731 -1.015996370390618 11.100000000000001
      vertex -3.4327484814113065 -0.6828161270564489 15.100000000000001
      vertex -3.349291175062731 -1.015996370390618 15.100000000000001
    endloop
  endfacet
  facet normal 0.9415440651830207 0.3368898533922201 0
    outer loop
      vertex -3.2335783637895035 -1.3393920132778143 11.100000000000001
      vertex -3.349291175062731 -1.015996370390618 15.100000000000001
      vertex -3.2335783637895035 -1.3393920132778143 15.100000000000001
    endloop
  endfacet
  facet normal 0.989176509964781 0.14673047445536205 0
    outer loop
      vertex -3.4327484814113065 -0.6828161270564489 11.100000000000001
      vertex -3.483146543352689 -0.3430599911534621 15.100000000000001
      vertex -3.4327484814113065 -0.6828161270564489 15.100000000000001
    endloop
  endfacet
  facet normal 0.9987954562051724 0.04906767432741791 0
    outer loop
      vertex -3.483146543352689 -0.3430599911534621 11.100000000000001
      vertex -3.5 0 15.100000000000001
      vertex -3.483146543352689 -0.3430599911534621 15.100000000000001
    endloop
  endfacet
  facet normal 0.4275550934302815 0.9039892931234437 0
    outer loop
      vertex -1.6498885788909918 -3.0867244252192427 11.100000000000001
      vertex -1.6498885788909918 -3.0867244252192427 15.100000000000001
      vertex -1.3393920132778143 -3.2335783637895035 11.100000000000001
    endloop
  endfacet
  facet normal 0.3368898533922201 0.9415440651830207 1.9975668035159715e-18
    outer loop
      vertex -1.015996370390618 -3.349291175062731 11.100000000000001
      vertex -1.3393920132778143 -3.2335783637895035 11.100000000000001
      vertex -1.3393920132778143 -3.2335783637895035 15.100000000000001
    endloop
  endfacet
  facet normal 0.24298017990326393 0.9700312531945441 0
    outer loop
      vertex -1.015996370390618 -3.349291175062731 11.100000000000001
      vertex -1.015996370390618 -3.349291175062731 15.100000000000001
      vertex -0.6828161270564489 -3.4327484814113065 11.100000000000001
    endloop
  endfacet
  facet normal 0.14673047445536205 0.989176509964781 5.419175348154926e-19
    outer loop
      vertex -0.3430599911534621 -3.483146543352689 11.100000000000001
      vertex -0.6828161270564489 -3.4327484814113065 11.100000000000001
      vertex -0.6828161270564489 -3.4327484814113065 15.100000000000001
    endloop
  endfacet
  facet normal 0.04906767432741791 0.9987954562051724 0
    outer loop
      vertex -0.3430599911534621 -3.483146543352689 11.100000000000001
      vertex -0.3430599911534621 -3.483146543352689 15.100000000000001
      vertex 0 -3.5 11.100000000000001
    endloop
  endfacet
  facet normal 0.5141027441932219 0.8577286100002719 0
    outer loop
      vertex -1.6498885788909918 -3.0867244252192427 11.100000000000001
      vertex -1.9444958155686076 -2.9101436430589085 15.100000000000001
      vertex -1.6498885788909918 -3.0867244252192427 15.100000000000001
    endloop
  endfacet
  facet normal 0.4275550934302815 0.9039892931234437 0
    outer loop
      vertex -1.3393920132778143 -3.2335783637895035 11.100000000000001
      vertex -1.6498885788909918 -3.0867244252192427 15.100000000000001
      vertex -1.3393920132778143 -3.2335783637895035 15.100000000000001
    endloop
  endfacet
  facet normal 0.24298017990326393 0.9700312531945441 0
    outer loop
      vertex -0.6828161270564489 -3.4327484814113065 11.100000000000001
      vertex -1.015996370390618 -3.349291175062731 15.100000000000001
      vertex -0.6828161270564489 -3.4327484814113065 15.100000000000001
    endloop
  endfacet
  facet normal 0.3368898533922201 0.9415440651830207 0
    outer loop
      vertex -1.015996370390618 -3.349291175062731 11.100000000000001
      vertex -1.3393920132778143 -3.2335783637895035 15.100000000000001
      vertex -1.015996370390618 -3.349291175062731 15.100000000000001
    endloop
  endfacet
  facet normal 0.14673047445536205 0.989176509964781 0
    outer loop
      vertex -0.3430599911534621 -3.483146543352689 11.100000000000001
      vertex -0.6828161270564489 -3.4327484814113065 15.100000000000001
      vertex -0.3430599911534621 -3.483146543352689 15.100000000000001
    endloop
  endfacet
  facet normal 0.04906767432741791 0.9987954562051724 0
    outer loop
      vertex 0 -3.5 11.100000000000001
      vertex -0.3430599911534621 -3.483146543352689 15.100000000000001
      vertex 0 -3.5 15.100000000000001
    endloop
  endfacet
  facet normal 0.7409511253549591 0.6715589548470186 0
    outer loop
      vertex -2.7055365867695795 -2.220376494572759 11.100000000000001
      vertex -2.7055365867695795 -2.220376494572759 15.100000000000001
      vertex -2.4748737341529163 -2.4748737341529163 11.100000000000001
    endloop
  endfacet
  facet normal 0.6715589548470186 0.7409511253549591 1.353294906864886e-18
    outer loop
      vertex -2.220376494572759 -2.7055365867695795 11.100000000000001
      vertex -2.4748737341529163 -2.4748737341529163 11.100000000000001
      vertex -2.4748737341529163 -2.4748737341529163 15.100000000000001
    endloop
  endfacet
  facet normal 0.8032075314806448 0.5956993044924332 7.826164028116861e-19
    outer loop
      vertex -2.7055365867695795 -2.220376494572759 11.100000000000001
      vertex -2.9101436430589085 -1.9444958155686076 11.100000000000001
      vertex -2.9101436430589085 -1.9444958155686076 15.100000000000001
    endloop
  endfacet
  facet normal 0.5956993044924332 0.8032075314806448 7.826164028116861e-19
    outer loop
      vertex -1.9444958155686076 -2.9101436430589085 11.100000000000001
      vertex -2.220376494572759 -2.7055365867695795 11.100000000000001
      vertex -2.220376494572759 -2.7055365867695795 15.100000000000001
    endloop
  endfacet
  facet normal 0.5141027441932219 0.8577286100002719 6.977206217551782e-19
    outer loop
      vertex -1.6498885788909918 -3.0867244252192427 11.100000000000001
      vertex -1.9444958155686076 -2.9101436430589085 11.100000000000001
      vertex -1.9444958155686076 -2.9101436430589085 15.100000000000001
    endloop
  endfacet
  facet normal 0.6715589548470186 0.7409511253549591 0
    outer loop
      vertex -2.220376494572759 -2.7055365867695795 11.100000000000001
      vertex -2.4748737341529163 -2.4748737341529163 15.100000000000001
      vertex -2.220376494572759 -2.7055365867695795 15.100000000000001
    endloop
  endfacet
  facet normal 0.7409511253549591 0.6715589548470186 0
    outer loop
      vertex -2.4748737341529163 -2.4748737341529163 11.100000000000001
      vertex -2.7055365867695795 -2.220376494572759 15.100000000000001
      vertex -2.4748737341529163 -2.4748737341529163 15.100000000000001
    endloop
  endfacet
  facet normal 0.8032075314806448 0.5956993044924332 0
    outer loop
      vertex -2.7055365867695795 -2.220376494572759 11.100000000000001
      vertex -2.9101436430589085 -1.9444958155686076 15.100000000000001
      vertex -2.7055365867695795 -2.220376494572759 15.100000000000001
    endloop
  endfacet
  facet normal 0.8577286100002719 0.5141027441932219 0
    outer loop
      vertex -2.9101436430589085 -1.9444958155686076 11.100000000000001
      vertex -3.0867244252192427 -1.6498885788909918 15.100000000000001
      vertex -2.9101436430589085 -1.9444958155686076 15.100000000000001
    endloop
  endfacet
  facet normal 0.5956993044924332 0.8032075314806448 0
    outer loop
      vertex -1.9444958155686076 -2.9101436430589085 11.100000000000001
      vertex -2.220376494572759 -2.7055365867695795 15.100000000000001
      vertex -1.9444958155686076 -2.9101436430589085 15.100000000000001
    endloop
  endfacet
  facet normal 0 0 1
    outer loop
      vertex -3.483146543352689 -0.3430599911534621 3
      vertex -3.483146543352689 0.3430599911534621 3
      vertex -3.5 0 3
    endloop
  endfacet
  facet normal 0 0 1
    outer loop
      vertex -3.483146543352689 -0.3430599911534621 3
      vertex -3.4327484814113065 0.6828161270564489 3
      vertex -3.483146543352689 0.3430599911534621 3
    endloop
  endfacet
  facet normal 0 0 1
    outer loop
      vertex -3.4327484814113065 -0.6828161270564489 3
      vertex -3.349291175062731 1.015996370390618 3
      vertex -3.4327484814113065 0.6828161270564489 3
    endloop
  endfacet
  facet normal 0 0 1
    outer loop
      vertex -3.2335783637895035 -1.3393920132778143 3
      vertex -3.075186711690378 0.3028794548196886 3
      vertex -3.0867244252192427 1.6498885788909918 3
    endloop
  endfacet
  facet normal 0 0 1
    outer loop
      vertex -3.349291175062731 -1.015996370390618 3
      vertex -3.2335783637895035 1.3393920132778143 3
      vertex -3.349291175062731 1.015996370390618 3
    endloop
  endfacet
  facet normal 0 0 1
    outer loop
      vertex -3.2335783637895035 -1.3393920132778143 3
      vertex -3.0867244252192427 1.6498885788909918 3
      vertex -3.2335783637895035 1.3393920132778143 3
    endloop
  endfacet
  facet normal 0 0 1
    outer loop
      vertex -3.075186711690378 0.3028794548196886 3
      vertex -3.0306914691135587 0.6028420149187116 3
      vertex -3.0867244252192427 1.6498885788909918 3
    endloop
  endfacet
  facet normal 0 0 1
    outer loop
      vertex -3.0306914691135587 0.6028420149187116 3
      vertex -2.9615363985562073 0.8983722448844581 3
      vertex -3.0867244252192427 1.6498885788909918 3
    endloop
  endfacet
  facet normal 0 0 1
    outer loop
      vertex -2.9615363985562073 0.8983722448844581 3
      vertex -2.9607447003860763 0.9144876313553206 3
      vertex -3.0867244252192427 1.6498885788909918 3
    endloop
  endfacet
  facet normal 0 0 1
    outer loop
      vertex -3.0306914691135587 0.6028420149187116 3
      vertex -2.957009010944693 0.8969988768671002 3
      vertex -2.9615363985562073 0.8983722448844581 3
    endloop
  endfacet
  facet normal 0 0 1
    outer loop
      vertex -2.957009010944693 0.8969988768671002 3
      vertex -2.9101436430589085 1.0279788056217563 3
      vertex -2.9615363985562073 0.8983722448844581 3
    endloop
  endfacet
  facet normal 0 0 1
    outer loop
      vertex -2.9101436430589085 1.0279788056217563 3
      vertex -2.854848939534877 1.182517149281794 3
      vertex -2.9101436430589085 1.0425624182302011 3
    endloop
  endfacet
  facet normal 0 0 1
    outer loop
      vertex -2.9607447003860763 0.9144876313553206 3
      vertex -2.9101436430589085 1.0425624182302011 3
      vertex -2.9101436430589085 1.9444958155686076 3
    endloop
  endfacet
  facet normal 0 0 1
    outer loop
      vertex -2.9101436430589085 1.0425624182302011 3
      vertex -2.854848939534877 1.182517149281794 3
      vertex -2.9101436430589085 1.9444958155686076 3
    endloop
  endfacet
  facet normal 0 0 1
    outer loop
      vertex -2.9607447003860763 0.9144876313553206 3
      vertex -2.9101436430589085 1.9444958155686076 3
      vertex -3.0867244252192427 1.6498885788909918 3
    endloop
  endfacet
  facet normal 0 0 1
    outer loop
      vertex -2.854848939534877 1.182517149281794 3
      vertex -2.725195112218162 1.4566471351192751 3
      vertex -2.9101436430589085 1.9444958155686076 3
    endloop
  endfacet
  facet normal 0 0 1
    outer loop
      vertex -2.725195112218162 1.4566471351192751 3
      vertex -2.7055365867695795 2.220376494572759 3
      vertex -2.9101436430589085 1.9444958155686076 3
    endloop
  endfacet
  facet normal 0 0 1
    outer loop
      vertex -2.725195112218162 1.4566471351192751 3
      vertex -2.5692961662276 1.7167488127612345 3
      vertex -2.7055365867695795 2.220376494572759 3
    endloop
  endfacet
  facet normal 0 0 1
    outer loop
      vertex -2.5692961662276 1.7167488127612345 3
      vertex -2.508061870316069 1.7993137029501922 3
      vertex -2.7055365867695795 2.220376494572759 3
    endloop
  endfacet
  facet normal 0 0 1
    outer loop
      vertex -2.508061870316069 1.7993137029501922 3
      vertex -2.5075105107095412 1.810536885570599 3
      vertex -2.7055365867695795 2.220376494572759 3
    endloop
  endfacet
  facet normal 0 0 1
    outer loop
      vertex -2.4748737341529163 1.844062724345748 3
      vertex -2.3886534936361135 1.9603172608659405 3
      vertex -2.4748737341529163 1.851664862373698 3
    endloop
  endfacet
  facet normal 0 0 1
    outer loop
      vertex -2.5075105107095412 1.810536885570599 3
      vertex -2.4748737341529163 1.851664862373698 3
      vertex -2.4748737341529163 2.4748737341529163 3
    endloop
  endfacet
  facet normal 0 0 1
    outer loop
      vertex -2.5075105107095412 1.810536885570599 3
      vertex -2.4748737341529163 2.4748737341529163 3
      vertex -2.7055365867695795 2.220376494572759 3
    endloop
  endfacet
  facet normal 0 0 1
    outer loop
      vertex -2.4748737341529163 1.851664862373698 3
      vertex -2.3886534936361135 1.9603172608659405 3
      vertex -2.4748737341529163 2.4748737341529163 3
    endloop
  endfacet
  facet normal 0 0 1
    outer loop
      vertex -2.3886534936361135 1.9603172608659405 3
      vertex -2.249441021266098 2.113914554627747 3
      vertex -2.4748737341529163 2.4748737341529163 3
    endloop
  endfacet
  facet normal 0 0 1
    outer loop
      vertex -2.249441021266098 2.113914554627747 3
      vertex -2.2492078805816256 2.118660242282587 3
      vertex -2.4748737341529163 2.4748737341529163 3
    endloop
  endfacet
  facet normal 0 0 1
    outer loop
      vertex -2.2492078805816256 2.118660242282587 3
      vertex -2.220376494572759 2.7055365867695795 3
      vertex -2.4748737341529163 2.4748737341529163 3
    endloop
  endfacet
  facet normal 0 0 1
    outer loop
      vertex -2.220376494572759 2.1459823181590134 3
      vertex -2.185006782130087 2.185006782130087 3
      vertex -2.220376494572759 2.1484551016671163 3
    endloop
  endfacet
  facet normal 0 0 1
    outer loop
      vertex -2.2492078805816256 2.118660242282587 3
      vertex -2.220376494572759 2.1484551016671163 3
      vertex -2.220376494572759 2.7055365867695795 3
    endloop
  endfacet
  facet normal 0 0 1
    outer loop
      vertex -2.220376494572759 2.1484551016671163 3
      vertex -2.185006782130087 2.185006782130087 3
      vertex -2.220376494572759 2.7055365867695795 3
    endloop
  endfacet
  facet normal 0 0 1
    outer loop
      vertex -2.185006782130087 2.185006782130087 3
      vertex -1.9603172608659405 2.3886534936361135 3
      vertex -2.220376494572759 2.7055365867695795 3
    endloop
  endfacet
  facet normal 0 0 1
    outer loop
      vertex -2.220376494572759 2.7055365867695795 3
      vertex -1.9603172608659405 2.3886534936361135 3
      vertex -1.9444958155686076 2.9101436430589085 3
    endloop
  endfacet
  facet normal 0 0 1
    outer loop
      vertex -1.9603172608659405 2.3886534936361135 3
      vertex -1.7167488127612345 2.5692961662276 3
      vertex -1.9444958155686076 2.9101436430589085 3
    endloop
  endfacet
  facet normal 0 0 1
    outer loop
      vertex -1.7167488127612345 2.5692961662276 3
      vertex -1.6740509389696143 2.5948882868955594 3
      vertex -1.9444958155686076 2.9101436430589085 3
    endloop
  endfacet
  facet normal 0 0 1
    outer loop
      vertex -1.6740509389696143 2.5948882868955594 3
      vertex -1.673572761521682 2.604621812455944 3
      vertex -1.9444958155686076 2.9101436430589085 3
    endloop
  endfacet
  facet normal 0 0 1
    outer loop
      vertex -1.673572761521682 2.604621812455944 3
      vertex -1.6498885788909918 3.0867244252192427 3
      vertex -1.9444958155686076 2.9101436430589085 3
    endloop
  endfacet
  facet normal 0 0 1
    outer loop
      vertex -1.673572761521682 2.604621812455944 3
      vertex -1.618560776494116 2.6351990046081473 3
      vertex -1.6498885788909918 3.0867244252192427 3
    endloop
  endfacet
  facet normal 0 0 1
    outer loop
      vertex -1.6180910822395635 2.628429334231697 3
      vertex -1.4566471351192751 2.725195112218162 3
      vertex -1.618560776494116 2.6351990046081473 3
    endloop
  endfacet
  facet normal 0 0 1
    outer loop
      vertex -1.618560776494116 2.6351990046081473 3
      vertex -1.4566471351192751 2.725195112218162 3
      vertex -1.6498885788909918 3.0867244252192427 3
    endloop
  endfacet
  facet normal 0 0 1
    outer loop
      vertex -1.4566471351192751 2.725195112218162 3
      vertex -1.3639937696607867 2.7690168904478125 3
      vertex -1.6498885788909918 3.0867244252192427 3
    endloop
  endfacet
  facet normal 0 0 1
    outer loop
      vertex -1.3639937696607867 2.7690168904478125 3
      vertex -1.363606559120647 2.7763286895007133 3
      vertex -1.6498885788909918 3.0867244252192427 3
    endloop
  endfacet
  facet normal 0 0 1
    outer loop
      vertex -1.363606559120647 2.7763286895007133 3
      vertex -1.2970031779970042 2.805207872129907 3
      vertex -1.3393920132778143 3.2335783637895035 3
    endloop
  endfacet
  facet normal 0 0 1
    outer loop
      vertex -1.2970031779970042 2.805207872129907 3
      vertex -1.2965771530560264 2.800902575411634 3
      vertex -1.182517149281794 2.854848939534877 3
    endloop
  endfacet
  facet normal 0 0 1
    outer loop
      vertex -1.2970031779970042 2.805207872129907 3
      vertex -1.182517149281794 2.854848939534877 3
      vertex -1.3393920132778143 3.2335783637895035 3
    endloop
  endfacet
  facet normal 0 0 1
    outer loop
      vertex -1.182517149281794 2.854848939534877 3
      vertex -1.0390464814607783 2.906183565322052 3
      vertex -1.3393920132778143 3.2335783637895035 3
    endloop
  endfacet
  facet normal 0 0 1
    outer loop
      vertex -0.9892266228597439 2.9240093957645823 3
      vertex -0.8969988768671002 2.957009010944693 3
      vertex -0.9894338770072145 2.927301971180229 3
    endloop
  endfacet
  facet normal 0 0 1
    outer loop
      vertex -0.8969988768671002 2.957009010944693 3
      vertex -0.7252348012516182 3.0000336721156846 3
      vertex -0.724812718519671 3.004339357107657 3
    endloop
  endfacet
  facet normal 0 0 1
    outer loop
      vertex -1.363606559120647 2.7763286895007133 3
      vertex -1.3393920132778143 3.2335783637895035 3
      vertex -1.6498885788909918 3.0867244252192427 3
    endloop
  endfacet
  facet normal 0 0 1
    outer loop
      vertex -1.0390464814607783 2.906183565322052 3
      vertex -1.03877277074605 2.9114452883651434 3
      vertex -1.3393920132778143 3.2335783637895035 3
    endloop
  endfacet
  facet normal 0 0 1
    outer loop
      vertex -1.03877277074605 2.9114452883651434 3
      vertex -1.015996370390618 3.349291175062731 3
      vertex -1.3393920132778143 3.2335783637895035 3
    endloop
  endfacet
  facet normal 0 0 1
    outer loop
      vertex -1.03877277074605 2.9114452883651434 3
      vertex -0.9894338770072145 2.927301971180229 3
      vertex -1.015996370390618 3.349291175062731 3
    endloop
  endfacet
  facet normal 0 0 1
    outer loop
      vertex -0.9894338770072145 2.927301971180229 3
      vertex -0.8969988768671002 2.957009010944693 3
      vertex -1.015996370390618 3.349291175062731 3
    endloop
  endfacet
  facet normal 0 0 1
    outer loop
      vertex -0.8969988768671002 2.957009010944693 3
      vertex -0.724812718519671 3.004339357107657 3
      vertex -1.015996370390618 3.349291175062731 3
    endloop
  endfacet
  facet normal 0 0 1
    outer loop
      vertex -1.015996370390618 3.349291175062731 3
      vertex -0.724812718519671 3.004339357107657 3
      vertex -0.6828161270564489 3.4327484814113065 3
    endloop
  endfacet
  facet normal 0 0 1
    outer loop
      vertex -0.724812718519671 3.004339357107657 3
      vertex -0.6358305992175093 3.0235641931145443 3
      vertex -0.6828161270564489 3.4327484814113065 3
    endloop
  endfacet
  facet normal 0 0 1
    outer loop
      vertex -0.6357038097698953 3.0224600180148555 3
      vertex -0.6028420149187116 3.0306914691135587 3
      vertex -0.6358305992175093 3.0235641931145443 3
    endloop
  endfacet
  facet normal 0 0 1
    outer loop
      vertex -0.6358305992175093 3.0235641931145443 3
      vertex -0.6028420149187116 3.0306914691135587 3
      vertex -0.6828161270564489 3.4327484814113065 3
    endloop
  endfacet
  facet normal 0 0 1
    outer loop
      vertex -0.6028420149187116 3.0306914691135587 3
      vertex -0.3690409256307243 3.0653725845806337 3
      vertex -0.6828161270564489 3.4327484814113065 3
    endloop
  endfacet
  facet normal 0 0 1
    outer loop
      vertex -0.3690409256307243 3.0653725845806337 3
      vertex -0.3689032389611593 3.0675865890485894 3
      vertex -0.6828161270564489 3.4327484814113065 3
    endloop
  endfacet
  facet normal 0 0 1
    outer loop
      vertex -0.3689032389611593 3.0675865890485894 3
      vertex -0.3430599911534621 3.483146543352689 3
      vertex -0.6828161270564489 3.4327484814113065 3
    endloop
  endfacet
  facet normal 0 0 1
    outer loop
      vertex -0.33638983444407916 3.070215916436009 3
      vertex -0.3028794548196886 3.075186711690378 3
      vertex -0.33640778528015325 3.0713272021698703 3
    endloop
  endfacet
  facet normal 0 0 1
    outer loop
      vertex -0.33640778528015325 3.0713272021698703 3
      vertex -0.3028794548196886 3.075186711690378 3
      vertex -0.30385313502163785 3.0850726526838104 3
    endloop
  endfacet
  facet normal 0 0 1
    outer loop
      vertex -0.3689032389611593 3.0675865890485894 3
      vertex -0.33640778528015325 3.0713272021698703 3
      vertex -0.3430599911534621 3.483146543352689 3
    endloop
  endfacet
  facet normal 0 0 1
    outer loop
      vertex -0.33640778528015325 3.0713272021698703 3
      vertex -0.30385313502163785 3.0850726526838104 3
      vertex -0.3430599911534621 3.483146543352689 3
    endloop
  endfacet
  facet normal 0 0 1
    outer loop
      vertex -0.30385313502163785 3.0850726526838104 3
      vertex 0 3.5 3
      vertex -0.3430599911534621 3.483146543352689 3
    endloop
  endfacet
  facet normal 0 0 1
    outer loop
      vertex -0.30385313502163785 3.0850726526838104 3
      vertex 0 3.0900662251655633 3
      vertex 0 3.5 3
    endloop
  endfacet
  facet normal 0.9987954562051723 -0.049067674327417904 8.90502445709271e-21
    outer loop
      vertex -3.5 0 3
      vertex -3.483146543352689 0.3430599911534621 3
      vertex -3.483146543352689 0.3430599911534621 6.5
    endloop
  endfacet
  facet normal 0.9891765099647809 -0.14673047445536205 -6.193343255034202e-19
    outer loop
      vertex -3.483146543352689 0.3430599911534621 3
      vertex -3.4327484814113065 0.6828161270564489 3
      vertex -3.4327484814113065 0.6828161270564489 6.5
    endloop
  endfacet
  facet normal 0.9700312531945441 -0.24298017990326393 7.53122580669944e-19
    outer loop
      vertex -3.4327484814113065 0.6828161270564489 3
      vertex -3.349291175062731 1.015996370390618 3
      vertex -3.349291175062731 1.015996370390618 6.5
    endloop
  endfacet
  facet normal 0.9415440651830208 -0.33688985339222016 -2.282933489732539e-18
    outer loop
      vertex -3.349291175062731 1.015996370390618 3
      vertex -3.2335783637895035 1.3393920132778143 3
      vertex -3.2335783637895035 1.3393920132778143 6.5
    endloop
  endfacet
  facet normal 0.9987954562051723 -0.049067674327417904 0
    outer loop
      vertex -3.5 0 3
      vertex -3.483146543352689 0.3430599911534621 6.5
      vertex -3.5 0 6.5
    endloop
  endfacet
  facet normal 0.9891765099647809 -0.14673047445536205 0
    outer loop
      vertex -3.483146543352689 0.3430599911534621 3
      vertex -3.4327484814113065 0.6828161270564489 6.5
      vertex -3.483146543352689 0.3430599911534621 6.5
    endloop
  endfacet
  facet normal 0.9700312531945441 -0.24298017990326393 0
    outer loop
      vertex -3.4327484814113065 0.6828161270564489 3
      vertex -3.349291175062731 1.015996370390618 6.5
      vertex -3.4327484814113065 0.6828161270564489 6.5
    endloop
  endfacet
  facet normal 0.9415440651830208 -0.33688985339222016 0
    outer loop
      vertex -3.349291175062731 1.015996370390618 3
      vertex -3.2335783637895035 1.3393920132778143 6.5
      vertex -3.349291175062731 1.015996370390618 6.5
    endloop
  endfacet
  facet normal 0.9039892931234437 -0.4275550934302814 0
    outer loop
      vertex -3.2335783637895035 1.3393920132778143 3
      vertex -3.0867244252192427 1.6498885788909918 6.5
      vertex -3.2335783637895035 1.3393920132778143 6.5
    endloop
  endfacet
  facet normal 0.9039892931234437 -0.4275550934302814 2.2047570094613302e-18
    outer loop
      vertex -3.2335783637895035 1.3393920132778143 3
      vertex -3.0867244252192427 1.6498885788909918 3
      vertex -3.0867244252192427 1.6498885788909918 6.5
    endloop
  endfacet
  facet normal 0.8577286100002719 -0.5141027441932219 0
    outer loop
      vertex -3.0867244252192427 1.6498885788909918 3
      vertex -2.9101436430589085 1.9444958155686076 6.5
      vertex -3.0867244252192427 1.6498885788909918 6.5
    endloop
  endfacet
  facet normal 0.8577286100002719 -0.5141027441932219 -7.973949962916323e-19
    outer loop
      vertex -3.0867244252192427 1.6498885788909918 3
      vertex -2.9101436430589085 1.9444958155686076 3
      vertex -2.9101436430589085 1.9444958155686076 6.5
    endloop
  endfacet
  facet normal 0.8032075314806448 -0.5956993044924332 -8.944187460704983e-19
    outer loop
      vertex -2.9101436430589085 1.9444958155686076 3
      vertex -2.7055365867695795 2.220376494572759 3
      vertex -2.7055365867695795 2.220376494572759 6.5
    endloop
  endfacet
  facet normal 0.740951125354959 -0.6715589548470184 -1.5466227507027268e-18
    outer loop
      vertex -2.7055365867695795 2.220376494572759 3
      vertex -2.4748737341529163 2.4748737341529163 3
      vertex -2.4748737341529163 2.4748737341529163 6.5
    endloop
  endfacet
  facet normal 0.6715589548470184 -0.740951125354959 -1.5466227507027268e-18
    outer loop
      vertex -2.4748737341529163 2.4748737341529163 3
      vertex -2.220376494572759 2.7055365867695795 3
      vertex -2.220376494572759 2.7055365867695795 6.5
    endloop
  endfacet
  facet normal 0.5956993044924332 -0.8032075314806448 -8.944187460704983e-19
    outer loop
      vertex -2.220376494572759 2.7055365867695795 3
      vertex -1.9444958155686076 2.9101436430589085 3
      vertex -1.9444958155686076 2.9101436430589085 6.5
    endloop
  endfacet
  facet normal 0.8032075314806448 -0.5956993044924332 0
    outer loop
      vertex -2.9101436430589085 1.9444958155686076 3
      vertex -2.7055365867695795 2.220376494572759 6.5
      vertex -2.9101436430589085 1.9444958155686076 6.5
    endloop
  endfacet
  facet normal 0.740951125354959 -0.6715589548470184 0
    outer loop
      vertex -2.7055365867695795 2.220376494572759 3
      vertex -2.4748737341529163 2.4748737341529163 6.5
      vertex -2.7055365867695795 2.220376494572759 6.5
    endloop
  endfacet
  facet normal 0.6715589548470184 -0.740951125354959 0
    outer loop
      vertex -2.4748737341529163 2.4748737341529163 3
      vertex -2.220376494572759 2.7055365867695795 6.5
      vertex -2.4748737341529163 2.4748737341529163 6.5
    endloop
  endfacet
  facet normal 0.5956993044924332 -0.8032075314806448 0
    outer loop
      vertex -2.220376494572759 2.7055365867695795 3
      vertex -1.9444958155686076 2.9101436430589085 6.5
      vertex -2.220376494572759 2.7055365867695795 6.5
    endloop
  endfacet
  facet normal 0.5141027441932219 -0.8577286100002719 0
    outer loop
      vertex -1.9444958155686076 2.9101436430589085 3
      vertex -1.6498885788909918 3.0867244252192427 6.5
      vertex -1.9444958155686076 2.9101436430589085 6.5
    endloop
  endfacet
  facet normal 0.5141027441932219 -0.8577286100002719 -7.973949962916323e-19
    outer loop
      vertex -1.9444958155686076 2.9101436430589085 3
      vertex -1.6498885788909918 3.0867244252192427 3
      vertex -1.6498885788909918 3.0867244252192427 6.5
    endloop
  endfacet
  facet normal 0.4275550934302814 -0.9039892931234437 0
    outer loop
      vertex -1.6498885788909918 3.0867244252192427 3
      vertex -1.3393920132778143 3.2335783637895035 6.5
      vertex -1.6498885788909918 3.0867244252192427 6.5
    endloop
  endfacet
  facet normal 0.4275550934302814 -0.9039892931234437 2.2047570094613302e-18
    outer loop
      vertex -1.6498885788909918 3.0867244252192427 3
      vertex -1.3393920132778143 3.2335783637895035 3
      vertex -1.3393920132778143 3.2335783637895035 6.5
    endloop
  endfacet
  facet normal 0.33688985339222016 -0.9415440651830208 -2.282933489732539e-18
    outer loop
      vertex -1.3393920132778143 3.2335783637895035 3
      vertex -1.015996370390618 3.349291175062731 3
      vertex -1.015996370390618 3.349291175062731 6.5
    endloop
  endfacet
  facet normal 0.24298017990326393 -0.9700312531945441 7.53122580669944e-19
    outer loop
      vertex -1.015996370390618 3.349291175062731 3
      vertex -0.6828161270564489 3.4327484814113065 3
      vertex -0.6828161270564489 3.4327484814113065 6.5
    endloop
  endfacet
  facet normal 0.14673047445536205 -0.9891765099647809 -6.193343255034202e-19
    outer loop
      vertex -0.6828161270564489 3.4327484814113065 3
      vertex -0.3430599911534621 3.483146543352689 3
      vertex -0.3430599911534621 3.483146543352689 6.5
    endloop
  endfacet
  facet normal 0.049067674327417904 -0.9987954562051723 8.90502445709271e-21
    outer loop
      vertex -0.3430599911534621 3.483146543352689 3
      vertex 0 3.5 3
      vertex 0 3.5 6.5
    endloop
  endfacet
  facet normal 0.33688985339222016 -0.9415440651830208 0
    outer loop
      vertex -1.3393920132778143 3.2335783637895035 3
      vertex -1.015996370390618 3.349291175062731 6.5
      vertex -1.3393920132778143 3.2335783637895035 6.5
    endloop
  endfacet
  facet normal 0.24298017990326393 -0.9700312531945441 0
    outer loop
      vertex -1.015996370390618 3.349291175062731 3
      vertex -0.6828161270564489 3.4327484814113065 6.5
      vertex -1.015996370390618 3.349291175062731 6.5
    endloop
  endfacet
  facet normal 0.14673047445536205 -0.9891765099647809 0
    outer loop
      vertex -0.6828161270564489 3.4327484814113065 3
      vertex -0.3430599911534621 3.483146543352689 6.5
      vertex -0.6828161270564489 3.4327484814113065 6.5
    endloop
  endfacet
  facet normal 0.049067674327417904 -0.9987954562051723 0
    outer loop
      vertex -0.3430599911534621 3.483146543352689 3
      vertex 0 3.5 6.5
      vertex -0.3430599911534621 3.483146543352689 6.5
    endloop
  endfacet
  facet normal 0.9987954562051724 -0.04906767432741791 7.791896399956123e-21
    outer loop
      vertex -3.5 0 11.100000000000001
      vertex -3.483146543352689 0.3430599911534621 11.100000000000001
      vertex -3.483146543352689 0.3430599911534621 15.100000000000001
    endloop
  endfacet
  facet normal 0.989176509964781 -0.14673047445536205 -5.419175348154926e-19
    outer loop
      vertex -3.483146543352689 0.3430599911534621 11.100000000000001
      vertex -3.4327484814113065 0.6828161270564489 11.100000000000001
      vertex -3.4327484814113065 0.6828161270564489 15.100000000000001
    endloop
  endfacet
  facet normal 0.9700312531945441 -0.24298017990326393 6.589822580862009e-19
    outer loop
      vertex -3.4327484814113065 0.6828161270564489 11.100000000000001
      vertex -3.349291175062731 1.015996370390618 11.100000000000001
      vertex -3.349291175062731 1.015996370390618 15.100000000000001
    endloop
  endfacet
  facet normal 0.9415440651830207 -0.3368898533922201 -1.9975668035159715e-18
    outer loop
      vertex -3.349291175062731 1.015996370390618 11.100000000000001
      vertex -3.2335783637895035 1.3393920132778143 11.100000000000001
      vertex -3.2335783637895035 1.3393920132778143 15.100000000000001
    endloop
  endfacet
  facet normal 0.9039892931234437 -0.4275550934302815 1.929162383278664e-18
    outer loop
      vertex -3.2335783637895035 1.3393920132778143 11.100000000000001
      vertex -3.0867244252192427 1.6498885788909918 11.100000000000001
      vertex -3.0867244252192427 1.6498885788909918 15.100000000000001
    endloop
  endfacet
  facet normal 0.9987954562051724 -0.04906767432741791 0
    outer loop
      vertex -3.5 0 11.100000000000001
      vertex -3.483146543352689 0.3430599911534621 15.100000000000001
      vertex -3.5 0 15.100000000000001
    endloop
  endfacet
  facet normal 0.989176509964781 -0.14673047445536205 0
    outer loop
      vertex -3.483146543352689 0.3430599911534621 11.100000000000001
      vertex -3.4327484814113065 0.6828161270564489 15.100000000000001
      vertex -3.483146543352689 0.3430599911534621 15.100000000000001
    endloop
  endfacet
  facet normal 0.9700312531945441 -0.24298017990326393 0
    outer loop
      vertex -3.4327484814113065 0.6828161270564489 11.100000000000001
      vertex -3.349291175062731 1.015996370390618 15.100000000000001
      vertex -3.4327484814113065 0.6828161270564489 15.100000000000001
    endloop
  endfacet
  facet normal 0.9415440651830207 -0.3368898533922201 0
    outer loop
      vertex -3.349291175062731 1.015996370390618 11.100000000000001
      vertex -3.2335783637895035 1.3393920132778143 15.100000000000001
      vertex -3.349291175062731 1.015996370390618 15.100000000000001
    endloop
  endfacet
  facet normal 0.9039892931234437 -0.4275550934302815 0
    outer loop
      vertex -3.2335783637895035 1.3393920132778143 11.100000000000001
      vertex -3.0867244252192427 1.6498885788909918 15.100000000000001
      vertex -3.2335783637895035 1.3393920132778143 15.100000000000001
    endloop
  endfacet
  facet normal 0.8577286100002719 -0.5141027441932219 0
    outer loop
      vertex -3.0867244252192427 1.6498885788909918 11.100000000000001
      vertex -2.9101436430589085 1.9444958155686076 15.100000000000001
      vertex -3.0867244252192427 1.6498885788909918 15.100000000000001
    endloop
  endfacet
  facet normal 0.8577286100002719 -0.5141027441932219 -6.977206217551782e-19
    outer loop
      vertex -3.0867244252192427 1.6498885788909918 11.100000000000001
      vertex -2.9101436430589085 1.9444958155686076 11.100000000000001
      vertex -2.9101436430589085 1.9444958155686076 15.100000000000001
    endloop
  endfacet
  facet normal 0.8032075314806448 -0.5956993044924332 -7.826164028116861e-19
    outer loop
      vertex -2.9101436430589085 1.9444958155686076 11.100000000000001
      vertex -2.7055365867695795 2.220376494572759 11.100000000000001
      vertex -2.7055365867695795 2.220376494572759 15.100000000000001
    endloop
  endfacet
  facet normal 0.7409511253549591 -0.6715589548470186 -1.353294906864886e-18
    outer loop
      vertex -2.7055365867695795 2.220376494572759 11.100000000000001
      vertex -2.4748737341529163 2.4748737341529163 11.100000000000001
      vertex -2.4748737341529163 2.4748737341529163 15.100000000000001
    endloop
  endfacet
  facet normal 0.6715589548470186 -0.7409511253549591 -1.353294906864886e-18
    outer loop
      vertex -2.4748737341529163 2.4748737341529163 11.100000000000001
      vertex -2.220376494572759 2.7055365867695795 11.100000000000001
      vertex -2.220376494572759 2.7055365867695795 15.100000000000001
    endloop
  endfacet
  facet normal 0.5956993044924332 -0.8032075314806448 -7.826164028116861e-19
    outer loop
      vertex -2.220376494572759 2.7055365867695795 11.100000000000001
      vertex -1.9444958155686076 2.9101436430589085 11.100000000000001
      vertex -1.9444958155686076 2.9101436430589085 15.100000000000001
    endloop
  endfacet
  facet normal 0.8032075314806448 -0.5956993044924332 0
    outer loop
      vertex -2.9101436430589085 1.9444958155686076 11.100000000000001
      vertex -2.7055365867695795 2.220376494572759 15.100000000000001
      vertex -2.9101436430589085 1.9444958155686076 15.100000000000001
    endloop
  endfacet
  facet normal 0.7409511253549591 -0.6715589548470186 0
    outer loop
      vertex -2.7055365867695795 2.220376494572759 11.100000000000001
      vertex -2.4748737341529163 2.4748737341529163 15.100000000000001
      vertex -2.7055365867695795 2.220376494572759 15.100000000000001
    endloop
  endfacet
  facet normal 0.6715589548470186 -0.7409511253549591 0
    outer loop
      vertex -2.4748737341529163 2.4748737341529163 11.100000000000001
      vertex -2.220376494572759 2.7055365867695795 15.100000000000001
      vertex -2.4748737341529163 2.4748737341529163 15.100000000000001
    endloop
  endfacet
  facet normal 0.5956993044924332 -0.8032075314806448 0
    outer loop
      vertex -2.220376494572759 2.7055365867695795 11.100000000000001
      vertex -1.9444958155686076 2.9101436430589085 15.100000000000001
      vertex -2.220376494572759 2.7055365867695795 15.100000000000001
    endloop
  endfacet
  facet normal 0.5141027441932219 -0.8577286100002719 0
    outer loop
      vertex -1.9444958155686076 2.9101436430589085 11.100000000000001
      vertex -1.6498885788909918 3.0867244252192427 15.100000000000001
      vertex -1.9444958155686076 2.9101436430589085 15.100000000000001
    endloop
  endfacet
  facet normal 0.5141027441932219 -0.8577286100002719 -6.977206217551782e-19
    outer loop
      vertex -1.9444958155686076 2.9101436430589085 11.100000000000001
      vertex -1.6498885788909918 3.0867244252192427 11.100000000000001
      vertex -1.6498885788909918 3.0867244252192427 15.100000000000001
    endloop
  endfacet
  facet normal 0.4275550934302815 -0.9039892931234437 1.929162383278664e-18
    outer loop
      vertex -1.6498885788909918 3.0867244252192427 11.100000000000001
      vertex -1.3393920132778143 3.2335783637895035 11.100000000000001
      vertex -1.3393920132778143 3.2335783637895035 15.100000000000001
    endloop
  endfacet
  facet normal 0.3368898533922201 -0.9415440651830207 -1.9975668035159715e-18
    outer loop
      vertex -1.3393920132778143 3.2335783637895035 11.100000000000001
      vertex -1.015996370390618 3.349291175062731 11.100000000000001
      vertex -1.015996370390618 3.349291175062731 15.100000000000001
    endloop
  endfacet
  facet normal 0.24298017990326393 -0.9700312531945441 6.589822580862009e-19
    outer loop
      vertex -1.015996370390618 3.349291175062731 11.100000000000001
      vertex -0.6828161270564489 3.4327484814113065 11.100000000000001
      vertex -0.6828161270564489 3.4327484814113065 15.100000000000001
    endloop
  endfacet
  facet normal 0.14673047445536205 -0.989176509964781 -5.419175348154926e-19
    outer loop
      vertex -0.6828161270564489 3.4327484814113065 11.100000000000001
      vertex -0.3430599911534621 3.483146543352689 11.100000000000001
      vertex -0.3430599911534621 3.483146543352689 15.100000000000001
    endloop
  endfacet
  facet normal 0.04906767432741791 -0.9987954562051724 7.791896399956123e-21
    outer loop
      vertex -0.3430599911534621 3.483146543352689 11.100000000000001
      vertex 0 3.5 11.100000000000001
      vertex 0 3.5 15.100000000000001
    endloop
  endfacet
  facet normal 0.4275550934302815 -0.9039892931234437 0
    outer loop
      vertex -1.6498885788909918 3.0867244252192427 11.100000000000001
      vertex -1.3393920132778143 3.2335783637895035 15.100000000000001
      vertex -1.6498885788909918 3.0867244252192427 15.100000000000001
    endloop
  endfacet
  facet normal 0.3368898533922201 -0.9415440651830207 0
    outer loop
      vertex -1.3393920132778143 3.2335783637895035 11.100000000000001
      vertex -1.015996370390618 3.349291175062731 15.100000000000001
      vertex -1.3393920132778143 3.2335783637895035 15.100000000000001
    endloop
  endfacet
  facet normal 0.24298017990326393 -0.9700312531945441 0
    outer loop
      vertex -1.015996370390618 3.349291175062731 11.100000000000001
      vertex -0.6828161270564489 3.4327484814113065 15.100000000000001
      vertex -1.015996370390618 3.349291175062731 15.100000000000001
    endloop
  endfacet
  facet normal 0.14673047445536205 -0.989176509964781 0
    outer loop
      vertex -0.6828161270564489 3.4327484814113065 11.100000000000001
      vertex -0.3430599911534621 3.483146543352689 15.100000000000001
      vertex -0.6828161270564489 3.4327484814113065 15.100000000000001
    endloop
  endfacet
  facet normal 0.04906767432741791 -0.9987954562051724 0
    outer loop
      vertex -0.3430599911534621 3.483146543352689 11.100000000000001
      vertex 0 3.5 15.100000000000001
      vertex -0.3430599911534621 3.483146543352689 15.100000000000001
    endloop
  endfacet
  facet normal 0 0 1
    outer loop
      vertex 0 -3.5 3
      vertex 0.03301629990048357 -3.0983780131948455 3
      vertex 0 -3.1 3
    endloop
  endfacet
  facet normal 0 0 1
    outer loop
      vertex 0 -3.5 3
      vertex 0.3430599911534621 -3.483146543352689 3
      vertex 0.03301629990048357 -3.0983780131948455 3
    endloop
  endfacet
  facet normal 0 0 1
    outer loop
      vertex 0.03301629990048357 -3.0983780131948455 3
      vertex 0.3430599911534621 -3.483146543352689 3
      vertex 0.03383624112317767 -3.0884039572311415 3
    endloop
  endfacet
  facet normal 0 0 1
    outer loop
      vertex 0.03383624112317767 -3.0884039572311415 3
      vertex 0.3430599911534621 -3.483146543352689 3
      vertex 0.30385313502163785 -3.0850726526838104 3
    endloop
  endfacet
  facet normal 0 0 1
    outer loop
      vertex 0.30385313502163785 -3.0850726526838104 3
      vertex 0.3430599911534621 -3.483146543352689 3
      vertex 0.36841133917327856 -3.0754963477172743 3
    endloop
  endfacet
  facet normal 0 0 1
    outer loop
      vertex 0.03383624112317767 -3.0884039572311415 3
      vertex 0.30385313502163785 -3.0850726526838104 3
      vertex 0.3028794548196886 -3.075186711690378 3
    endloop
  endfacet
  facet normal 0 0 1
    outer loop
      vertex 0.3430599911534621 -3.483146543352689 3
      vertex 0.6828161270564489 -3.4327484814113065 3
      vertex 0.36841133917327856 -3.0754963477172743 3
    endloop
  endfacet
  facet normal 0 0 1
    outer loop
      vertex 0.36841133917327856 -3.0754963477172743 3
      vertex 0.6028420149187116 -3.0306914691135587 3
      vertex 0.3690409256307243 -3.0653725845806337 3
    endloop
  endfacet
  facet normal 0 0 1
    outer loop
      vertex 0.6828161270564489 -3.4327484814113065 3
      vertex 0.6028420149187116 -3.0306914691135587 3
      vertex 0.36841133917327856 -3.0754963477172743 3
    endloop
  endfacet
  facet normal 0 0 1
    outer loop
      vertex 0.6828161270564489 -3.4327484814113065 3
      vertex 0.636845465277647 -3.032402387887144 3
      vertex 0.6028420149187116 -3.0306914691135587 3
    endloop
  endfacet
  facet normal 0 0 1
    outer loop
      vertex 0.636845465277647 -3.032402387887144 3
      vertex 0.6357038097698953 -3.0224600180148555 3
      vertex 0.6028420149187116 -3.0306914691135587 3
    endloop
  endfacet
  facet normal 0 0 1
    outer loop
      vertex 0.6828161270564489 -3.4327484814113065 3
      vertex 0.7242068850756448 -3.010519491403947 3
      vertex 0.636845465277647 -3.032402387887144 3
    endloop
  endfacet
  facet normal 0 0 1
    outer loop
      vertex 0.6828161270564489 -3.4327484814113065 3
      vertex 1.015996370390618 -3.349291175062731 3
      vertex 0.7242068850756448 -3.010519491403947 3
    endloop
  endfacet
  facet normal 0 0 1
    outer loop
      vertex 1.015996370390618 -3.349291175062731 3
      vertex 0.7252348012516182 -3.0000336721156846 3
      vertex 0.7242068850756448 -3.010519491403947 3
    endloop
  endfacet
  facet normal 0 0 1
    outer loop
      vertex 1.015996370390618 -3.349291175062731 3
      vertex 0.8969988768671002 -2.957009010944693 3
      vertex 0.7252348012516182 -3.0000336721156846 3
    endloop
  endfacet
  facet normal 0 0 1
    outer loop
      vertex 1.015996370390618 -3.349291175062731 3
      vertex 0.989875324334644 -2.9343150931627604 3
      vertex 0.8969988768671002 -2.957009010944693 3
    endloop
  endfacet
  facet normal 0 0 1
    outer loop
      vertex 1.015996370390618 -3.349291175062731 3
      vertex 1.0384879165721639 -2.916921229532246 3
      vertex 0.989875324334644 -2.9343150931627604 3
    endloop
  endfacet
  facet normal 0 0 1
    outer loop
      vertex 1.015996370390618 -3.349291175062731 3
      vertex 1.3393920132778143 -3.2335783637895035 3
      vertex 1.0384879165721639 -2.916921229532246 3
    endloop
  endfacet
  facet normal 0 0 1
    outer loop
      vertex 1.3393920132778143 -3.2335783637895035 3
      vertex 1.0390464814607783 -2.906183565322052 3
      vertex 1.0384879165721639 -2.916921229532246 3
    endloop
  endfacet
  facet normal 0 0 1
    outer loop
      vertex 1.3393920132778143 -3.2335783637895035 3
      vertex 1.6498885788909918 -3.0867244252192427 3
      vertex 1.3633976043203269 -2.780274438267078 3
    endloop
  endfacet
  facet normal 0 0 1
    outer loop
      vertex 0.8969988768671002 -2.957009010944693 3
      vertex 0.989875324334644 -2.9343150931627604 3
      vertex 0.9892266228597439 -2.9240093957645823 3
    endloop
  endfacet
  facet normal 0 0 1
    outer loop
      vertex 1.3393920132778143 -3.2335783637895035 3
      vertex 1.182517149281794 -2.854848939534877 3
      vertex 1.0390464814607783 -2.906183565322052 3
    endloop
  endfacet
  facet normal 0 0 1
    outer loop
      vertex 1.3393920132778143 -3.2335783637895035 3
      vertex 1.2976146698626934 -2.811387449120306 3
      vertex 1.182517149281794 -2.854848939534877 3
    endloop
  endfacet
  facet normal 0 0 1
    outer loop
      vertex 1.182517149281794 -2.854848939534877 3
      vertex 1.2976146698626934 -2.811387449120306 3
      vertex 1.2965771530560264 -2.800902575411634 3
    endloop
  endfacet
  facet normal 0 0 1
    outer loop
      vertex 1.3393920132778143 -3.2335783637895035 3
      vertex 1.3633976043203269 -2.780274438267078 3
      vertex 1.2976146698626934 -2.811387449120306 3
    endloop
  endfacet
  facet normal 0 0 1
    outer loop
      vertex 1.6498885788909918 -3.0867244252192427 3
      vertex 1.3639937696607867 -2.7690168904478125 3
      vertex 1.3633976043203269 -2.780274438267078 3
    endloop
  endfacet
  facet normal 0 0 1
    outer loop
      vertex 1.6498885788909918 -3.0867244252192427 3
      vertex 1.4566471351192751 -2.725195112218162 3
      vertex 1.3639937696607867 -2.7690168904478125 3
    endloop
  endfacet
  facet normal 0 0 1
    outer loop
      vertex 1.6498885788909918 -3.0867244252192427 3
      vertex 1.618861619315123 -2.6395350311053853 3
      vertex 1.4566471351192751 -2.725195112218162 3
    endloop
  endfacet
  facet normal 0 0 1
    outer loop
      vertex 1.4566471351192751 -2.725195112218162 3
      vertex 1.618861619315123 -2.6395350311053853 3
      vertex 1.6180910822395635 -2.628429334231697 3
    endloop
  endfacet
  facet normal 0 0 1
    outer loop
      vertex 1.6498885788909918 -3.0867244252192427 3
      vertex 1.6734654213586622 -2.606806771669154 3
      vertex 1.618861619315123 -2.6395350311053853 3
    endloop
  endfacet
  facet normal 0 0 1
    outer loop
      vertex 1.6498885788909918 -3.0867244252192427 3
      vertex 1.9444958155686076 -2.9101436430589085 3
      vertex 1.6734654213586622 -2.606806771669154 3
    endloop
  endfacet
  facet normal 0 0 1
    outer loop
      vertex 1.9444958155686076 -2.9101436430589085 3
      vertex 1.6740509389696143 -2.5948882868955594 3
      vertex 1.6734654213586622 -2.606806771669154 3
    endloop
  endfacet
  facet normal 0 0 1
    outer loop
      vertex 1.9444958155686076 -2.9101436430589085 3
      vertex 1.7167488127612345 -2.5692961662276 3
      vertex 1.6740509389696143 -2.5948882868955594 3
    endloop
  endfacet
  facet normal 0 0 1
    outer loop
      vertex 1.9444958155686076 -2.9101436430589085 3
      vertex 2.220376494572759 -2.7055365867695795 3
      vertex 1.7167488127612345 -2.5692961662276 3
    endloop
  endfacet
  facet normal 0 0 1
    outer loop
      vertex 1.7167488127612345 -2.5692961662276 3
      vertex 2.220376494572759 -2.7055365867695795 3
      vertex 1.9603172608659405 -2.3886534936361135 3
    endloop
  endfacet
  facet normal 0 0 1
    outer loop
      vertex 2.220376494572759 -2.7055365867695795 3
      vertex 2.220376494572759 -2.1607566117574972 3
      vertex 1.9603172608659405 -2.3886534936361135 3
    endloop
  endfacet
  facet normal 0 0 1
    outer loop
      vertex 2.220376494572759 -2.7055365867695795 3
      vertex 2.2486736107131686 -2.129535555292972 3
      vertex 2.220376494572759 -2.1607566117574972 3
    endloop
  endfacet
  facet normal 0 0 1
    outer loop
      vertex 1.9603172608659405 -2.3886534936361135 3
      vertex 2.220376494572759 -2.1607566117574972 3
      vertex 2.185006782130087 -2.185006782130087 3
    endloop
  endfacet
  facet normal 0 0 1
    outer loop
      vertex 2.185006782130087 -2.185006782130087 3
      vertex 2.220376494572759 -2.1607566117574972 3
      vertex 2.220376494572759 -2.1459823181590134 3
    endloop
  endfacet
  facet normal 0 0 1
    outer loop
      vertex 2.220376494572759 -2.7055365867695795 3
      vertex 2.4748737341529163 -2.4748737341529163 3
      vertex 2.2486736107131686 -2.129535555292972 3
    endloop
  endfacet
  facet normal 0 0 1
    outer loop
      vertex 2.4748737341529163 -2.4748737341529163 3
      vertex 2.249441021266098 -2.113914554627747 3
      vertex 2.2486736107131686 -2.129535555292972 3
    endloop
  endfacet
  facet normal 0 0 1
    outer loop
      vertex 2.4748737341529163 -2.4748737341529163 3
      vertex 2.3886534936361135 -1.9603172608659405 3
      vertex 2.249441021266098 -2.113914554627747 3
    endloop
  endfacet
  facet normal 0 0 1
    outer loop
      vertex 2.4748737341529163 -2.4748737341529163 3
      vertex 2.4748737341529163 -1.8607184583591605 3
      vertex 2.3886534936361135 -1.9603172608659405 3
    endloop
  endfacet
  facet normal 0 0 1
    outer loop
      vertex 2.4748737341529163 -2.4748737341529163 3
      vertex 2.7055365867695795 -2.220376494572759 3
      vertex 2.507185581285376 -1.8171509759445947 3
    endloop
  endfacet
  facet normal 0 0 1
    outer loop
      vertex 2.4748737341529163 -2.4748737341529163 3
      vertex 2.507185581285376 -1.8171509759445947 3
      vertex 2.4748737341529163 -1.8607184583591605 3
    endloop
  endfacet
  facet normal 0 0 1
    outer loop
      vertex 2.3886534936361135 -1.9603172608659405 3
      vertex 2.4748737341529163 -1.8607184583591605 3
      vertex 2.4748737341529163 -1.844062724345748 3
    endloop
  endfacet
  facet normal 0 0 1
    outer loop
      vertex 2.507185581285376 -1.8171509759445947 3
      vertex 2.7055365867695795 -2.220376494572759 3
      vertex 2.508061870316069 -1.7993137029501922 3
    endloop
  endfacet
  facet normal 0 0 1
    outer loop
      vertex 2.508061870316069 -1.7993137029501922 3
      vertex 2.7055365867695795 -2.220376494572759 3
      vertex 2.5692961662276 -1.7167488127612345 3
    endloop
  endfacet
  facet normal 0 0 1
    outer loop
      vertex 2.5692961662276 -1.7167488127612345 3
      vertex 2.7055365867695795 -2.220376494572759 3
      vertex 2.9101436430589085 -1.9444958155686076 3
    endloop
  endfacet
  facet normal 0 0 1
    outer loop
      vertex 2.5692961662276 -1.7167488127612345 3
      vertex 2.9101436430589085 -1.9444958155686076 3
      vertex 2.725195112218162 -1.4566471351192751 3
    endloop
  endfacet
  facet normal 0 0 1
    outer loop
      vertex 2.9101436430589085 -1.9444958155686076 3
      vertex 2.854848939534877 -1.182517149281794 3
      vertex 2.725195112218162 -1.4566471351192751 3
    endloop
  endfacet
  facet normal 0 0 1
    outer loop
      vertex 2.9101436430589085 -1.9444958155686076 3
      vertex 3.0867244252192427 -1.6498885788909918 3
      vertex 2.9606580356715497 -0.9162517321460972 3
    endloop
  endfacet
  facet normal 0 0 1
    outer loop
      vertex 2.9101436430589085 -1.9444958155686076 3
      vertex 2.9101436430589085 -1.057430001814506 3
      vertex 2.854848939534877 -1.182517149281794 3
    endloop
  endfacet
  facet normal 0 0 1
    outer loop
      vertex 2.9101436430589085 -1.9444958155686076 3
      vertex 2.9606580356715497 -0.9162517321460972 3
      vertex 2.9101436430589085 -1.057430001814506 3
    endloop
  endfacet
  facet normal 0 0 1
    outer loop
      vertex 2.854848939534877 -1.182517149281794 3
      vertex 2.9101436430589085 -1.057430001814506 3
      vertex 2.9101436430589085 -1.0279788056217563 3
    endloop
  endfacet
  facet normal 0 0 1
    outer loop
      vertex 2.9101436430589085 -1.0279788056217563 3
      vertex 2.9615363985562073 -0.8983722448844581 3
      vertex 2.957009010944693 -0.8969988768671002 3
    endloop
  endfacet
  facet normal 0 0 1
    outer loop
      vertex 2.9615363985562073 -0.8983722448844581 3
      vertex 3.0306914691135587 -0.6028420149187116 3
      vertex 2.957009010944693 -0.8969988768671002 3
    endloop
  endfacet
  facet normal 0 0 1
    outer loop
      vertex 3.0867244252192427 -1.6498885788909918 3
      vertex 2.9615363985562073 -0.8983722448844581 3
      vertex 2.9606580356715497 -0.9162517321460972 3
    endloop
  endfacet
  facet normal 0 0 1
    outer loop
      vertex 3.0867244252192427 -1.6498885788909918 3
      vertex 3.0306914691135587 -0.6028420149187116 3
      vertex 2.9615363985562073 -0.8983722448844581 3
    endloop
  endfacet
  facet normal 0 0 1
    outer loop
      vertex 3.0867244252192427 -1.6498885788909918 3
      vertex 3.075186711690378 -0.3028794548196886 3
      vertex 3.0306914691135587 -0.6028420149187116 3
    endloop
  endfacet
  facet normal 0 0 1
    outer loop
      vertex 3.0867244252192427 -1.6498885788909918 3
      vertex 3.2335783637895035 -1.3393920132778143 3
      vertex 3.2335783637895035 1.3393920132778143 3
    endloop
  endfacet
  facet normal 0 0 1
    outer loop
      vertex 3.2335783637895035 -1.3393920132778143 3
      vertex 3.349291175062731 -1.015996370390618 3
      vertex 3.349291175062731 1.015996370390618 3
    endloop
  endfacet
  facet normal 0 0 1
    outer loop
      vertex 3.0867244252192427 -1.6498885788909918 3
      vertex 3.2335783637895035 1.3393920132778143 3
      vertex 3.075186711690378 -0.3028794548196886 3
    endloop
  endfacet
  facet normal 0 0 1
    outer loop
      vertex 3.349291175062731 -1.015996370390618 3
      vertex 3.4327484814113065 -0.6828161270564489 3
      vertex 3.4327484814113065 0.6828161270564489 3
    endloop
  endfacet
  facet normal 0 0 1
    outer loop
      vertex 3.4327484814113065 -0.6828161270564489 3
      vertex 3.483146543352689 -0.3430599911534621 3
      vertex 3.483146543352689 0.3430599911534621 3
    endloop
  endfacet
  facet normal -0.049067674327417904 0.9987954562051723 0
    outer loop
      vertex 0 -3.5 3
      vertex 0 -3.5 6.5
      vertex 0.3430599911534621 -3.483146543352689 3
    endloop
  endfacet
  facet normal -0.14673047445536205 0.9891765099647809 0
    outer loop
      vertex 0.3430599911534621 -3.483146543352689 3
      vertex 0.3430599911534621 -3.483146543352689 6.5
      vertex 0.6828161270564489 -3.4327484814113065 3
    endloop
  endfacet
  facet normal -0.24298017990326393 0.9700312531945441 0
    outer loop
      vertex 0.6828161270564489 -3.4327484814113065 3
      vertex 0.6828161270564489 -3.4327484814113065 6.5
      vertex 1.015996370390618 -3.349291175062731 3
    endloop
  endfacet
  facet normal -0.33688985339222016 0.9415440651830208 0
    outer loop
      vertex 1.015996370390618 -3.349291175062731 3
      vertex 1.015996370390618 -3.349291175062731 6.5
      vertex 1.3393920132778143 -3.2335783637895035 3
    endloop
  endfacet
  facet normal -0.4275550934302814 0.9039892931234437 0
    outer loop
      vertex 1.3393920132778143 -3.2335783637895035 3
      vertex 1.3393920132778143 -3.2335783637895035 6.5
      vertex 1.6498885788909918 -3.0867244252192427 3
    endloop
  endfacet
  facet normal -0.049067674327417904 0.9987954562051723 0
    outer loop
      vertex 0.3430599911534621 -3.483146543352689 3
      vertex 0 -3.5 6.5
      vertex 0.3430599911534621 -3.483146543352689 6.5
    endloop
  endfacet
  facet normal -0.14673047445536205 0.9891765099647809 0
    outer loop
      vertex 0.6828161270564489 -3.4327484814113065 3
      vertex 0.3430599911534621 -3.483146543352689 6.5
      vertex 0.6828161270564489 -3.4327484814113065 6.5
    endloop
  endfacet
  facet normal -0.24298017990326393 0.9700312531945441 0
    outer loop
      vertex 1.015996370390618 -3.349291175062731 3
      vertex 0.6828161270564489 -3.4327484814113065 6.5
      vertex 1.015996370390618 -3.349291175062731 6.5
    endloop
  endfacet
  facet normal -0.33688985339222016 0.9415440651830208 0
    outer loop
      vertex 1.3393920132778143 -3.2335783637895035 3
      vertex 1.015996370390618 -3.349291175062731 6.5
      vertex 1.3393920132778143 -3.2335783637895035 6.5
    endloop
  endfacet
  facet normal -0.5141027441932219 0.8577286100002719 0
    outer loop
      vertex 1.6498885788909918 -3.0867244252192427 3
      vertex 1.6498885788909918 -3.0867244252192427 6.5
      vertex 1.9444958155686076 -2.9101436430589085 3
    endloop
  endfacet
  facet normal -0.4275550934302814 0.9039892931234437 0
    outer loop
      vertex 1.6498885788909918 -3.0867244252192427 3
      vertex 1.3393920132778143 -3.2335783637895035 6.5
      vertex 1.6498885788909918 -3.0867244252192427 6.5
    endloop
  endfacet
  facet normal -0.5956993044924332 0.8032075314806448 0
    outer loop
      vertex 1.9444958155686076 -2.9101436430589085 3
      vertex 1.9444958155686076 -2.9101436430589085 6.5
      vertex 2.220376494572759 -2.7055365867695795 3
    endloop
  endfacet
  facet normal -0.6715589548470184 0.740951125354959 0
    outer loop
      vertex 2.220376494572759 -2.7055365867695795 3
      vertex 2.220376494572759 -2.7055365867695795 6.5
      vertex 2.4748737341529163 -2.4748737341529163 3
    endloop
  endfacet
  facet normal -0.740951125354959 0.6715589548470184 0
    outer loop
      vertex 2.4748737341529163 -2.4748737341529163 3
      vertex 2.4748737341529163 -2.4748737341529163 6.5
      vertex 2.7055365867695795 -2.220376494572759 3
    endloop
  endfacet
  facet normal -0.8032075314806448 0.5956993044924332 0
    outer loop
      vertex 2.7055365867695795 -2.220376494572759 3
      vertex 2.7055365867695795 -2.220376494572759 6.5
      vertex 2.9101436430589085 -1.9444958155686076 3
    endloop
  endfacet
  facet normal -0.8577286100002719 0.5141027441932219 0
    outer loop
      vertex 2.9101436430589085 -1.9444958155686076 3
      vertex 2.9101436430589085 -1.9444958155686076 6.5
      vertex 3.0867244252192427 -1.6498885788909918 3
    endloop
  endfacet
  facet normal -0.5141027441932219 0.8577286100002719 0
    outer loop
      vertex 1.9444958155686076 -2.9101436430589085 3
      vertex 1.6498885788909918 -3.0867244252192427 6.5
      vertex 1.9444958155686076 -2.9101436430589085 6.5
    endloop
  endfacet
  facet normal -0.5956993044924332 0.8032075314806448 -8.944187460704983e-19
    outer loop
      vertex 1.9444958155686076 -2.9101436430589085 6.5
      vertex 2.220376494572759 -2.7055365867695795 6.5
      vertex 2.220376494572759 -2.7055365867695795 3
    endloop
  endfacet
  facet normal -0.6715589548470184 0.740951125354959 0
    outer loop
      vertex 2.4748737341529163 -2.4748737341529163 3
      vertex 2.220376494572759 -2.7055365867695795 6.5
      vertex 2.4748737341529163 -2.4748737341529163 6.5
    endloop
  endfacet
  facet normal -0.740951125354959 0.6715589548470184 -1.5466227507027268e-18
    outer loop
      vertex 2.4748737341529163 -2.4748737341529163 6.5
      vertex 2.7055365867695795 -2.220376494572759 6.5
      vertex 2.7055365867695795 -2.220376494572759 3
    endloop
  endfacet
  facet normal -0.8032075314806448 0.5956993044924332 0
    outer loop
      vertex 2.9101436430589085 -1.9444958155686076 3
      vertex 2.7055365867695795 -2.220376494572759 6.5
      vertex 2.9101436430589085 -1.9444958155686076 6.5
    endloop
  endfacet
  facet normal -0.9039892931234437 0.4275550934302814 0
    outer loop
      vertex 3.0867244252192427 -1.6498885788909918 3
      vertex 3.0867244252192427 -1.6498885788909918 6.5
      vertex 3.2335783637895035 -1.3393920132778143 3
    endloop
  endfacet
  facet normal -0.8577286100002719 0.5141027441932219 0
    outer loop
      vertex 3.0867244252192427 -1.6498885788909918 3
      vertex 2.9101436430589085 -1.9444958155686076 6.5
      vertex 3.0867244252192427 -1.6498885788909918 6.5
    endloop
  endfacet
  facet normal -0.9415440651830208 0.33688985339222016 0
    outer loop
      vertex 3.2335783637895035 -1.3393920132778143 3
      vertex 3.2335783637895035 -1.3393920132778143 6.5
      vertex 3.349291175062731 -1.015996370390618 3
    endloop
  endfacet
  facet normal -0.9700312531945441 0.24298017990326393 0
    outer loop
      vertex 3.349291175062731 -1.015996370390618 3
      vertex 3.349291175062731 -1.015996370390618 6.5
      vertex 3.4327484814113065 -0.6828161270564489 3
    endloop
  endfacet
  facet normal -0.9891765099647809 0.14673047445536205 0
    outer loop
      vertex 3.4327484814113065 -0.6828161270564489 3
      vertex 3.4327484814113065 -0.6828161270564489 6.5
      vertex 3.483146543352689 -0.3430599911534621 3
    endloop
  endfacet
  facet normal -0.9987954562051723 0.049067674327417904 0
    outer loop
      vertex 3.483146543352689 -0.3430599911534621 3
      vertex 3.483146543352689 -0.3430599911534621 6.5
      vertex 3.5 0 3
    endloop
  endfacet
  facet normal -0.9039892931234437 0.4275550934302814 0
    outer loop
      vertex 3.2335783637895035 -1.3393920132778143 3
      vertex 3.0867244252192427 -1.6498885788909918 6.5
      vertex 3.2335783637895035 -1.3393920132778143 6.5
    endloop
  endfacet
  facet normal -0.9415440651830208 0.33688985339222016 0
    outer loop
      vertex 3.349291175062731 -1.015996370390618 3
      vertex 3.2335783637895035 -1.3393920132778143 6.5
      vertex 3.349291175062731 -1.015996370390618 6.5
    endloop
  endfacet
  facet normal -0.9700312531945441 0.24298017990326393 0
    outer loop
      vertex 3.4327484814113065 -0.6828161270564489 3
      vertex 3.349291175062731 -1.015996370390618 6.5
      vertex 3.4327484814113065 -0.6828161270564489 6.5
    endloop
  endfacet
  facet normal -0.9891765099647809 0.14673047445536205 0
    outer loop
      vertex 3.483146543352689 -0.3430599911534621 3
      vertex 3.4327484814113065 -0.6828161270564489 6.5
      vertex 3.483146543352689 -0.3430599911534621 6.5
    endloop
  endfacet
  facet normal -0.9987954562051723 0.049067674327417904 8.90502445709271e-21
    outer loop
      vertex 3.483146543352689 -0.3430599911534621 6.5
      vertex 3.5 0 6.5
      vertex 3.5 0 3
    endloop
  endfacet
  facet normal 0 0 1
    outer loop
      vertex 0.6677229474898948 3.014439641539426 3
      vertex 0.8969988768671002 2.957009010944693 3
      vertex 0.6680095554903311 3.02238300825231 3
    endloop
  endfacet
  facet normal 0 0 1
    outer loop
      vertex 0.9288956098965756 2.9455961773755046 3
      vertex 0.9307755849232572 2.954309494110554 3
      vertex 0.8969988768671002 2.957009010944693 3
    endloop
  endfacet
  facet normal 0 0 1
    outer loop
      vertex 1.182517149281794 2.854848939534877 3
      vertex 1.015800164140443 2.920717139891841 3
      vertex 1.0157973188899267 2.914502248705674 3
    endloop
  endfacet
  facet normal 0 0 1
    outer loop
      vertex 1.182517149281794 2.854848939534877 3
      vertex 1.2710662655571459 2.812968326600331 3
      vertex 1.2721959951899526 2.819922888221979 3
    endloop
  endfacet
  facet normal 0 0 1
    outer loop
      vertex 1.182517149281794 2.854848939534877 3
      vertex 1.2721959951899526 2.819922888221979 3
      vertex 1.3393920132778143 3.2335783637895035 3
    endloop
  endfacet
  facet normal 0 0 1
    outer loop
      vertex 1.3376673801861694 2.786299031546668 3
      vertex 1.3393920132778143 3.2335783637895035 3
      vertex 1.2721959951899526 2.819922888221979 3
    endloop
  endfacet
  facet normal 0 0 1
    outer loop
      vertex 1.3376487877875687 2.78147713889534 3
      vertex 1.6498885788909918 3.0867244252192427 3
      vertex 1.3376673801861694 2.786299031546668 3
    endloop
  endfacet
  facet normal 0 0 1
    outer loop
      vertex 1.4566471351192751 2.725195112218162 3
      vertex 1.6498885788909918 3.0867244252192427 3
      vertex 1.3376487877875687 2.78147713889534 3
    endloop
  endfacet
  facet normal 0 0 1
    outer loop
      vertex 2.8718259294708366 1.1645208371630813 3
      vertex 2.7055365867695795 1.508744676277706 3
      vertex 2.854848939534877 1.182517149281794 3
    endloop
  endfacet
  facet normal 0 0 1
    outer loop
      vertex 2.7055365867695795 1.4894454033606335 3
      vertex 2.725195112218162 1.4566471351192751 3
      vertex 2.7055365867695795 1.508744676277706 3
    endloop
  endfacet
  facet normal 0 0 1
    outer loop
      vertex 2.854848939534877 1.182517149281794 3
      vertex 2.7055365867695795 1.508744676277706 3
      vertex 2.725195112218162 1.4566471351192751 3
    endloop
  endfacet
  facet normal 0 0 1
    outer loop
      vertex 2.8705537549793365 1.138625130488013 3
      vertex 2.8718259294708366 1.1645208371630813 3
      vertex 2.854848939534877 1.182517149281794 3
    endloop
  endfacet
  facet normal 0 0 1
    outer loop
      vertex 2.957009010944693 0.8969988768671002 3
      vertex 3.0867244252192427 1.6498885788909918 3
      vertex 2.9101436430589085 1.0279788056217563 3
    endloop
  endfacet
  facet normal 0 0 1
    outer loop
      vertex 2.9101436430589085 1.0279788056217563 3
      vertex 3.0867244252192427 1.6498885788909918 3
      vertex 2.9101436430589085 1.057430001814506 3
    endloop
  endfacet
  facet normal 0 0 1
    outer loop
      vertex 2.9101436430589085 1.057430001814506 3
      vertex 2.9101436430589085 1.9444958155686076 3
      vertex 2.8718259294708366 1.1645208371630813 3
    endloop
  endfacet
  facet normal 0 0 1
    outer loop
      vertex 2.1943007433111053 2.174752476165766 3
      vertex 2.1949789167957015 2.1885570145755864 3
      vertex 2.185006782130087 2.185006782130087 3
    endloop
  endfacet
  facet normal 0 0 1
    outer loop
      vertex 1.9203334554899851 2.418307504735225 3
      vertex 1.920431560196735 2.4203044719173303 3
      vertex 1.7167488127612345 2.5692961662276 3
    endloop
  endfacet
  facet normal 0 0 1
    outer loop
      vertex 1.4566471351192751 2.725195112218162 3
      vertex 1.5860497822681585 2.6476341503597407 3
      vertex 1.5868366145226318 2.6530460692736604 3
    endloop
  endfacet
  facet normal 0 0 1
    outer loop
      vertex 1.6498885788909918 2.6123986475972507 3
      vertex 1.6498885788909918 3.0867244252192427 3
      vertex 1.5868366145226318 2.6530460692736604 3
    endloop
  endfacet
  facet normal 0 0 1
    outer loop
      vertex 1.4566471351192751 2.725195112218162 3
      vertex 1.5868366145226318 2.6530460692736604 3
      vertex 1.6498885788909918 3.0867244252192427 3
    endloop
  endfacet
  facet normal 0 0 1
    outer loop
      vertex 1.6498885788909918 2.6093706481900028 3
      vertex 1.9444958155686076 2.9101436430589085 3
      vertex 1.6498885788909918 2.6123986475972507 3
    endloop
  endfacet
  facet normal 0 0 1
    outer loop
      vertex 1.7167488127612345 2.5692961662276 3
      vertex 1.9444958155686076 2.9101436430589085 3
      vertex 1.6498885788909918 2.6093706481900028 3
    endloop
  endfacet
  facet normal 0 0 1
    outer loop
      vertex 1.920431560196735 2.4203044719173303 3
      vertex 1.9444958155686076 2.9101436430589085 3
      vertex 1.7167488127612345 2.5692961662276 3
    endloop
  endfacet
  facet normal 0 0 1
    outer loop
      vertex 1.6498885788909918 2.6123986475972507 3
      vertex 1.9444958155686076 2.9101436430589085 3
      vertex 1.6498885788909918 3.0867244252192427 3
    endloop
  endfacet
  facet normal 0 0 1
    outer loop
      vertex 1.9444958155686076 2.401208474821889 3
      vertex 1.9444958155686076 2.9101436430589085 3
      vertex 1.920431560196735 2.4203044719173303 3
    endloop
  endfacet
  facet normal 0 0 1
    outer loop
      vertex 1.9444958155686076 2.4003874771836933 3
      vertex 2.220376494572759 2.7055365867695795 3
      vertex 1.9444958155686076 2.401208474821889 3
    endloop
  endfacet
  facet normal 0 0 1
    outer loop
      vertex 1.9444958155686076 2.4003874771836933 3
      vertex 1.9603172608659405 2.3886534936361135 3
      vertex 2.220376494572759 2.7055365867695795 3
    endloop
  endfacet
  facet normal 0 0 1
    outer loop
      vertex 1.9603172608659405 2.3886534936361135 3
      vertex 2.185006782130087 2.185006782130087 3
      vertex 2.220376494572759 2.7055365867695795 3
    endloop
  endfacet
  facet normal 0 0 1
    outer loop
      vertex 2.185006782130087 2.185006782130087 3
      vertex 2.1949789167957015 2.1885570145755864 3
      vertex 2.220376494572759 2.7055365867695795 3
    endloop
  endfacet
  facet normal 0 0 1
    outer loop
      vertex 2.220376494572759 2.1586267212390804 3
      vertex 2.220376494572759 2.7055365867695795 3
      vertex 2.1949789167957015 2.1885570145755864 3
    endloop
  endfacet
  facet normal 0 0 1
    outer loop
      vertex 1.9444958155686076 2.401208474821889 3
      vertex 2.220376494572759 2.7055365867695795 3
      vertex 1.9444958155686076 2.9101436430589085 3
    endloop
  endfacet
  facet normal 0 0 1
    outer loop
      vertex 2.4458092074595776 1.8832517020110837 3
      vertex 2.446576618012507 1.8988727026763086 3
      vertex 2.3886534936361135 1.9603172608659405 3
    endloop
  endfacet
  facet normal 0 0 1
    outer loop
      vertex 2.446576618012507 1.8988727026763086 3
      vertex 2.4748737341529163 2.4748737341529163 3
      vertex 2.3886534936361135 1.9603172608659405 3
    endloop
  endfacet
  facet normal 0 0 1
    outer loop
      vertex 2.3886534936361135 1.9603172608659405 3
      vertex 2.4748737341529163 2.4748737341529163 3
      vertex 2.220376494572759 2.1459823181590134 3
    endloop
  endfacet
  facet normal 0 0 1
    outer loop
      vertex 2.5692961662276 1.7167488127612345 3
      vertex 2.7055365867695795 2.220376494572759 3
      vertex 2.4748737341529163 1.844062724345748 3
    endloop
  endfacet
  facet normal 0 0 1
    outer loop
      vertex 2.4748737341529163 1.844062724345748 3
      vertex 2.7055365867695795 2.220376494572759 3
      vertex 2.4748737341529163 1.8607184583591605 3
    endloop
  endfacet
  facet normal 0 0 1
    outer loop
      vertex 2.4748737341529163 1.8607184583591605 3
      vertex 2.4748737341529163 2.4748737341529163 3
      vertex 2.446576618012507 1.8988727026763086 3
    endloop
  endfacet
  facet normal 0 0 1
    outer loop
      vertex 2.4748737341529163 1.8607184583591605 3
      vertex 2.7055365867695795 2.220376494572759 3
      vertex 2.4748737341529163 2.4748737341529163 3
    endloop
  endfacet
  facet normal 0 0 1
    outer loop
      vertex 2.5692961662276 1.7167488127612345 3
      vertex 2.672348450606427 1.544816463370035 3
      vertex 2.67322473963712 1.5626537363644377 3
    endloop
  endfacet
  facet normal 0 0 1
    outer loop
      vertex 2.7055365867695795 1.508744676277706 3
      vertex 2.7055365867695795 2.220376494572759 3
      vertex 2.67322473963712 1.5626537363644377 3
    endloop
  endfacet
  facet normal 0 0 1
    outer loop
      vertex 2.5692961662276 1.7167488127612345 3
      vertex 2.67322473963712 1.5626537363644377 3
      vertex 2.7055365867695795 2.220376494572759 3
    endloop
  endfacet
  facet normal 0 0 1
    outer loop
      vertex 2.8718259294708366 1.1645208371630813 3
      vertex 2.9101436430589085 1.9444958155686076 3
      vertex 2.7055365867695795 1.508744676277706 3
    endloop
  endfacet
  facet normal 0 0 1
    outer loop
      vertex 2.9101436430589085 1.057430001814506 3
      vertex 3.0867244252192427 1.6498885788909918 3
      vertex 2.9101436430589085 1.9444958155686076 3
    endloop
  endfacet
  facet normal 0 0 1
    outer loop
      vertex 2.7055365867695795 1.508744676277706 3
      vertex 2.9101436430589085 1.9444958155686076 3
      vertex 2.7055365867695795 2.220376494572759 3
    endloop
  endfacet
  facet normal 0 0 1
    outer loop
      vertex 2.220376494572759 2.1459823181590134 3
      vertex 2.4748737341529163 2.4748737341529163 3
      vertex 2.220376494572759 2.1586267212390804 3
    endloop
  endfacet
  facet normal 0 0 1
    outer loop
      vertex 2.220376494572759 2.1586267212390804 3
      vertex 2.4748737341529163 2.4748737341529163 3
      vertex 2.220376494572759 2.7055365867695795 3
    endloop
  endfacet
  facet normal 0 0 1
    outer loop
      vertex 0.3028794548196886 3.075186711690378 3
      vertex 0 3.5 3
      vertex 0 3.0900662251655633 3
    endloop
  endfacet
  facet normal 0 0 1
    outer loop
      vertex 0.3028794548196886 3.075186711690378 3
      vertex 0.33638983444407916 3.070215916436009 3
      vertex 0.33653380251010484 3.079128574166574 3
    endloop
  endfacet
  facet normal 0 0 1
    outer loop
      vertex 0.3028794548196886 3.075186711690378 3
      vertex 0.3430599911534621 3.483146543352689 3
      vertex 0 3.5 3
    endloop
  endfacet
  facet normal 0 0 1
    outer loop
      vertex 0.3028794548196886 3.075186711690378 3
      vertex 0.33653380251010484 3.079128574166574 3
      vertex 0.3430599911534621 3.483146543352689 3
    endloop
  endfacet
  facet normal 0 0 1
    outer loop
      vertex 0.33653380251010484 3.079128574166574 3
      vertex 0.6028420149187116 3.0306914691135587 3
      vertex 0.6828161270564489 3.4327484814113065 3
    endloop
  endfacet
  facet normal 0 0 1
    outer loop
      vertex 0.33653380251010484 3.079128574166574 3
      vertex 0.6828161270564489 3.4327484814113065 3
      vertex 0.3430599911534621 3.483146543352689 3
    endloop
  endfacet
  facet normal 0 0 1
    outer loop
      vertex 0.6357038097698953 3.0224600180148555 3
      vertex 0.6367206778138187 3.0313156475242398 3
      vertex 0.6028420149187116 3.0306914691135587 3
    endloop
  endfacet
  facet normal 0 0 1
    outer loop
      vertex 0.6028420149187116 3.0306914691135587 3
      vertex 0.6367206778138187 3.0313156475242398 3
      vertex 0.6828161270564489 3.4327484814113065 3
    endloop
  endfacet
  facet normal 0 0 1
    outer loop
      vertex 0.6367206778138187 3.0313156475242398 3
      vertex 0.6680095554903311 3.02238300825231 3
      vertex 0.6828161270564489 3.4327484814113065 3
    endloop
  endfacet
  facet normal 0 0 1
    outer loop
      vertex 0.6680095554903311 3.02238300825231 3
      vertex 0.8969988768671002 2.957009010944693 3
      vertex 1.015996370390618 3.349291175062731 3
    endloop
  endfacet
  facet normal 0 0 1
    outer loop
      vertex 0.6680095554903311 3.02238300825231 3
      vertex 1.015996370390618 3.349291175062731 3
      vertex 0.6828161270564489 3.4327484814113065 3
    endloop
  endfacet
  facet normal 0 0 1
    outer loop
      vertex 0.8969988768671002 2.957009010944693 3
      vertex 0.9307755849232572 2.954309494110554 3
      vertex 1.015996370390618 3.349291175062731 3
    endloop
  endfacet
  facet normal 0 0 1
    outer loop
      vertex 1.015800164140443 2.920717139891841 3
      vertex 1.015996370390618 3.349291175062731 3
      vertex 0.9307755849232572 2.954309494110554 3
    endloop
  endfacet
  facet normal 0 0 1
    outer loop
      vertex 1.015800164140443 2.920717139891841 3
      vertex 1.3393920132778143 3.2335783637895035 3
      vertex 1.015996370390618 3.349291175062731 3
    endloop
  endfacet
  facet normal 0 0 1
    outer loop
      vertex 1.182517149281794 2.854848939534877 3
      vertex 1.3393920132778143 3.2335783637895035 3
      vertex 1.015800164140443 2.920717139891841 3
    endloop
  endfacet
  facet normal 0 0 1
    outer loop
      vertex 1.3376673801861694 2.786299031546668 3
      vertex 1.6498885788909918 3.0867244252192427 3
      vertex 1.3393920132778143 3.2335783637895035 3
    endloop
  endfacet
  facet normal 0 0 1
    outer loop
      vertex 3.075186711690378 -0.3028794548196886 3
      vertex 3.2335783637895035 1.3393920132778143 3
      vertex 3.0900662251655633 0 3
    endloop
  endfacet
  facet normal 0 0 1
    outer loop
      vertex 3.2335783637895035 -1.3393920132778143 3
      vertex 3.349291175062731 1.015996370390618 3
      vertex 3.2335783637895035 1.3393920132778143 3
    endloop
  endfacet
  facet normal 0 0 1
    outer loop
      vertex 3.0900662251655633 0 3
      vertex 3.2335783637895035 1.3393920132778143 3
      vertex 3.075186711690378 0.3028794548196886 3
    endloop
  endfacet
  facet normal 0 0 1
    outer loop
      vertex 3.4327484814113065 -0.6828161270564489 3
      vertex 3.483146543352689 0.3430599911534621 3
      vertex 3.4327484814113065 0.6828161270564489 3
    endloop
  endfacet
  facet normal 0 0 1
    outer loop
      vertex 3.483146543352689 -0.3430599911534621 3
      vertex 3.5 0 3
      vertex 3.483146543352689 0.3430599911534621 3
    endloop
  endfacet
  facet normal 0 0 1
    outer loop
      vertex 3.349291175062731 -1.015996370390618 3
      vertex 3.4327484814113065 0.6828161270564489 3
      vertex 3.349291175062731 1.015996370390618 3
    endloop
  endfacet
  facet normal 0 0 1
    outer loop
      vertex 3.075186711690378 0.3028794548196886 3
      vertex 3.0867244252192427 1.6498885788909918 3
      vertex 3.0306914691135587 0.6028420149187116 3
    endloop
  endfacet
  facet normal 0 0 1
    outer loop
      vertex 3.0306914691135587 0.6028420149187116 3
      vertex 3.0867244252192427 1.6498885788909918 3
      vertex 2.957009010944693 0.8969988768671002 3
    endloop
  endfacet
  facet normal 0 0 1
    outer loop
      vertex 3.075186711690378 0.3028794548196886 3
      vertex 3.2335783637895035 1.3393920132778143 3
      vertex 3.0867244252192427 1.6498885788909918 3
    endloop
  endfacet
  facet normal -0.5141027441932219 -0.8577286100002719 0
    outer loop
      vertex 1.9444958155686076 2.9101436430589085 3
      vertex 1.9444958155686076 2.9101436430589085 6.5
      vertex 1.6498885788909918 3.0867244252192427 3
    endloop
  endfacet
  facet normal -0.5956993044924332 -0.8032075314806448 0
    outer loop
      vertex 2.220376494572759 2.7055365867695795 3
      vertex 2.220376494572759 2.7055365867695795 6.5
      vertex 1.9444958155686076 2.9101436430589085 3
    endloop
  endfacet
  facet normal -0.8032075314806448 -0.5956993044924332 0
    outer loop
      vertex 2.9101436430589085 1.9444958155686076 3
      vertex 2.9101436430589085 1.9444958155686076 6.5
      vertex 2.7055365867695795 2.220376494572759 3
    endloop
  endfacet
  facet normal -0.6715589548470184 -0.740951125354959 0
    outer loop
      vertex 2.4748737341529163 2.4748737341529163 3
      vertex 2.4748737341529163 2.4748737341529163 6.5
      vertex 2.220376494572759 2.7055365867695795 3
    endloop
  endfacet
  facet normal -0.740951125354959 -0.6715589548470184 1.5466227507027268e-18
    outer loop
      vertex 2.4748737341529163 2.4748737341529163 3
      vertex 2.7055365867695795 2.220376494572759 3
      vertex 2.7055365867695795 2.220376494572759 6.5
    endloop
  endfacet
  facet normal -0.5956993044924332 -0.8032075314806448 8.944187460704983e-19
    outer loop
      vertex 2.220376494572759 2.7055365867695795 6.5
      vertex 1.9444958155686076 2.9101436430589085 6.5
      vertex 1.9444958155686076 2.9101436430589085 3
    endloop
  endfacet
  facet normal -0.8577286100002719 -0.5141027441932219 0
    outer loop
      vertex 2.9101436430589085 1.9444958155686076 3
      vertex 3.0867244252192427 1.6498885788909918 6.5
      vertex 2.9101436430589085 1.9444958155686076 6.5
    endloop
  endfacet
  facet normal -0.8032075314806448 -0.5956993044924332 0
    outer loop
      vertex 2.7055365867695795 2.220376494572759 3
      vertex 2.9101436430589085 1.9444958155686076 6.5
      vertex 2.7055365867695795 2.220376494572759 6.5
    endloop
  endfacet
  facet normal -0.740951125354959 -0.6715589548470184 0
    outer loop
      vertex 2.4748737341529163 2.4748737341529163 3
      vertex 2.7055365867695795 2.220376494572759 6.5
      vertex 2.4748737341529163 2.4748737341529163 6.5
    endloop
  endfacet
  facet normal -0.6715589548470184 -0.740951125354959 0
    outer loop
      vertex 2.220376494572759 2.7055365867695795 3
      vertex 2.4748737341529163 2.4748737341529163 6.5
      vertex 2.220376494572759 2.7055365867695795 6.5
    endloop
  endfacet
  facet normal -0.049067674327417904 -0.9987954562051723 -8.90502445709271e-21
    outer loop
      vertex 0 3.5 3
      vertex 0.3430599911534621 3.483146543352689 3
      vertex 0.3430599911534621 3.483146543352689 6.5
    endloop
  endfacet
  facet normal -0.14673047445536205 -0.9891765099647809 0
    outer loop
      vertex 0.6828161270564489 3.4327484814113065 3
      vertex 0.6828161270564489 3.4327484814113065 6.5
      vertex 0.3430599911534621 3.483146543352689 3
    endloop
  endfacet
  facet normal -0.24298017990326393 -0.9700312531945441 -7.53122580669944e-19
    outer loop
      vertex 0.6828161270564489 3.4327484814113065 3
      vertex 1.015996370390618 3.349291175062731 3
      vertex 1.015996370390618 3.349291175062731 6.5
    endloop
  endfacet
  facet normal -0.33688985339222016 -0.9415440651830208 0
    outer loop
      vertex 1.3393920132778143 3.2335783637895035 3
      vertex 1.3393920132778143 3.2335783637895035 6.5
      vertex 1.015996370390618 3.349291175062731 3
    endloop
  endfacet
  facet normal -0.049067674327417904 -0.9987954562051723 0
    outer loop
      vertex 0 3.5 3
      vertex 0.3430599911534621 3.483146543352689 6.5
      vertex 0 3.5 6.5
    endloop
  endfacet
  facet normal -0.14673047445536205 -0.9891765099647809 0
    outer loop
      vertex 0.3430599911534621 3.483146543352689 3
      vertex 0.6828161270564489 3.4327484814113065 6.5
      vertex 0.3430599911534621 3.483146543352689 6.5
    endloop
  endfacet
  facet normal -0.33688985339222016 -0.9415440651830208 0
    outer loop
      vertex 1.015996370390618 3.349291175062731 3
      vertex 1.3393920132778143 3.2335783637895035 6.5
      vertex 1.015996370390618 3.349291175062731 6.5
    endloop
  endfacet
  facet normal -0.24298017990326393 -0.9700312531945441 0
    outer loop
      vertex 0.6828161270564489 3.4327484814113065 3
      vertex 1.015996370390618 3.349291175062731 6.5
      vertex 0.6828161270564489 3.4327484814113065 6.5
    endloop
  endfacet
  facet normal -0.4275550934302814 -0.9039892931234437 0
    outer loop
      vertex 1.3393920132778143 3.2335783637895035 3
      vertex 1.6498885788909918 3.0867244252192427 6.5
      vertex 1.3393920132778143 3.2335783637895035 6.5
    endloop
  endfacet
  facet normal -0.4275550934302814 -0.9039892931234437 -2.2047570094613302e-18
    outer loop
      vertex 1.3393920132778143 3.2335783637895035 3
      vertex 1.6498885788909918 3.0867244252192427 3
      vertex 1.6498885788909918 3.0867244252192427 6.5
    endloop
  endfacet
  facet normal -0.5141027441932219 -0.8577286100002719 0
    outer loop
      vertex 1.6498885788909918 3.0867244252192427 3
      vertex 1.9444958155686076 2.9101436430589085 6.5
      vertex 1.6498885788909918 3.0867244252192427 6.5
    endloop
  endfacet
  facet normal -0.9987954562051723 -0.049067674327417904 0
    outer loop
      vertex 3.5 0 3
      vertex 3.5 0 6.5
      vertex 3.483146543352689 0.3430599911534621 3
    endloop
  endfacet
  facet normal -0.9891765099647809 -0.14673047445536205 0
    outer loop
      vertex 3.483146543352689 0.3430599911534621 3
      vertex 3.483146543352689 0.3430599911534621 6.5
      vertex 3.4327484814113065 0.6828161270564489 3
    endloop
  endfacet
  facet normal -0.9415440651830208 -0.33688985339222016 0
    outer loop
      vertex 3.349291175062731 1.015996370390618 3
      vertex 3.349291175062731 1.015996370390618 6.5
      vertex 3.2335783637895035 1.3393920132778143 3
    endloop
  endfacet
  facet normal -0.9039892931234437 -0.4275550934302814 0
    outer loop
      vertex 3.2335783637895035 1.3393920132778143 3
      vertex 3.2335783637895035 1.3393920132778143 6.5
      vertex 3.0867244252192427 1.6498885788909918 3
    endloop
  endfacet
  facet normal -0.9700312531945441 -0.24298017990326393 0
    outer loop
      vertex 3.4327484814113065 0.6828161270564489 3
      vertex 3.4327484814113065 0.6828161270564489 6.5
      vertex 3.349291175062731 1.015996370390618 3
    endloop
  endfacet
  facet normal -0.9987954562051723 -0.049067674327417904 0
    outer loop
      vertex 3.483146543352689 0.3430599911534621 3
      vertex 3.5 0 6.5
      vertex 3.483146543352689 0.3430599911534621 6.5
    endloop
  endfacet
  facet normal -0.9891765099647809 -0.14673047445536205 0
    outer loop
      vertex 3.4327484814113065 0.6828161270564489 3
      vertex 3.483146543352689 0.3430599911534621 6.5
      vertex 3.4327484814113065 0.6828161270564489 6.5
    endloop
  endfacet
  facet normal -0.9415440651830208 -0.33688985339222016 0
    outer loop
      vertex 3.2335783637895035 1.3393920132778143 3
      vertex 3.349291175062731 1.015996370390618 6.5
      vertex 3.2335783637895035 1.3393920132778143 6.5
    endloop
  endfacet
  facet normal -0.9700312531945441 -0.24298017990326393 0
    outer loop
      vertex 3.349291175062731 1.015996370390618 3
      vertex 3.4327484814113065 0.6828161270564489 6.5
      vertex 3.349291175062731 1.015996370390618 6.5
    endloop
  endfacet
  facet normal -0.8577286100002719 -0.5141027441932219 0
    outer loop
      vertex 3.0867244252192427 1.6498885788909918 3
      vertex 3.0867244252192427 1.6498885788909918 6.5
      vertex 2.9101436430589085 1.9444958155686076 3
    endloop
  endfacet
  facet normal -0.9039892931234437 -0.4275550934302814 0
    outer loop
      vertex 3.0867244252192427 1.6498885788909918 3
      vertex 3.2335783637895035 1.3393920132778143 6.5
      vertex 3.0867244252192427 1.6498885788909918 6.5
    endloop
  endfacet
  facet normal 0 0 1
    outer loop
      vertex 0 -3.5 6.5
      vertex 9.110732075929354 -3.5 6.5
      vertex 0.3430599911534621 -3.483146543352689 6.5
    endloop
  endfacet
  facet normal 0 0 1
    outer loop
      vertex 0.3430599911534621 -3.483146543352689 6.5
      vertex 9.110732075929354 -3.5 6.5
      vertex 0.6828161270564489 -3.4327484814113065 6.5
    endloop
  endfacet
  facet normal 0 0 1
    outer loop
      vertex 0.6828161270564489 -3.4327484814113065 6.5
      vertex 9.110732075929354 -3.5 6.5
      vertex 1.015996370390618 -3.349291175062731 6.5
    endloop
  endfacet
  facet normal 0 0 1
    outer loop
      vertex 1.015996370390618 -3.349291175062731 6.5
      vertex 9.110732075929354 -3.5 6.5
      vertex 1.3393920132778143 -3.2335783637895035 6.5
    endloop
  endfacet
  facet normal 0 0 1
    outer loop
      vertex 1.3393920132778143 -3.2335783637895035 6.5
      vertex 9.110732075929354 -3.5 6.5
      vertex 1.6498885788909918 -3.0867244252192427 6.5
    endloop
  endfacet
  facet normal 0 0 1
    outer loop
      vertex 1.6498885788909918 -3.0867244252192427 6.5
      vertex 9.12824855787278 -0.6717514421272202 6.5
      vertex 1.9444958155686076 -2.9101436430589085 6.5
    endloop
  endfacet
  facet normal 0 0 1
    outer loop
      vertex 1.9444958155686076 -2.9101436430589085 6.5
      vertex 9.12824855787278 -0.6717514421272202 6.5
      vertex 2.220376494572759 -2.7055365867695795 6.5
    endloop
  endfacet
  facet normal 0 0 1
    outer loop
      vertex 2.220376494572759 -2.7055365867695795 6.5
      vertex 8.977275866404785 -0.475 6.5
      vertex 2.4748737341529163 -2.4748737341529163 6.5
    endloop
  endfacet
  facet normal 0 0 1
    outer loop
      vertex 2.4748737341529163 -2.4748737341529163 6.5
      vertex 8.977275866404785 -0.475 6.5
      vertex 2.7055365867695795 -2.220376494572759 6.5
    endloop
  endfacet
  facet normal 0 0 1
    outer loop
      vertex 2.7055365867695795 -2.220376494572759 6.5
      vertex 8.882370465025385 -0.2458780928473947 6.5
      vertex 2.9101436430589085 -1.9444958155686076 6.5
    endloop
  endfacet
  facet normal 0 0 1
    outer loop
      vertex 2.9101436430589085 -1.9444958155686076 6.5
      vertex 8.882370465025385 -0.2458780928473947 6.5
      vertex 3.0867244252192427 -1.6498885788909918 6.5
    endloop
  endfacet
  facet normal 0 0 1
    outer loop
      vertex 3.0867244252192427 -1.6498885788909918 6.5
      vertex 8.850000000000001 0 6.5
      vertex 3.2335783637895035 -1.3393920132778143 6.5
    endloop
  endfacet
  facet normal 0 0 1
    outer loop
      vertex 3.2335783637895035 -1.3393920132778143 6.5
      vertex 8.882370465025385 0.2458780928473947 6.5
      vertex 3.349291175062731 -1.015996370390618 6.5
    endloop
  endfacet
  facet normal 0 0 1
    outer loop
      vertex 3.349291175062731 -1.015996370390618 6.5
      vertex 8.977275866404785 0.475 6.5
      vertex 3.4327484814113065 -0.6828161270564489 6.5
    endloop
  endfacet
  facet normal 0 0 1
    outer loop
      vertex 3.4327484814113065 -0.6828161270564489 6.5
      vertex 9.12824855787278 0.6717514421272202 6.5
      vertex 3.483146543352689 -0.3430599911534621 6.5
    endloop
  endfacet
  facet normal 0 0 1
    outer loop
      vertex 1.6498885788909918 -3.0867244252192427 6.5
      vertex 9.110732075929354 -3.5 6.5
      vertex 9.12824855787278 -0.6717514421272202 6.5
    endloop
  endfacet
  facet normal 0 0 1
    outer loop
      vertex 2.220376494572759 -2.7055365867695795 6.5
      vertex 9.12824855787278 -0.6717514421272202 6.5
      vertex 8.977275866404785 -0.475 6.5
    endloop
  endfacet
  facet normal 0 0 1
    outer loop
      vertex 2.7055365867695795 -2.220376494572759 6.5
      vertex 8.977275866404785 -0.475 6.5
      vertex 8.882370465025385 -0.2458780928473947 6.5
    endloop
  endfacet
  facet normal 0 0 1
    outer loop
      vertex 3.0867244252192427 -1.6498885788909918 6.5
      vertex 8.882370465025385 -0.2458780928473947 6.5
      vertex 8.850000000000001 0 6.5
    endloop
  endfacet
  facet normal 0 0 1
    outer loop
      vertex 3.2335783637895035 -1.3393920132778143 6.5
      vertex 8.850000000000001 0 6.5
      vertex 8.882370465025385 0.2458780928473947 6.5
    endloop
  endfacet
  facet normal 0 0 1
    outer loop
      vertex 3.349291175062731 -1.015996370390618 6.5
      vertex 8.882370465025385 0.2458780928473947 6.5
      vertex 8.977275866404785 0.475 6.5
    endloop
  endfacet
  facet normal 0 0 1
    outer loop
      vertex 9.110732075929354 -3.5 6.5
      vertex 11.477350224164713 -3.5 6.5
      vertex 11.483284028786507 -3.483416127053548 6.5
    endloop
  endfacet
  facet normal 0 0 1
    outer loop
      vertex 9.110732075929354 -3.5 6.5
      vertex 11.483284028786507 -3.483416127053548 6.5
      vertex 11.769423364838765 -2.341083864193539 6.5
    endloop
  endfacet
  facet normal 0 0 1
    outer loop
      vertex 9.110732075929354 -3.5 6.5
      vertex 9.554121907152606 -0.9176295349746149 6.5
      vertex 9.325000000000001 -0.8227241335952167 6.5
    endloop
  endfacet
  facet normal 0 0 1
    outer loop
      vertex 9.110732075929354 -3.5 6.5
      vertex 9.325000000000001 -0.8227241335952167 6.5
      vertex 9.12824855787278 -0.6717514421272202 6.5
    endloop
  endfacet
  facet normal 0 0 1
    outer loop
      vertex 9.110732075929354 -3.5 6.5
      vertex 9.8 -0.95 6.5
      vertex 9.554121907152606 -0.9176295349746149 6.5
    endloop
  endfacet
  facet normal 0 0 1
    outer loop
      vertex 9.110732075929354 -3.5 6.5
      vertex 10.045878092847396 -0.9176295349746149 6.5
      vertex 9.8 -0.95 6.5
    endloop
  endfacet
  facet normal 0 0 1
    outer loop
      vertex 9.110732075929354 -3.5 6.5
      vertex 10.275 -0.8227241335952167 6.5
      vertex 10.045878092847396 -0.9176295349746149 6.5
    endloop
  endfacet
  facet normal 0 0 1
    outer loop
      vertex 9.110732075929354 -3.5 6.5
      vertex 11.769423364838765 -2.341083864193539 6.5
      vertex 10.275 -0.8227241335952167 6.5
    endloop
  endfacet
  facet normal 0 0 1
    outer loop
      vertex 10.275 -0.8227241335952167 6.5
      vertex 11.769423364838765 -2.341083864193539 6.5
      vertex 10.471751442127221 -0.6717514421272202 6.5
    endloop
  endfacet
  facet normal 0 0 1
    outer loop
      vertex 10.471751442127221 -0.6717514421272202 6.5
      vertex 11.942216720066362 -1.1762056839547272 6.5
      vertex 10.622724133595217 -0.475 6.5
    endloop
  endfacet
  facet normal 0 0 1
    outer loop
      vertex 10.622724133595217 -0.475 6.5
      vertex 12 0 6.5
      vertex 10.717629534974616 -0.2458780928473947 6.5
    endloop
  endfacet
  facet normal 0 0 1
    outer loop
      vertex 10.717629534974616 -0.2458780928473947 6.5
      vertex 12 0 6.5
      vertex 10.75 0 6.5
    endloop
  endfacet
  facet normal 0 0 1
    outer loop
      vertex 10.471751442127221 -0.6717514421272202 6.5
      vertex 11.769423364838765 -2.341083864193539 6.5
      vertex 11.942216720066362 -1.1762056839547272 6.5
    endloop
  endfacet
  facet normal 0 0 1
    outer loop
      vertex 10.622724133595217 -0.475 6.5
      vertex 11.942216720066362 -1.1762056839547272 6.5
      vertex 12 0 6.5
    endloop
  endfacet
  facet normal 0 1 0
    outer loop
      vertex 0 -3.5 11.100000000000001
      vertex 0 -3.5 15.100000000000001
      vertex 11.477350224164713 -3.5 11.100000000000001
    endloop
  endfacet
  facet normal 0 1 0
    outer loop
      vertex 11.477350224164713 -3.5 15.100000000000001
      vertex 11.477350224164713 -3.5 11.100000000000001
      vertex 0 -3.5 15.100000000000001
    endloop
  endfacet
  facet normal 0 0 1
    outer loop
      vertex 0 3.5 6.5
      vertex 0.3430599911534621 3.483146543352689 6.5
      vertex 1.5478657903476054 3.5 6.5
    endloop
  endfacet
  facet normal 0 0 1
    outer loop
      vertex 0.6828161270564489 3.4327484814113065 6.5
      vertex 1.5478657903476054 3.5 6.5
      vertex 0.3430599911534621 3.483146543352689 6.5
    endloop
  endfacet
  facet normal 0 0 1
    outer loop
      vertex 0.6828161270564489 3.4327484814113065 6.5
      vertex 1.015996370390618 3.349291175062731 6.5
      vertex 1.5478657903476054 3.5 6.5
    endloop
  endfacet
  facet normal 0 0 1
    outer loop
      vertex 1.3393920132778143 3.2335783637895035 6.5
      vertex 1.5478657903476054 3.5 6.5
      vertex 1.015996370390618 3.349291175062731 6.5
    endloop
  endfacet
  facet normal 0 0 1
    outer loop
      vertex 1.3393920132778143 3.2335783637895035 6.5
      vertex 1.6498885788909918 3.0867244252192427 6.5
      vertex 1.5478657903476054 3.5 6.5
    endloop
  endfacet
  facet normal 0 0 1
    outer loop
      vertex 1.6498885788909918 3.0867244252192427 6.5
      vertex 1.6637610666321814 3.1088850891053355 6.5
      vertex 1.5478657903476054 3.5 6.5
    endloop
  endfacet
  facet normal 0 0 1
    outer loop
      vertex 3.483146543352689 -0.3430599911534621 6.5
      vertex 9.554121907152606 0.9176295349746149 6.5
      vertex 3.5 0 6.5
    endloop
  endfacet
  facet normal 0 0 1
    outer loop
      vertex 1.6498885788909918 3.0867244252192427 6.5
      vertex 11.769423364838765 2.341083864193539 6.5
      vertex 1.6637610666321814 3.1088850891053355 6.5
    endloop
  endfacet
  facet normal 0 0 1
    outer loop
      vertex 1.9444958155686076 2.9101436430589085 6.5
      vertex 11.769423364838765 2.341083864193539 6.5
      vertex 1.6498885788909918 3.0867244252192427 6.5
    endloop
  endfacet
  facet normal 0 0 1
    outer loop
      vertex 2.9101436430589085 1.9444958155686076 6.5
      vertex 11.769423364838765 2.341083864193539 6.5
      vertex 2.7055365867695795 2.220376494572759 6.5
    endloop
  endfacet
  facet normal 0 0 1
    outer loop
      vertex 3.0867244252192427 1.6498885788909918 6.5
      vertex 11.769423364838765 2.341083864193539 6.5
      vertex 2.9101436430589085 1.9444958155686076 6.5
    endloop
  endfacet
  facet normal 0 0 1
    outer loop
      vertex 2.4748737341529163 2.4748737341529163 6.5
      vertex 11.769423364838765 2.341083864193539 6.5
      vertex 2.220376494572759 2.7055365867695795 6.5
    endloop
  endfacet
  facet normal 0 0 1
    outer loop
      vertex 2.220376494572759 2.7055365867695795 6.5
      vertex 11.769423364838765 2.341083864193539 6.5
      vertex 1.9444958155686076 2.9101436430589085 6.5
    endloop
  endfacet
  facet normal 0 0 1
    outer loop
      vertex 2.4748737341529163 2.4748737341529163 6.5
      vertex 2.7055365867695795 2.220376494572759 6.5
      vertex 11.769423364838765 2.341083864193539 6.5
    endloop
  endfacet
  facet normal 0 0 1
    outer loop
      vertex 3.5 0 6.5
      vertex 11.769423364838765 2.341083864193539 6.5
      vertex 3.483146543352689 0.3430599911534621 6.5
    endloop
  endfacet
  facet normal 0 0 1
    outer loop
      vertex 3.483146543352689 0.3430599911534621 6.5
      vertex 11.769423364838765 2.341083864193539 6.5
      vertex 3.4327484814113065 0.6828161270564489 6.5
    endloop
  endfacet
  facet normal 0 0 1
    outer loop
      vertex 3.4327484814113065 0.6828161270564489 6.5
      vertex 11.769423364838765 2.341083864193539 6.5
      vertex 3.349291175062731 1.015996370390618 6.5
    endloop
  endfacet
  facet normal 0 0 1
    outer loop
      vertex 3.4327484814113065 -0.6828161270564489 6.5
      vertex 8.977275866404785 0.475 6.5
      vertex 9.12824855787278 0.6717514421272202 6.5
    endloop
  endfacet
  facet normal 0 0 1
    outer loop
      vertex 3.483146543352689 -0.3430599911534621 6.5
      vertex 9.12824855787278 0.6717514421272202 6.5
      vertex 9.325000000000001 0.8227241335952167 6.5
    endloop
  endfacet
  facet normal 0 0 1
    outer loop
      vertex 3.483146543352689 -0.3430599911534621 6.5
      vertex 9.325000000000001 0.8227241335952167 6.5
      vertex 9.554121907152606 0.9176295349746149 6.5
    endloop
  endfacet
  facet normal 0 0 1
    outer loop
      vertex 3.349291175062731 1.015996370390618 6.5
      vertex 11.769423364838765 2.341083864193539 6.5
      vertex 3.2335783637895035 1.3393920132778143 6.5
    endloop
  endfacet
  facet normal 0 0 1
    outer loop
      vertex 3.2335783637895035 1.3393920132778143 6.5
      vertex 11.769423364838765 2.341083864193539 6.5
      vertex 3.0867244252192427 1.6498885788909918 6.5
    endloop
  endfacet
  facet normal 0 0 1
    outer loop
      vertex 3.5 0 6.5
      vertex 9.554121907152606 0.9176295349746149 6.5
      vertex 11.769423364838765 2.341083864193539 6.5
    endloop
  endfacet
  facet normal 0 0 1
    outer loop
      vertex 1.6637610666321814 3.1088850891053355 6.5
      vertex 11.769423364838765 2.341083864193539 6.5
      vertex 11.533808065135005 3.2817128674910103 6.5
    endloop
  endfacet
  facet normal 0 0 1
    outer loop
      vertex 9.554121907152606 0.9176295349746149 6.5
      vertex 9.8 0.95 6.5
      vertex 11.769423364838765 2.341083864193539 6.5
    endloop
  endfacet
  facet normal 0 0 1
    outer loop
      vertex 10.75 0 6.5
      vertex 12 0 6.5
      vertex 10.717629534974616 0.2458780928473947 6.5
    endloop
  endfacet
  facet normal 0 0 1
    outer loop
      vertex 10.717629534974616 0.2458780928473947 6.5
      vertex 12 0 6.5
      vertex 10.622724133595217 0.475 6.5
    endloop
  endfacet
  facet normal 0 0 1
    outer loop
      vertex 9.8 0.95 6.5
      vertex 10.045878092847396 0.9176295349746149 6.5
      vertex 11.942216720066362 1.1762056839547272 6.5
    endloop
  endfacet
  facet normal 0 0 1
    outer loop
      vertex 10.045878092847396 0.9176295349746149 6.5
      vertex 10.275 0.8227241335952167 6.5
      vertex 11.942216720066362 1.1762056839547272 6.5
    endloop
  endfacet
  facet normal 0 0 1
    outer loop
      vertex 10.471751442127221 0.6717514421272202 6.5
      vertex 11.942216720066362 1.1762056839547272 6.5
      vertex 10.275 0.8227241335952167 6.5
    endloop
  endfacet
  facet normal 0 0 1
    outer loop
      vertex 10.622724133595217 0.475 6.5
      vertex 11.942216720066362 1.1762056839547272 6.5
      vertex 10.471751442127221 0.6717514421272202 6.5
    endloop
  endfacet
  facet normal 0 0 1
    outer loop
      vertex 9.8 0.95 6.5
      vertex 11.942216720066362 1.1762056839547272 6.5
      vertex 11.769423364838765 2.341083864193539 6.5
    endloop
  endfacet
  facet normal 0 0 1
    outer loop
      vertex 10.622724133595217 0.475 6.5
      vertex 12 0 6.5
      vertex 11.942216720066362 1.1762056839547272 6.5
    endloop
  endfacet
  facet normal 0 -1 0
    outer loop
      vertex 0 3.5 11.100000000000001
      vertex 11.477350224164713 3.5 15.100000000000001
      vertex 0 3.5 15.100000000000001
    endloop
  endfacet
  facet normal 0 -1 0
    outer loop
      vertex 0 3.5 11.100000000000001
      vertex 11.477350224164713 3.5 11.100000000000001
      vertex 11.477350224164713 3.5 15.100000000000001
    endloop
  endfacet
  facet normal 0 0 1
    outer loop
      vertex 8.977275866404785 -0.475 3.2
      vertex 8.977275866404785 0.475 3.2
      vertex 8.882370465025385 -0.2458780928473947 3.2
    endloop
  endfacet
  facet normal 0 0 1
    outer loop
      vertex 8.977275866404785 -0.475 3.2
      vertex 9.12824855787278 -0.6717514421272202 3.2
      vertex 9.12824855787278 0.6717514421272202 3.2
    endloop
  endfacet
  facet normal 0 0 1
    outer loop
      vertex 9.325000000000001 -0.8227241335952167 3.2
      vertex 9.325000000000001 0.8227241335952167 3.2
      vertex 9.12824855787278 -0.6717514421272202 3.2
    endloop
  endfacet
  facet normal 0 0 1
    outer loop
      vertex 9.554121907152606 -0.9176295349746149 3.2
      vertex 9.554121907152606 0.9176295349746149 3.2
      vertex 9.325000000000001 -0.8227241335952167 3.2
    endloop
  endfacet
  facet normal 0 0 1
    outer loop
      vertex 9.554121907152606 -0.9176295349746149 3.2
      vertex 9.8 -0.95 3.2
      vertex 9.8 0.95 3.2
    endloop
  endfacet
  facet normal 0 0 1
    outer loop
      vertex 9.8 -0.95 3.2
      vertex 10.045878092847396 -0.9176295349746149 3.2
      vertex 10.045878092847396 0.9176295349746149 3.2
    endloop
  endfacet
  facet normal 0 0 1
    outer loop
      vertex 10.045878092847396 -0.9176295349746149 3.2
      vertex 10.275 -0.8227241335952167 3.2
      vertex 10.275 0.8227241335952167 3.2
    endloop
  endfacet
  facet normal 0 0 1
    outer loop
      vertex 10.275 -0.8227241335952167 3.2
      vertex 10.471751442127221 -0.6717514421272202 3.2
      vertex 10.471751442127221 0.6717514421272202 3.2
    endloop
  endfacet
  facet normal 0 0 1
    outer loop
      vertex 10.471751442127221 -0.6717514421272202 3.2
      vertex 10.622724133595217 -0.475 3.2
      vertex 10.622724133595217 0.475 3.2
    endloop
  endfacet
  facet normal 0 0 1
    outer loop
      vertex 10.622724133595217 -0.475 3.2
      vertex 10.717629534974616 -0.2458780928473947 3.2
      vertex 10.717629534974616 0.2458780928473947 3.2
    endloop
  endfacet
  facet normal 0.9238795325112845 0.3826834323650952 1.271674552935645e-18
    outer loop
      vertex 8.977275866404785 -0.475 3.2
      vertex 8.882370465025385 -0.2458780928473947 3.2
      vertex 8.882370465025385 -0.2458780928473947 6.5
    endloop
  endfacet
  facet normal 0.991444861373811 0.1305261922200462 7.60560042683239e-20
    outer loop
      vertex 8.882370465025385 -0.2458780928473947 3.2
      vertex 8.850000000000001 0 3.2
      vertex 8.850000000000001 0 6.5
    endloop
  endfacet
  facet normal 0.9238795325112845 0.3826834323650952 0
    outer loop
      vertex 8.977275866404785 -0.475 3.2
      vertex 8.882370465025385 -0.2458780928473947 6.5
      vertex 8.977275866404785 -0.475 6.5
    endloop
  endfacet
  facet normal 0.991444861373811 0.1305261922200462 0
    outer loop
      vertex 8.882370465025385 -0.2458780928473947 3.2
      vertex 8.850000000000001 0 6.5
      vertex 8.882370465025385 -0.2458780928473947 6.5
    endloop
  endfacet
  facet normal 0.3826834323650907 0.9238795325112865 5.572604228026186e-19
    outer loop
      vertex 9.554121907152606 -0.9176295349746149 3.2
      vertex 9.325000000000001 -0.8227241335952167 3.2
      vertex 9.325000000000001 -0.8227241335952167 6.5
    endloop
  endfacet
  facet normal 0.13052619222005138 0.9914448613738104 0
    outer loop
      vertex 9.554121907152606 -0.9176295349746149 3.2
      vertex 9.554121907152606 -0.9176295349746149 6.5
      vertex 9.8 -0.95 3.2
    endloop
  endfacet
  facet normal 0.7933533402912379 0.6087614290087171 0
    outer loop
      vertex 8.977275866404785 -0.475 3.2
      vertex 8.977275866404785 -0.475 6.5
      vertex 9.12824855787278 -0.6717514421272202 3.2
    endloop
  endfacet
  facet normal 0.608761429008719 0.7933533402912365 2.2270812794287195e-19
    outer loop
      vertex 9.325000000000001 -0.8227241335952167 3.2
      vertex 9.12824855787278 -0.6717514421272202 3.2
      vertex 9.12824855787278 -0.6717514421272202 6.5
    endloop
  endfacet
  facet normal -0.13052619222005138 0.9914448613738104 0
    outer loop
      vertex 9.8 -0.95 3.2
      vertex 9.8 -0.95 6.5
      vertex 10.045878092847396 -0.9176295349746149 3.2
    endloop
  endfacet
  facet normal -0.3826834323650907 0.9238795325112865 0
    outer loop
      vertex 10.045878092847396 -0.9176295349746149 3.2
      vertex 10.045878092847396 -0.9176295349746149 6.5
      vertex 10.275 -0.8227241335952167 3.2
    endloop
  endfacet
  facet normal -0.608761429008719 0.7933533402912365 0
    outer loop
      vertex 10.275 -0.8227241335952167 3.2
      vertex 10.275 -0.8227241335952167 6.5
      vertex 10.471751442127221 -0.6717514421272202 3.2
    endloop
  endfacet
  facet normal 0.608761429008719 0.7933533402912365 0
    outer loop
      vertex 9.325000000000001 -0.8227241335952167 3.2
      vertex 9.12824855787278 -0.6717514421272202 6.5
      vertex 9.325000000000001 -0.8227241335952167 6.5
    endloop
  endfacet
  facet normal 0.3826834323650907 0.9238795325112865 0
    outer loop
      vertex 9.554121907152606 -0.9176295349746149 3.2
      vertex 9.325000000000001 -0.8227241335952167 6.5
      vertex 9.554121907152606 -0.9176295349746149 6.5
    endloop
  endfacet
  facet normal 0.13052619222005138 0.9914448613738104 0
    outer loop
      vertex 9.8 -0.95 3.2
      vertex 9.554121907152606 -0.9176295349746149 6.5
      vertex 9.8 -0.95 6.5
    endloop
  endfacet
  facet normal 0.7933533402912379 0.6087614290087171 0
    outer loop
      vertex 9.12824855787278 -0.6717514421272202 3.2
      vertex 8.977275866404785 -0.475 6.5
      vertex 9.12824855787278 -0.6717514421272202 6.5
    endloop
  endfacet
  facet normal -0.13052619222005138 0.9914448613738104 0
    outer loop
      vertex 10.045878092847396 -0.9176295349746149 3.2
      vertex 9.8 -0.95 6.5
      vertex 10.045878092847396 -0.9176295349746149 6.5
    endloop
  endfacet
  facet normal -0.3826834323650907 0.9238795325112865 0
    outer loop
      vertex 10.275 -0.8227241335952167 3.2
      vertex 10.045878092847396 -0.9176295349746149 6.5
      vertex 10.275 -0.8227241335952167 6.5
    endloop
  endfacet
  facet normal -0.608761429008719 0.7933533402912365 0
    outer loop
      vertex 10.471751442127221 -0.6717514421272202 3.2
      vertex 10.275 -0.8227241335952167 6.5
      vertex 10.471751442127221 -0.6717514421272202 6.5
    endloop
  endfacet
  facet normal -0.7933533402912379 0.6087614290087171 0
    outer loop
      vertex 10.471751442127221 -0.6717514421272202 3.2
      vertex 10.471751442127221 -0.6717514421272202 6.5
      vertex 10.622724133595217 -0.475 3.2
    endloop
  endfacet
  facet normal -0.9238795325112845 0.3826834323650952 0
    outer loop
      vertex 10.622724133595217 -0.475 3.2
      vertex 10.622724133595217 -0.475 6.5
      vertex 10.717629534974616 -0.2458780928473947 3.2
    endloop
  endfacet
  facet normal -0.991444861373811 0.1305261922200462 0
    outer loop
      vertex 10.717629534974616 -0.2458780928473947 3.2
      vertex 10.717629534974616 -0.2458780928473947 6.5
      vertex 10.75 0 3.2
    endloop
  endfacet
  facet normal -0.7933533402912379 0.6087614290087171 0
    outer loop
      vertex 10.622724133595217 -0.475 3.2
      vertex 10.471751442127221 -0.6717514421272202 6.5
      vertex 10.622724133595217 -0.475 6.5
    endloop
  endfacet
  facet normal -0.9238795325112845 0.3826834323650952 0
    outer loop
      vertex 10.717629534974616 -0.2458780928473947 3.2
      vertex 10.622724133595217 -0.475 6.5
      vertex 10.717629534974616 -0.2458780928473947 6.5
    endloop
  endfacet
  facet normal -0.991444861373811 0.1305261922200462 -7.60560042683239e-20
    outer loop
      vertex 10.717629534974616 -0.2458780928473947 6.5
      vertex 10.75 0 6.5
      vertex 10.75 0 3.2
    endloop
  endfacet
  facet normal 0 0 1
    outer loop
      vertex 8.882370465025385 -0.2458780928473947 3.2
      vertex 8.882370465025385 0.2458780928473947 3.2
      vertex 8.850000000000001 0 3.2
    endloop
  endfacet
  facet normal 0 0 1
    outer loop
      vertex 8.882370465025385 -0.2458780928473947 3.2
      vertex 8.977275866404785 0.475 3.2
      vertex 8.882370465025385 0.2458780928473947 3.2
    endloop
  endfacet
  facet normal 0 0 1
    outer loop
      vertex 8.977275866404785 -0.475 3.2
      vertex 9.12824855787278 0.6717514421272202 3.2
      vertex 8.977275866404785 0.475 3.2
    endloop
  endfacet
  facet normal 0 0 1
    outer loop
      vertex 9.12824855787278 -0.6717514421272202 3.2
      vertex 9.325000000000001 0.8227241335952167 3.2
      vertex 9.12824855787278 0.6717514421272202 3.2
    endloop
  endfacet
  facet normal 0 0 1
    outer loop
      vertex 9.325000000000001 -0.8227241335952167 3.2
      vertex 9.554121907152606 0.9176295349746149 3.2
      vertex 9.325000000000001 0.8227241335952167 3.2
    endloop
  endfacet
  facet normal 0 0 1
    outer loop
      vertex 9.554121907152606 -0.9176295349746149 3.2
      vertex 9.8 0.95 3.2
      vertex 9.554121907152606 0.9176295349746149 3.2
    endloop
  endfacet
  facet normal 0 0 1
    outer loop
      vertex 9.8 -0.95 3.2
      vertex 10.045878092847396 0.9176295349746149 3.2
      vertex 9.8 0.95 3.2
    endloop
  endfacet
  facet normal 0 0 1
    outer loop
      vertex 10.045878092847396 -0.9176295349746149 3.2
      vertex 10.275 0.8227241335952167 3.2
      vertex 10.045878092847396 0.9176295349746149 3.2
    endloop
  endfacet
  facet normal 0 0 1
    outer loop
      vertex 10.275 -0.8227241335952167 3.2
      vertex 10.471751442127221 0.6717514421272202 3.2
      vertex 10.275 0.8227241335952167 3.2
    endloop
  endfacet
  facet normal 0 0 1
    outer loop
      vertex 10.471751442127221 -0.6717514421272202 3.2
      vertex 10.622724133595217 0.475 3.2
      vertex 10.471751442127221 0.6717514421272202 3.2
    endloop
  endfacet
  facet normal 0 0 1
    outer loop
      vertex 10.622724133595217 -0.475 3.2
      vertex 10.717629534974616 0.2458780928473947 3.2
      vertex 10.622724133595217 0.475 3.2
    endloop
  endfacet
  facet normal 0 0 1
    outer loop
      vertex 10.717629534974616 -0.2458780928473947 3.2
      vertex 10.75 0 3.2
      vertex 10.717629534974616 0.2458780928473947 3.2
    endloop
  endfacet
  facet normal 0.991444861373811 -0.1305261922200462 -7.60560042683239e-20
    outer loop
      vertex 8.850000000000001 0 3.2
      vertex 8.882370465025385 0.2458780928473947 3.2
      vertex 8.882370465025385 0.2458780928473947 6.5
    endloop
  endfacet
  facet normal 0.9238795325112845 -0.3826834323650952 -1.271674552935645e-18
    outer loop
      vertex 8.882370465025385 0.2458780928473947 3.2
      vertex 8.977275866404785 0.475 3.2
      vertex 8.977275866404785 0.475 6.5
    endloop
  endfacet
  facet normal 0.991444861373811 -0.1305261922200462 0
    outer loop
      vertex 8.850000000000001 0 3.2
      vertex 8.882370465025385 0.2458780928473947 6.5
      vertex 8.850000000000001 0 6.5
    endloop
  endfacet
  facet normal 0.9238795325112845 -0.3826834323650952 0
    outer loop
      vertex 8.882370465025385 0.2458780928473947 3.2
      vertex 8.977275866404785 0.475 6.5
      vertex 8.882370465025385 0.2458780928473947 6.5
    endloop
  endfacet
  facet normal 0.7933533402912379 -0.6087614290087171 -1.7931035059484726e-18
    outer loop
      vertex 8.977275866404785 0.475 3.2
      vertex 9.12824855787278 0.6717514421272202 3.2
      vertex 9.12824855787278 0.6717514421272202 6.5
    endloop
  endfacet
  facet normal 0.608761429008719 -0.7933533402912365 -2.2270812794287195e-19
    outer loop
      vertex 9.12824855787278 0.6717514421272202 3.2
      vertex 9.325000000000001 0.8227241335952167 3.2
      vertex 9.325000000000001 0.8227241335952167 6.5
    endloop
  endfacet
  facet normal 0.3826834323650907 -0.9238795325112865 -5.572604228026186e-19
    outer loop
      vertex 9.325000000000001 0.8227241335952167 3.2
      vertex 9.554121907152606 0.9176295349746149 3.2
      vertex 9.554121907152606 0.9176295349746149 6.5
    endloop
  endfacet
  facet normal 0.13052619222005138 -0.9914448613738104 -1.2312328929991918e-19
    outer loop
      vertex 9.554121907152606 0.9176295349746149 3.2
      vertex 9.8 0.95 3.2
      vertex 9.8 0.95 6.5
    endloop
  endfacet
  facet normal -0.608761429008719 -0.7933533402912365 0
    outer loop
      vertex 10.471751442127221 0.6717514421272202 3.2
      vertex 10.471751442127221 0.6717514421272202 6.5
      vertex 10.275 0.8227241335952167 3.2
    endloop
  endfacet
  facet normal -0.13052619222005138 -0.9914448613738104 1.2312328929991918e-19
    outer loop
      vertex 9.8 0.95 3.2
      vertex 10.045878092847396 0.9176295349746149 3.2
      vertex 10.045878092847396 0.9176295349746149 6.5
    endloop
  endfacet
  facet normal -0.3826834323650907 -0.9238795325112865 5.572604228026186e-19
    outer loop
      vertex 10.045878092847396 0.9176295349746149 3.2
      vertex 10.275 0.8227241335952167 3.2
      vertex 10.275 0.8227241335952167 6.5
    endloop
  endfacet
  facet normal 0.7933533402912379 -0.6087614290087171 0
    outer loop
      vertex 8.977275866404785 0.475 3.2
      vertex 9.12824855787278 0.6717514421272202 6.5
      vertex 8.977275866404785 0.475 6.5
    endloop
  endfacet
  facet normal 0.608761429008719 -0.7933533402912365 0
    outer loop
      vertex 9.12824855787278 0.6717514421272202 3.2
      vertex 9.325000000000001 0.8227241335952167 6.5
      vertex 9.12824855787278 0.6717514421272202 6.5
    endloop
  endfacet
  facet normal 0.3826834323650907 -0.9238795325112865 0
    outer loop
      vertex 9.325000000000001 0.8227241335952167 3.2
      vertex 9.554121907152606 0.9176295349746149 6.5
      vertex 9.325000000000001 0.8227241335952167 6.5
    endloop
  endfacet
  facet normal 0.13052619222005138 -0.9914448613738104 0
    outer loop
      vertex 9.554121907152606 0.9176295349746149 3.2
      vertex 9.8 0.95 6.5
      vertex 9.554121907152606 0.9176295349746149 6.5
    endloop
  endfacet
  facet normal -0.13052619222005138 -0.9914448613738104 0
    outer loop
      vertex 9.8 0.95 3.2
      vertex 10.045878092847396 0.9176295349746149 6.5
      vertex 9.8 0.95 6.5
    endloop
  endfacet
  facet normal -0.3826834323650907 -0.9238795325112865 0
    outer loop
      vertex 10.045878092847396 0.9176295349746149 3.2
      vertex 10.275 0.8227241335952167 6.5
      vertex 10.045878092847396 0.9176295349746149 6.5
    endloop
  endfacet
  facet normal -0.608761429008719 -0.7933533402912365 0
    outer loop
      vertex 10.275 0.8227241335952167 3.2
      vertex 10.471751442127221 0.6717514421272202 6.5
      vertex 10.275 0.8227241335952167 6.5
    endloop
  endfacet
  facet normal -0.9238795325112845 -0.3826834323650952 0
    outer loop
      vertex 10.717629534974616 0.2458780928473947 3.2
      vertex 10.717629534974616 0.2458780928473947 6.5
      vertex 10.622724133595217 0.475 3.2
    endloop
  endfacet
  facet normal -0.991444861373811 -0.1305261922200462 0
    outer loop
      vertex 10.75 0 3.2
      vertex 10.75 0 6.5
      vertex 10.717629534974616 0.2458780928473947 3.2
    endloop
  endfacet
  facet normal -0.7933533402912379 -0.6087614290087171 0
    outer loop
      vertex 10.622724133595217 0.475 3.2
      vertex 10.622724133595217 0.475 6.5
      vertex 10.471751442127221 0.6717514421272202 3.2
    endloop
  endfacet
  facet normal -0.991444861373811 -0.1305261922200462 0
    outer loop
      vertex 10.717629534974616 0.2458780928473947 3.2
      vertex 10.75 0 6.5
      vertex 10.717629534974616 0.2458780928473947 6.5
    endloop
  endfacet
  facet normal -0.9238795325112845 -0.3826834323650952 0
    outer loop
      vertex 10.622724133595217 0.475 3.2
      vertex 10.717629534974616 0.2458780928473947 6.5
      vertex 10.622724133595217 0.475 6.5
    endloop
  endfacet
  facet normal -0.7933533402912379 -0.6087614290087171 0
    outer loop
      vertex 10.471751442127221 0.6717514421272202 3.2
      vertex 10.622724133595217 0.475 6.5
      vertex 10.471751442127221 0.6717514421272202 6.5
    endloop
  endfacet
endsolid OpenSCAD_Model
