solid OpenSCAD_Model
  facet normal -0.816496580927726 -0.408248290463863 -0.408248290463863
    outer loop
      vertex 4.009361490696742 -5.1049999967217445 -2.9802320611338473e-9
      vertex 3.509361490696742 -5.005000002682209 0.9000000029802324
      vertex 3.509361490696742 -4.6049999967217445 0.49999999701976794
    endloop
  endfacet
  facet normal -0.816496580927726 -0.408248290463863 -0.408248290463863
    outer loop
      vertex 4.009361490696742 -5.505000002682209 0.4000000029802324
      vertex 3.509361490696742 -5.005000002682209 0.9000000029802324
      vertex 4.009361490696742 -5.1049999967217445 -2.9802320611338473e-9
    endloop
  endfacet
  facet normal -0.7071067811865476 -0.7071067811865476 0
    outer loop
      vertex 4.009361490696742 -5.505000002682209 0.4000000029802324
      vertex 4.009361490696742 -5.505000002682209 3.4000000029802324
      vertex 3.509361490696742 -5.005000002682209 0.9000000029802324
    endloop
  endfacet
  facet normal -0.7071067811865476 0 -0.7071067811865476
    outer loop
      vertex 4.009361490696742 -5.1049999967217445 -2.9802320611338473e-9
      vertex 3.509361490696742 -4.6049999967217445 0.49999999701976794
      vertex 3.509361490696742 4.6049999967217445 0.49999999701976794
    endloop
  endfacet
  facet normal -1 0 0
    outer loop
      vertex 3.509361490696742 -5.005000002682209 0.9000000029802324
      vertex 3.509361490696742 4.6049999967217445 0.49999999701976794
      vertex 3.509361490696742 -4.6049999967217445 0.49999999701976794
    endloop
  endfacet
  facet normal -0.7071067811865475 0 -0.7071067811865475
    outer loop
      vertex 4.009361490696742 -5.1049999967217445 -2.9802320611338473e-9
      vertex 3.509361490696742 4.6049999967217445 0.49999999701976794
      vertex 4.009361490696742 5.1049999967217445 -2.9802320611338473e-9
    endloop
  endfacet
  facet normal -1 0 0
    outer loop
      vertex 3.509361490696742 -5.005000002682209 0.9000000029802324
      vertex 3.509361490696742 -4.405000001192093 3.499999997019768
      vertex 3.509361490696742 4.6049999967217445 0.49999999701976794
    endloop
  endfacet
  facet normal -0.7071067811865475 -0.7071067811865475 0
    outer loop
      vertex 3.509361490696742 -5.005000002682209 0.9000000029802324
      vertex 4.009361490696742 -5.505000002682209 3.4000000029802324
      vertex 3.509361490696742 -5.005000002682209 2.9000000029802324
    endloop
  endfacet
  facet normal -1 0 0
    outer loop
      vertex 3.509361490696742 -5.005000002682209 0.9000000029802324
      vertex 3.509361490696742 -5.005000002682209 2.9000000029802324
      vertex 3.509361490696742 -4.405000001192093 3.499999997019768
    endloop
  endfacet
  facet normal -0.816496580927726 -0.408248287929124 0.408248292998602
    outer loop
      vertex 3.509361490696742 -5.005000002682209 2.9000000029802324
      vertex 4.009361490696742 -5.505000002682209 3.4000000029802324
      vertex 3.509361490696742 -4.405000001192093 3.499999997019768
    endloop
  endfacet
  facet normal -0.816496580927726 -0.408248287929124 0.408248292998602
    outer loop
      vertex 4.009361490696742 -5.505000002682209 3.4000000029802324
      vertex 4.009361490696742 -4.905000001192093 3.999999997019768
      vertex 3.509361490696742 -4.405000001192093 3.499999997019768
    endloop
  endfacet
  facet normal -0.7071067811865476 0 0.7071067811865476
    outer loop
      vertex 4.009361490696742 -4.905000001192093 3.999999997019768
      vertex 4.009361490696742 -3.2 3.999999997019768
      vertex 3.509361490696742 -4.405000001192093 3.499999997019768
    endloop
  endfacet
  facet normal -0.7071067811865476 0 0.7071067811865476
    outer loop
      vertex 3.509361490696742 -4.405000001192093 3.499999997019768
      vertex 4.009361490696742 -3.2 3.999999997019768
      vertex 3.8093614936769757 -3.2 3.8000000000000016
    endloop
  endfacet
  facet normal -1 0 0
    outer loop
      vertex 3.509361490696742 -4.405000001192093 3.499999997019768
      vertex 3.509361490696742 4.405000001192093 3.499999997019768
      vertex 3.509361490696742 4.6049999967217445 0.49999999701976794
    endloop
  endfacet
  facet normal -0.7071067811865474 -9.710857994727413e-17 0.7071067811865478
    outer loop
      vertex 3.509361490696742 -4.405000001192093 3.499999997019768
      vertex 3.8093614936769757 -3.2 3.8000000000000016
      vertex 3.809361493676975 3.2 3.8000000000000016
    endloop
  endfacet
  facet normal -0.7071067811865486 0 0.7071067811865465
    outer loop
      vertex 3.509361490696742 -4.405000001192093 3.499999997019768
      vertex 3.809361493676975 3.2 3.8000000000000016
      vertex 3.509361490696742 4.405000001192093 3.499999997019768
    endloop
  endfacet
  facet normal -0.816496580927726 0.408248290463863 -0.408248290463863
    outer loop
      vertex 3.509361490696742 4.6049999967217445 0.49999999701976794
      vertex 4.009361490696742 5.505000002682209 0.4000000029802324
      vertex 4.009361490696742 5.1049999967217445 -2.9802320611338473e-9
    endloop
  endfacet
  facet normal -0.816496580927726 0.408248290463863 -0.408248290463863
    outer loop
      vertex 3.509361490696742 4.6049999967217445 0.49999999701976794
      vertex 3.509361490696742 5.005000002682209 0.9000000029802324
      vertex 4.009361490696742 5.505000002682209 0.4000000029802324
    endloop
  endfacet
  facet normal -0.7071067811865475 0.7071067811865475 0
    outer loop
      vertex 4.009361490696742 5.505000002682209 0.4000000029802324
      vertex 3.509361490696742 5.005000002682209 0.9000000029802324
      vertex 3.509361490696742 5.005000002682209 2.9000000029802324
    endloop
  endfacet
  facet normal -1 0 0
    outer loop
      vertex 3.509361490696742 4.6049999967217445 0.49999999701976794
      vertex 3.509361490696742 5.005000002682209 2.9000000029802324
      vertex 3.509361490696742 5.005000002682209 0.9000000029802324
    endloop
  endfacet
  facet normal -1 0 0
    outer loop
      vertex 3.509361490696742 4.6049999967217445 0.49999999701976794
      vertex 3.509361490696742 4.405000001192093 3.499999997019768
      vertex 3.509361490696742 5.005000002682209 2.9000000029802324
    endloop
  endfacet
  facet normal -0.816496580927726 0.408248287929124 0.408248292998602
    outer loop
      vertex 3.509361490696742 5.005000002682209 2.9000000029802324
      vertex 3.509361490696742 4.405000001192093 3.499999997019768
      vertex 4.009361490696742 4.905000001192093 3.999999997019768
    endloop
  endfacet
  facet normal -0.816496580927726 0.408248287929124 0.408248292998602
    outer loop
      vertex 3.509361490696742 5.005000002682209 2.9000000029802324
      vertex 4.009361490696742 4.905000001192093 3.999999997019768
      vertex 4.009361490696742 5.505000002682209 3.4000000029802324
    endloop
  endfacet
  facet normal -0.7071067811865459 1.3029813287264473e-15 0.7071067811865491
    outer loop
      vertex 3.809361493676975 3.2 3.8000000000000016
      vertex 4.009361490696742 3.2 3.999999997019768
      vertex 3.509361490696742 4.405000001192093 3.499999997019768
    endloop
  endfacet
  facet normal -0.7071067811865476 0 0.7071067811865476
    outer loop
      vertex 4.009361490696742 3.2 3.999999997019768
      vertex 4.009361490696742 4.905000001192093 3.999999997019768
      vertex 3.509361490696742 4.405000001192093 3.499999997019768
    endloop
  endfacet
  facet normal -0.7071067811865476 0.7071067811865476 0
    outer loop
      vertex 4.009361490696742 5.505000002682209 0.4000000029802324
      vertex 3.509361490696742 5.005000002682209 2.9000000029802324
      vertex 4.009361490696742 5.505000002682209 3.4000000029802324
    endloop
  endfacet
  facet normal -0.7071067811865476 -0.7071067811865476 0
    outer loop
      vertex 4.009361490696742 12.494999997317791 0.4000000029802324
      vertex 4.009361490696742 12.494999997317791 3.4000000029802324
      vertex 3.509361490696742 12.994999997317791 0.9000000029802324
    endloop
  endfacet
  facet normal -0.816496580927726 -0.408248290463863 -0.408248290463863
    outer loop
      vertex 4.009361490696742 12.895000003278255 -2.9802320611338473e-9
      vertex 3.509361490696742 12.994999997317791 0.9000000029802324
      vertex 3.509361490696742 13.395000003278255 0.49999999701976794
    endloop
  endfacet
  facet normal -0.816496580927726 -0.408248290463863 -0.408248290463863
    outer loop
      vertex 4.009361490696742 12.494999997317791 0.4000000029802324
      vertex 3.509361490696742 12.994999997317791 0.9000000029802324
      vertex 4.009361490696742 12.895000003278255 -2.9802320611338473e-9
    endloop
  endfacet
  facet normal -0.7071067811865476 0 -0.7071067811865476
    outer loop
      vertex 4.009361490696742 12.895000003278255 -2.9802320611338473e-9
      vertex 3.509361490696742 13.395000003278255 0.49999999701976794
      vertex 3.509361490696742 22.604999996721745 0.49999999701976794
    endloop
  endfacet
  facet normal -1 0 0
    outer loop
      vertex 3.509361490696742 12.994999997317791 0.9000000029802324
      vertex 3.509361490696742 22.604999996721745 0.49999999701976794
      vertex 3.509361490696742 13.395000003278255 0.49999999701976794
    endloop
  endfacet
  facet normal -1 0 0
    outer loop
      vertex 3.509361490696742 12.994999997317791 0.9000000029802324
      vertex 3.509361490696742 13.594999998807907 3.499999997019768
      vertex 3.509361490696742 22.604999996721745 0.49999999701976794
    endloop
  endfacet
  facet normal -0.7071067811865475 -0.7071067811865475 0
    outer loop
      vertex 3.509361490696742 12.994999997317791 0.9000000029802324
      vertex 4.009361490696742 12.494999997317791 3.4000000029802324
      vertex 3.509361490696742 12.994999997317791 2.9000000029802324
    endloop
  endfacet
  facet normal -1 0 0
    outer loop
      vertex 3.509361490696742 12.994999997317791 0.9000000029802324
      vertex 3.509361490696742 12.994999997317791 2.9000000029802324
      vertex 3.509361490696742 13.594999998807907 3.499999997019768
    endloop
  endfacet
  facet normal -0.816496580927726 -0.408248287929124 0.408248292998602
    outer loop
      vertex 3.509361490696742 12.994999997317791 2.9000000029802324
      vertex 4.009361490696742 12.494999997317791 3.4000000029802324
      vertex 3.509361490696742 13.594999998807907 3.499999997019768
    endloop
  endfacet
  facet normal -0.816496580927726 -0.408248287929124 0.408248292998602
    outer loop
      vertex 4.009361490696742 12.494999997317791 3.4000000029802324
      vertex 4.009361490696742 13.094999998807907 3.999999997019768
      vertex 3.509361490696742 13.594999998807907 3.499999997019768
    endloop
  endfacet
  facet normal -0.7071067811865476 0 0.7071067811865476
    outer loop
      vertex 4.009361490696742 13.094999998807907 3.999999997019768
      vertex 4.009361490696742 14.8 3.999999997019768
      vertex 3.509361490696742 13.594999998807907 3.499999997019768
    endloop
  endfacet
  facet normal -0.7071067811865476 0 0.7071067811865476
    outer loop
      vertex 3.509361490696742 13.594999998807907 3.499999997019768
      vertex 4.009361490696742 14.8 3.999999997019768
      vertex 3.8093614936769757 14.8 3.8000000000000016
    endloop
  endfacet
  facet normal -0.7071067811865475 0 -0.7071067811865475
    outer loop
      vertex 4.009361490696742 12.895000003278255 -2.9802320611338473e-9
      vertex 3.509361490696742 22.604999996721745 0.49999999701976794
      vertex 4.009361490696742 23.104999996721745 -2.9802320611338473e-9
    endloop
  endfacet
  facet normal -0.816496580927726 0.408248290463863 -0.408248290463863
    outer loop
      vertex 3.509361490696742 22.604999996721745 0.49999999701976794
      vertex 4.009361490696742 23.50500000268221 0.4000000029802324
      vertex 4.009361490696742 23.104999996721745 -2.9802320611338473e-9
    endloop
  endfacet
  facet normal -0.816496580927726 0.408248290463863 -0.408248290463863
    outer loop
      vertex 3.509361490696742 22.604999996721745 0.49999999701976794
      vertex 3.509361490696742 23.00500000268221 0.9000000029802324
      vertex 4.009361490696742 23.50500000268221 0.4000000029802324
    endloop
  endfacet
  facet normal -1 0 0
    outer loop
      vertex 3.509361490696742 22.604999996721745 0.49999999701976794
      vertex 3.509361490696742 23.00500000268221 2.9000000029802324
      vertex 3.509361490696742 23.00500000268221 0.9000000029802324
    endloop
  endfacet
  facet normal -0.7071067811865475 0.7071067811865475 0
    outer loop
      vertex 4.009361490696742 23.50500000268221 0.4000000029802324
      vertex 3.509361490696742 23.00500000268221 0.9000000029802324
      vertex 3.509361490696742 23.00500000268221 2.9000000029802324
    endloop
  endfacet
  facet normal -1 0 0
    outer loop
      vertex 3.509361490696742 13.594999998807907 3.499999997019768
      vertex 3.509361490696742 22.405000001192093 3.499999997019768
      vertex 3.509361490696742 22.604999996721745 0.49999999701976794
    endloop
  endfacet
  facet normal -0.7071067811865474 -9.710857994727414e-17 0.7071067811865477
    outer loop
      vertex 3.509361490696742 13.594999998807907 3.499999997019768
      vertex 3.8093614936769757 14.8 3.8000000000000016
      vertex 3.809361493676975 21.2 3.8000000000000016
    endloop
  endfacet
  facet normal -0.7071067811865486 0 0.7071067811865465
    outer loop
      vertex 3.509361490696742 13.594999998807907 3.499999997019768
      vertex 3.809361493676975 21.2 3.8000000000000016
      vertex 3.509361490696742 22.405000001192093 3.499999997019768
    endloop
  endfacet
  facet normal -1 0 0
    outer loop
      vertex 3.509361490696742 22.604999996721745 0.49999999701976794
      vertex 3.509361490696742 22.405000001192093 3.499999997019768
      vertex 3.509361490696742 23.00500000268221 2.9000000029802324
    endloop
  endfacet
  facet normal -0.7071067811865476 0.7071067811865476 0
    outer loop
      vertex 4.009361490696742 23.50500000268221 0.4000000029802324
      vertex 3.509361490696742 23.00500000268221 2.9000000029802324
      vertex 4.009361490696742 23.50500000268221 3.4000000029802324
    endloop
  endfacet
  facet normal -0.7071067811865459 1.3029813287264465e-15 0.7071067811865491
    outer loop
      vertex 3.809361493676975 21.2 3.8000000000000016
      vertex 4.009361490696742 21.2 3.999999997019768
      vertex 3.509361490696742 22.405000001192093 3.499999997019768
    endloop
  endfacet
  facet normal -0.816496580927726 0.408248287929124 0.408248292998602
    outer loop
      vertex 3.509361490696742 23.00500000268221 2.9000000029802324
      vertex 3.509361490696742 22.405000001192093 3.499999997019768
      vertex 4.009361490696742 22.905000001192093 3.999999997019768
    endloop
  endfacet
  facet normal -0.816496580927726 0.408248287929124 0.408248292998602
    outer loop
      vertex 3.509361490696742 23.00500000268221 2.9000000029802324
      vertex 4.009361490696742 22.905000001192093 3.999999997019768
      vertex 4.009361490696742 23.50500000268221 3.4000000029802324
    endloop
  endfacet
  facet normal -0.7071067811865476 0 0.7071067811865476
    outer loop
      vertex 4.009361490696742 21.2 3.999999997019768
      vertex 4.009361490696742 22.905000001192093 3.999999997019768
      vertex 3.509361490696742 22.405000001192093 3.499999997019768
    endloop
  endfacet
  facet normal 0 -0.7071067811865475 -0.7071067811865475
    outer loop
      vertex 4.009361490696742 -5.1049999967217445 -2.9802320611338473e-9
      vertex 7.339018616671262 -5.1049999967217445 -2.9802320611338473e-9
      vertex 7.149832703495645 -5.505000002682209 0.4000000029802324
    endloop
  endfacet
  facet normal 0 -0.7071067811865475 -0.7071067811865475
    outer loop
      vertex 4.009361490696742 -5.505000002682209 0.4000000029802324
      vertex 4.009361490696742 -5.1049999967217445 -2.9802320611338473e-9
      vertex 7.149832703495645 -5.505000002682209 0.4000000029802324
    endloop
  endfacet
  facet normal 0 0 -1
    outer loop
      vertex 4.009361490696742 -5.1049999967217445 -2.9802320611338473e-9
      vertex 6.049121907152606 -0.9176295349746149 -2.9802320611338473e-9
      vertex 7.339018616671262 -5.1049999967217445 -2.9802320611338473e-9
    endloop
  endfacet
  facet normal 0 0 -1
    outer loop
      vertex 7.339018616671262 -5.1049999967217445 -2.9802320611338473e-9
      vertex 6.049121907152606 -0.9176295349746149 -2.9802320611338473e-9
      vertex 7.58155439013544 -4.592201188381077 -2.9802320611338473e-9
    endloop
  endfacet
  facet normal 0 0 -1
    outer loop
      vertex 4.009361490696742 -5.1049999967217445 -2.9802320611338473e-9
      vertex 5.62324855787278 -0.6717514421272202 -2.9802320611338473e-9
      vertex 5.820000000000001 -0.8227241335952167 -2.9802320611338473e-9
    endloop
  endfacet
  facet normal 0 0 -1
    outer loop
      vertex 4.009361490696742 -5.1049999967217445 -2.9802320611338473e-9
      vertex 5.820000000000001 -0.8227241335952167 -2.9802320611338473e-9
      vertex 6.049121907152606 -0.9176295349746149 -2.9802320611338473e-9
    endloop
  endfacet
  facet normal 0 0 -1
    outer loop
      vertex 7.58155439013544 -4.592201188381077 -2.9802320611338473e-9
      vertex 6.295000000000001 -0.95 -2.9802320611338473e-9
      vertex 7.978284028786507 -3.483416127053548 -2.9802320611338473e-9
    endloop
  endfacet
  facet normal 0 0 -1
    outer loop
      vertex 7.58155439013544 -4.592201188381077 -2.9802320611338473e-9
      vertex 6.049121907152606 -0.9176295349746149 -2.9802320611338473e-9
      vertex 6.295000000000001 -0.95 -2.9802320611338473e-9
    endloop
  endfacet
  facet normal 0 0 -1
    outer loop
      vertex 7.978284028786507 -3.483416127053548 -2.9802320611338473e-9
      vertex 6.7700000000000005 -0.8227241335952167 -2.9802320611338473e-9
      vertex 8.264423364838766 -2.341083864193539 -2.9802320611338473e-9
    endloop
  endfacet
  facet normal 0 -1 0
    outer loop
      vertex 4.009361490696742 -5.505000002682209 0.4000000029802324
      vertex 7.149832703495645 -5.505000002682209 0.4000000029802324
      vertex 7.149832703495645 -5.505000002682209 3.4000000029802324
    endloop
  endfacet
  facet normal 0 0 -1
    outer loop
      vertex 4.009361490696742 -5.1049999967217445 -2.9802320611338473e-9
      vertex 4.009361490696742 5.1049999967217445 -2.9802320611338473e-9
      vertex 5.377370465025385 -0.2458780928473947 -2.9802320611338473e-9
    endloop
  endfacet
  facet normal 0 0 -1
    outer loop
      vertex 4.009361490696742 -5.1049999967217445 -2.9802320611338473e-9
      vertex 5.472275866404785 -0.475 -2.9802320611338473e-9
      vertex 5.62324855787278 -0.6717514421272202 -2.9802320611338473e-9
    endloop
  endfacet
  facet normal 0 0 -1
    outer loop
      vertex 4.009361490696742 -5.1049999967217445 -2.9802320611338473e-9
      vertex 5.377370465025385 -0.2458780928473947 -2.9802320611338473e-9
      vertex 5.472275866404785 -0.475 -2.9802320611338473e-9
    endloop
  endfacet
  facet normal 0 0 -1
    outer loop
      vertex 7.978284028786507 -3.483416127053548 -2.9802320611338473e-9
      vertex 6.295000000000001 -0.95 -2.9802320611338473e-9
      vertex 6.540878092847396 -0.9176295349746149 -2.9802320611338473e-9
    endloop
  endfacet
  facet normal 0 0 -1
    outer loop
      vertex 7.978284028786507 -3.483416127053548 -2.9802320611338473e-9
      vertex 6.540878092847396 -0.9176295349746149 -2.9802320611338473e-9
      vertex 6.7700000000000005 -0.8227241335952167 -2.9802320611338473e-9
    endloop
  endfacet
  facet normal 0 0 -1
    outer loop
      vertex 8.264423364838766 -2.341083864193539 -2.9802320611338473e-9
      vertex 6.7700000000000005 -0.8227241335952167 -2.9802320611338473e-9
      vertex 6.966751442127221 -0.6717514421272202 -2.9802320611338473e-9
    endloop
  endfacet
  facet normal 0 0 -1
    outer loop
      vertex 8.264423364838766 -2.341083864193539 -2.9802320611338473e-9
      vertex 7.212629534974616 -0.2458780928473947 -2.9802320611338473e-9
      vertex 8.437216720066363 -1.1762056839547272 -2.9802320611338473e-9
    endloop
  endfacet
  facet normal 0 0 -1
    outer loop
      vertex 8.264423364838766 -2.341083864193539 -2.9802320611338473e-9
      vertex 6.966751442127221 -0.6717514421272202 -2.9802320611338473e-9
      vertex 7.117724133595217 -0.475 -2.9802320611338473e-9
    endloop
  endfacet
  facet normal 0 0 -1
    outer loop
      vertex 8.264423364838766 -2.341083864193539 -2.9802320611338473e-9
      vertex 7.117724133595217 -0.475 -2.9802320611338473e-9
      vertex 7.212629534974616 -0.2458780928473947 -2.9802320611338473e-9
    endloop
  endfacet
  facet normal 0 0 -1
    outer loop
      vertex 8.437216720066363 -1.1762056839547272 -2.9802320611338473e-9
      vertex 7.212629534974616 -0.2458780928473947 -2.9802320611338473e-9
      vertex 7.245 0 -2.9802320611338473e-9
    endloop
  endfacet
  facet normal 0 0 -1
    outer loop
      vertex 8.437216720066363 -1.1762056839547272 -2.9802320611338473e-9
      vertex 7.245 0 -2.9802320611338473e-9
      vertex 7.212629534974616 0.2458780928473947 -2.9802320611338473e-9
    endloop
  endfacet
  facet normal 0 0 -1
    outer loop
      vertex 4.009361490696742 5.1049999967217445 -2.9802320611338473e-9
      vertex 8.437216720066363 -1.1762056839547272 -2.9802320611338473e-9
      vertex 6.966751442127221 0.6717514421272202 -2.9802320611338473e-9
    endloop
  endfacet
  facet normal 0 0 -1
    outer loop
      vertex 4.009361490696742 5.1049999967217445 -2.9802320611338473e-9
      vertex 8.495000000000001 0 -2.9802320611338473e-9
      vertex 8.437216720066363 -1.1762056839547272 -2.9802320611338473e-9
    endloop
  endfacet
  facet normal 0 0 -1
    outer loop
      vertex 8.437216720066363 -1.1762056839547272 -2.9802320611338473e-9
      vertex 7.212629534974616 0.2458780928473947 -2.9802320611338473e-9
      vertex 7.117724133595217 0.475 -2.9802320611338473e-9
    endloop
  endfacet
  facet normal 0 0 -1
    outer loop
      vertex 8.437216720066363 -1.1762056839547272 -2.9802320611338473e-9
      vertex 7.117724133595217 0.475 -2.9802320611338473e-9
      vertex 6.966751442127221 0.6717514421272202 -2.9802320611338473e-9
    endloop
  endfacet
  facet normal 0 -1 0
    outer loop
      vertex 4.009361490696742 -5.505000002682209 0.4000000029802324
      vertex 7.149832703495645 -5.505000002682209 3.4000000029802324
      vertex 4.009361490696742 -5.505000002682209 3.4000000029802324
    endloop
  endfacet
  facet normal 0 -0.7071067767962508 0.7071067855768443
    outer loop
      vertex 4.009361490696742 -5.505000002682209 3.4000000029802324
      vertex 7.433611569735208 -4.905000001192093 3.999999997019768
      vertex 4.009361490696742 -4.905000001192093 3.999999997019768
    endloop
  endfacet
  facet normal 0 -0.7071067767962509 0.7071067855768443
    outer loop
      vertex 4.009361490696742 -5.505000002682209 3.4000000029802324
      vertex 7.149832703495645 -5.505000002682209 3.4000000029802324
      vertex 7.433611569735208 -4.905000001192093 3.999999997019768
    endloop
  endfacet
  facet normal 0 0 1
    outer loop
      vertex 4.009361490696742 -4.905000001192093 3.999999997019768
      vertex 7.433611569735208 -4.905000001192093 3.999999997019768
      vertex 4.009361490696742 -3.2 3.999999997019768
    endloop
  endfacet
  facet normal 0 0 1
    outer loop
      vertex 4.009361490696742 -3.2 3.999999997019768
      vertex 7.433611569735208 -4.905000001192093 3.999999997019768
      vertex 7.58155439013544 -4.592201188381077 3.999999997019768
    endloop
  endfacet
  facet normal 0 0 1
    outer loop
      vertex 4.009361490696742 -3.2 3.999999997019768
      vertex 7.58155439013544 -4.592201188381077 3.999999997019768
      vertex 7.978284028786507 -3.483416127053548 3.999999997019768
    endloop
  endfacet
  facet normal 0 0 1
    outer loop
      vertex 4.009361490696742 -3.2 3.999999997019768
      vertex 7.978284028786507 -3.483416127053548 3.999999997019768
      vertex 8.049276072921344 -3.2 3.999999997019768
    endloop
  endfacet
  facet normal 0 0 -1
    outer loop
      vertex 4.009361490696742 5.1049999967217445 -2.9802320611338473e-9
      vertex 5.3450000000000015 0 -2.9802320611338473e-9
      vertex 5.377370465025385 -0.2458780928473947 -2.9802320611338473e-9
    endloop
  endfacet
  facet normal 0 0 -1
    outer loop
      vertex 4.009361490696742 5.1049999967217445 -2.9802320611338473e-9
      vertex 5.377370465025385 0.2458780928473947 -2.9802320611338473e-9
      vertex 5.3450000000000015 0 -2.9802320611338473e-9
    endloop
  endfacet
  facet normal 0 0 -1
    outer loop
      vertex 4.009361490696742 5.1049999967217445 -2.9802320611338473e-9
      vertex 5.472275866404785 0.475 -2.9802320611338473e-9
      vertex 5.377370465025385 0.2458780928473947 -2.9802320611338473e-9
    endloop
  endfacet
  facet normal 0 0 -1
    outer loop
      vertex 4.009361490696742 5.1049999967217445 -2.9802320611338473e-9
      vertex 5.62324855787278 0.6717514421272202 -2.9802320611338473e-9
      vertex 5.472275866404785 0.475 -2.9802320611338473e-9
    endloop
  endfacet
  facet normal 0 0 -1
    outer loop
      vertex 4.009361490696742 5.1049999967217445 -2.9802320611338473e-9
      vertex 5.820000000000001 0.8227241335952167 -2.9802320611338473e-9
      vertex 5.62324855787278 0.6717514421272202 -2.9802320611338473e-9
    endloop
  endfacet
  facet normal 0 0 -1
    outer loop
      vertex 4.009361490696742 5.1049999967217445 -2.9802320611338473e-9
      vertex 6.049121907152606 0.9176295349746149 -2.9802320611338473e-9
      vertex 5.820000000000001 0.8227241335952167 -2.9802320611338473e-9
    endloop
  endfacet
  facet normal 0 0 -1
    outer loop
      vertex 4.009361490696742 5.1049999967217445 -2.9802320611338473e-9
      vertex 6.295000000000001 0.95 -2.9802320611338473e-9
      vertex 6.049121907152606 0.9176295349746149 -2.9802320611338473e-9
    endloop
  endfacet
  facet normal 0 0 -1
    outer loop
      vertex 4.009361490696742 5.1049999967217445 -2.9802320611338473e-9
      vertex 6.7700000000000005 0.8227241335952167 -2.9802320611338473e-9
      vertex 6.540878092847396 0.9176295349746149 -2.9802320611338473e-9
    endloop
  endfacet
  facet normal 0 0 -1
    outer loop
      vertex 4.009361490696742 5.1049999967217445 -2.9802320611338473e-9
      vertex 6.966751442127221 0.6717514421272202 -2.9802320611338473e-9
      vertex 6.7700000000000005 0.8227241335952167 -2.9802320611338473e-9
    endloop
  endfacet
  facet normal 0 0 -1
    outer loop
      vertex 4.009361490696742 5.1049999967217445 -2.9802320611338473e-9
      vertex 6.540878092847396 0.9176295349746149 -2.9802320611338473e-9
      vertex 6.295000000000001 0.95 -2.9802320611338473e-9
    endloop
  endfacet
  facet normal 0 0 -1
    outer loop
      vertex 4.009361490696742 5.1049999967217445 -2.9802320611338473e-9
      vertex 8.437216720066363 1.1762056839547272 -2.9802320611338473e-9
      vertex 8.495000000000001 0 -2.9802320611338473e-9
    endloop
  endfacet
  facet normal 0 0 -1
    outer loop
      vertex 4.009361490696742 5.1049999967217445 -2.9802320611338473e-9
      vertex 8.264423364838766 2.341083864193539 -2.9802320611338473e-9
      vertex 8.437216720066363 1.1762056839547272 -2.9802320611338473e-9
    endloop
  endfacet
  facet normal 0 0 -1
    outer loop
      vertex 4.009361490696742 5.1049999967217445 -2.9802320611338473e-9
      vertex 7.978284028786507 3.483416127053548 -2.9802320611338473e-9
      vertex 8.264423364838766 2.341083864193539 -2.9802320611338473e-9
    endloop
  endfacet
  facet normal 0 0.7071067811865475 -0.7071067811865475
    outer loop
      vertex 4.009361490696742 5.1049999967217445 -2.9802320611338473e-9
      vertex 4.009361490696742 5.505000002682209 0.4000000029802324
      vertex 7.339018616671262 5.1049999967217445 -2.9802320611338473e-9
    endloop
  endfacet
  facet normal 0 0 -1
    outer loop
      vertex 4.009361490696742 5.1049999967217445 -2.9802320611338473e-9
      vertex 7.58155439013544 4.592201188381077 -2.9802320611338473e-9
      vertex 7.978284028786507 3.483416127053548 -2.9802320611338473e-9
    endloop
  endfacet
  facet normal 0 0 -1
    outer loop
      vertex 4.009361490696742 5.1049999967217445 -2.9802320611338473e-9
      vertex 7.339018616671262 5.1049999967217445 -2.9802320611338473e-9
      vertex 7.58155439013544 4.592201188381077 -2.9802320611338473e-9
    endloop
  endfacet
  facet normal 0 0.7071067811865475 -0.7071067811865475
    outer loop
      vertex 4.009361490696742 5.505000002682209 0.4000000029802324
      vertex 7.149832703495645 5.505000002682209 0.4000000029802324
      vertex 7.339018616671262 5.1049999967217445 -2.9802320611338473e-9
    endloop
  endfacet
  facet normal 0 1 0
    outer loop
      vertex 4.009361490696742 5.505000002682209 0.4000000029802324
      vertex 4.009361490696742 5.505000002682209 3.4000000029802324
      vertex 7.149832703495645 5.505000002682209 0.4000000029802324
    endloop
  endfacet
  facet normal 0 0 1
    outer loop
      vertex 4.009361490696742 3.2 3.999999997019768
      vertex 8.049276072921344 3.2 3.999999997019768
      vertex 7.978284028786507 3.483416127053548 3.999999997019768
    endloop
  endfacet
  facet normal 0 0 1
    outer loop
      vertex 4.009361490696742 3.2 3.999999997019768
      vertex 7.58155439013544 4.592201188381077 3.999999997019768
      vertex 4.009361490696742 4.905000001192093 3.999999997019768
    endloop
  endfacet
  facet normal 0 0 1
    outer loop
      vertex 4.009361490696742 3.2 3.999999997019768
      vertex 7.978284028786507 3.483416127053548 3.999999997019768
      vertex 7.58155439013544 4.592201188381077 3.999999997019768
    endloop
  endfacet
  facet normal 0 0.7071067767962508 0.7071067855768443
    outer loop
      vertex 4.009361490696742 4.905000001192093 3.999999997019768
      vertex 7.433611569735208 4.905000001192093 3.999999997019768
      vertex 7.149832703495645 5.505000002682209 3.4000000029802324
    endloop
  endfacet
  facet normal 0 0 1
    outer loop
      vertex 4.009361490696742 4.905000001192093 3.999999997019768
      vertex 7.58155439013544 4.592201188381077 3.999999997019768
      vertex 7.433611569735208 4.905000001192093 3.999999997019768
    endloop
  endfacet
  facet normal 0 1 0
    outer loop
      vertex 4.009361490696742 5.505000002682209 3.4000000029802324
      vertex 7.149832703495645 5.505000002682209 3.4000000029802324
      vertex 7.149832703495645 5.505000002682209 0.4000000029802324
    endloop
  endfacet
  facet normal 0 0.7071067767962509 0.7071067855768443
    outer loop
      vertex 4.009361490696742 5.505000002682209 3.4000000029802324
      vertex 4.009361490696742 4.905000001192093 3.999999997019768
      vertex 7.149832703495645 5.505000002682209 3.4000000029802324
    endloop
  endfacet
  facet normal 0 -0.7071067811865475 -0.7071067811865475
    outer loop
      vertex 4.009361490696742 12.494999997317791 0.4000000029802324
      vertex 4.009361490696742 12.895000003278255 -2.9802320611338473e-9
      vertex 7.149832703495645 12.494999997317791 0.4000000029802324
    endloop
  endfacet
  facet normal 0 -1 0
    outer loop
      vertex 4.009361490696742 12.494999997317791 0.4000000029802324
      vertex 7.149832703495645 12.494999997317791 0.4000000029802324
      vertex 7.149832703495645 12.494999997317791 3.4000000029802324
    endloop
  endfacet
  facet normal 0 -0.7071067811865475 -0.7071067811865475
    outer loop
      vertex 4.009361490696742 12.895000003278255 -2.9802320611338473e-9
      vertex 7.339018616671262 12.895000003278255 -2.9802320611338473e-9
      vertex 7.149832703495645 12.494999997317791 0.4000000029802324
    endloop
  endfacet
  facet normal 0 0 -1
    outer loop
      vertex 4.009361490696742 12.895000003278255 -2.9802320611338473e-9
      vertex 6.049121907152606 17.082370465025384 -2.9802320611338473e-9
      vertex 7.339018616671262 12.895000003278255 -2.9802320611338473e-9
    endloop
  endfacet
  facet normal 0 0 -1
    outer loop
      vertex 7.339018616671262 12.895000003278255 -2.9802320611338473e-9
      vertex 6.049121907152606 17.082370465025384 -2.9802320611338473e-9
      vertex 7.58155439013544 13.407798811618923 -2.9802320611338473e-9
    endloop
  endfacet
  facet normal 0 0 -1
    outer loop
      vertex 7.58155439013544 13.407798811618923 -2.9802320611338473e-9
      vertex 6.295000000000001 17.05 -2.9802320611338473e-9
      vertex 7.978284028786507 14.516583872946452 -2.9802320611338473e-9
    endloop
  endfacet
  facet normal 0 0 -1
    outer loop
      vertex 4.009361490696742 12.895000003278255 -2.9802320611338473e-9
      vertex 5.62324855787278 17.32824855787278 -2.9802320611338473e-9
      vertex 5.820000000000001 17.177275866404784 -2.9802320611338473e-9
    endloop
  endfacet
  facet normal 0 0 -1
    outer loop
      vertex 4.009361490696742 12.895000003278255 -2.9802320611338473e-9
      vertex 5.472275866404785 17.525 -2.9802320611338473e-9
      vertex 5.62324855787278 17.32824855787278 -2.9802320611338473e-9
    endloop
  endfacet
  facet normal 0 0 -1
    outer loop
      vertex 4.009361490696742 12.895000003278255 -2.9802320611338473e-9
      vertex 5.820000000000001 17.177275866404784 -2.9802320611338473e-9
      vertex 6.049121907152606 17.082370465025384 -2.9802320611338473e-9
    endloop
  endfacet
  facet normal 0 0 -1
    outer loop
      vertex 4.009361490696742 12.895000003278255 -2.9802320611338473e-9
      vertex 5.377370465025385 17.754121907152605 -2.9802320611338473e-9
      vertex 5.472275866404785 17.525 -2.9802320611338473e-9
    endloop
  endfacet
  facet normal 0 0 -1
    outer loop
      vertex 7.58155439013544 13.407798811618923 -2.9802320611338473e-9
      vertex 6.049121907152606 17.082370465025384 -2.9802320611338473e-9
      vertex 6.295000000000001 17.05 -2.9802320611338473e-9
    endloop
  endfacet
  facet normal 0 0 -1
    outer loop
      vertex 7.978284028786507 14.516583872946452 -2.9802320611338473e-9
      vertex 6.295000000000001 17.05 -2.9802320611338473e-9
      vertex 6.540878092847396 17.082370465025384 -2.9802320611338473e-9
    endloop
  endfacet
  facet normal 0 0 -1
    outer loop
      vertex 7.978284028786507 14.516583872946452 -2.9802320611338473e-9
      vertex 6.540878092847396 17.082370465025384 -2.9802320611338473e-9
      vertex 6.7700000000000005 17.177275866404784 -2.9802320611338473e-9
    endloop
  endfacet
  facet normal 0 0 -1
    outer loop
      vertex 7.978284028786507 14.516583872946452 -2.9802320611338473e-9
      vertex 6.7700000000000005 17.177275866404784 -2.9802320611338473e-9
      vertex 8.264423364838766 15.65891613580646 -2.9802320611338473e-9
    endloop
  endfacet
  facet normal 0 -1 0
    outer loop
      vertex 4.009361490696742 12.494999997317791 0.4000000029802324
      vertex 7.149832703495645 12.494999997317791 3.4000000029802324
      vertex 4.009361490696742 12.494999997317791 3.4000000029802324
    endloop
  endfacet
  facet normal 0 -0.7071067767962509 0.7071067855768443
    outer loop
      vertex 4.009361490696742 12.494999997317791 3.4000000029802324
      vertex 7.149832703495645 12.494999997317791 3.4000000029802324
      vertex 7.433611569735208 13.094999998807907 3.999999997019768
    endloop
  endfacet
  facet normal 0 -0.7071067767962508 0.7071067855768443
    outer loop
      vertex 4.009361490696742 12.494999997317791 3.4000000029802324
      vertex 7.433611569735208 13.094999998807907 3.999999997019768
      vertex 4.009361490696742 13.094999998807907 3.999999997019768
    endloop
  endfacet
  facet normal 0 0 1
    outer loop
      vertex 4.009361490696742 13.094999998807907 3.999999997019768
      vertex 7.433611569735208 13.094999998807907 3.999999997019768
      vertex 4.009361490696742 14.8 3.999999997019768
    endloop
  endfacet
  facet normal 0 0 1
    outer loop
      vertex 4.009361490696742 14.8 3.999999997019768
      vertex 7.433611569735208 13.094999998807907 3.999999997019768
      vertex 7.58155439013544 13.407798811618923 3.999999997019768
    endloop
  endfacet
  facet normal 0 0 1
    outer loop
      vertex 4.009361490696742 14.8 3.999999997019768
      vertex 7.58155439013544 13.407798811618923 3.999999997019768
      vertex 7.978284028786507 14.516583872946452 3.999999997019768
    endloop
  endfacet
  facet normal 0 0 1
    outer loop
      vertex 4.009361490696742 14.8 3.999999997019768
      vertex 7.978284028786507 14.516583872946452 3.999999997019768
      vertex 8.049276072921344 14.8 3.999999997019768
    endloop
  endfacet
  facet normal 0 0 -1
    outer loop
      vertex 4.009361490696742 12.895000003278255 -2.9802320611338473e-9
      vertex 4.009361490696742 23.104999996721745 -2.9802320611338473e-9
      vertex 5.377370465025385 17.754121907152605 -2.9802320611338473e-9
    endloop
  endfacet
  facet normal 0 0 -1
    outer loop
      vertex 4.009361490696742 23.104999996721745 -2.9802320611338473e-9
      vertex 5.3450000000000015 18 -2.9802320611338473e-9
      vertex 5.377370465025385 17.754121907152605 -2.9802320611338473e-9
    endloop
  endfacet
  facet normal 0 0 -1
    outer loop
      vertex 4.009361490696742 23.104999996721745 -2.9802320611338473e-9
      vertex 5.377370465025385 18.245878092847395 -2.9802320611338473e-9
      vertex 5.3450000000000015 18 -2.9802320611338473e-9
    endloop
  endfacet
  facet normal 0 0 -1
    outer loop
      vertex 8.264423364838766 15.65891613580646 -2.9802320611338473e-9
      vertex 6.7700000000000005 17.177275866404784 -2.9802320611338473e-9
      vertex 6.966751442127221 17.32824855787278 -2.9802320611338473e-9
    endloop
  endfacet
  facet normal 0 0 -1
    outer loop
      vertex 8.264423364838766 15.65891613580646 -2.9802320611338473e-9
      vertex 6.966751442127221 17.32824855787278 -2.9802320611338473e-9
      vertex 7.117724133595217 17.525 -2.9802320611338473e-9
    endloop
  endfacet
  facet normal 0 0 -1
    outer loop
      vertex 8.264423364838766 15.65891613580646 -2.9802320611338473e-9
      vertex 7.212629534974616 17.754121907152605 -2.9802320611338473e-9
      vertex 8.437216720066363 16.823794316045273 -2.9802320611338473e-9
    endloop
  endfacet
  facet normal 0 0 -1
    outer loop
      vertex 8.264423364838766 15.65891613580646 -2.9802320611338473e-9
      vertex 7.117724133595217 17.525 -2.9802320611338473e-9
      vertex 7.212629534974616 17.754121907152605 -2.9802320611338473e-9
    endloop
  endfacet
  facet normal 0 0 -1
    outer loop
      vertex 8.437216720066363 16.823794316045273 -2.9802320611338473e-9
      vertex 7.212629534974616 17.754121907152605 -2.9802320611338473e-9
      vertex 7.245 18 -2.9802320611338473e-9
    endloop
  endfacet
  facet normal 0 0 -1
    outer loop
      vertex 8.437216720066363 16.823794316045273 -2.9802320611338473e-9
      vertex 7.245 18 -2.9802320611338473e-9
      vertex 7.212629534974616 18.245878092847395 -2.9802320611338473e-9
    endloop
  endfacet
  facet normal 0 0 -1
    outer loop
      vertex 8.437216720066363 16.823794316045273 -2.9802320611338473e-9
      vertex 7.212629534974616 18.245878092847395 -2.9802320611338473e-9
      vertex 7.117724133595217 18.475 -2.9802320611338473e-9
    endloop
  endfacet
  facet normal 0 0 -1
    outer loop
      vertex 8.437216720066363 16.823794316045273 -2.9802320611338473e-9
      vertex 7.117724133595217 18.475 -2.9802320611338473e-9
      vertex 6.966751442127221 18.67175144212722 -2.9802320611338473e-9
    endloop
  endfacet
  facet normal 0 0 -1
    outer loop
      vertex 4.009361490696742 23.104999996721745 -2.9802320611338473e-9
      vertex 5.472275866404785 18.475 -2.9802320611338473e-9
      vertex 5.377370465025385 18.245878092847395 -2.9802320611338473e-9
    endloop
  endfacet
  facet normal 0 0 -1
    outer loop
      vertex 4.009361490696742 23.104999996721745 -2.9802320611338473e-9
      vertex 5.62324855787278 18.67175144212722 -2.9802320611338473e-9
      vertex 5.472275866404785 18.475 -2.9802320611338473e-9
    endloop
  endfacet
  facet normal 0 0 -1
    outer loop
      vertex 4.009361490696742 23.104999996721745 -2.9802320611338473e-9
      vertex 8.437216720066363 16.823794316045273 -2.9802320611338473e-9
      vertex 6.966751442127221 18.67175144212722 -2.9802320611338473e-9
    endloop
  endfacet
  facet normal 0 0 -1
    outer loop
      vertex 4.009361490696742 23.104999996721745 -2.9802320611338473e-9
      vertex 8.495000000000001 18 -2.9802320611338473e-9
      vertex 8.437216720066363 16.823794316045273 -2.9802320611338473e-9
    endloop
  endfacet
  facet normal 0 0 -1
    outer loop
      vertex 4.009361490696742 23.104999996721745 -2.9802320611338473e-9
      vertex 8.437216720066363 19.176205683954727 -2.9802320611338473e-9
      vertex 8.495000000000001 18 -2.9802320611338473e-9
    endloop
  endfacet
  facet normal 0 0 -1
    outer loop
      vertex 4.009361490696742 23.104999996721745 -2.9802320611338473e-9
      vertex 5.820000000000001 18.822724133595216 -2.9802320611338473e-9
      vertex 5.62324855787278 18.67175144212722 -2.9802320611338473e-9
    endloop
  endfacet
  facet normal 0 0 -1
    outer loop
      vertex 4.009361490696742 23.104999996721745 -2.9802320611338473e-9
      vertex 6.049121907152606 18.917629534974616 -2.9802320611338473e-9
      vertex 5.820000000000001 18.822724133595216 -2.9802320611338473e-9
    endloop
  endfacet
  facet normal 0 0 -1
    outer loop
      vertex 4.009361490696742 23.104999996721745 -2.9802320611338473e-9
      vertex 6.295000000000001 18.95 -2.9802320611338473e-9
      vertex 6.049121907152606 18.917629534974616 -2.9802320611338473e-9
    endloop
  endfacet
  facet normal 0 0 -1
    outer loop
      vertex 4.009361490696742 23.104999996721745 -2.9802320611338473e-9
      vertex 6.540878092847396 18.917629534974616 -2.9802320611338473e-9
      vertex 6.295000000000001 18.95 -2.9802320611338473e-9
    endloop
  endfacet
  facet normal 0 0 -1
    outer loop
      vertex 4.009361490696742 23.104999996721745 -2.9802320611338473e-9
      vertex 6.7700000000000005 18.822724133595216 -2.9802320611338473e-9
      vertex 6.540878092847396 18.917629534974616 -2.9802320611338473e-9
    endloop
  endfacet
  facet normal 0 0 -1
    outer loop
      vertex 4.009361490696742 23.104999996721745 -2.9802320611338473e-9
      vertex 6.966751442127221 18.67175144212722 -2.9802320611338473e-9
      vertex 6.7700000000000005 18.822724133595216 -2.9802320611338473e-9
    endloop
  endfacet
  facet normal 0 0 -1
    outer loop
      vertex 4.009361490696742 23.104999996721745 -2.9802320611338473e-9
      vertex 8.264423364838766 20.34108386419354 -2.9802320611338473e-9
      vertex 8.437216720066363 19.176205683954727 -2.9802320611338473e-9
    endloop
  endfacet
  facet normal 0 0 -1
    outer loop
      vertex 4.009361490696742 23.104999996721745 -2.9802320611338473e-9
      vertex 7.978284028786507 21.483416127053548 -2.9802320611338473e-9
      vertex 8.264423364838766 20.34108386419354 -2.9802320611338473e-9
    endloop
  endfacet
  facet normal 0 0 -1
    outer loop
      vertex 4.009361490696742 23.104999996721745 -2.9802320611338473e-9
      vertex 7.58155439013544 22.592201188381075 -2.9802320611338473e-9
      vertex 7.978284028786507 21.483416127053548 -2.9802320611338473e-9
    endloop
  endfacet
  facet normal 0 0.7071067811865475 -0.7071067811865475
    outer loop
      vertex 4.009361490696742 23.104999996721745 -2.9802320611338473e-9
      vertex 4.009361490696742 23.50500000268221 0.4000000029802324
      vertex 7.339018616671262 23.104999996721745 -2.9802320611338473e-9
    endloop
  endfacet
  facet normal 0 0 -1
    outer loop
      vertex 4.009361490696742 23.104999996721745 -2.9802320611338473e-9
      vertex 7.339018616671262 23.104999996721745 -2.9802320611338473e-9
      vertex 7.58155439013544 22.592201188381075 -2.9802320611338473e-9
    endloop
  endfacet
  facet normal 0 0.7071067811865475 -0.7071067811865475
    outer loop
      vertex 4.009361490696742 23.50500000268221 0.4000000029802324
      vertex 7.149832703495645 23.50500000268221 0.4000000029802324
      vertex 7.339018616671262 23.104999996721745 -2.9802320611338473e-9
    endloop
  endfacet
  facet normal 0 1 0
    outer loop
      vertex 4.009361490696742 23.50500000268221 0.4000000029802324
      vertex 4.009361490696742 23.50500000268221 3.4000000029802324
      vertex 7.149832703495645 23.50500000268221 0.4000000029802324
    endloop
  endfacet
  facet normal 0 1 0
    outer loop
      vertex 4.009361490696742 23.50500000268221 3.4000000029802324
      vertex 7.149832703495645 23.50500000268221 3.4000000029802324
      vertex 7.149832703495645 23.50500000268221 0.4000000029802324
    endloop
  endfacet
  facet normal 0 0 1
    outer loop
      vertex 4.009361490696742 21.2 3.999999997019768
      vertex 8.049276072921344 21.2 3.999999997019768
      vertex 7.978284028786507 21.483416127053548 3.999999997019768
    endloop
  endfacet
  facet normal 0 0 1
    outer loop
      vertex 4.009361490696742 21.2 3.999999997019768
      vertex 7.978284028786507 21.483416127053548 3.999999997019768
      vertex 7.58155439013544 22.592201188381075 3.999999997019768
    endloop
  endfacet
  facet normal 0 0 1
    outer loop
      vertex 4.009361490696742 21.2 3.999999997019768
      vertex 7.58155439013544 22.592201188381075 3.999999997019768
      vertex 4.009361490696742 22.905000001192093 3.999999997019768
    endloop
  endfacet
  facet normal 0 0 1
    outer loop
      vertex 4.009361490696742 22.905000001192093 3.999999997019768
      vertex 7.58155439013544 22.592201188381075 3.999999997019768
      vertex 7.433611569735208 22.905000001192093 3.999999997019768
    endloop
  endfacet
  facet normal 0 0.7071067767962509 0.7071067855768443
    outer loop
      vertex 4.009361490696742 23.50500000268221 3.4000000029802324
      vertex 4.009361490696742 22.905000001192093 3.999999997019768
      vertex 7.149832703495645 23.50500000268221 3.4000000029802324
    endloop
  endfacet
  facet normal 0 0.7071067767962508 0.7071067855768443
    outer loop
      vertex 4.009361490696742 22.905000001192093 3.999999997019768
      vertex 7.433611569735208 22.905000001192093 3.999999997019768
      vertex 7.149832703495645 23.50500000268221 3.4000000029802324
    endloop
  endfacet
  facet normal 0 0 -1
    outer loop
      vertex 0 -3.2 4.000000000000001
      vertex 0 3.2 4.000000000000001
      vertex 3.509361490696742 -3.2 4.000000000000001
    endloop
  endfacet
  facet normal 0 0 -1
    outer loop
      vertex 3.509361490696742 -3.2 4.000000000000001
      vertex 0 3.2 4.000000000000001
      vertex 3.509361490696742 3.2 4.000000000000001
    endloop
  endfacet
  facet normal 0 -1 0
    outer loop
      vertex 0 -3.2 4.000000000000001
      vertex 3.509361490696742 -3.2 4.000000000000001
      vertex 3.509361490696742 -3.2 8.2
    endloop
  endfacet
  facet normal -1 0 0
    outer loop
      vertex 0 -3.2 4.000000000000001
      vertex 0 3.2 8.2
      vertex 0 3.2 4.000000000000001
    endloop
  endfacet
  facet normal 0 -1 0
    outer loop
      vertex 0 -3.2 4.000000000000001
      vertex 3.509361490696742 -3.2 8.2
      vertex 0 -3.2 8.2
    endloop
  endfacet
  facet normal 0 0 1
    outer loop
      vertex 0 -3.2 8.2
      vertex 3.509361490696742 -3.2 8.2
      vertex 3.509361490696742 -3.1818148831345745 8.2
    endloop
  endfacet
  facet normal -1 0 0
    outer loop
      vertex 0 -3.2 4.000000000000001
      vertex 0 -3.2 8.2
      vertex 0 3.2 8.2
    endloop
  endfacet
  facet normal 0 0 1
    outer loop
      vertex 0 -3.2 8.2
      vertex 3.509361490696742 -3.1818148831345745 8.2
      vertex 0 3.2 8.2
    endloop
  endfacet
  facet normal 0 0 1
    outer loop
      vertex 3.509361490696742 -3.1818148831345745 8.2
      vertex 3.519361490696742 3.1883331721746777 8.2
      vertex 0 3.2 8.2
    endloop
  endfacet
  facet normal 0 1 0
    outer loop
      vertex 0 3.2 4.000000000000001
      vertex 0 3.2 8.2
      vertex 3.509361490696742 3.2 4.000000000000001
    endloop
  endfacet
  facet normal 0 1 0
    outer loop
      vertex 3.509361490696742 3.2 4.000000000000001
      vertex 0 3.2 8.2
      vertex 3.509361490696742 3.2 8.2
    endloop
  endfacet
  facet normal 0 0 1
    outer loop
      vertex 0 3.2 8.2
      vertex 3.519361490696742 3.1883331721746777 8.2
      vertex 3.509361490696742 3.2 8.2
    endloop
  endfacet
  facet normal 0 0 -1
    outer loop
      vertex 0 14.8 4.000000000000001
      vertex 0 21.2 4.000000000000001
      vertex 3.509361490696742 14.8 4.000000000000001
    endloop
  endfacet
  facet normal 0 0 -1
    outer loop
      vertex 3.509361490696742 14.8 4.000000000000001
      vertex 0 21.2 4.000000000000001
      vertex 3.509361490696742 21.2 4.000000000000001
    endloop
  endfacet
  facet normal 0 -1 0
    outer loop
      vertex 0 14.8 4.000000000000001
      vertex 3.509361490696742 14.8 4.000000000000001
      vertex 3.509361490696742 14.8 8.2
    endloop
  endfacet
  facet normal 0 -1 0
    outer loop
      vertex 0 14.8 4.000000000000001
      vertex 3.509361490696742 14.8 8.2
      vertex 0 14.8 8.2
    endloop
  endfacet
  facet normal 0 0 1
    outer loop
      vertex 0 14.8 8.2
      vertex 3.509361490696742 14.8 8.2
      vertex 3.509361490696742 14.818185116865425 8.2
    endloop
  endfacet
  facet normal -1 0 0
    outer loop
      vertex 0 14.8 4.000000000000001
      vertex 0 21.2 8.2
      vertex 0 21.2 4.000000000000001
    endloop
  endfacet
  facet normal 0 1 0
    outer loop
      vertex 0 21.2 4.000000000000001
      vertex 0 21.2 8.2
      vertex 3.509361490696742 21.2 4.000000000000001
    endloop
  endfacet
  facet normal -1 0 0
    outer loop
      vertex 0 14.8 4.000000000000001
      vertex 0 14.8 8.2
      vertex 0 21.2 8.2
    endloop
  endfacet
  facet normal 0 0 1
    outer loop
      vertex 0 14.8 8.2
      vertex 3.509361490696742 14.818185116865425 8.2
      vertex 0 21.2 8.2
    endloop
  endfacet
  facet normal 0 0 1
    outer loop
      vertex 3.509361490696742 14.818185116865425 8.2
      vertex 3.519361490696742 21.188333172174676 8.2
      vertex 0 21.2 8.2
    endloop
  endfacet
  facet normal 0 1 0
    outer loop
      vertex 3.509361490696742 21.2 4.000000000000001
      vertex 0 21.2 8.2
      vertex 3.509361490696742 21.2 8.2
    endloop
  endfacet
  facet normal 0 0 1
    outer loop
      vertex 0 21.2 8.2
      vertex 3.519361490696742 21.188333172174676 8.2
      vertex 3.509361490696742 21.2 8.2
    endloop
  endfacet
  facet normal 0 -1 0
    outer loop
      vertex 3.509361490696742 -3.2 3.8000000000000016
      vertex 3.8093614936769757 -3.2 3.8000000000000016
      vertex 4.009361490696742 -3.2 3.999999997019768
    endloop
  endfacet
  facet normal 0 0 -1
    outer loop
      vertex 3.509361490696742 -3.2 3.8000000000000016
      vertex 3.809361493676975 3.2 3.8000000000000016
      vertex 3.8093614936769757 -3.2 3.8000000000000016
    endloop
  endfacet
  facet normal -1 0 0
    outer loop
      vertex 3.509361490696742 -3.2 3.8000000000000016
      vertex 3.509361490696742 -3.2 4.000000000000001
      vertex 3.509361490696742 3.2 3.8000000000000016
    endloop
  endfacet
  facet normal 0 0 -1
    outer loop
      vertex 3.509361490696742 -3.2 3.8000000000000016
      vertex 3.509361490696742 3.2 3.8000000000000016
      vertex 3.809361493676975 3.2 3.8000000000000016
    endloop
  endfacet
  facet normal -1 0 0
    outer loop
      vertex 3.509361490696742 -3.2 4.000000000000001
      vertex 3.509361490696742 3.2 4.000000000000001
      vertex 3.509361490696742 3.2 3.8000000000000016
    endloop
  endfacet
  facet normal 0 1 0
    outer loop
      vertex 3.509361490696742 3.2 3.8000000000000016
      vertex 3.509361490696742 3.2 4.000000000000001
      vertex 3.809361493676975 3.2 3.8000000000000016
    endloop
  endfacet
  facet normal 0 1 0
    outer loop
      vertex 3.509361490696742 3.2 4.000000000000001
      vertex 4.009361490696742 3.2 3.999999997019768
      vertex 3.809361493676975 3.2 3.8000000000000016
    endloop
  endfacet
  facet normal 0 -1 0
    outer loop
      vertex 3.509361490696742 -3.2 3.8000000000000016
      vertex 8.049276072921344 -3.2 8.2
      vertex 3.509361490696742 -3.2 4.000000000000001
    endloop
  endfacet
  facet normal 0 -1 0
    outer loop
      vertex 3.509361490696742 -3.2 3.8000000000000016
      vertex 4.009361490696742 -3.2 3.999999997019768
      vertex 8.049276072921344 -3.2 8.2
    endloop
  endfacet
  facet normal 0 -1 0
    outer loop
      vertex 4.009361490696742 -3.2 3.999999997019768
      vertex 8.049276072921344 -3.2 3.999999997019768
      vertex 8.049276072921344 -3.2 8.2
    endloop
  endfacet
  facet normal 0 -1 0
    outer loop
      vertex 3.509361490696742 -3.2 4.000000000000001
      vertex 8.049276072921344 -3.2 8.2
      vertex 3.509361490696742 -3.2 8.2
    endloop
  endfacet
  facet normal 0 0 1
    outer loop
      vertex 3.509361490696742 -3.2 8.2
      vertex 8.049276072921344 -3.2 8.2
      vertex 3.509361490696742 -3.1818148831345745 8.2
    endloop
  endfacet
  facet normal 0 0 1
    outer loop
      vertex 3.509361490696742 -3.1818148831345745 8.2
      vertex 7.495 -2.4771237531875503 8.2
      vertex 6.049121907152606 -0.9176295349746149 8.2
    endloop
  endfacet
  facet normal 0 0 1
    outer loop
      vertex 3.509361490696742 -3.1818148831345745 8.2
      vertex 8.049276072921344 -3.2 8.2
      vertex 7.495 -2.4771237531875503 8.2
    endloop
  endfacet
  facet normal 0 0 1
    outer loop
      vertex 7.495 -2.4771237531875503 8.2
      vertex 8.049276072921344 -3.2 8.2
      vertex 8.224616945055256 -2.5 8.2
    endloop
  endfacet
  facet normal 0 0 1
    outer loop
      vertex 3.509361490696742 -3.1818148831345745 8.2
      vertex 5.62324855787278 -0.6717514421272202 8.2
      vertex 5.472275866404785 -0.475 8.2
    endloop
  endfacet
  facet normal 0 0 1
    outer loop
      vertex 3.509361490696742 -3.1818148831345745 8.2
      vertex 5.472275866404785 -0.475 8.2
      vertex 5.377370465025385 -0.2458780928473947 8.2
    endloop
  endfacet
  facet normal 0 0 1
    outer loop
      vertex 3.509361490696742 -3.1818148831345745 8.2
      vertex 5.377370465025385 -0.2458780928473947 8.2
      vertex 3.519361490696742 3.1883331721746777 8.2
    endloop
  endfacet
  facet normal 0 0 1
    outer loop
      vertex 3.519361490696742 3.1883331721746777 8.2
      vertex 5.377370465025385 -0.2458780928473947 8.2
      vertex 5.3450000000000015 0 8.2
    endloop
  endfacet
  facet normal 0 0 1
    outer loop
      vertex 3.519361490696742 3.1883331721746777 8.2
      vertex 5.3450000000000015 0 8.2
      vertex 5.377370465025385 0.2458780928473947 8.2
    endloop
  endfacet
  facet normal 0 0 1
    outer loop
      vertex 3.519361490696742 3.1883331721746777 8.2
      vertex 5.377370465025385 0.2458780928473947 8.2
      vertex 5.472275866404785 0.475 8.2
    endloop
  endfacet
  facet normal 0 0 1
    outer loop
      vertex 3.519361490696742 3.1883331721746777 8.2
      vertex 5.472275866404785 0.475 8.2
      vertex 5.62324855787278 0.6717514421272202 8.2
    endloop
  endfacet
  facet normal 0 0 1
    outer loop
      vertex 3.509361490696742 -3.1818148831345745 8.2
      vertex 5.820000000000001 -0.8227241335952167 8.2
      vertex 5.62324855787278 -0.6717514421272202 8.2
    endloop
  endfacet
  facet normal 0 0 1
    outer loop
      vertex 3.509361490696742 -3.1818148831345745 8.2
      vertex 6.049121907152606 -0.9176295349746149 8.2
      vertex 5.820000000000001 -0.8227241335952167 8.2
    endloop
  endfacet
  facet normal 0 0 1
    outer loop
      vertex 7.495 -2.4771237531875503 8.2
      vertex 6.295000000000001 -0.95 8.2
      vertex 6.049121907152606 -0.9176295349746149 8.2
    endloop
  endfacet
  facet normal 0 0 1
    outer loop
      vertex 7.495 -2.4771237531875503 8.2
      vertex 6.540878092847396 -0.9176295349746149 8.2
      vertex 6.295000000000001 -0.95 8.2
    endloop
  endfacet
  facet normal 0 0 1
    outer loop
      vertex 7.495 -2.4771237531875503 8.2
      vertex 6.7700000000000005 -0.8227241335952167 8.2
      vertex 6.540878092847396 -0.9176295349746149 8.2
    endloop
  endfacet
  facet normal 0 0 1
    outer loop
      vertex 7.495 -2.4771237531875503 8.2
      vertex 6.966751442127221 -0.6717514421272202 8.2
      vertex 6.7700000000000005 -0.8227241335952167 8.2
    endloop
  endfacet
  facet normal 0 0 1
    outer loop
      vertex 7.495 -2.4771237531875503 8.2
      vertex 7.117724133595217 -0.475 8.2
      vertex 6.966751442127221 -0.6717514421272202 8.2
    endloop
  endfacet
  facet normal 0 0 1
    outer loop
      vertex 7.495 -2.4771237531875503 8.2
      vertex 7.212629534974616 -0.2458780928473947 8.2
      vertex 7.117724133595217 -0.475 8.2
    endloop
  endfacet
  facet normal 0 0 1
    outer loop
      vertex 7.495 -2.4771237531875503 8.2
      vertex 7.495 0.640788748260802 8.2
      vertex 7.212629534974616 -0.2458780928473947 8.2
    endloop
  endfacet
  facet normal 0 0 1
    outer loop
      vertex 7.495 0.640788748260802 8.2
      vertex 7.245 0 8.2
      vertex 7.212629534974616 -0.2458780928473947 8.2
    endloop
  endfacet
  facet normal 0 0 1
    outer loop
      vertex 7.495 0.640788748260802 8.2
      vertex 7.212629534974616 0.2458780928473947 8.2
      vertex 7.245 0 8.2
    endloop
  endfacet
  facet normal 0 0 1
    outer loop
      vertex 7.495 0.640788748260802 8.2
      vertex 7.117724133595217 0.475 8.2
      vertex 7.212629534974616 0.2458780928473947 8.2
    endloop
  endfacet
  facet normal 0 0 1
    outer loop
      vertex 7.495 0.640788748260802 8.2
      vertex 6.966751442127221 0.6717514421272202 8.2
      vertex 7.117724133595217 0.475 8.2
    endloop
  endfacet
  facet normal 0 0 1
    outer loop
      vertex 3.519361490696742 3.1883331721746777 8.2
      vertex 5.62324855787278 0.6717514421272202 8.2
      vertex 5.820000000000001 0.8227241335952167 8.2
    endloop
  endfacet
  facet normal 0 0 1
    outer loop
      vertex 3.519361490696742 3.1883331721746777 8.2
      vertex 6.540878092847396 0.9176295349746149 8.2
      vertex 7.495 0.640788748260802 8.2
    endloop
  endfacet
  facet normal 0 0 1
    outer loop
      vertex 7.495 0.640788748260802 8.2
      vertex 6.540878092847396 0.9176295349746149 8.2
      vertex 6.7700000000000005 0.8227241335952167 8.2
    endloop
  endfacet
  facet normal 0 0 1
    outer loop
      vertex 7.495 0.640788748260802 8.2
      vertex 6.7700000000000005 0.8227241335952167 8.2
      vertex 6.966751442127221 0.6717514421272202 8.2
    endloop
  endfacet
  facet normal 0 1 0
    outer loop
      vertex 3.509361490696742 3.2 4.000000000000001
      vertex 3.509361490696742 3.2 8.2
      vertex 4.009361490696742 3.2 3.999999997019768
    endloop
  endfacet
  facet normal 0 1 0
    outer loop
      vertex 4.009361490696742 3.2 3.999999997019768
      vertex 3.509361490696742 3.2 8.2
      vertex 8.049276072921344 3.2 3.999999997019768
    endloop
  endfacet
  facet normal 0 1 0
    outer loop
      vertex 3.509361490696742 3.2 8.2
      vertex 8.049276072921344 3.2 8.2
      vertex 8.049276072921344 3.2 3.999999997019768
    endloop
  endfacet
  facet normal 0 0 1
    outer loop
      vertex 3.519361490696742 3.1883331721746777 8.2
      vertex 5.820000000000001 0.8227241335952167 8.2
      vertex 6.049121907152606 0.9176295349746149 8.2
    endloop
  endfacet
  facet normal 0 0 1
    outer loop
      vertex 3.519361490696742 3.1883331721746777 8.2
      vertex 6.049121907152606 0.9176295349746149 8.2
      vertex 6.295000000000001 0.95 8.2
    endloop
  endfacet
  facet normal 0 0 1
    outer loop
      vertex 3.519361490696742 3.1883331721746777 8.2
      vertex 6.295000000000001 0.95 8.2
      vertex 6.540878092847396 0.9176295349746149 8.2
    endloop
  endfacet
  facet normal 0 0 1
    outer loop
      vertex 3.519361490696742 3.1883331721746777 8.2
      vertex 7.495 0.640788748260802 8.2
      vertex 8.308531611954137 1.2288568563216606 8.2
    endloop
  endfacet
  facet normal 0 0 1
    outer loop
      vertex 3.519361490696742 3.1883331721746777 8.2
      vertex 8.308531611954137 1.2288568563216606 8.2
      vertex 7.510558837537595 2.4756893163475078 8.2
    endloop
  endfacet
  facet normal 0 0 1
    outer loop
      vertex 3.519361490696742 3.1883331721746777 8.2
      vertex 8.049276072921344 3.2 8.2
      vertex 3.509361490696742 3.2 8.2
    endloop
  endfacet
  facet normal 0 0 1
    outer loop
      vertex 3.519361490696742 3.1883331721746777 8.2
      vertex 7.510558837537595 2.4756893163475078 8.2
      vertex 8.049276072921344 3.2 8.2
    endloop
  endfacet
  facet normal 0 0 1
    outer loop
      vertex 7.510558837537595 2.4756893163475078 8.2
      vertex 8.224616945055256 2.5 8.2
      vertex 8.049276072921344 3.2 8.2
    endloop
  endfacet
  facet normal 0 -1 0
    outer loop
      vertex 3.509361490696742 14.8 3.8000000000000016
      vertex 3.8093614936769757 14.8 3.8000000000000016
      vertex 4.009361490696742 14.8 3.999999997019768
    endloop
  endfacet
  facet normal 0 0 -1
    outer loop
      vertex 3.509361490696742 14.8 3.8000000000000016
      vertex 3.809361493676975 21.2 3.8000000000000016
      vertex 3.8093614936769757 14.8 3.8000000000000016
    endloop
  endfacet
  facet normal -1 0 0
    outer loop
      vertex 3.509361490696742 14.8 3.8000000000000016
      vertex 3.509361490696742 14.8 4.000000000000001
      vertex 3.509361490696742 21.2 3.8000000000000016
    endloop
  endfacet
  facet normal 0 0 -1
    outer loop
      vertex 3.509361490696742 14.8 3.8000000000000016
      vertex 3.509361490696742 21.2 3.8000000000000016
      vertex 3.809361493676975 21.2 3.8000000000000016
    endloop
  endfacet
  facet normal -1 0 0
    outer loop
      vertex 3.509361490696742 14.8 4.000000000000001
      vertex 3.509361490696742 21.2 4.000000000000001
      vertex 3.509361490696742 21.2 3.8000000000000016
    endloop
  endfacet
  facet normal 0 1 0
    outer loop
      vertex 3.509361490696742 21.2 3.8000000000000016
      vertex 3.509361490696742 21.2 4.000000000000001
      vertex 3.809361493676975 21.2 3.8000000000000016
    endloop
  endfacet
  facet normal 0 1 0
    outer loop
      vertex 3.509361490696742 21.2 4.000000000000001
      vertex 4.009361490696742 21.2 3.999999997019768
      vertex 3.809361493676975 21.2 3.8000000000000016
    endloop
  endfacet
  facet normal 0 -1 0
    outer loop
      vertex 3.509361490696742 14.8 3.8000000000000016
      vertex 8.049276072921344 14.8 8.2
      vertex 3.509361490696742 14.8 4.000000000000001
    endloop
  endfacet
  facet normal 0 -1 0
    outer loop
      vertex 3.509361490696742 14.8 3.8000000000000016
      vertex 4.009361490696742 14.8 3.999999997019768
      vertex 8.049276072921344 14.8 8.2
    endloop
  endfacet
  facet normal 0 -1 0
    outer loop
      vertex 4.009361490696742 14.8 3.999999997019768
      vertex 8.049276072921344 14.8 3.999999997019768
      vertex 8.049276072921344 14.8 8.2
    endloop
  endfacet
  facet normal 0 -1 0
    outer loop
      vertex 3.509361490696742 14.8 4.000000000000001
      vertex 8.049276072921344 14.8 8.2
      vertex 3.509361490696742 14.8 8.2
    endloop
  endfacet
  facet normal 0 0 1
    outer loop
      vertex 3.509361490696742 14.8 8.2
      vertex 8.049276072921344 14.8 8.2
      vertex 3.509361490696742 14.818185116865425 8.2
    endloop
  endfacet
  facet normal 0 0 1
    outer loop
      vertex 3.509361490696742 14.818185116865425 8.2
      vertex 8.049276072921344 14.8 8.2
      vertex 7.495 15.52287624681245 8.2
    endloop
  endfacet
  facet normal 0 0 1
    outer loop
      vertex 3.509361490696742 14.818185116865425 8.2
      vertex 7.495 15.52287624681245 8.2
      vertex 6.049121907152606 17.082370465025384 8.2
    endloop
  endfacet
  facet normal 0 0 1
    outer loop
      vertex 3.509361490696742 14.818185116865425 8.2
      vertex 6.049121907152606 17.082370465025384 8.2
      vertex 5.820000000000001 17.177275866404784 8.2
    endloop
  endfacet
  facet normal 0 0 1
    outer loop
      vertex 7.495 15.52287624681245 8.2
      vertex 8.049276072921344 14.8 8.2
      vertex 8.224616945055256 15.5 8.2
    endloop
  endfacet
  facet normal 0 1 0
    outer loop
      vertex 3.509361490696742 21.2 4.000000000000001
      vertex 3.509361490696742 21.2 8.2
      vertex 4.009361490696742 21.2 3.999999997019768
    endloop
  endfacet
  facet normal 0 1 0
    outer loop
      vertex 4.009361490696742 21.2 3.999999997019768
      vertex 3.509361490696742 21.2 8.2
      vertex 8.049276072921344 21.2 3.999999997019768
    endloop
  endfacet
  facet normal 0 0 1
    outer loop
      vertex 3.509361490696742 14.818185116865425 8.2
      vertex 5.62324855787278 17.32824855787278 8.2
      vertex 5.472275866404785 17.525 8.2
    endloop
  endfacet
  facet normal 0 0 1
    outer loop
      vertex 3.509361490696742 14.818185116865425 8.2
      vertex 5.472275866404785 17.525 8.2
      vertex 5.377370465025385 17.754121907152605 8.2
    endloop
  endfacet
  facet normal 0 0 1
    outer loop
      vertex 3.509361490696742 14.818185116865425 8.2
      vertex 5.377370465025385 17.754121907152605 8.2
      vertex 3.519361490696742 21.188333172174676 8.2
    endloop
  endfacet
  facet normal 0 0 1
    outer loop
      vertex 3.519361490696742 21.188333172174676 8.2
      vertex 5.377370465025385 17.754121907152605 8.2
      vertex 5.3450000000000015 18 8.2
    endloop
  endfacet
  facet normal 0 0 1
    outer loop
      vertex 3.519361490696742 21.188333172174676 8.2
      vertex 5.3450000000000015 18 8.2
      vertex 5.377370465025385 18.245878092847395 8.2
    endloop
  endfacet
  facet normal 0 0 1
    outer loop
      vertex 3.519361490696742 21.188333172174676 8.2
      vertex 5.377370465025385 18.245878092847395 8.2
      vertex 5.472275866404785 18.475 8.2
    endloop
  endfacet
  facet normal 0 0 1
    outer loop
      vertex 3.519361490696742 21.188333172174676 8.2
      vertex 5.472275866404785 18.475 8.2
      vertex 5.62324855787278 18.67175144212722 8.2
    endloop
  endfacet
  facet normal 0 0 1
    outer loop
      vertex 3.509361490696742 14.818185116865425 8.2
      vertex 5.820000000000001 17.177275866404784 8.2
      vertex 5.62324855787278 17.32824855787278 8.2
    endloop
  endfacet
  facet normal 0 0 1
    outer loop
      vertex 7.495 15.52287624681245 8.2
      vertex 6.295000000000001 17.05 8.2
      vertex 6.049121907152606 17.082370465025384 8.2
    endloop
  endfacet
  facet normal 0 0 1
    outer loop
      vertex 7.495 15.52287624681245 8.2
      vertex 6.540878092847396 17.082370465025384 8.2
      vertex 6.295000000000001 17.05 8.2
    endloop
  endfacet
  facet normal 0 0 1
    outer loop
      vertex 7.495 15.52287624681245 8.2
      vertex 6.7700000000000005 17.177275866404784 8.2
      vertex 6.540878092847396 17.082370465025384 8.2
    endloop
  endfacet
  facet normal 0 0 1
    outer loop
      vertex 7.495 15.52287624681245 8.2
      vertex 6.966751442127221 17.32824855787278 8.2
      vertex 6.7700000000000005 17.177275866404784 8.2
    endloop
  endfacet
  facet normal 0 0 1
    outer loop
      vertex 7.495 15.52287624681245 8.2
      vertex 7.117724133595217 17.525 8.2
      vertex 6.966751442127221 17.32824855787278 8.2
    endloop
  endfacet
  facet normal 0 0 1
    outer loop
      vertex 7.495 15.52287624681245 8.2
      vertex 7.212629534974616 17.754121907152605 8.2
      vertex 7.117724133595217 17.525 8.2
    endloop
  endfacet
  facet normal 0 0 1
    outer loop
      vertex 7.495 18.640788748260803 8.2
      vertex 7.245 18 8.2
      vertex 7.212629534974616 17.754121907152605 8.2
    endloop
  endfacet
  facet normal 0 0 1
    outer loop
      vertex 7.495 15.52287624681245 8.2
      vertex 7.495 18.640788748260803 8.2
      vertex 7.212629534974616 17.754121907152605 8.2
    endloop
  endfacet
  facet normal 0 0 1
    outer loop
      vertex 7.495 18.640788748260803 8.2
      vertex 7.212629534974616 18.245878092847395 8.2
      vertex 7.245 18 8.2
    endloop
  endfacet
  facet normal 0 0 1
    outer loop
      vertex 7.495 18.640788748260803 8.2
      vertex 7.117724133595217 18.475 8.2
      vertex 7.212629534974616 18.245878092847395 8.2
    endloop
  endfacet
  facet normal 0 0 1
    outer loop
      vertex 7.495 18.640788748260803 8.2
      vertex 6.966751442127221 18.67175144212722 8.2
      vertex 7.117724133595217 18.475 8.2
    endloop
  endfacet
  facet normal 0 0 1
    outer loop
      vertex 7.495 18.640788748260803 8.2
      vertex 6.7700000000000005 18.822724133595216 8.2
      vertex 6.966751442127221 18.67175144212722 8.2
    endloop
  endfacet
  facet normal 0 0 1
    outer loop
      vertex 7.495 18.640788748260803 8.2
      vertex 6.540878092847396 18.917629534974616 8.2
      vertex 6.7700000000000005 18.822724133595216 8.2
    endloop
  endfacet
  facet normal 0 0 1
    outer loop
      vertex 3.519361490696742 21.188333172174676 8.2
      vertex 5.62324855787278 18.67175144212722 8.2
      vertex 5.820000000000001 18.822724133595216 8.2
    endloop
  endfacet
  facet normal 0 0 1
    outer loop
      vertex 3.519361490696742 21.188333172174676 8.2
      vertex 6.540878092847396 18.917629534974616 8.2
      vertex 7.495 18.640788748260803 8.2
    endloop
  endfacet
  facet normal 0 0 1
    outer loop
      vertex 3.519361490696742 21.188333172174676 8.2
      vertex 5.820000000000001 18.822724133595216 8.2
      vertex 6.049121907152606 18.917629534974616 8.2
    endloop
  endfacet
  facet normal 0 0 1
    outer loop
      vertex 3.519361490696742 21.188333172174676 8.2
      vertex 6.049121907152606 18.917629534974616 8.2
      vertex 6.295000000000001 18.95 8.2
    endloop
  endfacet
  facet normal 0 0 1
    outer loop
      vertex 3.519361490696742 21.188333172174676 8.2
      vertex 6.295000000000001 18.95 8.2
      vertex 6.540878092847396 18.917629534974616 8.2
    endloop
  endfacet
  facet normal 0 0 1
    outer loop
      vertex 3.519361490696742 21.188333172174676 8.2
      vertex 7.495 18.640788748260803 8.2
      vertex 8.308531611954137 19.22885685632166 8.2
    endloop
  endfacet
  facet normal 0 1 0
    outer loop
      vertex 3.509361490696742 21.2 8.2
      vertex 8.049276072921344 21.2 8.2
      vertex 8.049276072921344 21.2 3.999999997019768
    endloop
  endfacet
  facet normal 0 0 1
    outer loop
      vertex 3.519361490696742 21.188333172174676 8.2
      vertex 8.308531611954137 19.22885685632166 8.2
      vertex 7.510558837537595 20.47568931634751 8.2
    endloop
  endfacet
  facet normal 0 0 1
    outer loop
      vertex 3.519361490696742 21.188333172174676 8.2
      vertex 7.510558837537595 20.47568931634751 8.2
      vertex 8.049276072921344 21.2 8.2
    endloop
  endfacet
  facet normal 0 0 1
    outer loop
      vertex 3.519361490696742 21.188333172174676 8.2
      vertex 8.049276072921344 21.2 8.2
      vertex 3.509361490696742 21.2 8.2
    endloop
  endfacet
  facet normal 0 0 1
    outer loop
      vertex 7.510558837537595 20.47568931634751 8.2
      vertex 8.224616945055256 20.5 8.2
      vertex 8.049276072921344 21.2 8.2
    endloop
  endfacet
  facet normal 0.9700312531945211 -0.24298017990325843 2.1673697502941217e-7
    outer loop
      vertex 7.978284028786507 -3.483416127053548 -2.9802320611338473e-9
      vertex 8.264423364838766 -2.341083864193539 -2.9802320611338473e-9
      vertex 8.224616945055256 -2.5 0
    endloop
  endfacet
  facet normal 0.970031253194543 -0.2429801799032679 7.02771541980318e-10
    outer loop
      vertex 8.224616945055256 -2.5 0
      vertex 8.264423364838766 -2.341083864193539 -2.9802320611338473e-9
      vertex 8.264423364838766 -2.341083864193539 0
    endloop
  endfacet
  facet normal 0.903989293123444 -0.4275550934302809 0
    outer loop
      vertex 7.149832703495645 -5.505000002682209 0.4000000029802324
      vertex 7.339018616671262 -5.1049999967217445 -2.9802320611338473e-9
      vertex 7.149832703495645 -5.505000002682209 3.4000000029802324
    endloop
  endfacet
  facet normal 0.9039892931234443 -0.42755509343028003 -7.361006089408148e-17
    outer loop
      vertex 7.339018616671262 -5.1049999967217445 -2.9802320611338473e-9
      vertex 7.58155439013544 -4.592201188381077 -2.9802320611338473e-9
      vertex 7.433611569735208 -4.905000001192093 3.999999997019768
    endloop
  endfacet
  facet normal 0.9415440651830204 -0.3368898533922211 5.4171652836336135e-18
    outer loop
      vertex 7.58155439013544 -4.592201188381077 -2.9802320611338473e-9
      vertex 7.978284028786507 -3.483416127053548 -2.9802320611338473e-9
      vertex 7.978284028786507 -3.483416127053548 3.999999997019768
    endloop
  endfacet
  facet normal 0.989176509964781 -0.14673047445536164 0
    outer loop
      vertex 8.264423364838766 -2.341083864193539 -2.9802320611338473e-9
      vertex 8.437216720066363 -1.1762056839547272 -2.9802320611338473e-9
      vertex 8.264423364838766 -2.341083864193539 0
    endloop
  endfacet
  facet normal 0.989176509964781 -0.14673047445536164 -1.2113713962054681e-9
    outer loop
      vertex 8.264423364838766 -2.341083864193539 0
      vertex 8.437216720066363 -1.1762056839547272 -2.9802320611338473e-9
      vertex 8.437216720066363 -1.1762056839547272 0
    endloop
  endfacet
  facet normal 0.9987954562051724 -0.04906767432741833 0
    outer loop
      vertex 8.437216720066363 -1.1762056839547272 -2.9802320611338473e-9
      vertex 8.495000000000001 0 -2.9802320611338473e-9
      vertex 8.437216720066363 -1.1762056839547272 0
    endloop
  endfacet
  facet normal 0.9987954562051724 -0.04906767432741833 -1.4025387433563378e-9
    outer loop
      vertex 8.437216720066363 -1.1762056839547272 0
      vertex 8.495000000000001 0 -2.9802320611338473e-9
      vertex 8.495000000000001 0 0
    endloop
  endfacet
  facet normal 0.9987954562051724 0.04906767432741833 0
    outer loop
      vertex 8.495000000000001 0 -2.9802320611338473e-9
      vertex 8.437216720066363 1.1762056839547272 -2.9802320611338473e-9
      vertex 8.495000000000001 0 0
    endloop
  endfacet
  facet normal 0.9987954562051724 0.04906767432741833 1.4025387433563378e-9
    outer loop
      vertex 8.495000000000001 0 0
      vertex 8.437216720066363 1.1762056839547272 -2.9802320611338473e-9
      vertex 8.437216720066363 1.1762056839547272 0
    endloop
  endfacet
  facet normal 0.989176509964781 0.14673047445536164 0
    outer loop
      vertex 8.437216720066363 1.1762056839547272 -2.9802320611338473e-9
      vertex 8.264423364838766 2.341083864193539 -2.9802320611338473e-9
      vertex 8.437216720066363 1.1762056839547272 0
    endloop
  endfacet
  facet normal 0.9039892931234439 -0.42755509343028103 -1.4219030268214522e-17
    outer loop
      vertex 7.339018616671262 -5.1049999967217445 -2.9802320611338473e-9
      vertex 7.433611569735208 -4.905000001192093 3.999999997019768
      vertex 7.149832703495645 -5.505000002682209 3.4000000029802324
    endloop
  endfacet
  facet normal 0.9039892931234447 -0.4275550934302792 0
    outer loop
      vertex 7.58155439013544 -4.592201188381077 -2.9802320611338473e-9
      vertex 7.58155439013544 -4.592201188381077 3.999999997019768
      vertex 7.433611569735208 -4.905000001192093 3.999999997019768
    endloop
  endfacet
  facet normal 0.9415440651830204 -0.3368898533922211 0
    outer loop
      vertex 7.58155439013544 -4.592201188381077 -2.9802320611338473e-9
      vertex 7.978284028786507 -3.483416127053548 3.999999997019768
      vertex 7.58155439013544 -4.592201188381077 3.999999997019768
    endloop
  endfacet
  facet normal 0.9700312531945429 -0.24298017990326856 0
    outer loop
      vertex 7.978284028786507 -3.483416127053548 -2.9802320611338473e-9
      vertex 8.049276072921344 -3.2 3.999999997019768
      vertex 7.978284028786507 -3.483416127053548 3.999999997019768
    endloop
  endfacet
  facet normal 0.9700312531945442 -0.2429801799032636 -1.0160791303904167e-18
    outer loop
      vertex 7.978284028786507 -3.483416127053548 -2.9802320611338473e-9
      vertex 8.224616945055256 -2.5 0
      vertex 8.224616945055256 -2.5 8.2
    endloop
  endfacet
  facet normal 0.970031253194546 -0.24298017990325624 -9.229801457804227e-16
    outer loop
      vertex 7.978284028786507 -3.483416127053548 -2.9802320611338473e-9
      vertex 8.224616945055256 -2.5 8.2
      vertex 8.049276072921344 -3.2 3.999999997019768
    endloop
  endfacet
  facet normal 0.989176509964781 0.14673047445536164 1.2113713962054681e-9
    outer loop
      vertex 8.437216720066363 1.1762056839547272 0
      vertex 8.264423364838766 2.341083864193539 -2.9802320611338473e-9
      vertex 8.264423364838766 2.341083864193539 0
    endloop
  endfacet
  facet normal 0.970031253194543 0.2429801799032679 0
    outer loop
      vertex 8.264423364838766 2.341083864193539 -2.9802320611338473e-9
      vertex 8.224616945055256 2.5 0
      vertex 8.264423364838766 2.341083864193539 0
    endloop
  endfacet
  facet normal 0.9700312531945208 0.24298017990325835 2.1821717213323293e-7
    outer loop
      vertex 7.978284028786507 3.483416127053548 -2.9802320611338473e-9
      vertex 8.224616945055256 2.5 0
      vertex 8.264423364838766 2.341083864193539 -2.9802320611338473e-9
    endloop
  endfacet
  facet normal 0.9700312531945441 0.24298017990326354 0
    outer loop
      vertex 7.978284028786507 3.483416127053548 -2.9802320611338473e-9
      vertex 7.978284028786507 3.483416127053548 3.999999997019768
      vertex 8.224616945055256 2.5 0
    endloop
  endfacet
  facet normal 0.9039892931234443 0.42755509343028003 1.2615624961978364e-16
    outer loop
      vertex 7.339018616671262 5.1049999967217445 -2.9802320611338473e-9
      vertex 7.149832703495645 5.505000002682209 3.4000000029802324
      vertex 7.58155439013544 4.592201188381077 -2.9802320611338473e-9
    endloop
  endfacet
  facet normal 0.9415440651830204 0.3368898533922211 -5.4171652836336135e-18
    outer loop
      vertex 7.978284028786507 3.483416127053548 -2.9802320611338473e-9
      vertex 7.58155439013544 4.592201188381077 -2.9802320611338473e-9
      vertex 7.58155439013544 4.592201188381077 3.999999997019768
    endloop
  endfacet
  facet normal 0.903989293123444 0.4275550934302809 -4.132832967603069e-18
    outer loop
      vertex 7.339018616671262 5.1049999967217445 -2.9802320611338473e-9
      vertex 7.149832703495645 5.505000002682209 0.4000000029802324
      vertex 7.149832703495645 5.505000002682209 3.4000000029802324
    endloop
  endfacet
  facet normal 0.9700312531945429 0.24298017990326862 -1.312096919383162e-15
    outer loop
      vertex 7.978284028786507 3.483416127053548 3.999999997019768
      vertex 8.049276072921344 3.2 3.999999997019768
      vertex 8.224616945055256 2.5 0
    endloop
  endfacet
  facet normal 0.9039892931234439 0.427555093430281 -1.5468482415118813e-16
    outer loop
      vertex 7.58155439013544 4.592201188381077 -2.9802320611338473e-9
      vertex 7.149832703495645 5.505000002682209 3.4000000029802324
      vertex 7.433611569735208 4.905000001192093 3.999999997019768
    endloop
  endfacet
  facet normal 0.9415440651830204 0.3368898533922211 0
    outer loop
      vertex 7.978284028786507 3.483416127053548 -2.9802320611338473e-9
      vertex 7.58155439013544 4.592201188381077 3.999999997019768
      vertex 7.978284028786507 3.483416127053548 3.999999997019768
    endloop
  endfacet
  facet normal 0.9039892931234447 0.4275550934302792 0
    outer loop
      vertex 7.58155439013544 4.592201188381077 -2.9802320611338473e-9
      vertex 7.433611569735208 4.905000001192093 3.999999997019768
      vertex 7.58155439013544 4.592201188381077 3.999999997019768
    endloop
  endfacet
  facet normal 0.9700312531945445 0.24298017990326146 -2.0313330984546361e-19
    outer loop
      vertex 8.224616945055256 2.5 0
      vertex 8.049276072921344 3.2 3.999999997019768
      vertex 8.049276072921344 3.2 8.2
    endloop
  endfacet
  facet normal 0.9700312531945445 -0.24298017990326148 0
    outer loop
      vertex 8.049276072921344 -3.2 3.999999997019768
      vertex 8.224616945055256 -2.5 8.2
      vertex 8.049276072921344 -3.2 8.2
    endloop
  endfacet
  facet normal 0.9700312531945445 0.24298017990326146 0
    outer loop
      vertex 8.224616945055256 2.5 0
      vertex 8.049276072921344 3.2 8.2
      vertex 8.224616945055256 2.5 8.2
    endloop
  endfacet
  facet normal 0.903989293123444 -0.4275550934302809 0
    outer loop
      vertex 7.149832703495645 12.494999997317791 0.4000000029802324
      vertex 7.339018616671262 12.895000003278255 -2.9802320611338473e-9
      vertex 7.149832703495645 12.494999997317791 3.4000000029802324
    endloop
  endfacet
  facet normal 0.9700312531945211 -0.24298017990325843 2.1673697502941217e-7
    outer loop
      vertex 7.978284028786507 14.516583872946452 -2.9802320611338473e-9
      vertex 8.264423364838766 15.65891613580646 -2.9802320611338473e-9
      vertex 8.224616945055256 15.5 0
    endloop
  endfacet
  facet normal 0.970031253194543 -0.2429801799032679 7.02771541980318e-10
    outer loop
      vertex 8.224616945055256 15.5 0
      vertex 8.264423364838766 15.65891613580646 -2.9802320611338473e-9
      vertex 8.264423364838766 15.65891613580646 0
    endloop
  endfacet
  facet normal 0.989176509964781 -0.1467304744553616 0
    outer loop
      vertex 8.264423364838766 15.65891613580646 -2.9802320611338473e-9
      vertex 8.437216720066363 16.823794316045273 -2.9802320611338473e-9
      vertex 8.264423364838766 15.65891613580646 0
    endloop
  endfacet
  facet normal 0.9039892931234443 -0.42755509343028003 -7.361006089408148e-17
    outer loop
      vertex 7.339018616671262 12.895000003278255 -2.9802320611338473e-9
      vertex 7.58155439013544 13.407798811618923 -2.9802320611338473e-9
      vertex 7.433611569735208 13.094999998807907 3.999999997019768
    endloop
  endfacet
  facet normal 0.9415440651830204 -0.3368898533922211 5.4171652836336135e-18
    outer loop
      vertex 7.58155439013544 13.407798811618923 -2.9802320611338473e-9
      vertex 7.978284028786507 14.516583872946452 -2.9802320611338473e-9
      vertex 7.978284028786507 14.516583872946452 3.999999997019768
    endloop
  endfacet
  facet normal 0.9039892931234439 -0.42755509343028103 -1.4219030268214522e-17
    outer loop
      vertex 7.339018616671262 12.895000003278255 -2.9802320611338473e-9
      vertex 7.433611569735208 13.094999998807907 3.999999997019768
      vertex 7.149832703495645 12.494999997317791 3.4000000029802324
    endloop
  endfacet
  facet normal 0.9039892931234447 -0.4275550934302792 0
    outer loop
      vertex 7.58155439013544 13.407798811618923 -2.9802320611338473e-9
      vertex 7.58155439013544 13.407798811618923 3.999999997019768
      vertex 7.433611569735208 13.094999998807907 3.999999997019768
    endloop
  endfacet
  facet normal 0.9415440651830204 -0.3368898533922211 0
    outer loop
      vertex 7.58155439013544 13.407798811618923 -2.9802320611338473e-9
      vertex 7.978284028786507 14.516583872946452 3.999999997019768
      vertex 7.58155439013544 13.407798811618923 3.999999997019768
    endloop
  endfacet
  facet normal 0.9700312531945431 -0.24298017990326787 0
    outer loop
      vertex 7.978284028786507 14.516583872946452 -2.9802320611338473e-9
      vertex 8.049276072921344 14.8 3.999999997019768
      vertex 7.978284028786507 14.516583872946452 3.999999997019768
    endloop
  endfacet
  facet normal 0.9700312531945442 -0.2429801799032636 -1.0160791303904167e-18
    outer loop
      vertex 7.978284028786507 14.516583872946452 -2.9802320611338473e-9
      vertex 8.224616945055256 15.5 0
      vertex 8.224616945055256 15.5 8.2
    endloop
  endfacet
  facet normal 0.9700312531945456 -0.2429801799032573 -7.911313016303378e-16
    outer loop
      vertex 7.978284028786507 14.516583872946452 -2.9802320611338473e-9
      vertex 8.224616945055256 15.5 8.2
      vertex 8.049276072921344 14.8 3.999999997019768
    endloop
  endfacet
  facet normal 0.989176509964781 -0.1467304744553616 1.812413876092111e-9
    outer loop
      vertex 8.264423364838766 15.65891613580646 0
      vertex 8.437216720066363 16.823794316045273 -2.9802320611338473e-9
      vertex 8.437216720066363 16.823794316045273 0
    endloop
  endfacet
  facet normal 0.9987954562051724 -0.04906767432741834 0
    outer loop
      vertex 8.437216720066363 16.823794316045273 -2.9802320611338473e-9
      vertex 8.495000000000001 18 -2.9802320611338473e-9
      vertex 8.437216720066363 16.823794316045273 0
    endloop
  endfacet
  facet normal 0.9987954562051724 -0.04906767432741834 -1.104121764629948e-9
    outer loop
      vertex 8.437216720066363 16.823794316045273 0
      vertex 8.495000000000001 18 -2.9802320611338473e-9
      vertex 8.495000000000001 18 0
    endloop
  endfacet
  facet normal 0.9987954562051724 0.04906767432741834 0
    outer loop
      vertex 8.495000000000001 18 -2.9802320611338473e-9
      vertex 8.437216720066363 19.176205683954727 -2.9802320611338473e-9
      vertex 8.495000000000001 18 0
    endloop
  endfacet
  facet normal 0.9987954562051724 0.04906767432741834 1.104121764629948e-9
    outer loop
      vertex 8.495000000000001 18 0
      vertex 8.437216720066363 19.176205683954727 -2.9802320611338473e-9
      vertex 8.437216720066363 19.176205683954727 0
    endloop
  endfacet
  facet normal 0.989176509964781 0.1467304744553616 0
    outer loop
      vertex 8.437216720066363 19.176205683954727 -2.9802320611338473e-9
      vertex 8.264423364838766 20.34108386419354 -2.9802320611338473e-9
      vertex 8.437216720066363 19.176205683954727 0
    endloop
  endfacet
  facet normal 0.989176509964781 0.1467304744553616 -1.812413876092111e-9
    outer loop
      vertex 8.437216720066363 19.176205683954727 0
      vertex 8.264423364838766 20.34108386419354 -2.9802320611338473e-9
      vertex 8.264423364838766 20.34108386419354 0
    endloop
  endfacet
  facet normal 0.970031253194543 0.2429801799032679 0
    outer loop
      vertex 8.264423364838766 20.34108386419354 -2.9802320611338473e-9
      vertex 8.224616945055256 20.5 0
      vertex 8.264423364838766 20.34108386419354 0
    endloop
  endfacet
  facet normal 0.9700312531945208 0.24298017990325835 2.1821717213323293e-7
    outer loop
      vertex 7.978284028786507 21.483416127053548 -2.9802320611338473e-9
      vertex 8.224616945055256 20.5 0
      vertex 8.264423364838766 20.34108386419354 -2.9802320611338473e-9
    endloop
  endfacet
  facet normal 0.9700312531945441 0.24298017990326354 0
    outer loop
      vertex 7.978284028786507 21.483416127053548 -2.9802320611338473e-9
      vertex 7.978284028786507 21.483416127053548 3.999999997019768
      vertex 8.224616945055256 20.5 0
    endloop
  endfacet
  facet normal 0.9039892931234449 0.4275550934302788 3.003996627956217e-16
    outer loop
      vertex 7.339018616671262 23.104999996721745 -2.9802320611338473e-9
      vertex 7.149832703495645 23.50500000268221 3.4000000029802324
      vertex 7.58155439013544 22.592201188381075 -2.9802320611338473e-9
    endloop
  endfacet
  facet normal 0.903989293123444 0.4275550934302809 -4.132832967603069e-18
    outer loop
      vertex 7.339018616671262 23.104999996721745 -2.9802320611338473e-9
      vertex 7.149832703495645 23.50500000268221 0.4000000029802324
      vertex 7.149832703495645 23.50500000268221 3.4000000029802324
    endloop
  endfacet
  facet normal 0.9415440651830203 0.33688985339222166 2.7772130173158978e-18
    outer loop
      vertex 7.978284028786507 21.483416127053548 -2.9802320611338473e-9
      vertex 7.58155439013544 22.592201188381075 -2.9802320611338473e-9
      vertex 7.58155439013544 22.592201188381075 3.999999997019768
    endloop
  endfacet
  facet normal 0.970031253194543 0.24298017990326787 -1.133976922533059e-15
    outer loop
      vertex 7.978284028786507 21.483416127053548 3.999999997019768
      vertex 8.049276072921344 21.2 3.999999997019768
      vertex 8.224616945055256 20.5 0
    endloop
  endfacet
  facet normal 0.9415440651830203 0.33688985339222166 0
    outer loop
      vertex 7.978284028786507 21.483416127053548 -2.9802320611338473e-9
      vertex 7.58155439013544 22.592201188381075 3.999999997019768
      vertex 7.978284028786507 21.483416127053548 3.999999997019768
    endloop
  endfacet
  facet normal 0.903989293123444 0.42755509343028075 -3.35327480536372e-16
    outer loop
      vertex 7.58155439013544 22.592201188381075 -2.9802320611338473e-9
      vertex 7.149832703495645 23.50500000268221 3.4000000029802324
      vertex 7.433611569735208 22.905000001192093 3.999999997019768
    endloop
  endfacet
  facet normal 0.9039892931234457 0.4275550934302772 0
    outer loop
      vertex 7.58155439013544 22.592201188381075 -2.9802320611338473e-9
      vertex 7.433611569735208 22.905000001192093 3.999999997019768
      vertex 7.58155439013544 22.592201188381075 3.999999997019768
    endloop
  endfacet
  facet normal 0.9700312531945445 0.24298017990326176 8.125332393818555e-19
    outer loop
      vertex 8.224616945055256 20.5 0
      vertex 8.049276072921344 21.2 3.999999997019768
      vertex 8.049276072921344 21.2 8.2
    endloop
  endfacet
  facet normal 0.9700312531945445 -0.24298017990326182 0
    outer loop
      vertex 8.049276072921344 14.8 3.999999997019768
      vertex 8.224616945055256 15.5 8.2
      vertex 8.049276072921344 14.8 8.2
    endloop
  endfacet
  facet normal 0.9700312531945446 0.2429801799032618 0
    outer loop
      vertex 8.224616945055256 20.5 0
      vertex 8.049276072921344 21.2 8.2
      vertex 8.224616945055256 20.5 8.2
    endloop
  endfacet
  facet normal 0 0 -1
    outer loop
      vertex 8.224616945055256 -2.5 0
      vertex 8.264423364838766 -2.341083864193539 0
      vertex 10.695 -2.5 0
    endloop
  endfacet
  facet normal 0 0 -1
    outer loop
      vertex 8.264423364838766 -2.341083864193539 0
      vertex 8.437216720066363 -1.1762056839547272 0
      vertex 10.695 -2.5 0
    endloop
  endfacet
  facet normal 0 0 -1
    outer loop
      vertex 8.437216720066363 -1.1762056839547272 0
      vertex 10.391891108675445 -0.175 0
      vertex 10.52 -0.3031088913245535 0
    endloop
  endfacet
  facet normal 0 0 -1
    outer loop
      vertex 8.437216720066363 -1.1762056839547272 0
      vertex 10.344999999999999 0 0
      vertex 10.391891108675445 -0.175 0
    endloop
  endfacet
  facet normal 0 0 -1
    outer loop
      vertex 8.437216720066363 -1.1762056839547272 0
      vertex 10.391891108675445 0.175 0
      vertex 10.344999999999999 0 0
    endloop
  endfacet
  facet normal 0 0 -1
    outer loop
      vertex 8.437216720066363 -1.1762056839547272 0
      vertex 10.52 0.3031088913245535 0
      vertex 10.391891108675445 0.175 0
    endloop
  endfacet
  facet normal 0 0 -1
    outer loop
      vertex 8.437216720066363 -1.1762056839547272 0
      vertex 8.495000000000001 0 0
      vertex 10.695 2.5 0
    endloop
  endfacet
  facet normal 0 0 -1
    outer loop
      vertex 8.495000000000001 0 0
      vertex 8.437216720066363 1.1762056839547272 0
      vertex 10.695 2.5 0
    endloop
  endfacet
  facet normal 0 0 -1
    outer loop
      vertex 8.437216720066363 -1.1762056839547272 0
      vertex 10.695 -0.35 0
      vertex 10.695 -2.5 0
    endloop
  endfacet
  facet normal 0 0 -1
    outer loop
      vertex 8.437216720066363 -1.1762056839547272 0
      vertex 10.52 -0.3031088913245535 0
      vertex 10.695 -0.35 0
    endloop
  endfacet
  facet normal 0 0 -1
    outer loop
      vertex 8.437216720066363 -1.1762056839547272 0
      vertex 10.695 2.5 0
      vertex 10.52 0.3031088913245535 0
    endloop
  endfacet
  facet normal 0 0 -1
    outer loop
      vertex 10.695 2.5 0
      vertex 10.695 0.35 0
      vertex 10.52 0.3031088913245535 0
    endloop
  endfacet
  facet normal 0 -1 0
    outer loop
      vertex 8.224616945055256 -2.5 0
      vertex 10.695 -2.5 0
      vertex 8.224616945055256 -2.5 8.2
    endloop
  endfacet
  facet normal 1 0 0
    outer loop
      vertex 10.695 -2.5 0
      vertex 10.695 -0.35 0
      vertex 10.695 -0.35 8.2
    endloop
  endfacet
  facet normal 0 0 -1
    outer loop
      vertex 8.437216720066363 1.1762056839547272 0
      vertex 8.264423364838766 2.341083864193539 0
      vertex 10.695 2.5 0
    endloop
  endfacet
  facet normal 0 0 -1
    outer loop
      vertex 8.264423364838766 2.341083864193539 0
      vertex 8.224616945055256 2.5 0
      vertex 10.695 2.5 0
    endloop
  endfacet
  facet normal 1 0 0
    outer loop
      vertex 10.695 2.5 0
      vertex 10.695 2.5 8.2
      vertex 10.695 0.35 0
    endloop
  endfacet
  facet normal 0 1 0
    outer loop
      vertex 8.224616945055256 2.5 0
      vertex 10.695 2.5 8.2
      vertex 10.695 2.5 0
    endloop
  endfacet
  facet normal 0 -1 0
    outer loop
      vertex 10.695 -2.5 0
      vertex 10.695 -2.5 8.2
      vertex 8.224616945055256 -2.5 8.2
    endloop
  endfacet
  facet normal 1 0 0
    outer loop
      vertex 10.695 -2.5 0
      vertex 10.695 -0.35 8.2
      vertex 10.695 -2.5 8.2
    endloop
  endfacet
  facet normal 1 0 0
    outer loop
      vertex 10.695 2.5 8.2
      vertex 10.695 0.35 8.2
      vertex 10.695 0.35 0
    endloop
  endfacet
  facet normal 0 0 1
    outer loop
      vertex 7.495 -2.4771237531875503 8.2
      vertex 8.224616945055256 -2.5 8.2
      vertex 7.495 0.640788748260802 8.2
    endloop
  endfacet
  facet normal 0 0 1
    outer loop
      vertex 8.224616945055256 -2.5 8.2
      vertex 10.695 -2.5 8.2
      vertex 7.495 0.640788748260802 8.2
    endloop
  endfacet
  facet normal 0 0 1
    outer loop
      vertex 10.695 -2.5 8.2
      vertex 8.308531611954137 1.2288568563216606 8.2
      vertex 7.495 0.640788748260802 8.2
    endloop
  endfacet
  facet normal 0 0 1
    outer loop
      vertex 8.308531611954137 1.2288568563216606 8.2
      vertex 10.52 -0.3031088913245535 8.2
      vertex 10.391891108675445 -0.175 8.2
    endloop
  endfacet
  facet normal 0 0 1
    outer loop
      vertex 8.308531611954137 1.2288568563216606 8.2
      vertex 10.391891108675445 -0.175 8.2
      vertex 10.344999999999999 0 8.2
    endloop
  endfacet
  facet normal 0 0 1
    outer loop
      vertex 8.308531611954137 1.2288568563216606 8.2
      vertex 10.344999999999999 0 8.2
      vertex 10.391891108675445 0.175 8.2
    endloop
  endfacet
  facet normal 0 0 1
    outer loop
      vertex 8.308531611954137 1.2288568563216606 8.2
      vertex 10.391891108675445 0.175 8.2
      vertex 10.52 0.3031088913245535 8.2
    endloop
  endfacet
  facet normal 0 0 1
    outer loop
      vertex 10.695 -2.5 8.2
      vertex 10.695 -0.35 8.2
      vertex 10.52 -0.3031088913245535 8.2
    endloop
  endfacet
  facet normal 0 0 1
    outer loop
      vertex 10.695 -2.5 8.2
      vertex 10.52 -0.3031088913245535 8.2
      vertex 8.308531611954137 1.2288568563216606 8.2
    endloop
  endfacet
  facet normal 0 0 1
    outer loop
      vertex 8.308531611954137 1.2288568563216606 8.2
      vertex 10.52 0.3031088913245535 8.2
      vertex 10.695 0.35 8.2
    endloop
  endfacet
  facet normal 0 0 1
    outer loop
      vertex 8.308531611954137 1.2288568563216606 8.2
      vertex 10.695 0.35 8.2
      vertex 10.695 2.5 8.2
    endloop
  endfacet
  facet normal 0 1 0
    outer loop
      vertex 8.224616945055256 2.5 0
      vertex 8.224616945055256 2.5 8.2
      vertex 10.695 2.5 8.2
    endloop
  endfacet
  facet normal 0 0 1
    outer loop
      vertex 7.510558837537595 2.4756893163475078 8.2
      vertex 8.308531611954137 1.2288568563216606 8.2
      vertex 8.224616945055256 2.5 8.2
    endloop
  endfacet
  facet normal 0 0 1
    outer loop
      vertex 8.308531611954137 1.2288568563216606 8.2
      vertex 10.695 2.5 8.2
      vertex 8.224616945055256 2.5 8.2
    endloop
  endfacet
  facet normal 0 0 -1
    outer loop
      vertex 8.224616945055256 15.5 0
      vertex 8.264423364838766 15.65891613580646 0
      vertex 10.695 15.5 0
    endloop
  endfacet
  facet normal 0 0 -1
    outer loop
      vertex 8.264423364838766 15.65891613580646 0
      vertex 8.437216720066363 16.823794316045273 0
      vertex 10.695 15.5 0
    endloop
  endfacet
  facet normal 0 -1 0
    outer loop
      vertex 8.224616945055256 15.5 0
      vertex 10.695 15.5 0
      vertex 8.224616945055256 15.5 8.2
    endloop
  endfacet
  facet normal 0 0 -1
    outer loop
      vertex 8.437216720066363 16.823794316045273 0
      vertex 10.391891108675445 17.825 0
      vertex 10.52 17.696891108675448 0
    endloop
  endfacet
  facet normal 0 0 -1
    outer loop
      vertex 8.437216720066363 16.823794316045273 0
      vertex 10.344999999999999 18 0
      vertex 10.391891108675445 17.825 0
    endloop
  endfacet
  facet normal 0 0 -1
    outer loop
      vertex 8.437216720066363 16.823794316045273 0
      vertex 10.391891108675445 18.175 0
      vertex 10.344999999999999 18 0
    endloop
  endfacet
  facet normal 0 0 -1
    outer loop
      vertex 8.437216720066363 16.823794316045273 0
      vertex 10.52 18.303108891324552 0
      vertex 10.391891108675445 18.175 0
    endloop
  endfacet
  facet normal 0 0 -1
    outer loop
      vertex 8.437216720066363 16.823794316045273 0
      vertex 8.495000000000001 18 0
      vertex 10.695 20.5 0
    endloop
  endfacet
  facet normal 0 0 -1
    outer loop
      vertex 8.495000000000001 18 0
      vertex 8.437216720066363 19.176205683954727 0
      vertex 10.695 20.5 0
    endloop
  endfacet
  facet normal 0 0 -1
    outer loop
      vertex 8.437216720066363 19.176205683954727 0
      vertex 8.264423364838766 20.34108386419354 0
      vertex 10.695 20.5 0
    endloop
  endfacet
  facet normal 0 0 -1
    outer loop
      vertex 8.264423364838766 20.34108386419354 0
      vertex 8.224616945055256 20.5 0
      vertex 10.695 20.5 0
    endloop
  endfacet
  facet normal 0 0 -1
    outer loop
      vertex 8.437216720066363 16.823794316045273 0
      vertex 10.695 17.65 0
      vertex 10.695 15.5 0
    endloop
  endfacet
  facet normal 0 0 -1
    outer loop
      vertex 8.437216720066363 16.823794316045273 0
      vertex 10.52 17.696891108675448 0
      vertex 10.695 17.65 0
    endloop
  endfacet
  facet normal 0 0 -1
    outer loop
      vertex 8.437216720066363 16.823794316045273 0
      vertex 10.695 20.5 0
      vertex 10.52 18.303108891324552 0
    endloop
  endfacet
  facet normal 0 0 -1
    outer loop
      vertex 10.695 20.5 0
      vertex 10.695 18.35 0
      vertex 10.52 18.303108891324552 0
    endloop
  endfacet
  facet normal 1 0 0
    outer loop
      vertex 10.695 15.5 0
      vertex 10.695 17.65 0
      vertex 10.695 17.65 8.2
    endloop
  endfacet
  facet normal 1 0 0
    outer loop
      vertex 10.695 20.5 0
      vertex 10.695 20.5 8.2
      vertex 10.695 18.35 0
    endloop
  endfacet
  facet normal 0 1 0
    outer loop
      vertex 8.224616945055256 20.5 0
      vertex 10.695 20.5 8.2
      vertex 10.695 20.5 0
    endloop
  endfacet
  facet normal 0 -1 0
    outer loop
      vertex 10.695 15.5 0
      vertex 10.695 15.5 8.2
      vertex 8.224616945055256 15.5 8.2
    endloop
  endfacet
  facet normal 1 0 0
    outer loop
      vertex 10.695 15.5 0
      vertex 10.695 17.65 8.2
      vertex 10.695 15.5 8.2
    endloop
  endfacet
  facet normal 0 1 0
    outer loop
      vertex 8.224616945055256 20.5 0
      vertex 8.224616945055256 20.5 8.2
      vertex 10.695 20.5 8.2
    endloop
  endfacet
  facet normal 1 0 0
    outer loop
      vertex 10.695 20.5 8.2
      vertex 10.695 18.35 8.2
      vertex 10.695 18.35 0
    endloop
  endfacet
  facet normal 0 0 1
    outer loop
      vertex 7.495 15.52287624681245 8.2
      vertex 8.224616945055256 15.5 8.2
      vertex 7.495 18.640788748260803 8.2
    endloop
  endfacet
  facet normal 0 0 1
    outer loop
      vertex 8.224616945055256 15.5 8.2
      vertex 10.695 15.5 8.2
      vertex 7.495 18.640788748260803 8.2
    endloop
  endfacet
  facet normal 0 0 1
    outer loop
      vertex 10.695 15.5 8.2
      vertex 8.308531611954137 19.22885685632166 8.2
      vertex 7.495 18.640788748260803 8.2
    endloop
  endfacet
  facet normal 0 0 1
    outer loop
      vertex 8.308531611954137 19.22885685632166 8.2
      vertex 10.52 17.696891108675448 8.2
      vertex 10.391891108675445 17.825 8.2
    endloop
  endfacet
  facet normal 0 0 1
    outer loop
      vertex 8.308531611954137 19.22885685632166 8.2
      vertex 10.391891108675445 17.825 8.2
      vertex 10.344999999999999 18 8.2
    endloop
  endfacet
  facet normal 0 0 1
    outer loop
      vertex 8.308531611954137 19.22885685632166 8.2
      vertex 10.344999999999999 18 8.2
      vertex 10.391891108675445 18.175 8.2
    endloop
  endfacet
  facet normal 0 0 1
    outer loop
      vertex 8.308531611954137 19.22885685632166 8.2
      vertex 10.391891108675445 18.175 8.2
      vertex 10.52 18.303108891324552 8.2
    endloop
  endfacet
  facet normal 0 0 1
    outer loop
      vertex 7.510558837537595 20.47568931634751 8.2
      vertex 8.308531611954137 19.22885685632166 8.2
      vertex 8.224616945055256 20.5 8.2
    endloop
  endfacet
  facet normal 0 0 1
    outer loop
      vertex 8.308531611954137 19.22885685632166 8.2
      vertex 10.695 20.5 8.2
      vertex 8.224616945055256 20.5 8.2
    endloop
  endfacet
  facet normal 0 0 1
    outer loop
      vertex 10.695 15.5 8.2
      vertex 10.695 17.65 8.2
      vertex 10.52 17.696891108675448 8.2
    endloop
  endfacet
  facet normal 0 0 1
    outer loop
      vertex 10.695 15.5 8.2
      vertex 10.52 17.696891108675448 8.2
      vertex 8.308531611954137 19.22885685632166 8.2
    endloop
  endfacet
  facet normal 0 0 1
    outer loop
      vertex 8.308531611954137 19.22885685632166 8.2
      vertex 10.52 18.303108891324552 8.2
      vertex 10.695 18.35 8.2
    endloop
  endfacet
  facet normal 0 0 1
    outer loop
      vertex 8.308531611954137 19.22885685632166 8.2
      vertex 10.695 18.35 8.2
      vertex 10.695 20.5 8.2
    endloop
  endfacet
  facet normal 0.608761429008719 0.7933533402912365 8.96264417005329e-20
    outer loop
      vertex 5.820000000000001 -0.8227241335952167 -2.9802320611338473e-9
      vertex 5.62324855787278 -0.6717514421272202 -2.9802320611338473e-9
      vertex 5.62324855787278 -0.6717514421272202 8.2
    endloop
  endfacet
  facet normal 0.38268343236509056 0.9238795325112863 0
    outer loop
      vertex 5.820000000000001 -0.8227241335952167 -2.9802320611338473e-9
      vertex 5.820000000000001 -0.8227241335952167 8.2
      vertex 6.049121907152606 -0.9176295349746149 -2.9802320611338473e-9
    endloop
  endfacet
  facet normal 0.13052619222005135 0.9914448613738105 0
    outer loop
      vertex 6.049121907152606 -0.9176295349746149 -2.9802320611338473e-9
      vertex 6.049121907152606 -0.9176295349746149 8.2
      vertex 6.295000000000001 -0.95 -2.9802320611338473e-9
    endloop
  endfacet
  facet normal 0.7933533402912378 0.6087614290087171 7.216148253023633e-19
    outer loop
      vertex 5.62324855787278 -0.6717514421272202 -2.9802320611338473e-9
      vertex 5.472275866404785 -0.475 -2.9802320611338473e-9
      vertex 5.472275866404785 -0.475 8.2
    endloop
  endfacet
  facet normal 0.9238795325112845 0.38268343236509517 5.117714662393208e-19
    outer loop
      vertex 5.472275866404785 -0.475 -2.9802320611338473e-9
      vertex 5.377370465025385 -0.2458780928473947 -2.9802320611338473e-9
      vertex 5.377370465025385 -0.2458780928473947 8.2
    endloop
  endfacet
  facet normal -0.13052619222005135 0.9914448613738105 0
    outer loop
      vertex 6.295000000000001 -0.95 -2.9802320611338473e-9
      vertex 6.295000000000001 -0.95 8.2
      vertex 6.540878092847396 -0.9176295349746149 -2.9802320611338473e-9
    endloop
  endfacet
  facet normal -0.38268343236509056 0.9238795325112863 0
    outer loop
      vertex 6.540878092847396 -0.9176295349746149 -2.9802320611338473e-9
      vertex 6.540878092847396 -0.9176295349746149 8.2
      vertex 6.7700000000000005 -0.8227241335952167 -2.9802320611338473e-9
    endloop
  endfacet
  facet normal -0.608761429008719 0.7933533402912365 0
    outer loop
      vertex 6.7700000000000005 -0.8227241335952167 -2.9802320611338473e-9
      vertex 6.7700000000000005 -0.8227241335952167 8.2
      vertex 6.966751442127221 -0.6717514421272202 -2.9802320611338473e-9
    endloop
  endfacet
  facet normal -0.7933533402912378 0.6087614290087171 0
    outer loop
      vertex 6.966751442127221 -0.6717514421272202 -2.9802320611338473e-9
      vertex 6.966751442127221 -0.6717514421272202 8.2
      vertex 7.117724133595217 -0.475 -2.9802320611338473e-9
    endloop
  endfacet
  facet normal -0.9238795325112845 0.38268343236509517 -5.117714662393208e-19
    outer loop
      vertex 7.212629534974616 -0.2458780928473947 -2.9802320611338473e-9
      vertex 7.117724133595217 -0.475 -2.9802320611338473e-9
      vertex 7.117724133595217 -0.475 8.2
    endloop
  endfacet
  facet normal 0.991444861373811 0.13052619222004622 3.0607904145640275e-20
    outer loop
      vertex 5.377370465025385 -0.2458780928473947 -2.9802320611338473e-9
      vertex 5.3450000000000015 0 -2.9802320611338473e-9
      vertex 5.3450000000000015 0 8.2
    endloop
  endfacet
  facet normal 0.991444861373811 -0.13052619222004622 -3.0607904145640275e-20
    outer loop
      vertex 5.3450000000000015 0 -2.9802320611338473e-9
      vertex 5.377370465025385 0.2458780928473947 -2.9802320611338473e-9
      vertex 5.377370465025385 0.2458780928473947 8.2
    endloop
  endfacet
  facet normal 0.9238795325112845 -0.38268343236509517 -5.117714662393208e-19
    outer loop
      vertex 5.377370465025385 0.2458780928473947 -2.9802320611338473e-9
      vertex 5.472275866404785 0.475 -2.9802320611338473e-9
      vertex 5.472275866404785 0.475 8.2
    endloop
  endfacet
  facet normal 0.7933533402912378 -0.6087614290087171 -7.216148253023633e-19
    outer loop
      vertex 5.472275866404785 0.475 -2.9802320611338473e-9
      vertex 5.62324855787278 0.6717514421272202 -2.9802320611338473e-9
      vertex 5.62324855787278 0.6717514421272202 8.2
    endloop
  endfacet
  facet normal -0.991444861373811 0.13052619222004622 0
    outer loop
      vertex 7.212629534974616 -0.2458780928473947 -2.9802320611338473e-9
      vertex 7.212629534974616 -0.2458780928473947 8.2
      vertex 7.245 0 -2.9802320611338473e-9
    endloop
  endfacet
  facet normal -0.991444861373811 -0.13052619222004622 0
    outer loop
      vertex 7.245 0 -2.9802320611338473e-9
      vertex 7.245 0 8.2
      vertex 7.212629534974616 0.2458780928473947 -2.9802320611338473e-9
    endloop
  endfacet
  facet normal -0.9238795325112845 -0.38268343236509517 0
    outer loop
      vertex 7.212629534974616 0.2458780928473947 8.2
      vertex 7.117724133595217 0.475 -2.9802320611338473e-9
      vertex 7.212629534974616 0.2458780928473947 -2.9802320611338473e-9
    endloop
  endfacet
  facet normal -0.7933533402912378 -0.6087614290087171 0
    outer loop
      vertex 7.117724133595217 0.475 8.2
      vertex 6.966751442127221 0.6717514421272202 -2.9802320611338473e-9
      vertex 7.117724133595217 0.475 -2.9802320611338473e-9
    endloop
  endfacet
  facet normal 0.608761429008719 -0.7933533402912365 0
    outer loop
      vertex 5.820000000000001 0.8227241335952167 8.2
      vertex 5.62324855787278 0.6717514421272202 -2.9802320611338473e-9
      vertex 5.820000000000001 0.8227241335952167 -2.9802320611338473e-9
    endloop
  endfacet
  facet normal 0.38268343236509056 -0.9238795325112863 0
    outer loop
      vertex 6.049121907152606 0.9176295349746149 8.2
      vertex 5.820000000000001 0.8227241335952167 -2.9802320611338473e-9
      vertex 6.049121907152606 0.9176295349746149 -2.9802320611338473e-9
    endloop
  endfacet
  facet normal -0.38268343236509056 -0.9238795325112863 0
    outer loop
      vertex 6.7700000000000005 0.8227241335952167 8.2
      vertex 6.540878092847396 0.9176295349746149 -2.9802320611338473e-9
      vertex 6.7700000000000005 0.8227241335952167 -2.9802320611338473e-9
    endloop
  endfacet
  facet normal 0.13052619222005135 -0.9914448613738105 0
    outer loop
      vertex 6.295000000000001 0.95 8.2
      vertex 6.049121907152606 0.9176295349746149 -2.9802320611338473e-9
      vertex 6.295000000000001 0.95 -2.9802320611338473e-9
    endloop
  endfacet
  facet normal -0.13052619222005135 -0.9914448613738105 0
    outer loop
      vertex 6.540878092847396 0.9176295349746149 8.2
      vertex 6.295000000000001 0.95 -2.9802320611338473e-9
      vertex 6.540878092847396 0.9176295349746149 -2.9802320611338473e-9
    endloop
  endfacet
  facet normal -0.608761429008719 -0.7933533402912365 0
    outer loop
      vertex 6.966751442127221 0.6717514421272202 8.2
      vertex 6.7700000000000005 0.8227241335952167 -2.9802320611338473e-9
      vertex 6.966751442127221 0.6717514421272202 -2.9802320611338473e-9
    endloop
  endfacet
  facet normal 0.608761429008719 0.7933533402912365 0
    outer loop
      vertex 5.820000000000001 -0.8227241335952167 -2.9802320611338473e-9
      vertex 5.62324855787278 -0.6717514421272202 8.2
      vertex 5.820000000000001 -0.8227241335952167 8.2
    endloop
  endfacet
  facet normal 0.38268343236509056 0.9238795325112863 0
    outer loop
      vertex 6.049121907152606 -0.9176295349746149 -2.9802320611338473e-9
      vertex 5.820000000000001 -0.8227241335952167 8.2
      vertex 6.049121907152606 -0.9176295349746149 8.2
    endloop
  endfacet
  facet normal 0.9238795325112845 0.38268343236509517 0
    outer loop
      vertex 5.472275866404785 -0.475 -2.9802320611338473e-9
      vertex 5.377370465025385 -0.2458780928473947 8.2
      vertex 5.472275866404785 -0.475 8.2
    endloop
  endfacet
  facet normal 0.7933533402912378 0.6087614290087171 0
    outer loop
      vertex 5.62324855787278 -0.6717514421272202 -2.9802320611338473e-9
      vertex 5.472275866404785 -0.475 8.2
      vertex 5.62324855787278 -0.6717514421272202 8.2
    endloop
  endfacet
  facet normal 0.13052619222005135 0.9914448613738105 0
    outer loop
      vertex 6.295000000000001 -0.95 -2.9802320611338473e-9
      vertex 6.049121907152606 -0.9176295349746149 8.2
      vertex 6.295000000000001 -0.95 8.2
    endloop
  endfacet
  facet normal -0.13052619222005135 0.9914448613738105 0
    outer loop
      vertex 6.540878092847396 -0.9176295349746149 -2.9802320611338473e-9
      vertex 6.295000000000001 -0.95 8.2
      vertex 6.540878092847396 -0.9176295349746149 8.2
    endloop
  endfacet
  facet normal -0.38268343236509056 0.9238795325112863 0
    outer loop
      vertex 6.7700000000000005 -0.8227241335952167 -2.9802320611338473e-9
      vertex 6.540878092847396 -0.9176295349746149 8.2
      vertex 6.7700000000000005 -0.8227241335952167 8.2
    endloop
  endfacet
  facet normal -0.608761429008719 0.7933533402912365 0
    outer loop
      vertex 6.966751442127221 -0.6717514421272202 -2.9802320611338473e-9
      vertex 6.7700000000000005 -0.8227241335952167 8.2
      vertex 6.966751442127221 -0.6717514421272202 8.2
    endloop
  endfacet
  facet normal -0.7933533402912378 0.6087614290087171 0
    outer loop
      vertex 7.117724133595217 -0.475 -2.9802320611338473e-9
      vertex 6.966751442127221 -0.6717514421272202 8.2
      vertex 7.117724133595217 -0.475 8.2
    endloop
  endfacet
  facet normal -0.9238795325112845 0.38268343236509517 -5.117714662393208e-19
    outer loop
      vertex 7.117724133595217 -0.475 8.2
      vertex 7.212629534974616 -0.2458780928473947 8.2
      vertex 7.212629534974616 -0.2458780928473947 -2.9802320611338473e-9
    endloop
  endfacet
  facet normal 0.991444861373811 0.13052619222004622 0
    outer loop
      vertex 5.377370465025385 -0.2458780928473947 -2.9802320611338473e-9
      vertex 5.3450000000000015 0 8.2
      vertex 5.377370465025385 -0.2458780928473947 8.2
    endloop
  endfacet
  facet normal 0.991444861373811 -0.13052619222004622 0
    outer loop
      vertex 5.3450000000000015 0 -2.9802320611338473e-9
      vertex 5.377370465025385 0.2458780928473947 8.2
      vertex 5.3450000000000015 0 8.2
    endloop
  endfacet
  facet normal 0.9238795325112845 -0.38268343236509517 0
    outer loop
      vertex 5.377370465025385 0.2458780928473947 -2.9802320611338473e-9
      vertex 5.472275866404785 0.475 8.2
      vertex 5.377370465025385 0.2458780928473947 8.2
    endloop
  endfacet
  facet normal 0.7933533402912378 -0.6087614290087171 0
    outer loop
      vertex 5.472275866404785 0.475 -2.9802320611338473e-9
      vertex 5.62324855787278 0.6717514421272202 8.2
      vertex 5.472275866404785 0.475 8.2
    endloop
  endfacet
  facet normal -0.991444861373811 0.13052619222004622 -3.0607904145640275e-20
    outer loop
      vertex 7.212629534974616 -0.2458780928473947 8.2
      vertex 7.245 0 8.2
      vertex 7.245 0 -2.9802320611338473e-9
    endloop
  endfacet
  facet normal -0.991444861373811 -0.13052619222004622 3.0607904145640275e-20
    outer loop
      vertex 7.245 0 8.2
      vertex 7.212629534974616 0.2458780928473947 8.2
      vertex 7.212629534974616 0.2458780928473947 -2.9802320611338473e-9
    endloop
  endfacet
  facet normal -0.9238795325112845 -0.38268343236509517 5.117714662393208e-19
    outer loop
      vertex 7.212629534974616 0.2458780928473947 8.2
      vertex 7.117724133595217 0.475 8.2
      vertex 7.117724133595217 0.475 -2.9802320611338473e-9
    endloop
  endfacet
  facet normal -0.7933533402912378 -0.6087614290087171 7.216148253023633e-19
    outer loop
      vertex 7.117724133595217 0.475 8.2
      vertex 6.966751442127221 0.6717514421272202 8.2
      vertex 6.966751442127221 0.6717514421272202 -2.9802320611338473e-9
    endloop
  endfacet
  facet normal 0.608761429008719 -0.7933533402912365 0
    outer loop
      vertex 5.62324855787278 0.6717514421272202 -2.9802320611338473e-9
      vertex 5.820000000000001 0.8227241335952167 8.2
      vertex 5.62324855787278 0.6717514421272202 8.2
    endloop
  endfacet
  facet normal 0.38268343236509056 -0.9238795325112863 0
    outer loop
      vertex 5.820000000000001 0.8227241335952167 8.2
      vertex 5.820000000000001 0.8227241335952167 -2.9802320611338473e-9
      vertex 6.049121907152606 0.9176295349746149 8.2
    endloop
  endfacet
  facet normal 0.13052619222005135 -0.9914448613738105 0
    outer loop
      vertex 6.049121907152606 0.9176295349746149 8.2
      vertex 6.049121907152606 0.9176295349746149 -2.9802320611338473e-9
      vertex 6.295000000000001 0.95 8.2
    endloop
  endfacet
  facet normal -0.38268343236509056 -0.9238795325112863 0
    outer loop
      vertex 6.540878092847396 0.9176295349746149 8.2
      vertex 6.540878092847396 0.9176295349746149 -2.9802320611338473e-9
      vertex 6.7700000000000005 0.8227241335952167 8.2
    endloop
  endfacet
  facet normal -0.13052619222005135 -0.9914448613738105 0
    outer loop
      vertex 6.295000000000001 0.95 8.2
      vertex 6.295000000000001 0.95 -2.9802320611338473e-9
      vertex 6.540878092847396 0.9176295349746149 8.2
    endloop
  endfacet
  facet normal -0.608761429008719 -0.7933533402912365 0
    outer loop
      vertex 6.7700000000000005 0.8227241335952167 8.2
      vertex 6.7700000000000005 0.8227241335952167 -2.9802320611338473e-9
      vertex 6.966751442127221 0.6717514421272202 8.2
    endloop
  endfacet
  facet normal 0.13052619222004608 0.991444861373811 0
    outer loop
      vertex 6.049121907152606 17.082370465025384 -2.9802320611338473e-9
      vertex 6.049121907152606 17.082370465025384 8.2
      vertex 6.295000000000001 17.05 -2.9802320611338473e-9
    endloop
  endfacet
  facet normal 0.6087614290087157 0.793353340291239 -6.737451181679873e-19
    outer loop
      vertex 5.820000000000001 17.177275866404784 -2.9802320611338473e-9
      vertex 5.62324855787278 17.32824855787278 -2.9802320611338473e-9
      vertex 5.62324855787278 17.32824855787278 8.2
    endloop
  endfacet
  facet normal 0.38268343236509594 0.9238795325112841 0
    outer loop
      vertex 5.820000000000001 17.177275866404784 -2.9802320611338473e-9
      vertex 5.820000000000001 17.177275866404784 8.2
      vertex 6.049121907152606 17.082370465025384 -2.9802320611338473e-9
    endloop
  endfacet
  facet normal -0.13052619222004608 0.991444861373811 0
    outer loop
      vertex 6.295000000000001 17.05 -2.9802320611338473e-9
      vertex 6.295000000000001 17.05 8.2
      vertex 6.540878092847396 17.082370465025384 -2.9802320611338473e-9
    endloop
  endfacet
  facet normal -0.38268343236509594 0.9238795325112841 0
    outer loop
      vertex 6.540878092847396 17.082370465025384 -2.9802320611338473e-9
      vertex 6.540878092847396 17.082370465025384 8.2
      vertex 6.7700000000000005 17.177275866404784 -2.9802320611338473e-9
    endloop
  endfacet
  facet normal -0.6087614290087157 0.793353340291239 0
    outer loop
      vertex 6.7700000000000005 17.177275866404784 -2.9802320611338473e-9
      vertex 6.7700000000000005 17.177275866404784 8.2
      vertex 6.966751442127221 17.32824855787278 -2.9802320611338473e-9
    endloop
  endfacet
  facet normal 0.7933533402912363 0.608761429008719 -1.6530750512559626e-19
    outer loop
      vertex 5.62324855787278 17.32824855787278 -2.9802320611338473e-9
      vertex 5.472275866404785 17.525 -2.9802320611338473e-9
      vertex 5.472275866404785 17.525 8.2
    endloop
  endfacet
  facet normal 0.9238795325112852 0.38268343236509345 -1.8208665276807468e-19
    outer loop
      vertex 5.472275866404785 17.525 -2.9802320611338473e-9
      vertex 5.377370465025385 17.754121907152605 -2.9802320611338473e-9
      vertex 5.377370465025385 17.754121907152605 8.2
    endloop
  endfacet
  facet normal 0.991444861373811 0.13052619222004608 -9.1733485181805e-20
    outer loop
      vertex 5.377370465025385 17.754121907152605 -2.9802320611338473e-9
      vertex 5.3450000000000015 18 -2.9802320611338473e-9
      vertex 5.3450000000000015 18 8.2
    endloop
  endfacet
  facet normal 0.991444861373811 -0.13052619222004608 9.1733485181805e-20
    outer loop
      vertex 5.3450000000000015 18 -2.9802320611338473e-9
      vertex 5.377370465025385 18.245878092847395 -2.9802320611338473e-9
      vertex 5.377370465025385 18.245878092847395 8.2
    endloop
  endfacet
  facet normal -0.7933533402912363 0.608761429008719 0
    outer loop
      vertex 6.966751442127221 17.32824855787278 -2.9802320611338473e-9
      vertex 6.966751442127221 17.32824855787278 8.2
      vertex 7.117724133595217 17.525 -2.9802320611338473e-9
    endloop
  endfacet
  facet normal -0.9238795325112852 0.38268343236509345 1.8208665276807468e-19
    outer loop
      vertex 7.212629534974616 17.754121907152605 -2.9802320611338473e-9
      vertex 7.117724133595217 17.525 -2.9802320611338473e-9
      vertex 7.117724133595217 17.525 8.2
    endloop
  endfacet
  facet normal -0.991444861373811 0.13052619222004608 0
    outer loop
      vertex 7.212629534974616 17.754121907152605 -2.9802320611338473e-9
      vertex 7.212629534974616 17.754121907152605 8.2
      vertex 7.245 18 -2.9802320611338473e-9
    endloop
  endfacet
  facet normal -0.991444861373811 -0.13052619222004608 0
    outer loop
      vertex 7.245 18 -2.9802320611338473e-9
      vertex 7.245 18 8.2
      vertex 7.212629534974616 18.245878092847395 -2.9802320611338473e-9
    endloop
  endfacet
  facet normal 0.9238795325112852 -0.38268343236509345 1.8208665276807468e-19
    outer loop
      vertex 5.377370465025385 18.245878092847395 -2.9802320611338473e-9
      vertex 5.472275866404785 18.475 -2.9802320611338473e-9
      vertex 5.472275866404785 18.475 8.2
    endloop
  endfacet
  facet normal 0.7933533402912363 -0.608761429008719 1.6530750512559626e-19
    outer loop
      vertex 5.472275866404785 18.475 -2.9802320611338473e-9
      vertex 5.62324855787278 18.67175144212722 -2.9802320611338473e-9
      vertex 5.62324855787278 18.67175144212722 8.2
    endloop
  endfacet
  facet normal 0.6087614290087157 -0.793353340291239 0
    outer loop
      vertex 5.820000000000001 18.822724133595216 8.2
      vertex 5.62324855787278 18.67175144212722 -2.9802320611338473e-9
      vertex 5.820000000000001 18.822724133595216 -2.9802320611338473e-9
    endloop
  endfacet
  facet normal 0.38268343236509594 -0.9238795325112841 0
    outer loop
      vertex 6.049121907152606 18.917629534974616 8.2
      vertex 5.820000000000001 18.822724133595216 -2.9802320611338473e-9
      vertex 6.049121907152606 18.917629534974616 -2.9802320611338473e-9
    endloop
  endfacet
  facet normal -0.9238795325112852 -0.38268343236509345 0
    outer loop
      vertex 7.212629534974616 18.245878092847395 8.2
      vertex 7.117724133595217 18.475 -2.9802320611338473e-9
      vertex 7.212629534974616 18.245878092847395 -2.9802320611338473e-9
    endloop
  endfacet
  facet normal -0.7933533402912363 -0.608761429008719 0
    outer loop
      vertex 7.117724133595217 18.475 8.2
      vertex 6.966751442127221 18.67175144212722 -2.9802320611338473e-9
      vertex 7.117724133595217 18.475 -2.9802320611338473e-9
    endloop
  endfacet
  facet normal 0.13052619222004608 -0.991444861373811 0
    outer loop
      vertex 6.295000000000001 18.95 8.2
      vertex 6.049121907152606 18.917629534974616 -2.9802320611338473e-9
      vertex 6.295000000000001 18.95 -2.9802320611338473e-9
    endloop
  endfacet
  facet normal -0.13052619222004608 -0.991444861373811 0
    outer loop
      vertex 6.540878092847396 18.917629534974616 8.2
      vertex 6.295000000000001 18.95 -2.9802320611338473e-9
      vertex 6.540878092847396 18.917629534974616 -2.9802320611338473e-9
    endloop
  endfacet
  facet normal -0.38268343236509594 -0.9238795325112841 0
    outer loop
      vertex 6.7700000000000005 18.822724133595216 8.2
      vertex 6.540878092847396 18.917629534974616 -2.9802320611338473e-9
      vertex 6.7700000000000005 18.822724133595216 -2.9802320611338473e-9
    endloop
  endfacet
  facet normal -0.6087614290087157 -0.793353340291239 0
    outer loop
      vertex 6.966751442127221 18.67175144212722 8.2
      vertex 6.7700000000000005 18.822724133595216 -2.9802320611338473e-9
      vertex 6.966751442127221 18.67175144212722 -2.9802320611338473e-9
    endloop
  endfacet
  facet normal 0.6087614290087157 0.793353340291239 0
    outer loop
      vertex 5.820000000000001 17.177275866404784 -2.9802320611338473e-9
      vertex 5.62324855787278 17.32824855787278 8.2
      vertex 5.820000000000001 17.177275866404784 8.2
    endloop
  endfacet
  facet normal 0.38268343236509594 0.9238795325112841 0
    outer loop
      vertex 6.049121907152606 17.082370465025384 -2.9802320611338473e-9
      vertex 5.820000000000001 17.177275866404784 8.2
      vertex 6.049121907152606 17.082370465025384 8.2
    endloop
  endfacet
  facet normal 0.13052619222004608 0.991444861373811 0
    outer loop
      vertex 6.295000000000001 17.05 -2.9802320611338473e-9
      vertex 6.049121907152606 17.082370465025384 8.2
      vertex 6.295000000000001 17.05 8.2
    endloop
  endfacet
  facet normal -0.13052619222004608 0.991444861373811 0
    outer loop
      vertex 6.540878092847396 17.082370465025384 -2.9802320611338473e-9
      vertex 6.295000000000001 17.05 8.2
      vertex 6.540878092847396 17.082370465025384 8.2
    endloop
  endfacet
  facet normal -0.38268343236509594 0.9238795325112841 0
    outer loop
      vertex 6.7700000000000005 17.177275866404784 -2.9802320611338473e-9
      vertex 6.540878092847396 17.082370465025384 8.2
      vertex 6.7700000000000005 17.177275866404784 8.2
    endloop
  endfacet
  facet normal -0.6087614290087157 0.793353340291239 0
    outer loop
      vertex 6.966751442127221 17.32824855787278 -2.9802320611338473e-9
      vertex 6.7700000000000005 17.177275866404784 8.2
      vertex 6.966751442127221 17.32824855787278 8.2
    endloop
  endfacet
  facet normal 0.9238795325112852 0.38268343236509345 0
    outer loop
      vertex 5.472275866404785 17.525 -2.9802320611338473e-9
      vertex 5.377370465025385 17.754121907152605 8.2
      vertex 5.472275866404785 17.525 8.2
    endloop
  endfacet
  facet normal 0.7933533402912363 0.608761429008719 0
    outer loop
      vertex 5.62324855787278 17.32824855787278 -2.9802320611338473e-9
      vertex 5.472275866404785 17.525 8.2
      vertex 5.62324855787278 17.32824855787278 8.2
    endloop
  endfacet
  facet normal 0.991444861373811 0.13052619222004608 0
    outer loop
      vertex 5.377370465025385 17.754121907152605 -2.9802320611338473e-9
      vertex 5.3450000000000015 18 8.2
      vertex 5.377370465025385 17.754121907152605 8.2
    endloop
  endfacet
  facet normal 0.991444861373811 -0.13052619222004608 0
    outer loop
      vertex 5.3450000000000015 18 -2.9802320611338473e-9
      vertex 5.377370465025385 18.245878092847395 8.2
      vertex 5.3450000000000015 18 8.2
    endloop
  endfacet
  facet normal -0.7933533402912363 0.608761429008719 0
    outer loop
      vertex 7.117724133595217 17.525 -2.9802320611338473e-9
      vertex 6.966751442127221 17.32824855787278 8.2
      vertex 7.117724133595217 17.525 8.2
    endloop
  endfacet
  facet normal -0.9238795325112852 0.38268343236509345 1.8208665276807468e-19
    outer loop
      vertex 7.117724133595217 17.525 8.2
      vertex 7.212629534974616 17.754121907152605 8.2
      vertex 7.212629534974616 17.754121907152605 -2.9802320611338473e-9
    endloop
  endfacet
  facet normal -0.991444861373811 0.13052619222004608 9.1733485181805e-20
    outer loop
      vertex 7.212629534974616 17.754121907152605 8.2
      vertex 7.245 18 8.2
      vertex 7.245 18 -2.9802320611338473e-9
    endloop
  endfacet
  facet normal -0.991444861373811 -0.13052619222004608 -9.1733485181805e-20
    outer loop
      vertex 7.245 18 8.2
      vertex 7.212629534974616 18.245878092847395 8.2
      vertex 7.212629534974616 18.245878092847395 -2.9802320611338473e-9
    endloop
  endfacet
  facet normal 0.9238795325112852 -0.38268343236509345 0
    outer loop
      vertex 5.377370465025385 18.245878092847395 -2.9802320611338473e-9
      vertex 5.472275866404785 18.475 8.2
      vertex 5.377370465025385 18.245878092847395 8.2
    endloop
  endfacet
  facet normal 0.7933533402912363 -0.608761429008719 0
    outer loop
      vertex 5.472275866404785 18.475 -2.9802320611338473e-9
      vertex 5.62324855787278 18.67175144212722 8.2
      vertex 5.472275866404785 18.475 8.2
    endloop
  endfacet
  facet normal 0.6087614290087157 -0.793353340291239 0
    outer loop
      vertex 5.62324855787278 18.67175144212722 -2.9802320611338473e-9
      vertex 5.820000000000001 18.822724133595216 8.2
      vertex 5.62324855787278 18.67175144212722 8.2
    endloop
  endfacet
  facet normal 0.38268343236509594 -0.9238795325112841 0
    outer loop
      vertex 5.820000000000001 18.822724133595216 8.2
      vertex 5.820000000000001 18.822724133595216 -2.9802320611338473e-9
      vertex 6.049121907152606 18.917629534974616 8.2
    endloop
  endfacet
  facet normal 0.13052619222004608 -0.991444861373811 0
    outer loop
      vertex 6.049121907152606 18.917629534974616 8.2
      vertex 6.049121907152606 18.917629534974616 -2.9802320611338473e-9
      vertex 6.295000000000001 18.95 8.2
    endloop
  endfacet
  facet normal -0.9238795325112852 -0.38268343236509345 -1.8208665276807468e-19
    outer loop
      vertex 7.212629534974616 18.245878092847395 8.2
      vertex 7.117724133595217 18.475 8.2
      vertex 7.117724133595217 18.475 -2.9802320611338473e-9
    endloop
  endfacet
  facet normal -0.7933533402912363 -0.608761429008719 -1.6530750512559626e-19
    outer loop
      vertex 7.117724133595217 18.475 8.2
      vertex 6.966751442127221 18.67175144212722 8.2
      vertex 6.966751442127221 18.67175144212722 -2.9802320611338473e-9
    endloop
  endfacet
  facet normal -0.13052619222004608 -0.991444861373811 0
    outer loop
      vertex 6.295000000000001 18.95 8.2
      vertex 6.295000000000001 18.95 -2.9802320611338473e-9
      vertex 6.540878092847396 18.917629534974616 8.2
    endloop
  endfacet
  facet normal -0.38268343236509594 -0.9238795325112841 0
    outer loop
      vertex 6.540878092847396 18.917629534974616 8.2
      vertex 6.540878092847396 18.917629534974616 -2.9802320611338473e-9
      vertex 6.7700000000000005 18.822724133595216 8.2
    endloop
  endfacet
  facet normal -0.6087614290087157 -0.793353340291239 0
    outer loop
      vertex 6.7700000000000005 18.822724133595216 8.2
      vertex 6.7700000000000005 18.822724133595216 -2.9802320611338473e-9
      vertex 6.966751442127221 18.67175144212722 8.2
    endloop
  endfacet
  facet normal 0.2588190451025199 0.9659258262890685 0
    outer loop
      vertex 10.52 -0.3031088913245535 0
      vertex 10.52 -0.3031088913245535 8.2
      vertex 10.695 -0.35 0
    endloop
  endfacet
  facet normal 0.7071067811865442 0.7071067811865509 4.532373861704446e-19
    outer loop
      vertex 10.52 -0.3031088913245535 0
      vertex 10.391891108675445 -0.175 0
      vertex 10.391891108675445 -0.175 8.2
    endloop
  endfacet
  facet normal 0.965925826289069 0.2588190451025183 1.1688792265808957e-19
    outer loop
      vertex 10.391891108675445 -0.175 0
      vertex 10.344999999999999 0 0
      vertex 10.344999999999999 0 8.2
    endloop
  endfacet
  facet normal 0.965925826289069 -0.2588190451025183 -1.1688792265808957e-19
    outer loop
      vertex 10.344999999999999 0 0
      vertex 10.391891108675445 0.175 0
      vertex 10.391891108675445 0.175 8.2
    endloop
  endfacet
  facet normal 0.7071067811865442 -0.7071067811865509 0
    outer loop
      vertex 10.52 0.3031088913245535 0
      vertex 10.52 0.3031088913245535 8.2
      vertex 10.391891108675445 0.175 0
    endloop
  endfacet
  facet normal 0.2588190451025199 -0.9659258262890685 0
    outer loop
      vertex 10.695 0.35 0
      vertex 10.695 0.35 8.2
      vertex 10.52 0.3031088913245535 0
    endloop
  endfacet
  facet normal 0.7071067811865442 0.7071067811865509 0
    outer loop
      vertex 10.52 -0.3031088913245535 0
      vertex 10.391891108675445 -0.175 8.2
      vertex 10.52 -0.3031088913245535 8.2
    endloop
  endfacet
  facet normal 0.2588190451025199 0.9659258262890685 0
    outer loop
      vertex 10.695 -0.35 8.2
      vertex 10.695 -0.35 0
      vertex 10.52 -0.3031088913245535 8.2
    endloop
  endfacet
  facet normal 0.965925826289069 0.2588190451025183 0
    outer loop
      vertex 10.391891108675445 -0.175 0
      vertex 10.344999999999999 0 8.2
      vertex 10.391891108675445 -0.175 8.2
    endloop
  endfacet
  facet normal 0.965925826289069 -0.2588190451025183 0
    outer loop
      vertex 10.344999999999999 0 0
      vertex 10.391891108675445 0.175 8.2
      vertex 10.344999999999999 0 8.2
    endloop
  endfacet
  facet normal 0.7071067811865442 -0.7071067811865509 0
    outer loop
      vertex 10.391891108675445 0.175 0
      vertex 10.52 0.3031088913245535 8.2
      vertex 10.391891108675445 0.175 8.2
    endloop
  endfacet
  facet normal 0.2588190451025199 -0.9659258262890685 0
    outer loop
      vertex 10.52 0.3031088913245535 0
      vertex 10.695 0.35 8.2
      vertex 10.52 0.3031088913245535 8.2
    endloop
  endfacet
  facet normal 0.7071067811865377 0.7071067811865572 6.614922249190997e-19
    outer loop
      vertex 10.52 17.696891108675448 0
      vertex 10.391891108675445 17.825 0
      vertex 10.391891108675445 17.825 8.2
    endloop
  endfacet
  facet normal 0.2588190451025356 0.9659258262890642 0
    outer loop
      vertex 10.52 17.696891108675448 0
      vertex 10.52 17.696891108675448 8.2
      vertex 10.695 17.65 0
    endloop
  endfacet
  facet normal 0.9659258262890693 0.25881904510251735 -4.747746170197085e-19
    outer loop
      vertex 10.391891108675445 17.825 0
      vertex 10.344999999999999 18 0
      vertex 10.344999999999999 18 8.2
    endloop
  endfacet
  facet normal 0.9659258262890693 -0.25881904510251735 4.747746170197085e-19
    outer loop
      vertex 10.344999999999999 18 0
      vertex 10.391891108675445 18.175 0
      vertex 10.391891108675445 18.175 8.2
    endloop
  endfacet
  facet normal 0.7071067811865377 -0.7071067811865572 0
    outer loop
      vertex 10.52 18.303108891324552 0
      vertex 10.52 18.303108891324552 8.2
      vertex 10.391891108675445 18.175 0
    endloop
  endfacet
  facet normal 0.2588190451025356 -0.9659258262890642 0
    outer loop
      vertex 10.695 18.35 0
      vertex 10.695 18.35 8.2
      vertex 10.52 18.303108891324552 0
    endloop
  endfacet
  facet normal 0.2588190451025356 0.9659258262890642 0
    outer loop
      vertex 10.695 17.65 8.2
      vertex 10.695 17.65 0
      vertex 10.52 17.696891108675448 8.2
    endloop
  endfacet
  facet normal 0.7071067811865377 0.7071067811865572 0
    outer loop
      vertex 10.52 17.696891108675448 0
      vertex 10.391891108675445 17.825 8.2
      vertex 10.52 17.696891108675448 8.2
    endloop
  endfacet
  facet normal 0.9659258262890693 0.25881904510251735 0
    outer loop
      vertex 10.391891108675445 17.825 0
      vertex 10.344999999999999 18 8.2
      vertex 10.391891108675445 17.825 8.2
    endloop
  endfacet
  facet normal 0.9659258262890693 -0.25881904510251735 0
    outer loop
      vertex 10.344999999999999 18 0
      vertex 10.391891108675445 18.175 8.2
      vertex 10.344999999999999 18 8.2
    endloop
  endfacet
  facet normal 0.7071067811865377 -0.7071067811865572 0
    outer loop
      vertex 10.391891108675445 18.175 0
      vertex 10.52 18.303108891324552 8.2
      vertex 10.391891108675445 18.175 8.2
    endloop
  endfacet
  facet normal 0.2588190451025356 -0.9659258262890642 0
    outer loop
      vertex 10.52 18.303108891324552 0
      vertex 10.695 18.35 8.2
      vertex 10.52 18.303108891324552 8.2
    endloop
  endfacet
  facet normal 0 -0.7071067877719927 -0.7071067746011025
    outer loop
      vertex 21.00936149069674 12.41499999910593 0.4000000029802324
      vertex 21.00936149069674 12.814999997615814 -2.9802320611338473e-9
      vertex 21.019361490696742 12.814999997615814 -2.9802320611338473e-9
    endloop
  endfacet
  facet normal -1.710699284943171e-11 -0.7071067877717715 -0.7071067746013237
    outer loop
      vertex 21.00936149069674 12.41499999910593 0.4000000029802324
      vertex 21.019361490696742 12.814999997615814 -2.9802320611338473e-9
      vertex 21.019361490696742 12.814197693161201 0.0008023014893243641
    endloop
  endfacet
  facet normal -0.7071067811865476 -0.7071067811865476 0
    outer loop
      vertex 21.00936149069674 12.41499999910593 0.4000000029802324
      vertex 21.00936149069674 12.41499999910593 3.4000000029802324
      vertex 20.50936149069674 12.91499999910593 0.9000000029802324
    endloop
  endfacet
  facet normal -0.816496580927726 -0.40824829426597153 -0.40824828666175456
    outer loop
      vertex 21.00936149069674 12.41499999910593 0.4000000029802324
      vertex 20.50936149069674 12.91499999910593 0.9000000029802324
      vertex 21.00936149069674 12.814999997615814 -2.9802320611338473e-9
    endloop
  endfacet
  facet normal -0.816496580927726 -0.40824829426597153 -0.40824828666175456
    outer loop
      vertex 21.00936149069674 12.814999997615814 -2.9802320611338473e-9
      vertex 20.50936149069674 12.91499999910593 0.9000000029802324
      vertex 20.50936149069674 13.314999997615814 0.49999999701976794
    endloop
  endfacet
  facet normal -0.7071067811865475 0 -0.7071067811865475
    outer loop
      vertex 21.00936149069674 12.814999997615814 -2.9802320611338473e-9
      vertex 20.50936149069674 13.314999997615814 0.49999999701976794
      vertex 20.50936149069674 22.685000002384186 0.49999999701976794
    endloop
  endfacet
  facet normal -1 0 0
    outer loop
      vertex 20.50936149069674 12.91499999910593 0.9000000029802324
      vertex 20.50936149069674 22.685000002384186 0.49999999701976794
      vertex 20.50936149069674 13.314999997615814 0.49999999701976794
    endloop
  endfacet
  facet normal -1 0 0
    outer loop
      vertex 20.50936149069674 12.91499999910593 0.9000000029802324
      vertex 20.50936149069674 13.515000000596046 3.499999997019768
      vertex 20.50936149069674 22.685000002384186 0.49999999701976794
    endloop
  endfacet
  facet normal -5.256526208753894e-11 -0.7071067767966664 0.7071067855764288
    outer loop
      vertex 21.00936149069674 13.015000000596046 3.999999997019768
      vertex 21.01934147323555 12.416201046780563 3.4012010506399504
      vertex 21.019361490696742 12.41620345579532 3.4012034596546785
    endloop
  endfacet
  facet normal -0.7071067811865475 -0.7071067811865475 0
    outer loop
      vertex 20.50936149069674 12.91499999910593 0.9000000029802324
      vertex 21.00936149069674 12.41499999910593 3.4000000029802324
      vertex 20.50936149069674 12.91499999910593 2.9000000029802324
    endloop
  endfacet
  facet normal -1 0 0
    outer loop
      vertex 20.50936149069674 12.91499999910593 0.9000000029802324
      vertex 20.50936149069674 12.91499999910593 2.9000000029802324
      vertex 20.50936149069674 13.515000000596046 3.499999997019768
    endloop
  endfacet
  facet normal -0.816496580927726 -0.408248287929124 0.408248292998602
    outer loop
      vertex 20.50936149069674 12.91499999910593 2.9000000029802324
      vertex 21.00936149069674 12.41499999910593 3.4000000029802324
      vertex 20.50936149069674 13.515000000596046 3.499999997019768
    endloop
  endfacet
  facet normal -0.816496580927726 -0.408248287929124 0.408248292998602
    outer loop
      vertex 21.00936149069674 12.41499999910593 3.4000000029802324
      vertex 21.00936149069674 13.015000000596046 3.999999997019768
      vertex 20.50936149069674 13.515000000596046 3.499999997019768
    endloop
  endfacet
  facet normal -0.7071067811865475 0 0.7071067811865475
    outer loop
      vertex 21.00936149069674 13.015000000596046 3.999999997019768
      vertex 21.00936149069674 14.72 3.999999997019768
      vertex 20.50936149069674 13.515000000596046 3.499999997019768
    endloop
  endfacet
  facet normal -0.7071067811865475 0 0.7071067811865475
    outer loop
      vertex 20.50936149069674 13.515000000596046 3.499999997019768
      vertex 21.00936149069674 14.72 3.999999997019768
      vertex 20.809361493676974 14.72 3.8000000000000016
    endloop
  endfacet
  facet normal -0.7071067811865476 0 -0.7071067811865476
    outer loop
      vertex 21.00936149069674 12.814999997615814 -2.9802320611338473e-9
      vertex 20.50936149069674 22.685000002384186 0.49999999701976794
      vertex 21.00936149069674 23.185000002384186 -2.9802320611338473e-9
    endloop
  endfacet
  facet normal -0.816496580927726 0.40824829426597153 -0.40824828666175456
    outer loop
      vertex 20.50936149069674 22.685000002384186 0.49999999701976794
      vertex 21.00936149069674 23.58500000089407 0.4000000029802324
      vertex 21.00936149069674 23.185000002384186 -2.9802320611338473e-9
    endloop
  endfacet
  facet normal -0.816496580927726 0.40824829426597153 -0.40824828666175456
    outer loop
      vertex 20.50936149069674 22.685000002384186 0.49999999701976794
      vertex 20.50936149069674 23.08500000089407 0.9000000029802324
      vertex 21.00936149069674 23.58500000089407 0.4000000029802324
    endloop
  endfacet
  facet normal -0.7071067811865475 0.7071067811865475 0
    outer loop
      vertex 21.00936149069674 23.58500000089407 0.4000000029802324
      vertex 20.50936149069674 23.08500000089407 0.9000000029802324
      vertex 20.50936149069674 23.08500000089407 2.9000000029802324
    endloop
  endfacet
  facet normal -1 0 0
    outer loop
      vertex 20.50936149069674 22.685000002384186 0.49999999701976794
      vertex 20.50936149069674 23.08500000089407 2.9000000029802324
      vertex 20.50936149069674 23.08500000089407 0.9000000029802324
    endloop
  endfacet
  facet normal -1 0 0
    outer loop
      vertex 20.50936149069674 13.515000000596046 3.499999997019768
      vertex 20.50936149069674 22.484999999403954 3.499999997019768
      vertex 20.50936149069674 22.685000002384186 0.49999999701976794
    endloop
  endfacet
  facet normal -0.7071067811865483 3.8394664721112773e-16 0.7071067811865467
    outer loop
      vertex 20.50936149069674 13.515000000596046 3.499999997019768
      vertex 20.809361493676974 14.72 3.8000000000000016
      vertex 20.809361493676978 21.28 3.8000000000000016
    endloop
  endfacet
  facet normal -0.7071067811865434 0 0.7071067811865517
    outer loop
      vertex 20.50936149069674 13.515000000596046 3.499999997019768
      vertex 20.809361493676978 21.28 3.8000000000000016
      vertex 20.50936149069674 22.484999999403954 3.499999997019768
    endloop
  endfacet
  facet normal -1 0 0
    outer loop
      vertex 20.50936149069674 22.685000002384186 0.49999999701976794
      vertex 20.50936149069674 22.484999999403954 3.499999997019768
      vertex 20.50936149069674 23.08500000089407 2.9000000029802324
    endloop
  endfacet
  facet normal -0.7071067811865476 0.7071067811865476 0
    outer loop
      vertex 21.00936149069674 23.58500000089407 0.4000000029802324
      vertex 20.50936149069674 23.08500000089407 2.9000000029802324
      vertex 21.00936149069674 23.58500000089407 3.4000000029802324
    endloop
  endfacet
  facet normal -0.7071067811865538 -5.211925198377989e-15 0.7071067811865412
    outer loop
      vertex 20.809361493676978 21.28 3.8000000000000016
      vertex 21.00936149069674 21.28 3.999999997019768
      vertex 20.50936149069674 22.484999999403954 3.499999997019768
    endloop
  endfacet
  facet normal -0.816496580927726 0.408248287929124 0.408248292998602
    outer loop
      vertex 20.50936149069674 23.08500000089407 2.9000000029802324
      vertex 20.50936149069674 22.484999999403954 3.499999997019768
      vertex 21.00936149069674 23.58500000089407 3.4000000029802324
    endloop
  endfacet
  facet normal -0.7071067811865476 0 0.7071067811865476
    outer loop
      vertex 21.00936149069674 21.28 3.999999997019768
      vertex 21.00936149069674 22.984999999403954 3.999999997019768
      vertex 20.50936149069674 22.484999999403954 3.499999997019768
    endloop
  endfacet
  facet normal -0.816496580927726 0.408248287929124 0.408248292998602
    outer loop
      vertex 20.50936149069674 22.484999999403954 3.499999997019768
      vertex 21.00936149069674 22.984999999403954 3.999999997019768
      vertex 21.00936149069674 23.58500000089407 3.4000000029802324
    endloop
  endfacet
  facet normal 0 -0.7071067877719927 -0.7071067746011025
    outer loop
      vertex 21.00936149069674 -5.58500000089407 0.4000000029802324
      vertex 21.00936149069674 -5.185000002384186 -2.9802320611338473e-9
      vertex 21.019361490696742 -5.185000002384186 -2.9802320611338473e-9
    endloop
  endfacet
  facet normal 1.4693905262639356e-11 -0.7071067877721628 -0.7071067746009322
    outer loop
      vertex 21.00936149069674 -5.58500000089407 0.4000000029802324
      vertex 21.019361490696742 -5.185000002384186 -2.9802320611338473e-9
      vertex 21.019361490696742 -5.185802306838798 0.0008023014893243641
    endloop
  endfacet
  facet normal -0.816496580927726 -0.40824829426597153 -0.40824828666175456
    outer loop
      vertex 21.00936149069674 -5.58500000089407 0.4000000029802324
      vertex 20.50936149069674 -5.08500000089407 0.9000000029802324
      vertex 21.00936149069674 -5.185000002384186 -2.9802320611338473e-9
    endloop
  endfacet
  facet normal -0.816496580927726 -0.40824829426597153 -0.40824828666175456
    outer loop
      vertex 21.00936149069674 -5.185000002384186 -2.9802320611338473e-9
      vertex 20.50936149069674 -5.08500000089407 0.9000000029802324
      vertex 20.50936149069674 -4.685000002384186 0.49999999701976794
    endloop
  endfacet
  facet normal -0.7071067811865476 -0.7071067811865476 0
    outer loop
      vertex 21.00936149069674 -5.58500000089407 0.4000000029802324
      vertex 21.00936149069674 -5.58500000089407 3.4000000029802324
      vertex 20.50936149069674 -5.08500000089407 0.9000000029802324
    endloop
  endfacet
  facet normal -0.7071067811865475 0 -0.7071067811865475
    outer loop
      vertex 21.00936149069674 -5.185000002384186 -2.9802320611338473e-9
      vertex 20.50936149069674 -4.685000002384186 0.49999999701976794
      vertex 20.50936149069674 4.685000002384186 0.49999999701976794
    endloop
  endfacet
  facet normal -1 0 0
    outer loop
      vertex 20.50936149069674 -5.08500000089407 0.9000000029802324
      vertex 20.50936149069674 4.685000002384186 0.49999999701976794
      vertex 20.50936149069674 -4.685000002384186 0.49999999701976794
    endloop
  endfacet
  facet normal -0.7071067811865476 0 -0.7071067811865476
    outer loop
      vertex 21.00936149069674 -5.185000002384186 -2.9802320611338473e-9
      vertex 20.50936149069674 4.685000002384186 0.49999999701976794
      vertex 21.00936149069674 5.185000002384186 -2.9802320611338473e-9
    endloop
  endfacet
  facet normal -1 0 0
    outer loop
      vertex 20.50936149069674 -5.08500000089407 0.9000000029802324
      vertex 20.50936149069674 -4.4849999994039536 3.499999997019768
      vertex 20.50936149069674 4.685000002384186 0.49999999701976794
    endloop
  endfacet
  facet normal -0.7071067811865475 -0.7071067811865475 0
    outer loop
      vertex 20.50936149069674 -5.08500000089407 0.9000000029802324
      vertex 21.00936149069674 -5.58500000089407 3.4000000029802324
      vertex 20.50936149069674 -5.08500000089407 2.9000000029802324
    endloop
  endfacet
  facet normal -1 0 0
    outer loop
      vertex 20.50936149069674 -5.08500000089407 0.9000000029802324
      vertex 20.50936149069674 -5.08500000089407 2.9000000029802324
      vertex 20.50936149069674 -4.4849999994039536 3.499999997019768
    endloop
  endfacet
  facet normal -0.816496580927726 -0.408248287929124 0.408248292998602
    outer loop
      vertex 20.50936149069674 -5.08500000089407 2.9000000029802324
      vertex 21.00936149069674 -5.58500000089407 3.4000000029802324
      vertex 20.50936149069674 -4.4849999994039536 3.499999997019768
    endloop
  endfacet
  facet normal -0.816496580927726 -0.408248287929124 0.408248292998602
    outer loop
      vertex 21.00936149069674 -5.58500000089407 3.4000000029802324
      vertex 21.00936149069674 -4.9849999994039536 3.999999997019768
      vertex 20.50936149069674 -4.4849999994039536 3.499999997019768
    endloop
  endfacet
  facet normal -1.9883535505908847e-11 -0.7071067767964053 0.7071067855766896
    outer loop
      vertex 21.00936149069674 -4.9849999994039536 3.999999997019768
      vertex 21.01934147323555 -5.583798953219437 3.4012010506399504
      vertex 21.019361490696742 -5.58379654420468 3.4012034596546785
    endloop
  endfacet
  facet normal -0.7071067811865476 0 0.7071067811865476
    outer loop
      vertex 21.00936149069674 -4.9849999994039536 3.999999997019768
      vertex 21.00936149069674 -3.28 3.999999997019768
      vertex 20.50936149069674 -4.4849999994039536 3.499999997019768
    endloop
  endfacet
  facet normal -0.7071067811865476 0 0.7071067811865475
    outer loop
      vertex 20.50936149069674 -4.4849999994039536 3.499999997019768
      vertex 21.00936149069674 -3.28 3.999999997019768
      vertex 20.809361493676974 -3.28 3.8000000000000016
    endloop
  endfacet
  facet normal -1 0 0
    outer loop
      vertex 20.50936149069674 -4.4849999994039536 3.499999997019768
      vertex 20.50936149069674 4.4849999994039536 3.499999997019768
      vertex 20.50936149069674 4.685000002384186 0.49999999701976794
    endloop
  endfacet
  facet normal -0.7071067811865483 3.839466472111279e-16 0.7071067811865468
    outer loop
      vertex 20.50936149069674 -4.4849999994039536 3.499999997019768
      vertex 20.809361493676974 -3.28 3.8000000000000016
      vertex 20.809361493676978 3.28 3.8000000000000016
    endloop
  endfacet
  facet normal -0.7071067811865434 0 0.7071067811865517
    outer loop
      vertex 20.50936149069674 -4.4849999994039536 3.499999997019768
      vertex 20.809361493676978 3.28 3.8000000000000016
      vertex 20.50936149069674 4.4849999994039536 3.499999997019768
    endloop
  endfacet
  facet normal -0.816496580927726 0.40824829426597153 -0.40824828666175456
    outer loop
      vertex 20.50936149069674 4.685000002384186 0.49999999701976794
      vertex 21.00936149069674 5.58500000089407 0.4000000029802324
      vertex 21.00936149069674 5.185000002384186 -2.9802320611338473e-9
    endloop
  endfacet
  facet normal -0.816496580927726 0.40824829426597153 -0.40824828666175456
    outer loop
      vertex 20.50936149069674 4.685000002384186 0.49999999701976794
      vertex 20.50936149069674 5.08500000089407 0.9000000029802324
      vertex 21.00936149069674 5.58500000089407 0.4000000029802324
    endloop
  endfacet
  facet normal -0.7071067811865475 0.7071067811865475 0
    outer loop
      vertex 21.00936149069674 5.58500000089407 0.4000000029802324
      vertex 20.50936149069674 5.08500000089407 0.9000000029802324
      vertex 20.50936149069674 5.08500000089407 2.9000000029802324
    endloop
  endfacet
  facet normal -1 0 0
    outer loop
      vertex 20.50936149069674 4.685000002384186 0.49999999701976794
      vertex 20.50936149069674 5.08500000089407 2.9000000029802324
      vertex 20.50936149069674 5.08500000089407 0.9000000029802324
    endloop
  endfacet
  facet normal -1 0 0
    outer loop
      vertex 20.50936149069674 4.685000002384186 0.49999999701976794
      vertex 20.50936149069674 4.4849999994039536 3.499999997019768
      vertex 20.50936149069674 5.08500000089407 2.9000000029802324
    endloop
  endfacet
  facet normal -0.816496580927726 0.408248287929124 0.408248292998602
    outer loop
      vertex 20.50936149069674 5.08500000089407 2.9000000029802324
      vertex 20.50936149069674 4.4849999994039536 3.499999997019768
      vertex 21.00936149069674 5.58500000089407 3.4000000029802324
    endloop
  endfacet
  facet normal -0.7071067811865538 -5.211925198377983e-15 0.7071067811865412
    outer loop
      vertex 20.809361493676978 3.28 3.8000000000000016
      vertex 21.00936149069674 3.28 3.999999997019768
      vertex 20.50936149069674 4.4849999994039536 3.499999997019768
    endloop
  endfacet
  facet normal -0.7071067811865476 0 0.7071067811865476
    outer loop
      vertex 21.00936149069674 3.28 3.999999997019768
      vertex 21.00936149069674 4.9849999994039536 3.999999997019768
      vertex 20.50936149069674 4.4849999994039536 3.499999997019768
    endloop
  endfacet
  facet normal -0.816496580927726 0.408248287929124 0.408248292998602
    outer loop
      vertex 20.50936149069674 4.4849999994039536 3.499999997019768
      vertex 21.00936149069674 4.9849999994039536 3.999999997019768
      vertex 21.00936149069674 5.58500000089407 3.4000000029802324
    endloop
  endfacet
  facet normal -0.7071067811865476 0.7071067811865476 0
    outer loop
      vertex 21.00936149069674 5.58500000089407 0.4000000029802324
      vertex 20.50936149069674 5.08500000089407 2.9000000029802324
      vertex 21.00936149069674 5.58500000089407 3.4000000029802324
    endloop
  endfacet
  facet normal 5.50681012009538e-14 -0.7071067877717796 -0.7071067746013154
    outer loop
      vertex 21.019361490696742 12.814999997615814 -2.9802320611338473e-9
      vertex 24.111995522270064 12.41499999910593 0.4000000029802324
      vertex 21.019361490696742 12.814197693161201 0.0008023014893243641
    endloop
  endfacet
  facet normal 0 -0.7071067877719929 -0.707106774601102
    outer loop
      vertex 21.00936149069674 12.41499999910593 0.4000000029802324
      vertex 21.019361490696742 12.814197693161201 0.0008023014893243641
      vertex 24.111995522270064 12.41499999910593 0.4000000029802324
    endloop
  endfacet
  facet normal 0 -0.7071067877719925 -0.7071067746011025
    outer loop
      vertex 21.019361490696742 12.814999997615814 -2.9802320611338473e-9
      vertex 24.30118143192182 12.814999997615814 -2.9802320611338473e-9
      vertex 24.111995522270064 12.41499999910593 0.4000000029802324
    endloop
  endfacet
  facet normal 0 -1 0
    outer loop
      vertex 21.00936149069674 12.41499999910593 0.4000000029802324
      vertex 24.111995522270064 12.41499999910593 0.4000000029802324
      vertex 24.111995522270064 12.41499999910593 3.4000000029802324
    endloop
  endfacet
  facet normal 0 0 -1
    outer loop
      vertex 21.019361490696742 12.814999997615814 -2.9802320611338473e-9
      vertex 23.049121907152607 17.082370465025384 -2.9802320611338473e-9
      vertex 24.30118143192182 12.814999997615814 -2.9802320611338473e-9
    endloop
  endfacet
  facet normal 0 0 -1
    outer loop
      vertex 24.30118143192182 12.814999997615814 -2.9802320611338473e-9
      vertex 23.049121907152607 17.082370465025384 -2.9802320611338473e-9
      vertex 24.58155439013544 13.407798811618923 -2.9802320611338473e-9
    endloop
  endfacet
  facet normal 0 0 -1
    outer loop
      vertex 21.019361490696742 12.814999997615814 -2.9802320611338473e-9
      vertex 22.472275866404786 17.525 -2.9802320611338473e-9
      vertex 22.62324855787278 17.32824855787278 -2.9802320611338473e-9
    endloop
  endfacet
  facet normal 0 0 -1
    outer loop
      vertex 21.00936149069674 12.814999997615814 -2.9802320611338473e-9
      vertex 21.00936149069674 23.185000002384186 -2.9802320611338473e-9
      vertex 21.019361490696742 12.814999997615814 -2.9802320611338473e-9
    endloop
  endfacet
  facet normal 0 0 -1
    outer loop
      vertex 21.019361490696742 12.814999997615814 -2.9802320611338473e-9
      vertex 22.377370465025386 17.754121907152605 -2.9802320611338473e-9
      vertex 22.472275866404786 17.525 -2.9802320611338473e-9
    endloop
  endfacet
  facet normal 0 0 -1
    outer loop
      vertex 24.58155439013544 13.407798811618923 -2.9802320611338473e-9
      vertex 23.295 17.05 -2.9802320611338473e-9
      vertex 24.978284028786508 14.516583872946452 -2.9802320611338473e-9
    endloop
  endfacet
  facet normal 0 0 -1
    outer loop
      vertex 21.019361490696742 12.814999997615814 -2.9802320611338473e-9
      vertex 22.82 17.177275866404784 -2.9802320611338473e-9
      vertex 23.049121907152607 17.082370465025384 -2.9802320611338473e-9
    endloop
  endfacet
  facet normal 0 0 -1
    outer loop
      vertex 21.019361490696742 12.814999997615814 -2.9802320611338473e-9
      vertex 22.62324855787278 17.32824855787278 -2.9802320611338473e-9
      vertex 22.82 17.177275866404784 -2.9802320611338473e-9
    endloop
  endfacet
  facet normal 0 0 -1
    outer loop
      vertex 24.58155439013544 13.407798811618923 -2.9802320611338473e-9
      vertex 23.049121907152607 17.082370465025384 -2.9802320611338473e-9
      vertex 23.295 17.05 -2.9802320611338473e-9
    endloop
  endfacet
  facet normal 0 0 -1
    outer loop
      vertex 24.978284028786508 14.516583872946452 -2.9802320611338473e-9
      vertex 23.295 17.05 -2.9802320611338473e-9
      vertex 23.540878092847397 17.082370465025384 -2.9802320611338473e-9
    endloop
  endfacet
  facet normal 0 0 -1
    outer loop
      vertex 24.978284028786508 14.516583872946452 -2.9802320611338473e-9
      vertex 23.540878092847397 17.082370465025384 -2.9802320611338473e-9
      vertex 23.77 17.177275866404784 -2.9802320611338473e-9
    endloop
  endfacet
  facet normal 0 0 -1
    outer loop
      vertex 24.978284028786508 14.516583872946452 -2.9802320611338473e-9
      vertex 23.77 17.177275866404784 -2.9802320611338473e-9
      vertex 25.264423364838766 15.65891613580646 -2.9802320611338473e-9
    endloop
  endfacet
  facet normal 0 -1 0
    outer loop
      vertex 21.00936149069674 12.41499999910593 0.4000000029802324
      vertex 24.111995522270064 12.41499999910593 3.4000000029802324
      vertex 21.00936149069674 12.41499999910593 3.4000000029802324
    endloop
  endfacet
  facet normal 0 -0.7071067767962151 0.70710678557688
    outer loop
      vertex 21.00936149069674 12.41499999910593 3.4000000029802324
      vertex 24.111995522270064 12.41499999910593 3.4000000029802324
      vertex 21.01934147323555 12.416201046780563 3.4012010506399504
    endloop
  endfacet
  facet normal -1.6961968528413999e-13 -0.7071067770145973 0.7071067853584977
    outer loop
      vertex 21.01934147323555 12.416201046780563 3.4012010506399504
      vertex 24.111995522270064 12.41499999910593 3.4000000029802324
      vertex 21.019361490696742 12.41620345579532 3.4012034596546785
    endloop
  endfacet
  facet normal 8.593569345645135e-15 -0.7071067767962508 0.7071067855768443
    outer loop
      vertex 21.00936149069674 12.41499999910593 3.4000000029802324
      vertex 21.01934147323555 12.416201046780563 3.4012010506399504
      vertex 21.00936149069674 13.015000000596046 3.999999997019768
    endloop
  endfacet
  facet normal 3.134673125523513e-16 -0.7071067767962508 0.7071067855768441
    outer loop
      vertex 21.019361490696742 12.41620345579532 3.4012034596546785
      vertex 24.111995522270064 12.41499999910593 3.4000000029802324
      vertex 24.39577438850963 13.015000000596046 3.999999997019768
    endloop
  endfacet
  facet normal 0 -0.7071067767962499 0.707106785576845
    outer loop
      vertex 21.00936149069674 13.015000000596046 3.999999997019768
      vertex 21.019361490696742 12.41620345579532 3.4012034596546785
      vertex 24.39577438850963 13.015000000596046 3.999999997019768
    endloop
  endfacet
  facet normal 0 0 1
    outer loop
      vertex 21.00936149069674 13.015000000596046 3.999999997019768
      vertex 24.39577438850963 13.015000000596046 3.999999997019768
      vertex 21.00936149069674 14.72 3.999999997019768
    endloop
  endfacet
  facet normal 0 0 1
    outer loop
      vertex 21.00936149069674 14.72 3.999999997019768
      vertex 24.39577438850963 13.015000000596046 3.999999997019768
      vertex 24.58155439013544 13.407798811618923 3.999999997019768
    endloop
  endfacet
  facet normal 0 0 1
    outer loop
      vertex 21.00936149069674 14.72 3.999999997019768
      vertex 24.58155439013544 13.407798811618923 3.999999997019768
      vertex 24.978284028786508 14.516583872946452 3.999999997019768
    endloop
  endfacet
  facet normal 0 0 1
    outer loop
      vertex 21.00936149069674 14.72 3.999999997019768
      vertex 24.978284028786508 14.516583872946452 3.999999997019768
      vertex 25.02923711610604 14.72 3.999999997019768
    endloop
  endfacet
  facet normal 0 0 -1
    outer loop
      vertex 21.019361490696742 12.814999997615814 -2.9802320611338473e-9
      vertex 21.00936149069674 23.185000002384186 -2.9802320611338473e-9
      vertex 22.377370465025386 17.754121907152605 -2.9802320611338473e-9
    endloop
  endfacet
  facet normal 0 0 -1
    outer loop
      vertex 25.264423364838766 15.65891613580646 -2.9802320611338473e-9
      vertex 23.77 17.177275866404784 -2.9802320611338473e-9
      vertex 23.966751442127222 17.32824855787278 -2.9802320611338473e-9
    endloop
  endfacet
  facet normal 0 0 -1
    outer loop
      vertex 25.264423364838766 15.65891613580646 -2.9802320611338473e-9
      vertex 23.966751442127222 17.32824855787278 -2.9802320611338473e-9
      vertex 24.117724133595217 17.525 -2.9802320611338473e-9
    endloop
  endfacet
  facet normal 0 0 -1
    outer loop
      vertex 25.264423364838766 15.65891613580646 -2.9802320611338473e-9
      vertex 24.117724133595217 17.525 -2.9802320611338473e-9
      vertex 24.212629534974617 17.754121907152605 -2.9802320611338473e-9
    endloop
  endfacet
  facet normal 0 0 -1
    outer loop
      vertex 25.437216720066363 16.823794316045273 -2.9802320611338473e-9
      vertex 24.212629534974617 18.245878092847395 -2.9802320611338473e-9
      vertex 24.117724133595217 18.475 -2.9802320611338473e-9
    endloop
  endfacet
  facet normal 0 0 -1
    outer loop
      vertex 25.437216720066363 16.823794316045273 -2.9802320611338473e-9
      vertex 24.117724133595217 18.475 -2.9802320611338473e-9
      vertex 23.966751442127222 18.67175144212722 -2.9802320611338473e-9
    endloop
  endfacet
  facet normal 0 0 -1
    outer loop
      vertex 21.00936149069674 23.185000002384186 -2.9802320611338473e-9
      vertex 22.345000000000002 18 -2.9802320611338473e-9
      vertex 22.377370465025386 17.754121907152605 -2.9802320611338473e-9
    endloop
  endfacet
  facet normal 0 0 -1
    outer loop
      vertex 21.00936149069674 23.185000002384186 -2.9802320611338473e-9
      vertex 22.377370465025386 18.245878092847395 -2.9802320611338473e-9
      vertex 22.345000000000002 18 -2.9802320611338473e-9
    endloop
  endfacet
  facet normal 0 0 -1
    outer loop
      vertex 21.00936149069674 23.185000002384186 -2.9802320611338473e-9
      vertex 22.472275866404786 18.475 -2.9802320611338473e-9
      vertex 22.377370465025386 18.245878092847395 -2.9802320611338473e-9
    endloop
  endfacet
  facet normal 0 0 -1
    outer loop
      vertex 21.00936149069674 23.185000002384186 -2.9802320611338473e-9
      vertex 25.437216720066363 16.823794316045273 -2.9802320611338473e-9
      vertex 23.966751442127222 18.67175144212722 -2.9802320611338473e-9
    endloop
  endfacet
  facet normal 0 0 -1
    outer loop
      vertex 21.00936149069674 23.185000002384186 -2.9802320611338473e-9
      vertex 25.495 18 -2.9802320611338473e-9
      vertex 25.437216720066363 16.823794316045273 -2.9802320611338473e-9
    endloop
  endfacet
  facet normal 0 0 -1
    outer loop
      vertex 25.264423364838766 15.65891613580646 -2.9802320611338473e-9
      vertex 24.212629534974617 17.754121907152605 -2.9802320611338473e-9
      vertex 25.437216720066363 16.823794316045273 -2.9802320611338473e-9
    endloop
  endfacet
  facet normal 0 0 -1
    outer loop
      vertex 25.437216720066363 16.823794316045273 -2.9802320611338473e-9
      vertex 24.212629534974617 17.754121907152605 -2.9802320611338473e-9
      vertex 24.245 18 -2.9802320611338473e-9
    endloop
  endfacet
  facet normal 0 0 -1
    outer loop
      vertex 25.437216720066363 16.823794316045273 -2.9802320611338473e-9
      vertex 24.245 18 -2.9802320611338473e-9
      vertex 24.212629534974617 18.245878092847395 -2.9802320611338473e-9
    endloop
  endfacet
  facet normal 0 0 -1
    outer loop
      vertex 21.00936149069674 23.185000002384186 -2.9802320611338473e-9
      vertex 22.62324855787278 18.67175144212722 -2.9802320611338473e-9
      vertex 22.472275866404786 18.475 -2.9802320611338473e-9
    endloop
  endfacet
  facet normal 0 0 -1
    outer loop
      vertex 21.00936149069674 23.185000002384186 -2.9802320611338473e-9
      vertex 22.82 18.822724133595216 -2.9802320611338473e-9
      vertex 22.62324855787278 18.67175144212722 -2.9802320611338473e-9
    endloop
  endfacet
  facet normal 0 0 -1
    outer loop
      vertex 21.00936149069674 23.185000002384186 -2.9802320611338473e-9
      vertex 23.049121907152607 18.917629534974616 -2.9802320611338473e-9
      vertex 22.82 18.822724133595216 -2.9802320611338473e-9
    endloop
  endfacet
  facet normal 0 0 -1
    outer loop
      vertex 21.00936149069674 23.185000002384186 -2.9802320611338473e-9
      vertex 23.295 18.95 -2.9802320611338473e-9
      vertex 23.049121907152607 18.917629534974616 -2.9802320611338473e-9
    endloop
  endfacet
  facet normal 0 0 -1
    outer loop
      vertex 21.00936149069674 23.185000002384186 -2.9802320611338473e-9
      vertex 23.540878092847397 18.917629534974616 -2.9802320611338473e-9
      vertex 23.295 18.95 -2.9802320611338473e-9
    endloop
  endfacet
  facet normal 0 0 -1
    outer loop
      vertex 21.00936149069674 23.185000002384186 -2.9802320611338473e-9
      vertex 23.77 18.822724133595216 -2.9802320611338473e-9
      vertex 23.540878092847397 18.917629534974616 -2.9802320611338473e-9
    endloop
  endfacet
  facet normal 0 0 -1
    outer loop
      vertex 21.00936149069674 23.185000002384186 -2.9802320611338473e-9
      vertex 23.966751442127222 18.67175144212722 -2.9802320611338473e-9
      vertex 23.77 18.822724133595216 -2.9802320611338473e-9
    endloop
  endfacet
  facet normal 0 0 -1
    outer loop
      vertex 21.00936149069674 23.185000002384186 -2.9802320611338473e-9
      vertex 25.437216720066363 19.176205683954727 -2.9802320611338473e-9
      vertex 25.495 18 -2.9802320611338473e-9
    endloop
  endfacet
  facet normal 0 0 -1
    outer loop
      vertex 21.00936149069674 23.185000002384186 -2.9802320611338473e-9
      vertex 25.264423364838766 20.34108386419354 -2.9802320611338473e-9
      vertex 25.437216720066363 19.176205683954727 -2.9802320611338473e-9
    endloop
  endfacet
  facet normal 0 0 -1
    outer loop
      vertex 21.00936149069674 23.185000002384186 -2.9802320611338473e-9
      vertex 24.978284028786508 21.483416127053548 -2.9802320611338473e-9
      vertex 25.264423364838766 20.34108386419354 -2.9802320611338473e-9
    endloop
  endfacet
  facet normal 0 0.7071067877719925 -0.7071067746011025
    outer loop
      vertex 21.00936149069674 23.185000002384186 -2.9802320611338473e-9
      vertex 21.00936149069674 23.58500000089407 0.4000000029802324
      vertex 24.30118143192182 23.185000002384186 -2.9802320611338473e-9
    endloop
  endfacet
  facet normal 0 0 -1
    outer loop
      vertex 21.00936149069674 23.185000002384186 -2.9802320611338473e-9
      vertex 24.58155439013544 22.592201188381075 -2.9802320611338473e-9
      vertex 24.978284028786508 21.483416127053548 -2.9802320611338473e-9
    endloop
  endfacet
  facet normal 0 0 -1
    outer loop
      vertex 21.00936149069674 23.185000002384186 -2.9802320611338473e-9
      vertex 24.30118143192182 23.185000002384186 -2.9802320611338473e-9
      vertex 24.58155439013544 22.592201188381075 -2.9802320611338473e-9
    endloop
  endfacet
  facet normal 0 0.7071067877719925 -0.7071067746011025
    outer loop
      vertex 21.00936149069674 23.58500000089407 0.4000000029802324
      vertex 24.111995522270064 23.58500000089407 0.4000000029802324
      vertex 24.30118143192182 23.185000002384186 -2.9802320611338473e-9
    endloop
  endfacet
  facet normal 0 1 0
    outer loop
      vertex 21.00936149069674 23.58500000089407 0.4000000029802324
      vertex 21.00936149069674 23.58500000089407 3.4000000029802324
      vertex 24.111995522270064 23.58500000089407 0.4000000029802324
    endloop
  endfacet
  facet normal 0 1 0
    outer loop
      vertex 21.00936149069674 23.58500000089407 3.4000000029802324
      vertex 24.111995522270064 23.58500000089407 3.4000000029802324
      vertex 24.111995522270064 23.58500000089407 0.4000000029802324
    endloop
  endfacet
  facet normal 0 0 1
    outer loop
      vertex 21.00936149069674 21.28 3.999999997019768
      vertex 25.02923711610604 21.28 3.999999997019768
      vertex 24.978284028786508 21.483416127053548 3.999999997019768
    endloop
  endfacet
  facet normal 0 0 1
    outer loop
      vertex 21.00936149069674 21.28 3.999999997019768
      vertex 24.978284028786508 21.483416127053548 3.999999997019768
      vertex 24.58155439013544 22.592201188381075 3.999999997019768
    endloop
  endfacet
  facet normal 0 0.7071067767962508 0.7071067855768443
    outer loop
      vertex 21.00936149069674 23.58500000089407 3.4000000029802324
      vertex 21.00936149069674 22.984999999403954 3.999999997019768
      vertex 24.111995522270064 23.58500000089407 3.4000000029802324
    endloop
  endfacet
  facet normal 0 0 1
    outer loop
      vertex 21.00936149069674 21.28 3.999999997019768
      vertex 24.58155439013544 22.592201188381075 3.999999997019768
      vertex 21.00936149069674 22.984999999403954 3.999999997019768
    endloop
  endfacet
  facet normal 0 0 1
    outer loop
      vertex 21.00936149069674 22.984999999403954 3.999999997019768
      vertex 24.58155439013544 22.592201188381075 3.999999997019768
      vertex 24.39577438850963 22.984999999403954 3.999999997019768
    endloop
  endfacet
  facet normal 0 0.7071067767962508 0.7071067855768443
    outer loop
      vertex 21.00936149069674 22.984999999403954 3.999999997019768
      vertex 24.39577438850963 22.984999999403954 3.999999997019768
      vertex 24.111995522270064 23.58500000089407 3.4000000029802324
    endloop
  endfacet
  facet normal -4.6168535719552986e-14 -0.7071067877721711 -0.707106774600924
    outer loop
      vertex 21.019361490696742 -5.185000002384186 -2.9802320611338473e-9
      vertex 24.111995522270064 -5.58500000089407 0.4000000029802324
      vertex 21.019361490696742 -5.185802306838798 0.0008023014893243641
    endloop
  endfacet
  facet normal 0 -0.7071067877719922 -0.7071067746011028
    outer loop
      vertex 21.00936149069674 -5.58500000089407 0.4000000029802324
      vertex 21.019361490696742 -5.185802306838798 0.0008023014893243641
      vertex 24.111995522270064 -5.58500000089407 0.4000000029802324
    endloop
  endfacet
  facet normal 0 -0.7071067877719925 -0.7071067746011025
    outer loop
      vertex 21.019361490696742 -5.185000002384186 -2.9802320611338473e-9
      vertex 24.30118143192182 -5.185000002384186 -2.9802320611338473e-9
      vertex 24.111995522270064 -5.58500000089407 0.4000000029802324
    endloop
  endfacet
  facet normal 0 0 -1
    outer loop
      vertex 21.019361490696742 -5.185000002384186 -2.9802320611338473e-9
      vertex 22.472275866404786 -0.475 -2.9802320611338473e-9
      vertex 22.62324855787278 -0.6717514421272202 -2.9802320611338473e-9
    endloop
  endfacet
  facet normal 0 0 -1
    outer loop
      vertex 21.019361490696742 -5.185000002384186 -2.9802320611338473e-9
      vertex 23.049121907152607 -0.9176295349746149 -2.9802320611338473e-9
      vertex 24.30118143192182 -5.185000002384186 -2.9802320611338473e-9
    endloop
  endfacet
  facet normal 0 0 -1
    outer loop
      vertex 24.30118143192182 -5.185000002384186 -2.9802320611338473e-9
      vertex 23.049121907152607 -0.9176295349746149 -2.9802320611338473e-9
      vertex 24.58155439013544 -4.592201188381077 -2.9802320611338473e-9
    endloop
  endfacet
  facet normal 0 0 -1
    outer loop
      vertex 21.019361490696742 -5.185000002384186 -2.9802320611338473e-9
      vertex 22.62324855787278 -0.6717514421272202 -2.9802320611338473e-9
      vertex 22.82 -0.8227241335952167 -2.9802320611338473e-9
    endloop
  endfacet
  facet normal 0 0 -1
    outer loop
      vertex 21.019361490696742 -5.185000002384186 -2.9802320611338473e-9
      vertex 22.82 -0.8227241335952167 -2.9802320611338473e-9
      vertex 23.049121907152607 -0.9176295349746149 -2.9802320611338473e-9
    endloop
  endfacet
  facet normal 0 0 -1
    outer loop
      vertex 24.58155439013544 -4.592201188381077 -2.9802320611338473e-9
      vertex 23.295 -0.95 -2.9802320611338473e-9
      vertex 24.978284028786508 -3.483416127053548 -2.9802320611338473e-9
    endloop
  endfacet
  facet normal 0 0 -1
    outer loop
      vertex 24.58155439013544 -4.592201188381077 -2.9802320611338473e-9
      vertex 23.049121907152607 -0.9176295349746149 -2.9802320611338473e-9
      vertex 23.295 -0.95 -2.9802320611338473e-9
    endloop
  endfacet
  facet normal 0 0 -1
    outer loop
      vertex 24.978284028786508 -3.483416127053548 -2.9802320611338473e-9
      vertex 23.77 -0.8227241335952167 -2.9802320611338473e-9
      vertex 25.264423364838766 -2.341083864193539 -2.9802320611338473e-9
    endloop
  endfacet
  facet normal 0 -1 0
    outer loop
      vertex 21.00936149069674 -5.58500000089407 0.4000000029802324
      vertex 24.111995522270064 -5.58500000089407 0.4000000029802324
      vertex 24.111995522270064 -5.58500000089407 3.4000000029802324
    endloop
  endfacet
  facet normal 0 0 -1
    outer loop
      vertex 21.00936149069674 -5.185000002384186 -2.9802320611338473e-9
      vertex 21.00936149069674 5.185000002384186 -2.9802320611338473e-9
      vertex 21.019361490696742 -5.185000002384186 -2.9802320611338473e-9
    endloop
  endfacet
  facet normal 0 0 -1
    outer loop
      vertex 21.019361490696742 -5.185000002384186 -2.9802320611338473e-9
      vertex 22.377370465025386 -0.2458780928473947 -2.9802320611338473e-9
      vertex 22.472275866404786 -0.475 -2.9802320611338473e-9
    endloop
  endfacet
  facet normal 0 0 -1
    outer loop
      vertex 24.978284028786508 -3.483416127053548 -2.9802320611338473e-9
      vertex 23.295 -0.95 -2.9802320611338473e-9
      vertex 23.540878092847397 -0.9176295349746149 -2.9802320611338473e-9
    endloop
  endfacet
  facet normal 0 0 -1
    outer loop
      vertex 24.978284028786508 -3.483416127053548 -2.9802320611338473e-9
      vertex 23.540878092847397 -0.9176295349746149 -2.9802320611338473e-9
      vertex 23.77 -0.8227241335952167 -2.9802320611338473e-9
    endloop
  endfacet
  facet normal 0 0 -1
    outer loop
      vertex 25.264423364838766 -2.341083864193539 -2.9802320611338473e-9
      vertex 23.77 -0.8227241335952167 -2.9802320611338473e-9
      vertex 23.966751442127222 -0.6717514421272202 -2.9802320611338473e-9
    endloop
  endfacet
  facet normal 0 0 -1
    outer loop
      vertex 25.264423364838766 -2.341083864193539 -2.9802320611338473e-9
      vertex 23.966751442127222 -0.6717514421272202 -2.9802320611338473e-9
      vertex 24.117724133595217 -0.475 -2.9802320611338473e-9
    endloop
  endfacet
  facet normal 0 0 -1
    outer loop
      vertex 25.264423364838766 -2.341083864193539 -2.9802320611338473e-9
      vertex 24.117724133595217 -0.475 -2.9802320611338473e-9
      vertex 24.212629534974617 -0.2458780928473947 -2.9802320611338473e-9
    endloop
  endfacet
  facet normal 0 0 -1
    outer loop
      vertex 21.019361490696742 -5.185000002384186 -2.9802320611338473e-9
      vertex 21.00936149069674 5.185000002384186 -2.9802320611338473e-9
      vertex 22.377370465025386 -0.2458780928473947 -2.9802320611338473e-9
    endloop
  endfacet
  facet normal 0 0 -1
    outer loop
      vertex 25.437216720066363 -1.1762056839547272 -2.9802320611338473e-9
      vertex 24.212629534974617 0.2458780928473947 -2.9802320611338473e-9
      vertex 24.117724133595217 0.475 -2.9802320611338473e-9
    endloop
  endfacet
  facet normal 0 0 -1
    outer loop
      vertex 25.437216720066363 -1.1762056839547272 -2.9802320611338473e-9
      vertex 24.117724133595217 0.475 -2.9802320611338473e-9
      vertex 23.966751442127222 0.6717514421272202 -2.9802320611338473e-9
    endloop
  endfacet
  facet normal 0 0 -1
    outer loop
      vertex 21.00936149069674 5.185000002384186 -2.9802320611338473e-9
      vertex 25.437216720066363 -1.1762056839547272 -2.9802320611338473e-9
      vertex 23.966751442127222 0.6717514421272202 -2.9802320611338473e-9
    endloop
  endfacet
  facet normal 0 0 -1
    outer loop
      vertex 21.00936149069674 5.185000002384186 -2.9802320611338473e-9
      vertex 25.495 0 -2.9802320611338473e-9
      vertex 25.437216720066363 -1.1762056839547272 -2.9802320611338473e-9
    endloop
  endfacet
  facet normal 0 0 -1
    outer loop
      vertex 25.264423364838766 -2.341083864193539 -2.9802320611338473e-9
      vertex 24.212629534974617 -0.2458780928473947 -2.9802320611338473e-9
      vertex 25.437216720066363 -1.1762056839547272 -2.9802320611338473e-9
    endloop
  endfacet
  facet normal 0 0 -1
    outer loop
      vertex 25.437216720066363 -1.1762056839547272 -2.9802320611338473e-9
      vertex 24.212629534974617 -0.2458780928473947 -2.9802320611338473e-9
      vertex 24.245 0 -2.9802320611338473e-9
    endloop
  endfacet
  facet normal 0 0 -1
    outer loop
      vertex 25.437216720066363 -1.1762056839547272 -2.9802320611338473e-9
      vertex 24.245 0 -2.9802320611338473e-9
      vertex 24.212629534974617 0.2458780928473947 -2.9802320611338473e-9
    endloop
  endfacet
  facet normal 0 -1 0
    outer loop
      vertex 21.00936149069674 -5.58500000089407 0.4000000029802324
      vertex 24.111995522270064 -5.58500000089407 3.4000000029802324
      vertex 21.00936149069674 -5.58500000089407 3.4000000029802324
    endloop
  endfacet
  facet normal 0 -0.7071067767962151 0.70710678557688
    outer loop
      vertex 21.00936149069674 -5.58500000089407 3.4000000029802324
      vertex 24.111995522270064 -5.58500000089407 3.4000000029802324
      vertex 21.01934147323555 -5.583798953219437 3.4012010506399504
    endloop
  endfacet
  facet normal -6.870010968179016e-14 -0.7071067768846652 0.7071067854884299
    outer loop
      vertex 21.01934147323555 -5.583798953219437 3.4012010506399504
      vertex 24.111995522270064 -5.58500000089407 3.4000000029802324
      vertex 21.019361490696742 -5.58379654420468 3.4012034596546785
    endloop
  endfacet
  facet normal 8.593569345645135e-15 -0.7071067767962508 0.7071067855768443
    outer loop
      vertex 21.00936149069674 -5.58500000089407 3.4000000029802324
      vertex 21.01934147323555 -5.583798953219437 3.4012010506399504
      vertex 21.00936149069674 -4.9849999994039536 3.999999997019768
    endloop
  endfacet
  facet normal 1.1046504856971813e-16 -0.7071067767962507 0.7071067855768441
    outer loop
      vertex 21.019361490696742 -5.58379654420468 3.4012034596546785
      vertex 24.111995522270064 -5.58500000089407 3.4000000029802324
      vertex 24.39577438850963 -4.9849999994039536 3.999999997019768
    endloop
  endfacet
  facet normal 0 -0.7071067767962504 0.7071067855768445
    outer loop
      vertex 21.00936149069674 -4.9849999994039536 3.999999997019768
      vertex 21.019361490696742 -5.58379654420468 3.4012034596546785
      vertex 24.39577438850963 -4.9849999994039536 3.999999997019768
    endloop
  endfacet
  facet normal 0 0 1
    outer loop
      vertex 21.00936149069674 -4.9849999994039536 3.999999997019768
      vertex 24.39577438850963 -4.9849999994039536 3.999999997019768
      vertex 21.00936149069674 -3.28 3.999999997019768
    endloop
  endfacet
  facet normal 0 0 1
    outer loop
      vertex 21.00936149069674 -3.28 3.999999997019768
      vertex 24.39577438850963 -4.9849999994039536 3.999999997019768
      vertex 24.58155439013544 -4.592201188381077 3.999999997019768
    endloop
  endfacet
  facet normal 0 0 1
    outer loop
      vertex 21.00936149069674 -3.28 3.999999997019768
      vertex 24.58155439013544 -4.592201188381077 3.999999997019768
      vertex 24.978284028786508 -3.483416127053548 3.999999997019768
    endloop
  endfacet
  facet normal 0 0 1
    outer loop
      vertex 21.00936149069674 -3.28 3.999999997019768
      vertex 24.978284028786508 -3.483416127053548 3.999999997019768
      vertex 25.02923711610604 -3.28 3.999999997019768
    endloop
  endfacet
  facet normal 0 0 -1
    outer loop
      vertex 21.00936149069674 5.185000002384186 -2.9802320611338473e-9
      vertex 22.345000000000002 0 -2.9802320611338473e-9
      vertex 22.377370465025386 -0.2458780928473947 -2.9802320611338473e-9
    endloop
  endfacet
  facet normal 0 0 -1
    outer loop
      vertex 21.00936149069674 5.185000002384186 -2.9802320611338473e-9
      vertex 22.377370465025386 0.2458780928473947 -2.9802320611338473e-9
      vertex 22.345000000000002 0 -2.9802320611338473e-9
    endloop
  endfacet
  facet normal 0 0 -1
    outer loop
      vertex 21.00936149069674 5.185000002384186 -2.9802320611338473e-9
      vertex 22.472275866404786 0.475 -2.9802320611338473e-9
      vertex 22.377370465025386 0.2458780928473947 -2.9802320611338473e-9
    endloop
  endfacet
  facet normal 0 0 -1
    outer loop
      vertex 21.00936149069674 5.185000002384186 -2.9802320611338473e-9
      vertex 22.62324855787278 0.6717514421272202 -2.9802320611338473e-9
      vertex 22.472275866404786 0.475 -2.9802320611338473e-9
    endloop
  endfacet
  facet normal 0 0 -1
    outer loop
      vertex 21.00936149069674 5.185000002384186 -2.9802320611338473e-9
      vertex 22.82 0.8227241335952167 -2.9802320611338473e-9
      vertex 22.62324855787278 0.6717514421272202 -2.9802320611338473e-9
    endloop
  endfacet
  facet normal 0 0 -1
    outer loop
      vertex 21.00936149069674 5.185000002384186 -2.9802320611338473e-9
      vertex 23.049121907152607 0.9176295349746149 -2.9802320611338473e-9
      vertex 22.82 0.8227241335952167 -2.9802320611338473e-9
    endloop
  endfacet
  facet normal 0 0 -1
    outer loop
      vertex 21.00936149069674 5.185000002384186 -2.9802320611338473e-9
      vertex 23.295 0.95 -2.9802320611338473e-9
      vertex 23.049121907152607 0.9176295349746149 -2.9802320611338473e-9
    endloop
  endfacet
  facet normal 0 0 -1
    outer loop
      vertex 21.00936149069674 5.185000002384186 -2.9802320611338473e-9
      vertex 23.540878092847397 0.9176295349746149 -2.9802320611338473e-9
      vertex 23.295 0.95 -2.9802320611338473e-9
    endloop
  endfacet
  facet normal 0 0 -1
    outer loop
      vertex 21.00936149069674 5.185000002384186 -2.9802320611338473e-9
      vertex 23.966751442127222 0.6717514421272202 -2.9802320611338473e-9
      vertex 23.77 0.8227241335952167 -2.9802320611338473e-9
    endloop
  endfacet
  facet normal 0 0 -1
    outer loop
      vertex 21.00936149069674 5.185000002384186 -2.9802320611338473e-9
      vertex 23.77 0.8227241335952167 -2.9802320611338473e-9
      vertex 23.540878092847397 0.9176295349746149 -2.9802320611338473e-9
    endloop
  endfacet
  facet normal 0 0 -1
    outer loop
      vertex 21.00936149069674 5.185000002384186 -2.9802320611338473e-9
      vertex 25.437216720066363 1.1762056839547272 -2.9802320611338473e-9
      vertex 25.495 0 -2.9802320611338473e-9
    endloop
  endfacet
  facet normal 0 0 -1
    outer loop
      vertex 21.00936149069674 5.185000002384186 -2.9802320611338473e-9
      vertex 25.264423364838766 2.341083864193539 -2.9802320611338473e-9
      vertex 25.437216720066363 1.1762056839547272 -2.9802320611338473e-9
    endloop
  endfacet
  facet normal 0 0 -1
    outer loop
      vertex 21.00936149069674 5.185000002384186 -2.9802320611338473e-9
      vertex 24.978284028786508 3.483416127053548 -2.9802320611338473e-9
      vertex 25.264423364838766 2.341083864193539 -2.9802320611338473e-9
    endloop
  endfacet
  facet normal 0 0 -1
    outer loop
      vertex 21.00936149069674 5.185000002384186 -2.9802320611338473e-9
      vertex 24.30118143192182 5.185000002384186 -2.9802320611338473e-9
      vertex 24.58155439013544 4.592201188381077 -2.9802320611338473e-9
    endloop
  endfacet
  facet normal 0 0 -1
    outer loop
      vertex 21.00936149069674 5.185000002384186 -2.9802320611338473e-9
      vertex 24.58155439013544 4.592201188381077 -2.9802320611338473e-9
      vertex 24.978284028786508 3.483416127053548 -2.9802320611338473e-9
    endloop
  endfacet
  facet normal 0 0.7071067877719925 -0.7071067746011025
    outer loop
      vertex 21.00936149069674 5.185000002384186 -2.9802320611338473e-9
      vertex 21.00936149069674 5.58500000089407 0.4000000029802324
      vertex 24.30118143192182 5.185000002384186 -2.9802320611338473e-9
    endloop
  endfacet
  facet normal 0 0.7071067877719925 -0.7071067746011025
    outer loop
      vertex 21.00936149069674 5.58500000089407 0.4000000029802324
      vertex 24.111995522270064 5.58500000089407 0.4000000029802324
      vertex 24.30118143192182 5.185000002384186 -2.9802320611338473e-9
    endloop
  endfacet
  facet normal 0 1 0
    outer loop
      vertex 21.00936149069674 5.58500000089407 0.4000000029802324
      vertex 21.00936149069674 5.58500000089407 3.4000000029802324
      vertex 24.111995522270064 5.58500000089407 0.4000000029802324
    endloop
  endfacet
  facet normal 0 0 1
    outer loop
      vertex 21.00936149069674 3.28 3.999999997019768
      vertex 25.02923711610604 3.28 3.999999997019768
      vertex 24.978284028786508 3.483416127053548 3.999999997019768
    endloop
  endfacet
  facet normal 0 0 1
    outer loop
      vertex 21.00936149069674 3.28 3.999999997019768
      vertex 24.58155439013544 4.592201188381077 3.999999997019768
      vertex 21.00936149069674 4.9849999994039536 3.999999997019768
    endloop
  endfacet
  facet normal 0 0 1
    outer loop
      vertex 21.00936149069674 3.28 3.999999997019768
      vertex 24.978284028786508 3.483416127053548 3.999999997019768
      vertex 24.58155439013544 4.592201188381077 3.999999997019768
    endloop
  endfacet
  facet normal 0 0.7071067767962508 0.7071067855768443
    outer loop
      vertex 21.00936149069674 4.9849999994039536 3.999999997019768
      vertex 24.39577438850963 4.9849999994039536 3.999999997019768
      vertex 24.111995522270064 5.58500000089407 3.4000000029802324
    endloop
  endfacet
  facet normal 0 0 1
    outer loop
      vertex 21.00936149069674 4.9849999994039536 3.999999997019768
      vertex 24.58155439013544 4.592201188381077 3.999999997019768
      vertex 24.39577438850963 4.9849999994039536 3.999999997019768
    endloop
  endfacet
  facet normal 0 1 0
    outer loop
      vertex 21.00936149069674 5.58500000089407 3.4000000029802324
      vertex 24.111995522270064 5.58500000089407 3.4000000029802324
      vertex 24.111995522270064 5.58500000089407 0.4000000029802324
    endloop
  endfacet
  facet normal 0 0.7071067767962508 0.7071067855768443
    outer loop
      vertex 21.00936149069674 5.58500000089407 3.4000000029802324
      vertex 21.00936149069674 4.9849999994039536 3.999999997019768
      vertex 24.111995522270064 5.58500000089407 3.4000000029802324
    endloop
  endfacet
  facet normal 0 0 -1
    outer loop
      vertex 17 14.72 4.000000000000001
      vertex 17 21.28 4.000000000000001
      vertex 20.50936149069674 14.72 4.000000000000001
    endloop
  endfacet
  facet normal 0 0 -1
    outer loop
      vertex 20.50936149069674 14.72 4.000000000000001
      vertex 17 21.28 4.000000000000001
      vertex 20.50936149069674 21.28 4.000000000000001
    endloop
  endfacet
  facet normal 0 -1 0
    outer loop
      vertex 17 14.72 4.000000000000001
      vertex 20.50936149069674 14.72 4.000000000000001
      vertex 20.50936149069674 14.72 8.2
    endloop
  endfacet
  facet normal 0 -1 0
    outer loop
      vertex 17 14.72 4.000000000000001
      vertex 20.50936149069674 14.72 8.2
      vertex 17 14.72 8.2
    endloop
  endfacet
  facet normal 0 0 1
    outer loop
      vertex 17 14.72 8.2
      vertex 20.50936149069674 14.72 8.2
      vertex 20.50936149069674 14.738639744787061 8.2
    endloop
  endfacet
  facet normal -1 0 0
    outer loop
      vertex 17 14.72 4.000000000000001
      vertex 17 21.28 8.2
      vertex 17 21.28 4.000000000000001
    endloop
  endfacet
  facet normal 0 1 0
    outer loop
      vertex 17 21.28 4.000000000000001
      vertex 17 21.28 8.2
      vertex 20.50936149069674 21.28 4.000000000000001
    endloop
  endfacet
  facet normal -1 0 0
    outer loop
      vertex 17 14.72 4.000000000000001
      vertex 17 14.72 8.2
      vertex 17 21.28 8.2
    endloop
  endfacet
  facet normal 0 0 1
    outer loop
      vertex 17 14.72 8.2
      vertex 20.50936149069674 14.738639744787061 8.2
      vertex 17 21.28 8.2
    endloop
  endfacet
  facet normal 0 0 1
    outer loop
      vertex 20.50936149069674 14.738639744787061 8.2
      vertex 20.519361490696742 21.268041501479043 8.2
      vertex 17 21.28 8.2
    endloop
  endfacet
  facet normal 0 1 0
    outer loop
      vertex 20.50936149069674 21.28 4.000000000000001
      vertex 17 21.28 8.2
      vertex 20.50936149069674 21.28 8.2
    endloop
  endfacet
  facet normal 0 0 1
    outer loop
      vertex 17 21.28 8.2
      vertex 20.519361490696742 21.268041501479043 8.2
      vertex 20.50936149069674 21.28 8.2
    endloop
  endfacet
  facet normal 0 0 -1
    outer loop
      vertex 17 -3.28 4.000000000000001
      vertex 17 3.28 4.000000000000001
      vertex 20.50936149069674 -3.28 4.000000000000001
    endloop
  endfacet
  facet normal 0 0 -1
    outer loop
      vertex 20.50936149069674 -3.28 4.000000000000001
      vertex 17 3.28 4.000000000000001
      vertex 20.50936149069674 3.28 4.000000000000001
    endloop
  endfacet
  facet normal 0 -1 0
    outer loop
      vertex 17 -3.28 4.000000000000001
      vertex 20.50936149069674 -3.28 4.000000000000001
      vertex 20.50936149069674 -3.28 8.2
    endloop
  endfacet
  facet normal -1 0 0
    outer loop
      vertex 17 -3.28 4.000000000000001
      vertex 17 3.28 8.2
      vertex 17 3.28 4.000000000000001
    endloop
  endfacet
  facet normal 0 -1 0
    outer loop
      vertex 17 -3.28 4.000000000000001
      vertex 20.50936149069674 -3.28 8.2
      vertex 17 -3.28 8.2
    endloop
  endfacet
  facet normal 0 0 1
    outer loop
      vertex 17 -3.28 8.2
      vertex 20.50936149069674 -3.28 8.2
      vertex 20.50936149069674 -3.2613602552129386 8.2
    endloop
  endfacet
  facet normal -1 0 0
    outer loop
      vertex 17 -3.28 4.000000000000001
      vertex 17 -3.28 8.2
      vertex 17 3.28 8.2
    endloop
  endfacet
  facet normal 0 0 1
    outer loop
      vertex 17 -3.28 8.2
      vertex 20.50936149069674 -3.2613602552129386 8.2
      vertex 17 3.28 8.2
    endloop
  endfacet
  facet normal 0 0 1
    outer loop
      vertex 20.50936149069674 -3.2613602552129386 8.2
      vertex 20.519361490696742 3.2680415014790443 8.2
      vertex 17 3.28 8.2
    endloop
  endfacet
  facet normal 0 1 0
    outer loop
      vertex 17 3.28 4.000000000000001
      vertex 17 3.28 8.2
      vertex 20.50936149069674 3.28 4.000000000000001
    endloop
  endfacet
  facet normal 0 1 0
    outer loop
      vertex 20.50936149069674 3.28 4.000000000000001
      vertex 17 3.28 8.2
      vertex 20.50936149069674 3.28 8.2
    endloop
  endfacet
  facet normal 0 0 1
    outer loop
      vertex 17 3.28 8.2
      vertex 20.519361490696742 3.2680415014790443 8.2
      vertex 20.50936149069674 3.28 8.2
    endloop
  endfacet
  facet normal 0 -1 0
    outer loop
      vertex 20.50936149069674 14.72 3.8000000000000016
      vertex 20.809361493676974 14.72 3.8000000000000016
      vertex 21.00936149069674 14.72 3.999999997019768
    endloop
  endfacet
  facet normal 0 0 -1
    outer loop
      vertex 20.50936149069674 14.72 3.8000000000000016
      vertex 20.809361493676978 21.28 3.8000000000000016
      vertex 20.809361493676974 14.72 3.8000000000000016
    endloop
  endfacet
  facet normal -1 0 0
    outer loop
      vertex 20.50936149069674 14.72 3.8000000000000016
      vertex 20.50936149069674 14.72 4.000000000000001
      vertex 20.50936149069674 21.28 3.8000000000000016
    endloop
  endfacet
  facet normal 0 0 -1
    outer loop
      vertex 20.50936149069674 14.72 3.8000000000000016
      vertex 20.50936149069674 21.28 3.8000000000000016
      vertex 20.809361493676978 21.28 3.8000000000000016
    endloop
  endfacet
  facet normal -1 0 0
    outer loop
      vertex 20.50936149069674 14.72 4.000000000000001
      vertex 20.50936149069674 21.28 4.000000000000001
      vertex 20.50936149069674 21.28 3.8000000000000016
    endloop
  endfacet
  facet normal 0 1 0
    outer loop
      vertex 20.50936149069674 21.28 3.8000000000000016
      vertex 20.50936149069674 21.28 4.000000000000001
      vertex 20.809361493676978 21.28 3.8000000000000016
    endloop
  endfacet
  facet normal 0 1 0
    outer loop
      vertex 20.50936149069674 21.28 4.000000000000001
      vertex 21.00936149069674 21.28 3.999999997019768
      vertex 20.809361493676978 21.28 3.8000000000000016
    endloop
  endfacet
  facet normal 0 -1 0
    outer loop
      vertex 20.50936149069674 14.72 3.8000000000000016
      vertex 25.02923711610604 14.72 8.2
      vertex 20.50936149069674 14.72 4.000000000000001
    endloop
  endfacet
  facet normal 0 -1 0
    outer loop
      vertex 20.50936149069674 14.72 3.8000000000000016
      vertex 21.00936149069674 14.72 3.999999997019768
      vertex 25.02923711610604 14.72 8.2
    endloop
  endfacet
  facet normal 0 -1 0
    outer loop
      vertex 21.00936149069674 14.72 3.999999997019768
      vertex 25.02923711610604 14.72 3.999999997019768
      vertex 25.02923711610604 14.72 8.2
    endloop
  endfacet
  facet normal 0 -1 0
    outer loop
      vertex 20.50936149069674 14.72 4.000000000000001
      vertex 25.02923711610604 14.72 8.2
      vertex 20.50936149069674 14.72 8.2
    endloop
  endfacet
  facet normal 0 0 1
    outer loop
      vertex 20.50936149069674 14.72 8.2
      vertex 25.02923711610604 14.72 8.2
      vertex 20.50936149069674 14.738639744787061 8.2
    endloop
  endfacet
  facet normal 0 0 1
    outer loop
      vertex 20.50936149069674 14.738639744787061 8.2
      vertex 23.049121907152607 17.082370465025384 8.2
      vertex 22.82 17.177275866404784 8.2
    endloop
  endfacet
  facet normal 0 0 1
    outer loop
      vertex 20.50936149069674 14.738639744787061 8.2
      vertex 25.02923711610604 14.72 8.2
      vertex 24.495 15.510004896352278 8.2
    endloop
  endfacet
  facet normal 0 0 1
    outer loop
      vertex 20.50936149069674 14.738639744787061 8.2
      vertex 24.495 15.510004896352278 8.2
      vertex 23.049121907152607 17.082370465025384 8.2
    endloop
  endfacet
  facet normal 0 0 1
    outer loop
      vertex 24.495 15.510004896352278 8.2
      vertex 25.02923711610604 14.72 8.2
      vertex 25.224616945055256 15.5 8.2
    endloop
  endfacet
  facet normal 0 1 0
    outer loop
      vertex 20.50936149069674 21.28 4.000000000000001
      vertex 20.50936149069674 21.28 8.2
      vertex 21.00936149069674 21.28 3.999999997019768
    endloop
  endfacet
  facet normal 0 1 0
    outer loop
      vertex 21.00936149069674 21.28 3.999999997019768
      vertex 20.50936149069674 21.28 8.2
      vertex 25.02923711610604 21.28 3.999999997019768
    endloop
  endfacet
  facet normal 0 0 1
    outer loop
      vertex 20.50936149069674 14.738639744787061 8.2
      vertex 22.82 17.177275866404784 8.2
      vertex 22.62324855787278 17.32824855787278 8.2
    endloop
  endfacet
  facet normal 0 0 1
    outer loop
      vertex 20.50936149069674 14.738639744787061 8.2
      vertex 22.62324855787278 17.32824855787278 8.2
      vertex 22.472275866404786 17.525 8.2
    endloop
  endfacet
  facet normal 0 0 1
    outer loop
      vertex 20.50936149069674 14.738639744787061 8.2
      vertex 22.472275866404786 17.525 8.2
      vertex 22.377370465025386 17.754121907152605 8.2
    endloop
  endfacet
  facet normal 0 0 1
    outer loop
      vertex 20.50936149069674 14.738639744787061 8.2
      vertex 22.377370465025386 17.754121907152605 8.2
      vertex 20.519361490696742 21.268041501479043 8.2
    endloop
  endfacet
  facet normal 0 0 1
    outer loop
      vertex 24.495 15.510004896352278 8.2
      vertex 23.295 17.05 8.2
      vertex 23.049121907152607 17.082370465025384 8.2
    endloop
  endfacet
  facet normal 0 0 1
    outer loop
      vertex 24.495 15.510004896352278 8.2
      vertex 23.540878092847397 17.082370465025384 8.2
      vertex 23.295 17.05 8.2
    endloop
  endfacet
  facet normal 0 0 1
    outer loop
      vertex 24.495 15.510004896352278 8.2
      vertex 23.77 17.177275866404784 8.2
      vertex 23.540878092847397 17.082370465025384 8.2
    endloop
  endfacet
  facet normal 0 0 1
    outer loop
      vertex 24.495 15.510004896352278 8.2
      vertex 23.966751442127222 17.32824855787278 8.2
      vertex 23.77 17.177275866404784 8.2
    endloop
  endfacet
  facet normal 0 0 1
    outer loop
      vertex 24.495 15.510004896352278 8.2
      vertex 24.117724133595217 17.525 8.2
      vertex 23.966751442127222 17.32824855787278 8.2
    endloop
  endfacet
  facet normal 0 0 1
    outer loop
      vertex 24.495 15.510004896352278 8.2
      vertex 24.212629534974617 17.754121907152605 8.2
      vertex 24.117724133595217 17.525 8.2
    endloop
  endfacet
  facet normal 0 0 1
    outer loop
      vertex 24.495 15.510004896352278 8.2
      vertex 24.495 18.656808466967323 8.2
      vertex 24.212629534974617 17.754121907152605 8.2
    endloop
  endfacet
  facet normal 0 0 1
    outer loop
      vertex 24.495 18.656808466967323 8.2
      vertex 24.245 18 8.2
      vertex 24.212629534974617 17.754121907152605 8.2
    endloop
  endfacet
  facet normal 0 0 1
    outer loop
      vertex 20.519361490696742 21.268041501479043 8.2
      vertex 22.377370465025386 17.754121907152605 8.2
      vertex 22.345000000000002 18 8.2
    endloop
  endfacet
  facet normal 0 0 1
    outer loop
      vertex 20.519361490696742 21.268041501479043 8.2
      vertex 22.345000000000002 18 8.2
      vertex 22.377370465025386 18.245878092847395 8.2
    endloop
  endfacet
  facet normal 0 0 1
    outer loop
      vertex 20.519361490696742 21.268041501479043 8.2
      vertex 22.377370465025386 18.245878092847395 8.2
      vertex 22.472275866404786 18.475 8.2
    endloop
  endfacet
  facet normal 0 0 1
    outer loop
      vertex 20.519361490696742 21.268041501479043 8.2
      vertex 22.472275866404786 18.475 8.2
      vertex 22.62324855787278 18.67175144212722 8.2
    endloop
  endfacet
  facet normal 0 0 1
    outer loop
      vertex 20.519361490696742 21.268041501479043 8.2
      vertex 22.62324855787278 18.67175144212722 8.2
      vertex 22.82 18.822724133595216 8.2
    endloop
  endfacet
  facet normal 0 0 1
    outer loop
      vertex 20.519361490696742 21.268041501479043 8.2
      vertex 22.82 18.822724133595216 8.2
      vertex 23.049121907152607 18.917629534974616 8.2
    endloop
  endfacet
  facet normal 0 0 1
    outer loop
      vertex 24.495 18.656808466967323 8.2
      vertex 24.117724133595217 18.475 8.2
      vertex 24.212629534974617 18.245878092847395 8.2
    endloop
  endfacet
  facet normal 0 0 1
    outer loop
      vertex 24.495 18.656808466967323 8.2
      vertex 24.212629534974617 18.245878092847395 8.2
      vertex 24.245 18 8.2
    endloop
  endfacet
  facet normal 0 0 1
    outer loop
      vertex 24.495 18.656808466967323 8.2
      vertex 23.966751442127222 18.67175144212722 8.2
      vertex 24.117724133595217 18.475 8.2
    endloop
  endfacet
  facet normal 0 0 1
    outer loop
      vertex 24.495 18.656808466967323 8.2
      vertex 23.540878092847397 18.917629534974616 8.2
      vertex 23.77 18.822724133595216 8.2
    endloop
  endfacet
  facet normal 0 0 1
    outer loop
      vertex 24.495 18.656808466967323 8.2
      vertex 23.77 18.822724133595216 8.2
      vertex 23.966751442127222 18.67175144212722 8.2
    endloop
  endfacet
  facet normal 0 0 1
    outer loop
      vertex 20.519361490696742 21.268041501479043 8.2
      vertex 23.540878092847397 18.917629534974616 8.2
      vertex 24.495 18.656808466967323 8.2
    endloop
  endfacet
  facet normal 0 0 1
    outer loop
      vertex 20.519361490696742 21.268041501479043 8.2
      vertex 23.049121907152607 18.917629534974616 8.2
      vertex 23.295 18.95 8.2
    endloop
  endfacet
  facet normal 0 0 1
    outer loop
      vertex 20.519361490696742 21.268041501479043 8.2
      vertex 23.295 18.95 8.2
      vertex 23.540878092847397 18.917629534974616 8.2
    endloop
  endfacet
  facet normal 0 0 1
    outer loop
      vertex 20.519361490696742 21.268041501479043 8.2
      vertex 24.495 18.656808466967323 8.2
      vertex 25.306697437970374 19.23172275317129 8.2
    endloop
  endfacet
  facet normal 0 1 0
    outer loop
      vertex 20.50936149069674 21.28 8.2
      vertex 25.02923711610604 21.28 8.2
      vertex 25.02923711610604 21.28 3.999999997019768
    endloop
  endfacet
  facet normal 0 0 1
    outer loop
      vertex 20.519361490696742 21.268041501479043 8.2
      vertex 25.02923711610604 21.28 8.2
      vertex 20.50936149069674 21.28 8.2
    endloop
  endfacet
  facet normal 0 0 1
    outer loop
      vertex 20.519361490696742 21.268041501479043 8.2
      vertex 24.501296094332737 20.490162352605097 8.2
      vertex 25.02923711610604 21.28 8.2
    endloop
  endfacet
  facet normal 0 0 1
    outer loop
      vertex 20.519361490696742 21.268041501479043 8.2
      vertex 25.306697437970374 19.23172275317129 8.2
      vertex 24.501296094332737 20.490162352605097 8.2
    endloop
  endfacet
  facet normal 0 0 1
    outer loop
      vertex 24.501296094332737 20.490162352605097 8.2
      vertex 25.224616945055256 20.5 8.2
      vertex 25.02923711610604 21.28 8.2
    endloop
  endfacet
  facet normal 0 -1 0
    outer loop
      vertex 20.50936149069674 -3.28 3.8000000000000016
      vertex 20.809361493676974 -3.28 3.8000000000000016
      vertex 21.00936149069674 -3.28 3.999999997019768
    endloop
  endfacet
  facet normal 0 0 -1
    outer loop
      vertex 20.50936149069674 -3.28 3.8000000000000016
      vertex 20.809361493676978 3.28 3.8000000000000016
      vertex 20.809361493676974 -3.28 3.8000000000000016
    endloop
  endfacet
  facet normal -1 0 0
    outer loop
      vertex 20.50936149069674 -3.28 3.8000000000000016
      vertex 20.50936149069674 -3.28 4.000000000000001
      vertex 20.50936149069674 3.28 3.8000000000000016
    endloop
  endfacet
  facet normal 0 0 -1
    outer loop
      vertex 20.50936149069674 -3.28 3.8000000000000016
      vertex 20.50936149069674 3.28 3.8000000000000016
      vertex 20.809361493676978 3.28 3.8000000000000016
    endloop
  endfacet
  facet normal -1 0 0
    outer loop
      vertex 20.50936149069674 -3.28 4.000000000000001
      vertex 20.50936149069674 3.28 4.000000000000001
      vertex 20.50936149069674 3.28 3.8000000000000016
    endloop
  endfacet
  facet normal 0 1 0
    outer loop
      vertex 20.50936149069674 3.28 3.8000000000000016
      vertex 20.50936149069674 3.28 4.000000000000001
      vertex 20.809361493676978 3.28 3.8000000000000016
    endloop
  endfacet
  facet normal 0 1 0
    outer loop
      vertex 20.50936149069674 3.28 4.000000000000001
      vertex 21.00936149069674 3.28 3.999999997019768
      vertex 20.809361493676978 3.28 3.8000000000000016
    endloop
  endfacet
  facet normal 0 -1 0
    outer loop
      vertex 20.50936149069674 -3.28 3.8000000000000016
      vertex 25.02923711610604 -3.28 8.2
      vertex 20.50936149069674 -3.28 4.000000000000001
    endloop
  endfacet
  facet normal 0 -1 0
    outer loop
      vertex 20.50936149069674 -3.28 3.8000000000000016
      vertex 21.00936149069674 -3.28 3.999999997019768
      vertex 25.02923711610604 -3.28 8.2
    endloop
  endfacet
  facet normal 0 -1 0
    outer loop
      vertex 21.00936149069674 -3.28 3.999999997019768
      vertex 25.02923711610604 -3.28 3.999999997019768
      vertex 25.02923711610604 -3.28 8.2
    endloop
  endfacet
  facet normal 0 -1 0
    outer loop
      vertex 20.50936149069674 -3.28 4.000000000000001
      vertex 25.02923711610604 -3.28 8.2
      vertex 20.50936149069674 -3.28 8.2
    endloop
  endfacet
  facet normal 0 0 1
    outer loop
      vertex 20.50936149069674 -3.28 8.2
      vertex 25.02923711610604 -3.28 8.2
      vertex 20.50936149069674 -3.2613602552129386 8.2
    endloop
  endfacet
  facet normal 0 0 1
    outer loop
      vertex 20.50936149069674 -3.2613602552129386 8.2
      vertex 25.02923711610604 -3.28 8.2
      vertex 24.495 -2.489995103647723 8.2
    endloop
  endfacet
  facet normal 0 0 1
    outer loop
      vertex 20.50936149069674 -3.2613602552129386 8.2
      vertex 24.495 -2.489995103647723 8.2
      vertex 23.049121907152607 -0.9176295349746149 8.2
    endloop
  endfacet
  facet normal 0 0 1
    outer loop
      vertex 24.495 -2.489995103647723 8.2
      vertex 25.02923711610604 -3.28 8.2
      vertex 25.224616945055256 -2.5 8.2
    endloop
  endfacet
  facet normal 0 0 1
    outer loop
      vertex 20.50936149069674 -3.2613602552129386 8.2
      vertex 23.049121907152607 -0.9176295349746149 8.2
      vertex 22.82 -0.8227241335952167 8.2
    endloop
  endfacet
  facet normal 0 0 1
    outer loop
      vertex 20.50936149069674 -3.2613602552129386 8.2
      vertex 22.82 -0.8227241335952167 8.2
      vertex 22.62324855787278 -0.6717514421272202 8.2
    endloop
  endfacet
  facet normal 0 0 1
    outer loop
      vertex 20.50936149069674 -3.2613602552129386 8.2
      vertex 22.62324855787278 -0.6717514421272202 8.2
      vertex 22.472275866404786 -0.475 8.2
    endloop
  endfacet
  facet normal 0 0 1
    outer loop
      vertex 20.50936149069674 -3.2613602552129386 8.2
      vertex 22.472275866404786 -0.475 8.2
      vertex 22.377370465025386 -0.2458780928473947 8.2
    endloop
  endfacet
  facet normal 0 0 1
    outer loop
      vertex 24.495 -2.489995103647723 8.2
      vertex 23.295 -0.95 8.2
      vertex 23.049121907152607 -0.9176295349746149 8.2
    endloop
  endfacet
  facet normal 0 0 1
    outer loop
      vertex 24.495 -2.489995103647723 8.2
      vertex 23.540878092847397 -0.9176295349746149 8.2
      vertex 23.295 -0.95 8.2
    endloop
  endfacet
  facet normal 0 0 1
    outer loop
      vertex 24.495 -2.489995103647723 8.2
      vertex 23.77 -0.8227241335952167 8.2
      vertex 23.540878092847397 -0.9176295349746149 8.2
    endloop
  endfacet
  facet normal 0 0 1
    outer loop
      vertex 24.495 -2.489995103647723 8.2
      vertex 23.966751442127222 -0.6717514421272202 8.2
      vertex 23.77 -0.8227241335952167 8.2
    endloop
  endfacet
  facet normal 0 0 1
    outer loop
      vertex 24.495 -2.489995103647723 8.2
      vertex 24.117724133595217 -0.475 8.2
      vertex 23.966751442127222 -0.6717514421272202 8.2
    endloop
  endfacet
  facet normal 0 0 1
    outer loop
      vertex 24.495 -2.489995103647723 8.2
      vertex 24.212629534974617 -0.2458780928473947 8.2
      vertex 24.117724133595217 -0.475 8.2
    endloop
  endfacet
  facet normal 0 0 1
    outer loop
      vertex 24.495 -2.489995103647723 8.2
      vertex 24.495 0.656808466967322 8.2
      vertex 24.212629534974617 -0.2458780928473947 8.2
    endloop
  endfacet
  facet normal 0 0 1
    outer loop
      vertex 20.50936149069674 -3.2613602552129386 8.2
      vertex 22.377370465025386 -0.2458780928473947 8.2
      vertex 20.519361490696742 3.2680415014790443 8.2
    endloop
  endfacet
  facet normal 0 0 1
    outer loop
      vertex 20.519361490696742 3.2680415014790443 8.2
      vertex 22.377370465025386 -0.2458780928473947 8.2
      vertex 22.345000000000002 0 8.2
    endloop
  endfacet
  facet normal 0 0 1
    outer loop
      vertex 20.519361490696742 3.2680415014790443 8.2
      vertex 22.345000000000002 0 8.2
      vertex 22.377370465025386 0.2458780928473947 8.2
    endloop
  endfacet
  facet normal 0 0 1
    outer loop
      vertex 20.519361490696742 3.2680415014790443 8.2
      vertex 22.377370465025386 0.2458780928473947 8.2
      vertex 22.472275866404786 0.475 8.2
    endloop
  endfacet
  facet normal 0 0 1
    outer loop
      vertex 20.519361490696742 3.2680415014790443 8.2
      vertex 22.472275866404786 0.475 8.2
      vertex 22.62324855787278 0.6717514421272202 8.2
    endloop
  endfacet
  facet normal 0 0 1
    outer loop
      vertex 20.519361490696742 3.2680415014790443 8.2
      vertex 22.62324855787278 0.6717514421272202 8.2
      vertex 22.82 0.8227241335952167 8.2
    endloop
  endfacet
  facet normal 0 0 1
    outer loop
      vertex 24.495 0.656808466967322 8.2
      vertex 24.245 0 8.2
      vertex 24.212629534974617 -0.2458780928473947 8.2
    endloop
  endfacet
  facet normal 0 0 1
    outer loop
      vertex 24.495 0.656808466967322 8.2
      vertex 24.212629534974617 0.2458780928473947 8.2
      vertex 24.245 0 8.2
    endloop
  endfacet
  facet normal 0 0 1
    outer loop
      vertex 24.495 0.656808466967322 8.2
      vertex 24.117724133595217 0.475 8.2
      vertex 24.212629534974617 0.2458780928473947 8.2
    endloop
  endfacet
  facet normal 0 0 1
    outer loop
      vertex 24.495 0.656808466967322 8.2
      vertex 23.966751442127222 0.6717514421272202 8.2
      vertex 24.117724133595217 0.475 8.2
    endloop
  endfacet
  facet normal 0 0 1
    outer loop
      vertex 24.495 0.656808466967322 8.2
      vertex 23.540878092847397 0.9176295349746149 8.2
      vertex 23.77 0.8227241335952167 8.2
    endloop
  endfacet
  facet normal 0 0 1
    outer loop
      vertex 24.495 0.656808466967322 8.2
      vertex 23.77 0.8227241335952167 8.2
      vertex 23.966751442127222 0.6717514421272202 8.2
    endloop
  endfacet
  facet normal 0 1 0
    outer loop
      vertex 20.50936149069674 3.28 4.000000000000001
      vertex 20.50936149069674 3.28 8.2
      vertex 21.00936149069674 3.28 3.999999997019768
    endloop
  endfacet
  facet normal 0 1 0
    outer loop
      vertex 21.00936149069674 3.28 3.999999997019768
      vertex 20.50936149069674 3.28 8.2
      vertex 25.02923711610604 3.28 3.999999997019768
    endloop
  endfacet
  facet normal 0 1 0
    outer loop
      vertex 20.50936149069674 3.28 8.2
      vertex 25.02923711610604 3.28 8.2
      vertex 25.02923711610604 3.28 3.999999997019768
    endloop
  endfacet
  facet normal 0 0 1
    outer loop
      vertex 20.519361490696742 3.2680415014790443 8.2
      vertex 22.82 0.8227241335952167 8.2
      vertex 23.049121907152607 0.9176295349746149 8.2
    endloop
  endfacet
  facet normal 0 0 1
    outer loop
      vertex 20.519361490696742 3.2680415014790443 8.2
      vertex 25.02923711610604 3.28 8.2
      vertex 20.50936149069674 3.28 8.2
    endloop
  endfacet
  facet normal 0 0 1
    outer loop
      vertex 20.519361490696742 3.2680415014790443 8.2
      vertex 23.049121907152607 0.9176295349746149 8.2
      vertex 23.295 0.95 8.2
    endloop
  endfacet
  facet normal 0 0 1
    outer loop
      vertex 20.519361490696742 3.2680415014790443 8.2
      vertex 23.295 0.95 8.2
      vertex 23.540878092847397 0.9176295349746149 8.2
    endloop
  endfacet
  facet normal 0 0 1
    outer loop
      vertex 20.519361490696742 3.2680415014790443 8.2
      vertex 23.540878092847397 0.9176295349746149 8.2
      vertex 24.495 0.656808466967322 8.2
    endloop
  endfacet
  facet normal 0 0 1
    outer loop
      vertex 20.519361490696742 3.2680415014790443 8.2
      vertex 24.495 0.656808466967322 8.2
      vertex 25.306697437970374 1.23172275317129 8.2
    endloop
  endfacet
  facet normal 0 0 1
    outer loop
      vertex 20.519361490696742 3.2680415014790443 8.2
      vertex 25.306697437970374 1.23172275317129 8.2
      vertex 24.501296094332737 2.4901623526050964 8.2
    endloop
  endfacet
  facet normal 0 0 1
    outer loop
      vertex 20.519361490696742 3.2680415014790443 8.2
      vertex 24.501296094332737 2.4901623526050964 8.2
      vertex 25.02923711610604 3.28 8.2
    endloop
  endfacet
  facet normal 0 0 1
    outer loop
      vertex 24.501296094332737 2.4901623526050964 8.2
      vertex 25.224616945055256 2.5 8.2
      vertex 25.02923711610604 3.28 8.2
    endloop
  endfacet
  facet normal 0.9039892931234438 -0.42755509343028103 0
    outer loop
      vertex 24.111995522270064 12.41499999910593 0.4000000029802324
      vertex 24.30118143192182 12.814999997615814 -2.9802320611338473e-9
      vertex 24.111995522270064 12.41499999910593 3.4000000029802324
    endloop
  endfacet
  facet normal 0.9700312531945131 -0.24298017990325568 2.5256783291930483e-7
    outer loop
      vertex 24.978284028786508 14.516583872946452 -2.9802320611338473e-9
      vertex 25.264423364838766 15.65891613580646 -2.9802320611338473e-9
      vertex 25.224616945055256 15.5 0
    endloop
  endfacet
  facet normal 0.970031253194543 -0.2429801799032679 7.02771541980318e-10
    outer loop
      vertex 25.224616945055256 15.5 0
      vertex 25.264423364838766 15.65891613580646 -2.9802320611338473e-9
      vertex 25.264423364838766 15.65891613580646 0
    endloop
  endfacet
  facet normal 0.989176509964781 -0.1467304744553616 0
    outer loop
      vertex 25.264423364838766 15.65891613580646 -2.9802320611338473e-9
      vertex 25.437216720066363 16.823794316045273 -2.9802320611338473e-9
      vertex 25.264423364838766 15.65891613580646 0
    endloop
  endfacet
  facet normal 0.9039892931234426 -0.4275550934302841 3.749897958060414e-18
    outer loop
      vertex 24.30118143192182 12.814999997615814 -2.9802320611338473e-9
      vertex 24.58155439013544 13.407798811618923 -2.9802320611338473e-9
      vertex 24.58155439013544 13.407798811618923 3.999999997019768
    endloop
  endfacet
  facet normal 0.9415440651830204 -0.3368898533922211 5.4171652836336135e-18
    outer loop
      vertex 24.58155439013544 13.407798811618923 -2.9802320611338473e-9
      vertex 24.978284028786508 14.516583872946452 -2.9802320611338473e-9
      vertex 24.978284028786508 14.516583872946452 3.999999997019768
    endloop
  endfacet
  facet normal 0.9039892931234429 -0.4275550934302829 -2.752585761274711e-16
    outer loop
      vertex 24.30118143192182 12.814999997615814 -2.9802320611338473e-9
      vertex 24.39577438850963 13.015000000596046 3.999999997019768
      vertex 24.111995522270064 12.41499999910593 3.4000000029802324
    endloop
  endfacet
  facet normal 0.9039892931234432 -0.4275550934302823 -3.1371098051803637e-16
    outer loop
      vertex 24.30118143192182 12.814999997615814 -2.9802320611338473e-9
      vertex 24.58155439013544 13.407798811618923 3.999999997019768
      vertex 24.39577438850963 13.015000000596046 3.999999997019768
    endloop
  endfacet
  facet normal 0.9415440651830204 -0.3368898533922211 0
    outer loop
      vertex 24.58155439013544 13.407798811618923 -2.9802320611338473e-9
      vertex 24.978284028786508 14.516583872946452 3.999999997019768
      vertex 24.58155439013544 13.407798811618923 3.999999997019768
    endloop
  endfacet
  facet normal 0.970031253194545 -0.24298017990326004 0
    outer loop
      vertex 24.978284028786508 14.516583872946452 -2.9802320611338473e-9
      vertex 25.02923711610604 14.72 3.999999997019768
      vertex 24.978284028786508 14.516583872946452 3.999999997019768
    endloop
  endfacet
  facet normal 0.9700312531945444 -0.2429801799032628 7.557454697715819e-19
    outer loop
      vertex 24.978284028786508 14.516583872946452 -2.9802320611338473e-9
      vertex 25.224616945055256 15.5 0
      vertex 25.224616945055256 15.5 8.2
    endloop
  endfacet
  facet normal 0.9700312531945439 -0.24298017990326468 2.482675376638464e-16
    outer loop
      vertex 24.978284028786508 14.516583872946452 -2.9802320611338473e-9
      vertex 25.224616945055256 15.5 8.2
      vertex 25.02923711610604 14.72 3.999999997019768
    endloop
  endfacet
  facet normal 0.989176509964781 -0.1467304744553616 1.812413876092111e-9
    outer loop
      vertex 25.264423364838766 15.65891613580646 0
      vertex 25.437216720066363 16.823794316045273 -2.9802320611338473e-9
      vertex 25.437216720066363 16.823794316045273 0
    endloop
  endfacet
  facet normal 0.9987954562051724 -0.04906767432741834 0
    outer loop
      vertex 25.437216720066363 16.823794316045273 -2.9802320611338473e-9
      vertex 25.495 18 -2.9802320611338473e-9
      vertex 25.437216720066363 16.823794316045273 0
    endloop
  endfacet
  facet normal 0.9987954562051724 -0.04906767432741834 -1.104121764629948e-9
    outer loop
      vertex 25.437216720066363 16.823794316045273 0
      vertex 25.495 18 -2.9802320611338473e-9
      vertex 25.495 18 0
    endloop
  endfacet
  facet normal 0.9987954562051724 0.04906767432741834 0
    outer loop
      vertex 25.495 18 -2.9802320611338473e-9
      vertex 25.437216720066363 19.176205683954727 -2.9802320611338473e-9
      vertex 25.495 18 0
    endloop
  endfacet
  facet normal 0.9987954562051724 0.04906767432741834 1.104121764629948e-9
    outer loop
      vertex 25.495 18 0
      vertex 25.437216720066363 19.176205683954727 -2.9802320611338473e-9
      vertex 25.437216720066363 19.176205683954727 0
    endloop
  endfacet
  facet normal 0.989176509964781 0.1467304744553616 0
    outer loop
      vertex 25.437216720066363 19.176205683954727 -2.9802320611338473e-9
      vertex 25.264423364838766 20.34108386419354 -2.9802320611338473e-9
      vertex 25.437216720066363 19.176205683954727 0
    endloop
  endfacet
  facet normal 0.989176509964781 0.1467304744553616 -1.812413876092111e-9
    outer loop
      vertex 25.437216720066363 19.176205683954727 0
      vertex 25.264423364838766 20.34108386419354 -2.9802320611338473e-9
      vertex 25.264423364838766 20.34108386419354 0
    endloop
  endfacet
  facet normal 0.970031253194543 0.2429801799032679 0
    outer loop
      vertex 25.264423364838766 20.34108386419354 -2.9802320611338473e-9
      vertex 25.224616945055256 20.5 0
      vertex 25.264423364838766 20.34108386419354 0
    endloop
  endfacet
  facet normal 0.9700312531945128 0.2429801799032556 2.542374262592989e-7
    outer loop
      vertex 24.978284028786508 21.483416127053548 -2.9802320611338473e-9
      vertex 25.224616945055256 20.5 0
      vertex 25.264423364838766 20.34108386419354 -2.9802320611338473e-9
    endloop
  endfacet
  facet normal 0.9039892931234429 0.427555093430283 -2.8011972443802723e-16
    outer loop
      vertex 24.30118143192182 23.185000002384186 -2.9802320611338473e-9
      vertex 24.111995522270064 23.58500000089407 3.4000000029802324
      vertex 24.58155439013544 22.592201188381075 -2.9802320611338473e-9
    endloop
  endfacet
  facet normal 0.9039892931234438 0.42755509343028103 -4.490642347642035e-18
    outer loop
      vertex 24.30118143192182 23.185000002384186 -2.9802320611338473e-9
      vertex 24.111995522270064 23.58500000089407 0.4000000029802324
      vertex 24.111995522270064 23.58500000089407 3.4000000029802324
    endloop
  endfacet
  facet normal 0.9700312531945443 0.2429801799032627 0
    outer loop
      vertex 24.978284028786508 21.483416127053548 -2.9802320611338473e-9
      vertex 24.978284028786508 21.483416127053548 3.999999997019768
      vertex 25.224616945055256 20.5 0
    endloop
  endfacet
  facet normal 0.9415440651830203 0.33688985339222166 2.7772130173158978e-18
    outer loop
      vertex 24.978284028786508 21.483416127053548 -2.9802320611338473e-9
      vertex 24.58155439013544 22.592201188381075 -2.9802320611338473e-9
      vertex 24.58155439013544 22.592201188381075 3.999999997019768
    endloop
  endfacet
  facet normal 0.9039892931234429 0.427555093430283 -2.7483972916441535e-16
    outer loop
      vertex 24.58155439013544 22.592201188381075 -2.9802320611338473e-9
      vertex 24.111995522270064 23.58500000089407 3.4000000029802324
      vertex 24.39577438850963 22.984999999403954 3.999999997019768
    endloop
  endfacet
  facet normal 0.9039892931234439 0.42755509343028064 0
    outer loop
      vertex 24.58155439013544 22.592201188381075 -2.9802320611338473e-9
      vertex 24.39577438850963 22.984999999403954 3.999999997019768
      vertex 24.58155439013544 22.592201188381075 3.999999997019768
    endloop
  endfacet
  facet normal 0.9700312531945445 0.24298017990326207 1.7663065220662488e-16
    outer loop
      vertex 24.978284028786508 21.483416127053548 3.999999997019768
      vertex 25.02923711610604 21.28 3.999999997019768
      vertex 25.224616945055256 20.5 0
    endloop
  endfacet
  facet normal 0.9415440651830203 0.33688985339222166 0
    outer loop
      vertex 24.978284028786508 21.483416127053548 -2.9802320611338473e-9
      vertex 24.58155439013544 22.592201188381075 3.999999997019768
      vertex 24.978284028786508 21.483416127053548 3.999999997019768
    endloop
  endfacet
  facet normal 0.9700312531945443 0.24298017990326287 6.348143594140694e-19
    outer loop
      vertex 25.224616945055256 20.5 0
      vertex 25.02923711610604 21.28 3.999999997019768
      vertex 25.02923711610604 21.28 8.2
    endloop
  endfacet
  facet normal 0.9700312531945441 -0.2429801799032634 0
    outer loop
      vertex 25.02923711610604 14.72 3.999999997019768
      vertex 25.224616945055256 15.5 8.2
      vertex 25.02923711610604 14.72 8.2
    endloop
  endfacet
  facet normal 0.9700312531945442 0.24298017990326287 0
    outer loop
      vertex 25.224616945055256 20.5 0
      vertex 25.02923711610604 21.28 8.2
      vertex 25.224616945055256 20.5 8.2
    endloop
  endfacet
  facet normal 0.9700312531945131 -0.24298017990325568 2.5256783291930483e-7
    outer loop
      vertex 24.978284028786508 -3.483416127053548 -2.9802320611338473e-9
      vertex 25.264423364838766 -2.341083864193539 -2.9802320611338473e-9
      vertex 25.224616945055256 -2.5 0
    endloop
  endfacet
  facet normal 0.970031253194543 -0.2429801799032679 7.02771541980318e-10
    outer loop
      vertex 25.224616945055256 -2.5 0
      vertex 25.264423364838766 -2.341083864193539 -2.9802320611338473e-9
      vertex 25.264423364838766 -2.341083864193539 0
    endloop
  endfacet
  facet normal 0.9039892931234438 -0.42755509343028103 0
    outer loop
      vertex 24.111995522270064 -5.58500000089407 0.4000000029802324
      vertex 24.30118143192182 -5.185000002384186 -2.9802320611338473e-9
      vertex 24.111995522270064 -5.58500000089407 3.4000000029802324
    endloop
  endfacet
  facet normal 0.9039892931234426 -0.4275550934302841 3.749897958060414e-18
    outer loop
      vertex 24.30118143192182 -5.185000002384186 -2.9802320611338473e-9
      vertex 24.58155439013544 -4.592201188381077 -2.9802320611338473e-9
      vertex 24.58155439013544 -4.592201188381077 3.999999997019768
    endloop
  endfacet
  facet normal 0.9415440651830204 -0.3368898533922211 5.4171652836336135e-18
    outer loop
      vertex 24.58155439013544 -4.592201188381077 -2.9802320611338473e-9
      vertex 24.978284028786508 -3.483416127053548 -2.9802320611338473e-9
      vertex 24.978284028786508 -3.483416127053548 3.999999997019768
    endloop
  endfacet
  facet normal 0.989176509964781 -0.14673047445536164 0
    outer loop
      vertex 25.264423364838766 -2.341083864193539 -2.9802320611338473e-9
      vertex 25.437216720066363 -1.1762056839547272 -2.9802320611338473e-9
      vertex 25.264423364838766 -2.341083864193539 0
    endloop
  endfacet
  facet normal 0.989176509964781 -0.14673047445536164 -1.2113713962054681e-9
    outer loop
      vertex 25.264423364838766 -2.341083864193539 0
      vertex 25.437216720066363 -1.1762056839547272 -2.9802320611338473e-9
      vertex 25.437216720066363 -1.1762056839547272 0
    endloop
  endfacet
  facet normal 0.9987954562051724 -0.04906767432741833 0
    outer loop
      vertex 25.437216720066363 -1.1762056839547272 -2.9802320611338473e-9
      vertex 25.495 0 -2.9802320611338473e-9
      vertex 25.437216720066363 -1.1762056839547272 0
    endloop
  endfacet
  facet normal 0.9987954562051724 -0.04906767432741833 -1.4025387433563378e-9
    outer loop
      vertex 25.437216720066363 -1.1762056839547272 0
      vertex 25.495 0 -2.9802320611338473e-9
      vertex 25.495 0 0
    endloop
  endfacet
  facet normal 0.9987954562051724 0.04906767432741833 0
    outer loop
      vertex 25.495 0 -2.9802320611338473e-9
      vertex 25.437216720066363 1.1762056839547272 -2.9802320611338473e-9
      vertex 25.495 0 0
    endloop
  endfacet
  facet normal 0.9987954562051724 0.04906767432741833 1.4025387433563378e-9
    outer loop
      vertex 25.495 0 0
      vertex 25.437216720066363 1.1762056839547272 -2.9802320611338473e-9
      vertex 25.437216720066363 1.1762056839547272 0
    endloop
  endfacet
  facet normal 0.989176509964781 0.14673047445536164 0
    outer loop
      vertex 25.437216720066363 1.1762056839547272 -2.9802320611338473e-9
      vertex 25.264423364838766 2.341083864193539 -2.9802320611338473e-9
      vertex 25.437216720066363 1.1762056839547272 0
    endloop
  endfacet
  facet normal 0.9039892931234429 -0.4275550934302829 -2.752585761274711e-16
    outer loop
      vertex 24.30118143192182 -5.185000002384186 -2.9802320611338473e-9
      vertex 24.39577438850963 -4.9849999994039536 3.999999997019768
      vertex 24.111995522270064 -5.58500000089407 3.4000000029802324
    endloop
  endfacet
  facet normal 0.9039892931234432 -0.4275550934302823 -3.1371098051803637e-16
    outer loop
      vertex 24.30118143192182 -5.185000002384186 -2.9802320611338473e-9
      vertex 24.58155439013544 -4.592201188381077 3.999999997019768
      vertex 24.39577438850963 -4.9849999994039536 3.999999997019768
    endloop
  endfacet
  facet normal 0.9415440651830204 -0.3368898533922211 0
    outer loop
      vertex 24.58155439013544 -4.592201188381077 -2.9802320611338473e-9
      vertex 24.978284028786508 -3.483416127053548 3.999999997019768
      vertex 24.58155439013544 -4.592201188381077 3.999999997019768
    endloop
  endfacet
  facet normal 0.9700312531945449 -0.24298017990326057 0
    outer loop
      vertex 24.978284028786508 -3.483416127053548 -2.9802320611338473e-9
      vertex 25.02923711610604 -3.28 3.999999997019768
      vertex 24.978284028786508 -3.483416127053548 3.999999997019768
    endloop
  endfacet
  facet normal 0.9700312531945444 -0.2429801799032628 7.557454697715819e-19
    outer loop
      vertex 24.978284028786508 -3.483416127053548 -2.9802320611338473e-9
      vertex 25.224616945055256 -2.5 0
      vertex 25.224616945055256 -2.5 8.2
    endloop
  endfacet
  facet normal 0.9700312531945439 -0.24298017990326432 2.014309613056162e-16
    outer loop
      vertex 24.978284028786508 -3.483416127053548 -2.9802320611338473e-9
      vertex 25.224616945055256 -2.5 8.2
      vertex 25.02923711610604 -3.28 3.999999997019768
    endloop
  endfacet
  facet normal 0.989176509964781 0.14673047445536164 1.2113713962054681e-9
    outer loop
      vertex 25.437216720066363 1.1762056839547272 0
      vertex 25.264423364838766 2.341083864193539 -2.9802320611338473e-9
      vertex 25.264423364838766 2.341083864193539 0
    endloop
  endfacet
  facet normal 0.970031253194543 0.2429801799032679 0
    outer loop
      vertex 25.264423364838766 2.341083864193539 -2.9802320611338473e-9
      vertex 25.224616945055256 2.5 0
      vertex 25.264423364838766 2.341083864193539 0
    endloop
  endfacet
  facet normal 0.9700312531945128 0.2429801799032556 2.542374262592989e-7
    outer loop
      vertex 24.978284028786508 3.483416127053548 -2.9802320611338473e-9
      vertex 25.224616945055256 2.5 0
      vertex 25.264423364838766 2.341083864193539 -2.9802320611338473e-9
    endloop
  endfacet
  facet normal 0.9039892931234423 0.42755509343028403 -4.3084845543883723e-16
    outer loop
      vertex 24.30118143192182 5.185000002384186 -2.9802320611338473e-9
      vertex 24.111995522270064 5.58500000089407 3.4000000029802324
      vertex 24.58155439013544 4.592201188381077 -2.9802320611338473e-9
    endloop
  endfacet
  facet normal 0.9700312531945443 0.2429801799032627 0
    outer loop
      vertex 24.978284028786508 3.483416127053548 -2.9802320611338473e-9
      vertex 24.978284028786508 3.483416127053548 3.999999997019768
      vertex 25.224616945055256 2.5 0
    endloop
  endfacet
  facet normal 0.9415440651830204 0.3368898533922211 -5.4171652836336135e-18
    outer loop
      vertex 24.978284028786508 3.483416127053548 -2.9802320611338473e-9
      vertex 24.58155439013544 4.592201188381077 -2.9802320611338473e-9
      vertex 24.58155439013544 4.592201188381077 3.999999997019768
    endloop
  endfacet
  facet normal 0.9039892931234438 0.42755509343028103 -4.490642347642035e-18
    outer loop
      vertex 24.30118143192182 5.185000002384186 -2.9802320611338473e-9
      vertex 24.111995522270064 5.58500000089407 0.4000000029802324
      vertex 24.111995522270064 5.58500000089407 3.4000000029802324
    endloop
  endfacet
  facet normal 0.9039892931234428 0.4275550934302831 -9.347357875806456e-17
    outer loop
      vertex 24.58155439013544 4.592201188381077 -2.9802320611338473e-9
      vertex 24.111995522270064 5.58500000089407 3.4000000029802324
      vertex 24.39577438850963 4.9849999994039536 3.999999997019768
    endloop
  endfacet
  facet normal 0.9039892931234432 0.4275550934302823 0
    outer loop
      vertex 24.58155439013544 4.592201188381077 -2.9802320611338473e-9
      vertex 24.39577438850963 4.9849999994039536 3.999999997019768
      vertex 24.58155439013544 4.592201188381077 3.999999997019768
    endloop
  endfacet
  facet normal 0.9700312531945449 0.24298017990326054 5.654326248420161e-16
    outer loop
      vertex 24.978284028786508 3.483416127053548 3.999999997019768
      vertex 25.02923711610604 3.28 3.999999997019768
      vertex 25.224616945055256 2.5 0
    endloop
  endfacet
  facet normal 0.9415440651830204 0.3368898533922211 0
    outer loop
      vertex 24.978284028786508 3.483416127053548 -2.9802320611338473e-9
      vertex 24.58155439013544 4.592201188381077 3.999999997019768
      vertex 24.978284028786508 3.483416127053548 3.999999997019768
    endloop
  endfacet
  facet normal 0.9700312531945442 0.2429801799032633 3.743308832693986e-18
    outer loop
      vertex 25.224616945055256 2.5 0
      vertex 25.02923711610604 3.28 3.999999997019768
      vertex 25.02923711610604 3.28 8.2
    endloop
  endfacet
  facet normal 0.9700312531945442 -0.2429801799032633 0
    outer loop
      vertex 25.02923711610604 -3.28 3.999999997019768
      vertex 25.224616945055256 -2.5 8.2
      vertex 25.02923711610604 -3.28 8.2
    endloop
  endfacet
  facet normal 0.9700312531945442 0.24298017990326326 0
    outer loop
      vertex 25.224616945055256 2.5 0
      vertex 25.02923711610604 3.28 8.2
      vertex 25.224616945055256 2.5 8.2
    endloop
  endfacet
  facet normal 0 0 -1
    outer loop
      vertex 25.224616945055256 15.5 0
      vertex 25.264423364838766 15.65891613580646 0
      vertex 27.695 15.5 0
    endloop
  endfacet
  facet normal 0 0 -1
    outer loop
      vertex 25.264423364838766 15.65891613580646 0
      vertex 25.437216720066363 16.823794316045273 0
      vertex 27.695 15.5 0
    endloop
  endfacet
  facet normal 0 -1 0
    outer loop
      vertex 25.224616945055256 15.5 0
      vertex 27.695 15.5 0
      vertex 25.224616945055256 15.5 8.2
    endloop
  endfacet
  facet normal 0 0 -1
    outer loop
      vertex 25.437216720066363 16.823794316045273 0
      vertex 27.695 17.2 0
      vertex 27.695 15.5 0
    endloop
  endfacet
  facet normal 0 0 -1
    outer loop
      vertex 25.437216720066363 16.823794316045273 0
      vertex 27.52 17.246891108675445 0
      vertex 27.695 17.2 0
    endloop
  endfacet
  facet normal 0 0 -1
    outer loop
      vertex 25.437216720066363 16.823794316045273 0
      vertex 27.345 17.55 0
      vertex 27.391891108675445 17.375 0
    endloop
  endfacet
  facet normal 0 0 -1
    outer loop
      vertex 25.437216720066363 16.823794316045273 0
      vertex 27.391891108675445 17.375 0
      vertex 27.52 17.246891108675445 0
    endloop
  endfacet
  facet normal 0 0 -1
    outer loop
      vertex 25.437216720066363 16.823794316045273 0
      vertex 27.391891108675445 17.725 0
      vertex 27.345 17.55 0
    endloop
  endfacet
  facet normal 0 0 -1
    outer loop
      vertex 25.437216720066363 16.823794316045273 0
      vertex 27.52 17.853108891324553 0
      vertex 27.391891108675445 17.725 0
    endloop
  endfacet
  facet normal 0 0 -1
    outer loop
      vertex 25.437216720066363 16.823794316045273 0
      vertex 27.52 18.146891108675447 0
      vertex 27.52 17.853108891324553 0
    endloop
  endfacet
  facet normal 0 0 -1
    outer loop
      vertex 25.437216720066363 16.823794316045273 0
      vertex 27.391891108675445 18.275 0
      vertex 27.52 18.146891108675447 0
    endloop
  endfacet
  facet normal 0 0 -1
    outer loop
      vertex 25.437216720066363 16.823794316045273 0
      vertex 27.345 18.45 0
      vertex 27.391891108675445 18.275 0
    endloop
  endfacet
  facet normal 0 0 -1
    outer loop
      vertex 25.437216720066363 16.823794316045273 0
      vertex 27.391891108675445 18.625 0
      vertex 27.345 18.45 0
    endloop
  endfacet
  facet normal 0 0 -1
    outer loop
      vertex 25.437216720066363 16.823794316045273 0
      vertex 27.52 18.753108891324555 0
      vertex 27.391891108675445 18.625 0
    endloop
  endfacet
  facet normal 0 0 -1
    outer loop
      vertex 27.695 17.9 0
      vertex 27.52 17.853108891324553 0
      vertex 27.695 18.1 0
    endloop
  endfacet
  facet normal 0 0 -1
    outer loop
      vertex 27.52 17.853108891324553 0
      vertex 27.52 18.146891108675447 0
      vertex 27.695 18.1 0
    endloop
  endfacet
  facet normal 0 0 -1
    outer loop
      vertex 25.437216720066363 16.823794316045273 0
      vertex 25.495 18 0
      vertex 27.695 20.5 0
    endloop
  endfacet
  facet normal 0 0 -1
    outer loop
      vertex 25.437216720066363 16.823794316045273 0
      vertex 27.695 20.5 0
      vertex 27.52 18.753108891324555 0
    endloop
  endfacet
  facet normal 0 0 -1
    outer loop
      vertex 25.495 18 0
      vertex 25.437216720066363 19.176205683954727 0
      vertex 27.695 20.5 0
    endloop
  endfacet
  facet normal 0 0 -1
    outer loop
      vertex 25.437216720066363 19.176205683954727 0
      vertex 25.264423364838766 20.34108386419354 0
      vertex 27.695 20.5 0
    endloop
  endfacet
  facet normal 0 0 -1
    outer loop
      vertex 27.695 20.5 0
      vertex 27.695 18.8 0
      vertex 27.52 18.753108891324555 0
    endloop
  endfacet
  facet normal 0 0 -1
    outer loop
      vertex 25.264423364838766 20.34108386419354 0
      vertex 25.224616945055256 20.5 0
      vertex 27.695 20.5 0
    endloop
  endfacet
  facet normal 1 0 0
    outer loop
      vertex 27.695 15.5 0
      vertex 27.695 17.2 0
      vertex 27.695 17.2 8.2
    endloop
  endfacet
  facet normal 1 0 0
    outer loop
      vertex 27.695 17.9 0
      vertex 27.695 18.1 0
      vertex 27.695 18.1 8.2
    endloop
  endfacet
  facet normal 1 0 0
    outer loop
      vertex 27.695 20.5 0
      vertex 27.695 20.5 8.2
      vertex 27.695 18.8 0
    endloop
  endfacet
  facet normal 0 1 0
    outer loop
      vertex 25.224616945055256 20.5 0
      vertex 27.695 20.5 8.2
      vertex 27.695 20.5 0
    endloop
  endfacet
  facet normal 0 -1 0
    outer loop
      vertex 27.695 15.5 0
      vertex 27.695 15.5 8.2
      vertex 25.224616945055256 15.5 8.2
    endloop
  endfacet
  facet normal 1 0 0
    outer loop
      vertex 27.695 15.5 0
      vertex 27.695 17.2 8.2
      vertex 27.695 15.5 8.2
    endloop
  endfacet
  facet normal 1 0 0
    outer loop
      vertex 27.695 17.9 0
      vertex 27.695 18.1 8.2
      vertex 27.695 17.9 8.2
    endloop
  endfacet
  facet normal 1 0 0
    outer loop
      vertex 27.695 20.5 8.2
      vertex 27.695 18.8 8.2
      vertex 27.695 18.8 0
    endloop
  endfacet
  facet normal 0 1 0
    outer loop
      vertex 25.224616945055256 20.5 0
      vertex 25.224616945055256 20.5 8.2
      vertex 27.695 20.5 8.2
    endloop
  endfacet
  facet normal 0 0 1
    outer loop
      vertex 24.495 15.510004896352278 8.2
      vertex 25.224616945055256 15.5 8.2
      vertex 24.495 18.656808466967323 8.2
    endloop
  endfacet
  facet normal 0 0 1
    outer loop
      vertex 25.224616945055256 15.5 8.2
      vertex 27.695 15.5 8.2
      vertex 24.495 18.656808466967323 8.2
    endloop
  endfacet
  facet normal 0 0 1
    outer loop
      vertex 27.695 15.5 8.2
      vertex 27.52 17.246891108675445 8.2
      vertex 25.306697437970374 19.23172275317129 8.2
    endloop
  endfacet
  facet normal 0 0 1
    outer loop
      vertex 27.695 15.5 8.2
      vertex 25.306697437970374 19.23172275317129 8.2
      vertex 24.495 18.656808466967323 8.2
    endloop
  endfacet
  facet normal 0 0 1
    outer loop
      vertex 25.306697437970374 19.23172275317129 8.2
      vertex 27.52 17.246891108675445 8.2
      vertex 27.391891108675445 17.375 8.2
    endloop
  endfacet
  facet normal 0 0 1
    outer loop
      vertex 25.306697437970374 19.23172275317129 8.2
      vertex 27.391891108675445 17.375 8.2
      vertex 27.345 17.55 8.2
    endloop
  endfacet
  facet normal 0 0 1
    outer loop
      vertex 25.306697437970374 19.23172275317129 8.2
      vertex 27.345 17.55 8.2
      vertex 27.391891108675445 17.725 8.2
    endloop
  endfacet
  facet normal 0 0 1
    outer loop
      vertex 27.695 15.5 8.2
      vertex 27.695 17.2 8.2
      vertex 27.52 17.246891108675445 8.2
    endloop
  endfacet
  facet normal 0 0 1
    outer loop
      vertex 27.52 17.853108891324553 8.2
      vertex 27.695 17.9 8.2
      vertex 27.52 18.146891108675447 8.2
    endloop
  endfacet
  facet normal 0 0 1
    outer loop
      vertex 27.695 17.9 8.2
      vertex 27.695 18.1 8.2
      vertex 27.52 18.146891108675447 8.2
    endloop
  endfacet
  facet normal 0 0 1
    outer loop
      vertex 25.306697437970374 19.23172275317129 8.2
      vertex 27.391891108675445 17.725 8.2
      vertex 27.52 17.853108891324553 8.2
    endloop
  endfacet
  facet normal 0 0 1
    outer loop
      vertex 25.306697437970374 19.23172275317129 8.2
      vertex 27.52 17.853108891324553 8.2
      vertex 27.52 18.146891108675447 8.2
    endloop
  endfacet
  facet normal 0 0 1
    outer loop
      vertex 25.306697437970374 19.23172275317129 8.2
      vertex 27.52 18.146891108675447 8.2
      vertex 27.391891108675445 18.275 8.2
    endloop
  endfacet
  facet normal 0 0 1
    outer loop
      vertex 25.306697437970374 19.23172275317129 8.2
      vertex 27.391891108675445 18.275 8.2
      vertex 27.345 18.45 8.2
    endloop
  endfacet
  facet normal 0 0 1
    outer loop
      vertex 25.306697437970374 19.23172275317129 8.2
      vertex 27.345 18.45 8.2
      vertex 27.391891108675445 18.625 8.2
    endloop
  endfacet
  facet normal 0 0 1
    outer loop
      vertex 25.306697437970374 19.23172275317129 8.2
      vertex 27.391891108675445 18.625 8.2
      vertex 27.52 18.753108891324555 8.2
    endloop
  endfacet
  facet normal 0 0 1
    outer loop
      vertex 25.306697437970374 19.23172275317129 8.2
      vertex 27.52 18.753108891324555 8.2
      vertex 27.695 18.8 8.2
    endloop
  endfacet
  facet normal 0 0 1
    outer loop
      vertex 24.501296094332737 20.490162352605097 8.2
      vertex 25.306697437970374 19.23172275317129 8.2
      vertex 25.224616945055256 20.5 8.2
    endloop
  endfacet
  facet normal 0 0 1
    outer loop
      vertex 25.306697437970374 19.23172275317129 8.2
      vertex 27.695 18.8 8.2
      vertex 27.695 20.5 8.2
    endloop
  endfacet
  facet normal 0 0 1
    outer loop
      vertex 25.306697437970374 19.23172275317129 8.2
      vertex 27.695 20.5 8.2
      vertex 25.224616945055256 20.5 8.2
    endloop
  endfacet
  facet normal 0 0 -1
    outer loop
      vertex 25.224616945055256 -2.5 0
      vertex 25.264423364838766 -2.341083864193539 0
      vertex 27.695 -2.5 0
    endloop
  endfacet
  facet normal 0 0 -1
    outer loop
      vertex 25.264423364838766 -2.341083864193539 0
      vertex 25.437216720066363 -1.1762056839547272 0
      vertex 27.695 -2.5 0
    endloop
  endfacet
  facet normal 0 0 -1
    outer loop
      vertex 25.437216720066363 -1.1762056839547272 0
      vertex 27.695 -0.8 0
      vertex 27.695 -2.5 0
    endloop
  endfacet
  facet normal 0 0 -1
    outer loop
      vertex 25.437216720066363 -1.1762056839547272 0
      vertex 27.345 -0.45 0
      vertex 27.391891108675445 -0.625 0
    endloop
  endfacet
  facet normal 0 0 -1
    outer loop
      vertex 25.437216720066363 -1.1762056839547272 0
      vertex 27.52 -0.7531088913245535 0
      vertex 27.695 -0.8 0
    endloop
  endfacet
  facet normal 0 0 -1
    outer loop
      vertex 25.437216720066363 -1.1762056839547272 0
      vertex 27.391891108675445 -0.625 0
      vertex 27.52 -0.7531088913245535 0
    endloop
  endfacet
  facet normal 0 0 -1
    outer loop
      vertex 25.437216720066363 -1.1762056839547272 0
      vertex 27.391891108675445 -0.275 0
      vertex 27.345 -0.45 0
    endloop
  endfacet
  facet normal 0 0 -1
    outer loop
      vertex 25.437216720066363 -1.1762056839547272 0
      vertex 27.52 -0.14689110867544652 0
      vertex 27.391891108675445 -0.275 0
    endloop
  endfacet
  facet normal 0 0 -1
    outer loop
      vertex 25.437216720066363 -1.1762056839547272 0
      vertex 27.52 0.14689110867544652 0
      vertex 27.52 -0.14689110867544652 0
    endloop
  endfacet
  facet normal 0 0 -1
    outer loop
      vertex 25.437216720066363 -1.1762056839547272 0
      vertex 27.345 0.45 0
      vertex 27.391891108675445 0.275 0
    endloop
  endfacet
  facet normal 0 0 -1
    outer loop
      vertex 25.437216720066363 -1.1762056839547272 0
      vertex 27.391891108675445 0.625 0
      vertex 27.345 0.45 0
    endloop
  endfacet
  facet normal 0 0 -1
    outer loop
      vertex 25.437216720066363 -1.1762056839547272 0
      vertex 27.391891108675445 0.275 0
      vertex 27.52 0.14689110867544652 0
    endloop
  endfacet
  facet normal 0 0 -1
    outer loop
      vertex 25.437216720066363 -1.1762056839547272 0
      vertex 27.52 0.7531088913245535 0
      vertex 27.391891108675445 0.625 0
    endloop
  endfacet
  facet normal 0 0 -1
    outer loop
      vertex 25.437216720066363 -1.1762056839547272 0
      vertex 25.495 0 0
      vertex 27.695 2.5 0
    endloop
  endfacet
  facet normal 0 0 -1
    outer loop
      vertex 25.437216720066363 -1.1762056839547272 0
      vertex 27.695 2.5 0
      vertex 27.52 0.7531088913245535 0
    endloop
  endfacet
  facet normal 0 0 -1
    outer loop
      vertex 25.495 0 0
      vertex 25.437216720066363 1.1762056839547272 0
      vertex 27.695 2.5 0
    endloop
  endfacet
  facet normal 0 0 -1
    outer loop
      vertex 27.695 -0.10000000000000003 0
      vertex 27.52 -0.14689110867544652 0
      vertex 27.695 0.10000000000000003 0
    endloop
  endfacet
  facet normal 0 0 -1
    outer loop
      vertex 27.52 -0.14689110867544652 0
      vertex 27.52 0.14689110867544652 0
      vertex 27.695 0.10000000000000003 0
    endloop
  endfacet
  facet normal 0 0 -1
    outer loop
      vertex 27.695 2.5 0
      vertex 27.695 0.8 0
      vertex 27.52 0.7531088913245535 0
    endloop
  endfacet
  facet normal 0 -1 0
    outer loop
      vertex 25.224616945055256 -2.5 0
      vertex 27.695 -2.5 0
      vertex 25.224616945055256 -2.5 8.2
    endloop
  endfacet
  facet normal 1 0 0
    outer loop
      vertex 27.695 -2.5 0
      vertex 27.695 -0.8 0
      vertex 27.695 -0.8 8.2
    endloop
  endfacet
  facet normal 1 0 0
    outer loop
      vertex 27.695 -0.10000000000000003 0
      vertex 27.695 0.10000000000000003 0
      vertex 27.695 0.10000000000000003 8.2
    endloop
  endfacet
  facet normal 0 0 -1
    outer loop
      vertex 25.437216720066363 1.1762056839547272 0
      vertex 25.264423364838766 2.341083864193539 0
      vertex 27.695 2.5 0
    endloop
  endfacet
  facet normal 0 0 -1
    outer loop
      vertex 25.264423364838766 2.341083864193539 0
      vertex 25.224616945055256 2.5 0
      vertex 27.695 2.5 0
    endloop
  endfacet
  facet normal 0 1 0
    outer loop
      vertex 25.224616945055256 2.5 0
      vertex 27.695 2.5 8.2
      vertex 27.695 2.5 0
    endloop
  endfacet
  facet normal 1 0 0
    outer loop
      vertex 27.695 2.5 0
      vertex 27.695 2.5 8.2
      vertex 27.695 0.8 0
    endloop
  endfacet
  facet normal 0 -1 0
    outer loop
      vertex 27.695 -2.5 0
      vertex 27.695 -2.5 8.2
      vertex 25.224616945055256 -2.5 8.2
    endloop
  endfacet
  facet normal 1 0 0
    outer loop
      vertex 27.695 -2.5 0
      vertex 27.695 -0.8 8.2
      vertex 27.695 -2.5 8.2
    endloop
  endfacet
  facet normal 1 0 0
    outer loop
      vertex 27.695 -0.10000000000000003 0
      vertex 27.695 0.10000000000000003 8.2
      vertex 27.695 -0.10000000000000003 8.2
    endloop
  endfacet
  facet normal 1 0 0
    outer loop
      vertex 27.695 2.5 8.2
      vertex 27.695 0.8 8.2
      vertex 27.695 0.8 0
    endloop
  endfacet
  facet normal 0 0 1
    outer loop
      vertex 24.495 -2.489995103647723 8.2
      vertex 25.224616945055256 -2.5 8.2
      vertex 24.495 0.656808466967322 8.2
    endloop
  endfacet
  facet normal 0 0 1
    outer loop
      vertex 25.224616945055256 -2.5 8.2
      vertex 27.695 -2.5 8.2
      vertex 24.495 0.656808466967322 8.2
    endloop
  endfacet
  facet normal 0 0 1
    outer loop
      vertex 27.695 -2.5 8.2
      vertex 27.52 -0.7531088913245535 8.2
      vertex 25.306697437970374 1.23172275317129 8.2
    endloop
  endfacet
  facet normal 0 0 1
    outer loop
      vertex 27.695 -2.5 8.2
      vertex 27.695 -0.8 8.2
      vertex 27.52 -0.7531088913245535 8.2
    endloop
  endfacet
  facet normal 0 0 1
    outer loop
      vertex 27.695 -2.5 8.2
      vertex 25.306697437970374 1.23172275317129 8.2
      vertex 24.495 0.656808466967322 8.2
    endloop
  endfacet
  facet normal 0 0 1
    outer loop
      vertex 25.306697437970374 1.23172275317129 8.2
      vertex 27.52 -0.7531088913245535 8.2
      vertex 27.391891108675445 -0.625 8.2
    endloop
  endfacet
  facet normal 0 0 1
    outer loop
      vertex 25.306697437970374 1.23172275317129 8.2
      vertex 27.391891108675445 -0.625 8.2
      vertex 27.345 -0.45 8.2
    endloop
  endfacet
  facet normal 0 0 1
    outer loop
      vertex 25.306697437970374 1.23172275317129 8.2
      vertex 27.345 -0.45 8.2
      vertex 27.391891108675445 -0.275 8.2
    endloop
  endfacet
  facet normal 0 0 1
    outer loop
      vertex 25.306697437970374 1.23172275317129 8.2
      vertex 27.391891108675445 -0.275 8.2
      vertex 27.52 -0.14689110867544652 8.2
    endloop
  endfacet
  facet normal 0 0 1
    outer loop
      vertex 25.306697437970374 1.23172275317129 8.2
      vertex 27.52 -0.14689110867544652 8.2
      vertex 27.52 0.14689110867544652 8.2
    endloop
  endfacet
  facet normal 0 0 1
    outer loop
      vertex 25.306697437970374 1.23172275317129 8.2
      vertex 27.52 0.14689110867544652 8.2
      vertex 27.391891108675445 0.275 8.2
    endloop
  endfacet
  facet normal 0 0 1
    outer loop
      vertex 25.306697437970374 1.23172275317129 8.2
      vertex 27.391891108675445 0.275 8.2
      vertex 27.345 0.45 8.2
    endloop
  endfacet
  facet normal 0 0 1
    outer loop
      vertex 25.306697437970374 1.23172275317129 8.2
      vertex 27.345 0.45 8.2
      vertex 27.391891108675445 0.625 8.2
    endloop
  endfacet
  facet normal 0 0 1
    outer loop
      vertex 25.306697437970374 1.23172275317129 8.2
      vertex 27.391891108675445 0.625 8.2
      vertex 27.52 0.7531088913245535 8.2
    endloop
  endfacet
  facet normal 0 0 1
    outer loop
      vertex 25.306697437970374 1.23172275317129 8.2
      vertex 27.52 0.7531088913245535 8.2
      vertex 27.695 0.8 8.2
    endloop
  endfacet
  facet normal 0 0 1
    outer loop
      vertex 25.306697437970374 1.23172275317129 8.2
      vertex 27.695 0.8 8.2
      vertex 27.695 2.5 8.2
    endloop
  endfacet
  facet normal 0 0 1
    outer loop
      vertex 27.52 -0.14689110867544652 8.2
      vertex 27.695 -0.10000000000000003 8.2
      vertex 27.52 0.14689110867544652 8.2
    endloop
  endfacet
  facet normal 0 0 1
    outer loop
      vertex 27.695 -0.10000000000000003 8.2
      vertex 27.695 0.10000000000000003 8.2
      vertex 27.52 0.14689110867544652 8.2
    endloop
  endfacet
  facet normal 0 1 0
    outer loop
      vertex 25.224616945055256 2.5 0
      vertex 25.224616945055256 2.5 8.2
      vertex 27.695 2.5 8.2
    endloop
  endfacet
  facet normal 0 0 1
    outer loop
      vertex 24.501296094332737 2.4901623526050964 8.2
      vertex 25.306697437970374 1.23172275317129 8.2
      vertex 25.224616945055256 2.5 8.2
    endloop
  endfacet
  facet normal 0 0 1
    outer loop
      vertex 25.306697437970374 1.23172275317129 8.2
      vertex 27.695 2.5 8.2
      vertex 25.224616945055256 2.5 8.2
    endloop
  endfacet
  facet normal 0.25881904510251735 0.9659258262890693 0
    outer loop
      vertex 27.52 17.246891108675445 0
      vertex 27.52 17.246891108675445 8.2
      vertex 27.695 17.2 0
    endloop
  endfacet
  facet normal 0.7071067811865475 0.7071067811865475 2.3294433677673855e-19
    outer loop
      vertex 27.52 17.246891108675445 0
      vertex 27.391891108675445 17.375 0
      vertex 27.391891108675445 17.375 8.2
    endloop
  endfacet
  facet normal 0.9659258262890693 0.25881904510251735 -4.747746170197085e-19
    outer loop
      vertex 27.391891108675445 17.375 0
      vertex 27.345 17.55 0
      vertex 27.345 17.55 8.2
    endloop
  endfacet
  facet normal 0.9659258262890693 -0.25881904510251735 4.747746170197085e-19
    outer loop
      vertex 27.345 17.55 0
      vertex 27.391891108675445 17.725 0
      vertex 27.391891108675445 17.725 8.2
    endloop
  endfacet
  facet normal 0.7071067811865377 -0.7071067811865572 0
    outer loop
      vertex 27.52 17.853108891324553 0
      vertex 27.52 17.853108891324553 8.2
      vertex 27.391891108675445 17.725 0
    endloop
  endfacet
  facet normal 0.25881904510251735 -0.9659258262890693 0
    outer loop
      vertex 27.695 17.9 0
      vertex 27.695 17.9 8.2
      vertex 27.52 17.853108891324553 0
    endloop
  endfacet
  facet normal 0.7071067811865475 0.7071067811865475 0
    outer loop
      vertex 27.52 17.246891108675445 0
      vertex 27.391891108675445 17.375 8.2
      vertex 27.52 17.246891108675445 8.2
    endloop
  endfacet
  facet normal 0.25881904510251735 0.9659258262890693 0
    outer loop
      vertex 27.695 17.2 8.2
      vertex 27.695 17.2 0
      vertex 27.52 17.246891108675445 8.2
    endloop
  endfacet
  facet normal 0.9659258262890693 0.25881904510251735 0
    outer loop
      vertex 27.391891108675445 17.375 0
      vertex 27.345 17.55 8.2
      vertex 27.391891108675445 17.375 8.2
    endloop
  endfacet
  facet normal 0.9659258262890693 -0.25881904510251735 0
    outer loop
      vertex 27.345 17.55 0
      vertex 27.391891108675445 17.725 8.2
      vertex 27.345 17.55 8.2
    endloop
  endfacet
  facet normal 0.7071067811865377 -0.7071067811865572 0
    outer loop
      vertex 27.391891108675445 17.725 0
      vertex 27.52 17.853108891324553 8.2
      vertex 27.391891108675445 17.725 8.2
    endloop
  endfacet
  facet normal 0.25881904510251735 -0.9659258262890693 0
    outer loop
      vertex 27.52 17.853108891324553 0
      vertex 27.695 17.9 8.2
      vertex 27.52 17.853108891324553 8.2
    endloop
  endfacet
  facet normal 0.2588190451025202 0.9659258262890684 0
    outer loop
      vertex 27.52 -0.7531088913245535 0
      vertex 27.52 -0.7531088913245535 8.2
      vertex 27.695 -0.8 0
    endloop
  endfacet
  facet normal 0.7071067811865442 0.7071067811865509 4.532373861704446e-19
    outer loop
      vertex 27.52 -0.7531088913245535 0
      vertex 27.391891108675445 -0.625 0
      vertex 27.391891108675445 -0.625 8.2
    endloop
  endfacet
  facet normal 0.965925826289069 0.2588190451025183 1.1688792265808957e-19
    outer loop
      vertex 27.391891108675445 -0.625 0
      vertex 27.345 -0.45 0
      vertex 27.345 -0.45 8.2
    endloop
  endfacet
  facet normal 0.965925826289069 -0.2588190451025183 -1.1688792265808957e-19
    outer loop
      vertex 27.345 -0.45 0
      vertex 27.391891108675445 -0.275 0
      vertex 27.391891108675445 -0.275 8.2
    endloop
  endfacet
  facet normal 0.7071067811865442 -0.7071067811865509 0
    outer loop
      vertex 27.52 -0.14689110867544652 0
      vertex 27.52 -0.14689110867544652 8.2
      vertex 27.391891108675445 -0.275 0
    endloop
  endfacet
  facet normal 0.2588190451025199 -0.9659258262890685 0
    outer loop
      vertex 27.695 -0.10000000000000003 0
      vertex 27.695 -0.10000000000000003 8.2
      vertex 27.52 -0.14689110867544652 0
    endloop
  endfacet
  facet normal 0.2588190451025202 0.9659258262890684 0
    outer loop
      vertex 27.695 -0.8 8.2
      vertex 27.695 -0.8 0
      vertex 27.52 -0.7531088913245535 8.2
    endloop
  endfacet
  facet normal 0.7071067811865442 0.7071067811865509 0
    outer loop
      vertex 27.52 -0.7531088913245535 0
      vertex 27.391891108675445 -0.625 8.2
      vertex 27.52 -0.7531088913245535 8.2
    endloop
  endfacet
  facet normal 0.965925826289069 0.2588190451025183 0
    outer loop
      vertex 27.391891108675445 -0.625 0
      vertex 27.345 -0.45 8.2
      vertex 27.391891108675445 -0.625 8.2
    endloop
  endfacet
  facet normal 0.965925826289069 -0.2588190451025183 0
    outer loop
      vertex 27.345 -0.45 0
      vertex 27.391891108675445 -0.275 8.2
      vertex 27.345 -0.45 8.2
    endloop
  endfacet
  facet normal 0.7071067811865442 -0.7071067811865509 0
    outer loop
      vertex 27.391891108675445 -0.275 0
      vertex 27.52 -0.14689110867544652 8.2
      vertex 27.391891108675445 -0.275 8.2
    endloop
  endfacet
  facet normal 0.2588190451025199 -0.9659258262890685 0
    outer loop
      vertex 27.52 -0.14689110867544652 0
      vertex 27.695 -0.10000000000000003 8.2
      vertex 27.52 -0.14689110867544652 8.2
    endloop
  endfacet
  facet normal 0.25881904510251735 0.9659258262890693 0
    outer loop
      vertex 27.52 18.146891108675447 0
      vertex 27.52 18.146891108675447 8.2
      vertex 27.695 18.1 0
    endloop
  endfacet
  facet normal 0.7071067811865377 0.7071067811865572 6.614922249190997e-19
    outer loop
      vertex 27.52 18.146891108675447 0
      vertex 27.391891108675445 18.275 0
      vertex 27.391891108675445 18.275 8.2
    endloop
  endfacet
  facet normal 0.9659258262890693 0.25881904510251735 -4.747746170197085e-19
    outer loop
      vertex 27.391891108675445 18.275 0
      vertex 27.345 18.45 0
      vertex 27.345 18.45 8.2
    endloop
  endfacet
  facet normal 0.9659258262890693 -0.25881904510251735 4.747746170197085e-19
    outer loop
      vertex 27.345 18.45 0
      vertex 27.391891108675445 18.625 0
      vertex 27.391891108675445 18.625 8.2
    endloop
  endfacet
  facet normal 0.7071067811865475 -0.7071067811865475 0
    outer loop
      vertex 27.52 18.753108891324555 0
      vertex 27.52 18.753108891324555 8.2
      vertex 27.391891108675445 18.625 0
    endloop
  endfacet
  facet normal 0.25881904510251735 -0.9659258262890693 0
    outer loop
      vertex 27.695 18.8 0
      vertex 27.695 18.8 8.2
      vertex 27.52 18.753108891324555 0
    endloop
  endfacet
  facet normal 0.25881904510251735 0.9659258262890693 0
    outer loop
      vertex 27.695 18.1 8.2
      vertex 27.695 18.1 0
      vertex 27.52 18.146891108675447 8.2
    endloop
  endfacet
  facet normal 0.7071067811865377 0.7071067811865572 0
    outer loop
      vertex 27.52 18.146891108675447 0
      vertex 27.391891108675445 18.275 8.2
      vertex 27.52 18.146891108675447 8.2
    endloop
  endfacet
  facet normal 0.9659258262890693 0.25881904510251735 0
    outer loop
      vertex 27.391891108675445 18.275 0
      vertex 27.345 18.45 8.2
      vertex 27.391891108675445 18.275 8.2
    endloop
  endfacet
  facet normal 0.9659258262890693 -0.25881904510251735 0
    outer loop
      vertex 27.345 18.45 0
      vertex 27.391891108675445 18.625 8.2
      vertex 27.345 18.45 8.2
    endloop
  endfacet
  facet normal 0.7071067811865475 -0.7071067811865475 0
    outer loop
      vertex 27.391891108675445 18.625 0
      vertex 27.52 18.753108891324555 8.2
      vertex 27.391891108675445 18.625 8.2
    endloop
  endfacet
  facet normal 0.25881904510251735 -0.9659258262890693 0
    outer loop
      vertex 27.52 18.753108891324555 0
      vertex 27.695 18.8 8.2
      vertex 27.52 18.753108891324555 8.2
    endloop
  endfacet
  facet normal 0.2588190451025199 0.9659258262890685 0
    outer loop
      vertex 27.52 0.14689110867544652 0
      vertex 27.52 0.14689110867544652 8.2
      vertex 27.695 0.10000000000000003 0
    endloop
  endfacet
  facet normal 0.7071067811865442 0.7071067811865509 4.532373861704446e-19
    outer loop
      vertex 27.52 0.14689110867544652 0
      vertex 27.391891108675445 0.275 0
      vertex 27.391891108675445 0.275 8.2
    endloop
  endfacet
  facet normal 0.965925826289069 0.2588190451025183 1.1688792265808957e-19
    outer loop
      vertex 27.391891108675445 0.275 0
      vertex 27.345 0.45 0
      vertex 27.345 0.45 8.2
    endloop
  endfacet
  facet normal 0.965925826289069 -0.2588190451025183 -1.1688792265808957e-19
    outer loop
      vertex 27.345 0.45 0
      vertex 27.391891108675445 0.625 0
      vertex 27.391891108675445 0.625 8.2
    endloop
  endfacet
  facet normal 0.7071067811865442 -0.7071067811865509 0
    outer loop
      vertex 27.52 0.7531088913245535 0
      vertex 27.52 0.7531088913245535 8.2
      vertex 27.391891108675445 0.625 0
    endloop
  endfacet
  facet normal 0.2588190451025202 -0.9659258262890684 0
    outer loop
      vertex 27.695 0.8 0
      vertex 27.695 0.8 8.2
      vertex 27.52 0.7531088913245535 0
    endloop
  endfacet
  facet normal 0.7071067811865442 0.7071067811865509 0
    outer loop
      vertex 27.52 0.14689110867544652 0
      vertex 27.391891108675445 0.275 8.2
      vertex 27.52 0.14689110867544652 8.2
    endloop
  endfacet
  facet normal 0.2588190451025199 0.9659258262890685 0
    outer loop
      vertex 27.695 0.10000000000000003 8.2
      vertex 27.695 0.10000000000000003 0
      vertex 27.52 0.14689110867544652 8.2
    endloop
  endfacet
  facet normal 0.965925826289069 0.2588190451025183 0
    outer loop
      vertex 27.391891108675445 0.275 0
      vertex 27.345 0.45 8.2
      vertex 27.391891108675445 0.275 8.2
    endloop
  endfacet
  facet normal 0.965925826289069 -0.2588190451025183 0
    outer loop
      vertex 27.345 0.45 0
      vertex 27.391891108675445 0.625 8.2
      vertex 27.345 0.45 8.2
    endloop
  endfacet
  facet normal 0.7071067811865442 -0.7071067811865509 0
    outer loop
      vertex 27.391891108675445 0.625 0
      vertex 27.52 0.7531088913245535 8.2
      vertex 27.391891108675445 0.625 8.2
    endloop
  endfacet
  facet normal 0.2588190451025202 -0.9659258262890684 0
    outer loop
      vertex 27.52 0.7531088913245535 0
      vertex 27.695 0.8 8.2
      vertex 27.52 0.7531088913245535 8.2
    endloop
  endfacet
  facet normal 0.608761429008719 0.7933533402912363 -1.6530750512559626e-19
    outer loop
      vertex 22.82 17.177275866404784 -2.9802320611338473e-9
      vertex 22.62324855787278 17.32824855787278 -2.9802320611338473e-9
      vertex 22.62324855787278 17.32824855787278 8.2
    endloop
  endfacet
  facet normal 0.13052619222004608 0.991444861373811 0
    outer loop
      vertex 23.049121907152607 17.082370465025384 -2.9802320611338473e-9
      vertex 23.049121907152607 17.082370465025384 8.2
      vertex 23.295 17.05 -2.9802320611338473e-9
    endloop
  endfacet
  facet normal 0.38268343236509345 0.9238795325112852 0
    outer loop
      vertex 22.82 17.177275866404784 -2.9802320611338473e-9
      vertex 22.82 17.177275866404784 8.2
      vertex 23.049121907152607 17.082370465025384 -2.9802320611338473e-9
    endloop
  endfacet
  facet normal -0.13052619222004608 0.991444861373811 0
    outer loop
      vertex 23.295 17.05 -2.9802320611338473e-9
      vertex 23.295 17.05 8.2
      vertex 23.540878092847397 17.082370465025384 -2.9802320611338473e-9
    endloop
  endfacet
  facet normal -0.38268343236509855 0.9238795325112832 0
    outer loop
      vertex 23.540878092847397 17.082370465025384 -2.9802320611338473e-9
      vertex 23.540878092847397 17.082370465025384 8.2
      vertex 23.77 17.177275866404784 -2.9802320611338473e-9
    endloop
  endfacet
  facet normal -0.608761429008712 0.7933533402912416 0
    outer loop
      vertex 23.77 17.177275866404784 -2.9802320611338473e-9
      vertex 23.77 17.177275866404784 8.2
      vertex 23.966751442127222 17.32824855787278 -2.9802320611338473e-9
    endloop
  endfacet
  facet normal 0.7933533402912363 0.608761429008719 -1.6530750512559626e-19
    outer loop
      vertex 22.62324855787278 17.32824855787278 -2.9802320611338473e-9
      vertex 22.472275866404786 17.525 -2.9802320611338473e-9
      vertex 22.472275866404786 17.525 8.2
    endloop
  endfacet
  facet normal 0.9238795325112852 0.38268343236509345 -1.8208665276807468e-19
    outer loop
      vertex 22.472275866404786 17.525 -2.9802320611338473e-9
      vertex 22.377370465025386 17.754121907152605 -2.9802320611338473e-9
      vertex 22.377370465025386 17.754121907152605 8.2
    endloop
  endfacet
  facet normal 0.991444861373811 0.13052619222004608 -9.1733485181805e-20
    outer loop
      vertex 22.377370465025386 17.754121907152605 -2.9802320611338473e-9
      vertex 22.345000000000002 18 -2.9802320611338473e-9
      vertex 22.345000000000002 18 8.2
    endloop
  endfacet
  facet normal 0.991444861373811 -0.13052619222004608 9.1733485181805e-20
    outer loop
      vertex 22.345000000000002 18 -2.9802320611338473e-9
      vertex 22.377370465025386 18.245878092847395 -2.9802320611338473e-9
      vertex 22.377370465025386 18.245878092847395 8.2
    endloop
  endfacet
  facet normal -0.7933533402912363 0.608761429008719 0
    outer loop
      vertex 23.966751442127222 17.32824855787278 -2.9802320611338473e-9
      vertex 23.966751442127222 17.32824855787278 8.2
      vertex 24.117724133595217 17.525 -2.9802320611338473e-9
    endloop
  endfacet
  facet normal -0.9238795325112852 0.38268343236509345 1.8208665276807468e-19
    outer loop
      vertex 24.212629534974617 17.754121907152605 -2.9802320611338473e-9
      vertex 24.117724133595217 17.525 -2.9802320611338473e-9
      vertex 24.117724133595217 17.525 8.2
    endloop
  endfacet
  facet normal -0.991444861373811 0.13052619222004608 0
    outer loop
      vertex 24.212629534974617 17.754121907152605 -2.9802320611338473e-9
      vertex 24.212629534974617 17.754121907152605 8.2
      vertex 24.245 18 -2.9802320611338473e-9
    endloop
  endfacet
  facet normal -0.991444861373811 -0.13052619222004608 0
    outer loop
      vertex 24.245 18 -2.9802320611338473e-9
      vertex 24.245 18 8.2
      vertex 24.212629534974617 18.245878092847395 -2.9802320611338473e-9
    endloop
  endfacet
  facet normal 0.9238795325112852 -0.38268343236509345 1.8208665276807468e-19
    outer loop
      vertex 22.377370465025386 18.245878092847395 -2.9802320611338473e-9
      vertex 22.472275866404786 18.475 -2.9802320611338473e-9
      vertex 22.472275866404786 18.475 8.2
    endloop
  endfacet
  facet normal 0.7933533402912363 -0.608761429008719 0
    outer loop
      vertex 22.62324855787278 18.67175144212722 8.2
      vertex 22.472275866404786 18.475 -2.9802320611338473e-9
      vertex 22.62324855787278 18.67175144212722 -2.9802320611338473e-9
    endloop
  endfacet
  facet normal 0.608761429008719 -0.7933533402912363 0
    outer loop
      vertex 22.82 18.822724133595216 8.2
      vertex 22.62324855787278 18.67175144212722 -2.9802320611338473e-9
      vertex 22.82 18.822724133595216 -2.9802320611338473e-9
    endloop
  endfacet
  facet normal 0.38268343236509345 -0.9238795325112852 0
    outer loop
      vertex 23.049121907152607 18.917629534974616 8.2
      vertex 22.82 18.822724133595216 -2.9802320611338473e-9
      vertex 23.049121907152607 18.917629534974616 -2.9802320611338473e-9
    endloop
  endfacet
  facet normal 0.13052619222004608 -0.991444861373811 0
    outer loop
      vertex 23.295 18.95 8.2
      vertex 23.049121907152607 18.917629534974616 -2.9802320611338473e-9
      vertex 23.295 18.95 -2.9802320611338473e-9
    endloop
  endfacet
  facet normal -0.9238795325112852 -0.38268343236509345 0
    outer loop
      vertex 24.212629534974617 18.245878092847395 8.2
      vertex 24.117724133595217 18.475 -2.9802320611338473e-9
      vertex 24.212629534974617 18.245878092847395 -2.9802320611338473e-9
    endloop
  endfacet
  facet normal -0.7933533402912363 -0.608761429008719 0
    outer loop
      vertex 24.117724133595217 18.475 8.2
      vertex 23.966751442127222 18.67175144212722 -2.9802320611338473e-9
      vertex 24.117724133595217 18.475 -2.9802320611338473e-9
    endloop
  endfacet
  facet normal -0.13052619222004608 -0.991444861373811 0
    outer loop
      vertex 23.540878092847397 18.917629534974616 8.2
      vertex 23.295 18.95 -2.9802320611338473e-9
      vertex 23.540878092847397 18.917629534974616 -2.9802320611338473e-9
    endloop
  endfacet
  facet normal -0.608761429008712 -0.7933533402912416 0
    outer loop
      vertex 23.966751442127222 18.67175144212722 8.2
      vertex 23.77 18.822724133595216 -2.9802320611338473e-9
      vertex 23.966751442127222 18.67175144212722 -2.9802320611338473e-9
    endloop
  endfacet
  facet normal -0.38268343236509855 -0.9238795325112832 0
    outer loop
      vertex 23.77 18.822724133595216 8.2
      vertex 23.540878092847397 18.917629534974616 -2.9802320611338473e-9
      vertex 23.77 18.822724133595216 -2.9802320611338473e-9
    endloop
  endfacet
  facet normal 0.13052619222004608 0.991444861373811 0
    outer loop
      vertex 23.295 17.05 -2.9802320611338473e-9
      vertex 23.049121907152607 17.082370465025384 8.2
      vertex 23.295 17.05 8.2
    endloop
  endfacet
  facet normal 0.38268343236509345 0.9238795325112852 0
    outer loop
      vertex 23.049121907152607 17.082370465025384 -2.9802320611338473e-9
      vertex 22.82 17.177275866404784 8.2
      vertex 23.049121907152607 17.082370465025384 8.2
    endloop
  endfacet
  facet normal 0.608761429008719 0.7933533402912363 0
    outer loop
      vertex 22.82 17.177275866404784 -2.9802320611338473e-9
      vertex 22.62324855787278 17.32824855787278 8.2
      vertex 22.82 17.177275866404784 8.2
    endloop
  endfacet
  facet normal -0.13052619222004608 0.991444861373811 0
    outer loop
      vertex 23.540878092847397 17.082370465025384 -2.9802320611338473e-9
      vertex 23.295 17.05 8.2
      vertex 23.540878092847397 17.082370465025384 8.2
    endloop
  endfacet
  facet normal -0.38268343236509855 0.9238795325112832 0
    outer loop
      vertex 23.77 17.177275866404784 -2.9802320611338473e-9
      vertex 23.540878092847397 17.082370465025384 8.2
      vertex 23.77 17.177275866404784 8.2
    endloop
  endfacet
  facet normal -0.608761429008712 0.7933533402912416 0
    outer loop
      vertex 23.966751442127222 17.32824855787278 -2.9802320611338473e-9
      vertex 23.77 17.177275866404784 8.2
      vertex 23.966751442127222 17.32824855787278 8.2
    endloop
  endfacet
  facet normal 0.7933533402912363 0.608761429008719 0
    outer loop
      vertex 22.62324855787278 17.32824855787278 -2.9802320611338473e-9
      vertex 22.472275866404786 17.525 8.2
      vertex 22.62324855787278 17.32824855787278 8.2
    endloop
  endfacet
  facet normal 0.9238795325112852 0.38268343236509345 0
    outer loop
      vertex 22.472275866404786 17.525 -2.9802320611338473e-9
      vertex 22.377370465025386 17.754121907152605 8.2
      vertex 22.472275866404786 17.525 8.2
    endloop
  endfacet
  facet normal 0.991444861373811 0.13052619222004608 0
    outer loop
      vertex 22.377370465025386 17.754121907152605 -2.9802320611338473e-9
      vertex 22.345000000000002 18 8.2
      vertex 22.377370465025386 17.754121907152605 8.2
    endloop
  endfacet
  facet normal 0.991444861373811 -0.13052619222004608 0
    outer loop
      vertex 22.345000000000002 18 -2.9802320611338473e-9
      vertex 22.377370465025386 18.245878092847395 8.2
      vertex 22.345000000000002 18 8.2
    endloop
  endfacet
  facet normal -0.7933533402912363 0.608761429008719 0
    outer loop
      vertex 24.117724133595217 17.525 -2.9802320611338473e-9
      vertex 23.966751442127222 17.32824855787278 8.2
      vertex 24.117724133595217 17.525 8.2
    endloop
  endfacet
  facet normal -0.9238795325112852 0.38268343236509345 1.8208665276807468e-19
    outer loop
      vertex 24.117724133595217 17.525 8.2
      vertex 24.212629534974617 17.754121907152605 8.2
      vertex 24.212629534974617 17.754121907152605 -2.9802320611338473e-9
    endloop
  endfacet
  facet normal -0.991444861373811 0.13052619222004608 9.1733485181805e-20
    outer loop
      vertex 24.212629534974617 17.754121907152605 8.2
      vertex 24.245 18 8.2
      vertex 24.245 18 -2.9802320611338473e-9
    endloop
  endfacet
  facet normal -0.991444861373811 -0.13052619222004608 -9.1733485181805e-20
    outer loop
      vertex 24.245 18 8.2
      vertex 24.212629534974617 18.245878092847395 8.2
      vertex 24.212629534974617 18.245878092847395 -2.9802320611338473e-9
    endloop
  endfacet
  facet normal 0.9238795325112852 -0.38268343236509345 0
    outer loop
      vertex 22.377370465025386 18.245878092847395 -2.9802320611338473e-9
      vertex 22.472275866404786 18.475 8.2
      vertex 22.377370465025386 18.245878092847395 8.2
    endloop
  endfacet
  facet normal 0.7933533402912363 -0.608761429008719 1.6530750512559626e-19
    outer loop
      vertex 22.62324855787278 18.67175144212722 8.2
      vertex 22.472275866404786 18.475 8.2
      vertex 22.472275866404786 18.475 -2.9802320611338473e-9
    endloop
  endfacet
  facet normal 0.608761429008719 -0.7933533402912363 0
    outer loop
      vertex 22.62324855787278 18.67175144212722 -2.9802320611338473e-9
      vertex 22.82 18.822724133595216 8.2
      vertex 22.62324855787278 18.67175144212722 8.2
    endloop
  endfacet
  facet normal 0.38268343236509345 -0.9238795325112852 0
    outer loop
      vertex 22.82 18.822724133595216 8.2
      vertex 22.82 18.822724133595216 -2.9802320611338473e-9
      vertex 23.049121907152607 18.917629534974616 8.2
    endloop
  endfacet
  facet normal 0.13052619222004608 -0.991444861373811 0
    outer loop
      vertex 23.049121907152607 18.917629534974616 8.2
      vertex 23.049121907152607 18.917629534974616 -2.9802320611338473e-9
      vertex 23.295 18.95 8.2
    endloop
  endfacet
  facet normal -0.9238795325112852 -0.38268343236509345 -1.8208665276807468e-19
    outer loop
      vertex 24.212629534974617 18.245878092847395 8.2
      vertex 24.117724133595217 18.475 8.2
      vertex 24.117724133595217 18.475 -2.9802320611338473e-9
    endloop
  endfacet
  facet normal -0.7933533402912363 -0.608761429008719 -1.6530750512559626e-19
    outer loop
      vertex 24.117724133595217 18.475 8.2
      vertex 23.966751442127222 18.67175144212722 8.2
      vertex 23.966751442127222 18.67175144212722 -2.9802320611338473e-9
    endloop
  endfacet
  facet normal -0.13052619222004608 -0.991444861373811 0
    outer loop
      vertex 23.295 18.95 8.2
      vertex 23.295 18.95 -2.9802320611338473e-9
      vertex 23.540878092847397 18.917629534974616 8.2
    endloop
  endfacet
  facet normal -0.38268343236509855 -0.9238795325112832 0
    outer loop
      vertex 23.540878092847397 18.917629534974616 8.2
      vertex 23.540878092847397 18.917629534974616 -2.9802320611338473e-9
      vertex 23.77 18.822724133595216 8.2
    endloop
  endfacet
  facet normal -0.608761429008712 -0.7933533402912416 0
    outer loop
      vertex 23.77 18.822724133595216 8.2
      vertex 23.77 18.822724133595216 -2.9802320611338473e-9
      vertex 23.966751442127222 18.67175144212722 8.2
    endloop
  endfacet
  facet normal 0.6087614290087224 0.7933533402912339 5.980640547440903e-19
    outer loop
      vertex 22.82 -0.8227241335952167 -2.9802320611338473e-9
      vertex 22.62324855787278 -0.6717514421272202 -2.9802320611338473e-9
      vertex 22.62324855787278 -0.6717514421272202 8.2
    endloop
  endfacet
  facet normal 0.38268343236508806 0.9238795325112874 0
    outer loop
      vertex 22.82 -0.8227241335952167 -2.9802320611338473e-9
      vertex 22.82 -0.8227241335952167 8.2
      vertex 23.049121907152607 -0.9176295349746149 -2.9802320611338473e-9
    endloop
  endfacet
  facet normal 0.13052619222005135 0.9914448613738105 0
    outer loop
      vertex 23.049121907152607 -0.9176295349746149 -2.9802320611338473e-9
      vertex 23.049121907152607 -0.9176295349746149 8.2
      vertex 23.295 -0.95 -2.9802320611338473e-9
    endloop
  endfacet
  facet normal 0.7933533402912378 0.6087614290087171 7.216148253023633e-19
    outer loop
      vertex 22.62324855787278 -0.6717514421272202 -2.9802320611338473e-9
      vertex 22.472275866404786 -0.475 -2.9802320611338473e-9
      vertex 22.472275866404786 -0.475 8.2
    endloop
  endfacet
  facet normal 0.9238795325112845 0.38268343236509517 5.117714662393208e-19
    outer loop
      vertex 22.472275866404786 -0.475 -2.9802320611338473e-9
      vertex 22.377370465025386 -0.2458780928473947 -2.9802320611338473e-9
      vertex 22.377370465025386 -0.2458780928473947 8.2
    endloop
  endfacet
  facet normal -0.13052619222005135 0.9914448613738105 0
    outer loop
      vertex 23.295 -0.95 -2.9802320611338473e-9
      vertex 23.295 -0.95 8.2
      vertex 23.540878092847397 -0.9176295349746149 -2.9802320611338473e-9
    endloop
  endfacet
  facet normal -0.38268343236509317 0.9238795325112854 0
    outer loop
      vertex 23.540878092847397 -0.9176295349746149 -2.9802320611338473e-9
      vertex 23.540878092847397 -0.9176295349746149 8.2
      vertex 23.77 -0.8227241335952167 -2.9802320611338473e-9
    endloop
  endfacet
  facet normal -0.6087614290087155 0.7933533402912392 0
    outer loop
      vertex 23.77 -0.8227241335952167 -2.9802320611338473e-9
      vertex 23.77 -0.8227241335952167 8.2
      vertex 23.966751442127222 -0.6717514421272202 -2.9802320611338473e-9
    endloop
  endfacet
  facet normal -0.7933533402912378 0.6087614290087171 0
    outer loop
      vertex 23.966751442127222 -0.6717514421272202 -2.9802320611338473e-9
      vertex 23.966751442127222 -0.6717514421272202 8.2
      vertex 24.117724133595217 -0.475 -2.9802320611338473e-9
    endloop
  endfacet
  facet normal -0.9238795325112845 0.38268343236509517 -5.117714662393208e-19
    outer loop
      vertex 24.212629534974617 -0.2458780928473947 -2.9802320611338473e-9
      vertex 24.117724133595217 -0.475 -2.9802320611338473e-9
      vertex 24.117724133595217 -0.475 8.2
    endloop
  endfacet
  facet normal 0.991444861373811 0.13052619222004622 3.0607904145640275e-20
    outer loop
      vertex 22.377370465025386 -0.2458780928473947 -2.9802320611338473e-9
      vertex 22.345000000000002 0 -2.9802320611338473e-9
      vertex 22.345000000000002 0 8.2
    endloop
  endfacet
  facet normal 0.991444861373811 -0.13052619222004622 -3.0607904145640275e-20
    outer loop
      vertex 22.345000000000002 0 -2.9802320611338473e-9
      vertex 22.377370465025386 0.2458780928473947 -2.9802320611338473e-9
      vertex 22.377370465025386 0.2458780928473947 8.2
    endloop
  endfacet
  facet normal 0.9238795325112845 -0.38268343236509517 -5.117714662393208e-19
    outer loop
      vertex 22.377370465025386 0.2458780928473947 -2.9802320611338473e-9
      vertex 22.472275866404786 0.475 -2.9802320611338473e-9
      vertex 22.472275866404786 0.475 8.2
    endloop
  endfacet
  facet normal 0.7933533402912378 -0.6087614290087171 0
    outer loop
      vertex 22.62324855787278 0.6717514421272202 8.2
      vertex 22.472275866404786 0.475 -2.9802320611338473e-9
      vertex 22.62324855787278 0.6717514421272202 -2.9802320611338473e-9
    endloop
  endfacet
  facet normal -0.991444861373811 0.13052619222004622 0
    outer loop
      vertex 24.212629534974617 -0.2458780928473947 -2.9802320611338473e-9
      vertex 24.212629534974617 -0.2458780928473947 8.2
      vertex 24.245 0 -2.9802320611338473e-9
    endloop
  endfacet
  facet normal -0.991444861373811 -0.13052619222004622 0
    outer loop
      vertex 24.245 0 -2.9802320611338473e-9
      vertex 24.245 0 8.2
      vertex 24.212629534974617 0.2458780928473947 -2.9802320611338473e-9
    endloop
  endfacet
  facet normal -0.9238795325112845 -0.38268343236509517 0
    outer loop
      vertex 24.212629534974617 0.2458780928473947 8.2
      vertex 24.117724133595217 0.475 -2.9802320611338473e-9
      vertex 24.212629534974617 0.2458780928473947 -2.9802320611338473e-9
    endloop
  endfacet
  facet normal -0.7933533402912378 -0.6087614290087171 0
    outer loop
      vertex 24.117724133595217 0.475 8.2
      vertex 23.966751442127222 0.6717514421272202 -2.9802320611338473e-9
      vertex 24.117724133595217 0.475 -2.9802320611338473e-9
    endloop
  endfacet
  facet normal 0.6087614290087224 -0.7933533402912339 0
    outer loop
      vertex 22.82 0.8227241335952167 8.2
      vertex 22.62324855787278 0.6717514421272202 -2.9802320611338473e-9
      vertex 22.82 0.8227241335952167 -2.9802320611338473e-9
    endloop
  endfacet
  facet normal 0.38268343236508806 -0.9238795325112874 0
    outer loop
      vertex 23.049121907152607 0.9176295349746149 8.2
      vertex 22.82 0.8227241335952167 -2.9802320611338473e-9
      vertex 23.049121907152607 0.9176295349746149 -2.9802320611338473e-9
    endloop
  endfacet
  facet normal 0.13052619222005135 -0.9914448613738105 0
    outer loop
      vertex 23.295 0.95 8.2
      vertex 23.049121907152607 0.9176295349746149 -2.9802320611338473e-9
      vertex 23.295 0.95 -2.9802320611338473e-9
    endloop
  endfacet
  facet normal -0.6087614290087155 -0.7933533402912392 0
    outer loop
      vertex 23.966751442127222 0.6717514421272202 8.2
      vertex 23.77 0.8227241335952167 -2.9802320611338473e-9
      vertex 23.966751442127222 0.6717514421272202 -2.9802320611338473e-9
    endloop
  endfacet
  facet normal -0.38268343236509317 -0.9238795325112854 0
    outer loop
      vertex 23.77 0.8227241335952167 8.2
      vertex 23.540878092847397 0.9176295349746149 -2.9802320611338473e-9
      vertex 23.77 0.8227241335952167 -2.9802320611338473e-9
    endloop
  endfacet
  facet normal -0.13052619222005135 -0.9914448613738105 0
    outer loop
      vertex 23.540878092847397 0.9176295349746149 8.2
      vertex 23.295 0.95 -2.9802320611338473e-9
      vertex 23.540878092847397 0.9176295349746149 -2.9802320611338473e-9
    endloop
  endfacet
  facet normal 0.38268343236508806 0.9238795325112874 0
    outer loop
      vertex 23.049121907152607 -0.9176295349746149 -2.9802320611338473e-9
      vertex 22.82 -0.8227241335952167 8.2
      vertex 23.049121907152607 -0.9176295349746149 8.2
    endloop
  endfacet
  facet normal 0.6087614290087224 0.7933533402912339 0
    outer loop
      vertex 22.82 -0.8227241335952167 -2.9802320611338473e-9
      vertex 22.62324855787278 -0.6717514421272202 8.2
      vertex 22.82 -0.8227241335952167 8.2
    endloop
  endfacet
  facet normal 0.13052619222005135 0.9914448613738105 0
    outer loop
      vertex 23.295 -0.95 -2.9802320611338473e-9
      vertex 23.049121907152607 -0.9176295349746149 8.2
      vertex 23.295 -0.95 8.2
    endloop
  endfacet
  facet normal 0.7933533402912378 0.6087614290087171 0
    outer loop
      vertex 22.62324855787278 -0.6717514421272202 -2.9802320611338473e-9
      vertex 22.472275866404786 -0.475 8.2
      vertex 22.62324855787278 -0.6717514421272202 8.2
    endloop
  endfacet
  facet normal 0.9238795325112845 0.38268343236509517 0
    outer loop
      vertex 22.472275866404786 -0.475 -2.9802320611338473e-9
      vertex 22.377370465025386 -0.2458780928473947 8.2
      vertex 22.472275866404786 -0.475 8.2
    endloop
  endfacet
  facet normal -0.13052619222005135 0.9914448613738105 0
    outer loop
      vertex 23.540878092847397 -0.9176295349746149 -2.9802320611338473e-9
      vertex 23.295 -0.95 8.2
      vertex 23.540878092847397 -0.9176295349746149 8.2
    endloop
  endfacet
  facet normal -0.38268343236509317 0.9238795325112854 0
    outer loop
      vertex 23.77 -0.8227241335952167 -2.9802320611338473e-9
      vertex 23.540878092847397 -0.9176295349746149 8.2
      vertex 23.77 -0.8227241335952167 8.2
    endloop
  endfacet
  facet normal -0.6087614290087155 0.7933533402912392 0
    outer loop
      vertex 23.966751442127222 -0.6717514421272202 -2.9802320611338473e-9
      vertex 23.77 -0.8227241335952167 8.2
      vertex 23.966751442127222 -0.6717514421272202 8.2
    endloop
  endfacet
  facet normal -0.7933533402912378 0.6087614290087171 0
    outer loop
      vertex 24.117724133595217 -0.475 -2.9802320611338473e-9
      vertex 23.966751442127222 -0.6717514421272202 8.2
      vertex 24.117724133595217 -0.475 8.2
    endloop
  endfacet
  facet normal -0.9238795325112845 0.38268343236509517 -5.117714662393208e-19
    outer loop
      vertex 24.117724133595217 -0.475 8.2
      vertex 24.212629534974617 -0.2458780928473947 8.2
      vertex 24.212629534974617 -0.2458780928473947 -2.9802320611338473e-9
    endloop
  endfacet
  facet normal 0.991444861373811 0.13052619222004622 0
    outer loop
      vertex 22.377370465025386 -0.2458780928473947 -2.9802320611338473e-9
      vertex 22.345000000000002 0 8.2
      vertex 22.377370465025386 -0.2458780928473947 8.2
    endloop
  endfacet
  facet normal 0.991444861373811 -0.13052619222004622 0
    outer loop
      vertex 22.345000000000002 0 -2.9802320611338473e-9
      vertex 22.377370465025386 0.2458780928473947 8.2
      vertex 22.345000000000002 0 8.2
    endloop
  endfacet
  facet normal 0.9238795325112845 -0.38268343236509517 0
    outer loop
      vertex 22.377370465025386 0.2458780928473947 -2.9802320611338473e-9
      vertex 22.472275866404786 0.475 8.2
      vertex 22.377370465025386 0.2458780928473947 8.2
    endloop
  endfacet
  facet normal 0.7933533402912378 -0.6087614290087171 -7.216148253023633e-19
    outer loop
      vertex 22.62324855787278 0.6717514421272202 8.2
      vertex 22.472275866404786 0.475 8.2
      vertex 22.472275866404786 0.475 -2.9802320611338473e-9
    endloop
  endfacet
  facet normal -0.991444861373811 0.13052619222004622 -3.0607904145640275e-20
    outer loop
      vertex 24.212629534974617 -0.2458780928473947 8.2
      vertex 24.245 0 8.2
      vertex 24.245 0 -2.9802320611338473e-9
    endloop
  endfacet
  facet normal -0.991444861373811 -0.13052619222004622 3.0607904145640275e-20
    outer loop
      vertex 24.245 0 8.2
      vertex 24.212629534974617 0.2458780928473947 8.2
      vertex 24.212629534974617 0.2458780928473947 -2.9802320611338473e-9
    endloop
  endfacet
  facet normal -0.9238795325112845 -0.38268343236509517 5.117714662393208e-19
    outer loop
      vertex 24.212629534974617 0.2458780928473947 8.2
      vertex 24.117724133595217 0.475 8.2
      vertex 24.117724133595217 0.475 -2.9802320611338473e-9
    endloop
  endfacet
  facet normal -0.7933533402912378 -0.6087614290087171 7.216148253023633e-19
    outer loop
      vertex 24.117724133595217 0.475 8.2
      vertex 23.966751442127222 0.6717514421272202 8.2
      vertex 23.966751442127222 0.6717514421272202 -2.9802320611338473e-9
    endloop
  endfacet
  facet normal 0.6087614290087224 -0.7933533402912339 0
    outer loop
      vertex 22.62324855787278 0.6717514421272202 -2.9802320611338473e-9
      vertex 22.82 0.8227241335952167 8.2
      vertex 22.62324855787278 0.6717514421272202 8.2
    endloop
  endfacet
  facet normal 0.38268343236508806 -0.9238795325112874 0
    outer loop
      vertex 22.82 0.8227241335952167 8.2
      vertex 22.82 0.8227241335952167 -2.9802320611338473e-9
      vertex 23.049121907152607 0.9176295349746149 8.2
    endloop
  endfacet
  facet normal 0.13052619222005135 -0.9914448613738105 0
    outer loop
      vertex 23.049121907152607 0.9176295349746149 8.2
      vertex 23.049121907152607 0.9176295349746149 -2.9802320611338473e-9
      vertex 23.295 0.95 8.2
    endloop
  endfacet
  facet normal -0.38268343236509317 -0.9238795325112854 0
    outer loop
      vertex 23.540878092847397 0.9176295349746149 8.2
      vertex 23.540878092847397 0.9176295349746149 -2.9802320611338473e-9
      vertex 23.77 0.8227241335952167 8.2
    endloop
  endfacet
  facet normal -0.6087614290087155 -0.7933533402912392 0
    outer loop
      vertex 23.77 0.8227241335952167 8.2
      vertex 23.77 0.8227241335952167 -2.9802320611338473e-9
      vertex 23.966751442127222 0.6717514421272202 8.2
    endloop
  endfacet
  facet normal -0.13052619222005135 -0.9914448613738105 0
    outer loop
      vertex 23.295 0.95 8.2
      vertex 23.295 0.95 -2.9802320611338473e-9
      vertex 23.540878092847397 0.9176295349746149 8.2
    endloop
  endfacet
  facet normal -0.7071067811865476 -0.7071067811865476 0
    outer loop
      vertex 38.00936149069674 12.344999998807907 0.4000000029802324
      vertex 38.00936149069674 12.344999998807907 3.4000000029802324
      vertex 37.50936149069674 12.844999998807907 0.9000000029802324
    endloop
  endfacet
  facet normal -0.816496580927726 -0.40824829426597153 -0.40824828666175456
    outer loop
      vertex 38.00936149069674 12.344999998807907 0.4000000029802324
      vertex 37.50936149069674 13.244999997317791 0.49999999701976794
      vertex 38.00936149069674 12.744999997317791 -2.9802320611338473e-9
    endloop
  endfacet
  facet normal -0.816496580927726 -0.40824829426597153 -0.40824828666175456
    outer loop
      vertex 38.00936149069674 12.344999998807907 0.4000000029802324
      vertex 37.50936149069674 12.844999998807907 0.9000000029802324
      vertex 37.50936149069674 13.244999997317791 0.49999999701976794
    endloop
  endfacet
  facet normal -0.7071067811865476 0 -0.7071067811865476
    outer loop
      vertex 38.00936149069674 12.744999997317791 -2.9802320611338473e-9
      vertex 37.50936149069674 13.244999997317791 0.49999999701976794
      vertex 37.50936149069674 22.75500000268221 0.49999999701976794
    endloop
  endfacet
  facet normal -1 0 0
    outer loop
      vertex 37.50936149069674 12.844999998807907 0.9000000029802324
      vertex 37.50936149069674 22.75500000268221 0.49999999701976794
      vertex 37.50936149069674 13.244999997317791 0.49999999701976794
    endloop
  endfacet
  facet normal -1 0 0
    outer loop
      vertex 37.50936149069674 12.844999998807907 0.9000000029802324
      vertex 37.50936149069674 13.445000000298023 3.499999997019768
      vertex 37.50936149069674 22.75500000268221 0.49999999701976794
    endloop
  endfacet
  facet normal -0.7071067811865475 -0.7071067811865475 0
    outer loop
      vertex 37.50936149069674 12.844999998807907 0.9000000029802324
      vertex 38.00936149069674 12.344999998807907 3.4000000029802324
      vertex 37.50936149069674 12.844999998807907 2.9000000029802324
    endloop
  endfacet
  facet normal -1 0 0
    outer loop
      vertex 37.50936149069674 12.844999998807907 0.9000000029802324
      vertex 37.50936149069674 12.844999998807907 2.9000000029802324
      vertex 37.50936149069674 13.445000000298023 3.499999997019768
    endloop
  endfacet
  facet normal -0.816496580927726 -0.408248287929124 0.408248292998602
    outer loop
      vertex 37.50936149069674 12.844999998807907 2.9000000029802324
      vertex 38.00936149069674 12.344999998807907 3.4000000029802324
      vertex 37.50936149069674 13.445000000298023 3.499999997019768
    endloop
  endfacet
  facet normal -0.816496580927726 -0.408248287929124 0.408248292998602
    outer loop
      vertex 38.00936149069674 12.344999998807907 3.4000000029802324
      vertex 38.00936149069674 12.945000000298023 3.999999997019768
      vertex 37.50936149069674 13.445000000298023 3.499999997019768
    endloop
  endfacet
  facet normal -0.7071067811865475 0 0.7071067811865475
    outer loop
      vertex 38.00936149069674 12.945000000298023 3.999999997019768
      vertex 38.00936149069674 14.65 3.999999997019768
      vertex 37.50936149069674 13.445000000298023 3.499999997019768
    endloop
  endfacet
  facet normal -0.7071067811865475 0 0.7071067811865475
    outer loop
      vertex 37.50936149069674 13.445000000298023 3.499999997019768
      vertex 38.00936149069674 14.65 3.999999997019768
      vertex 37.809361493676974 14.65 3.8000000000000016
    endloop
  endfacet
  facet normal -0.7071067811865475 0 -0.7071067811865475
    outer loop
      vertex 38.00936149069674 12.744999997317791 -2.9802320611338473e-9
      vertex 37.50936149069674 22.75500000268221 0.49999999701976794
      vertex 38.00936149069674 23.25500000268221 -2.9802320611338473e-9
    endloop
  endfacet
  facet normal -0.816496580927726 0.40824829426597153 -0.40824828666175456
    outer loop
      vertex 37.50936149069674 22.75500000268221 0.49999999701976794
      vertex 38.00936149069674 23.655000001192093 0.4000000029802324
      vertex 38.00936149069674 23.25500000268221 -2.9802320611338473e-9
    endloop
  endfacet
  facet normal -0.816496580927726 0.40824829426597153 -0.40824828666175456
    outer loop
      vertex 37.50936149069674 22.75500000268221 0.49999999701976794
      vertex 37.50936149069674 23.155000001192093 0.9000000029802324
      vertex 38.00936149069674 23.655000001192093 0.4000000029802324
    endloop
  endfacet
  facet normal -0.7071067811865475 0.7071067811865475 0
    outer loop
      vertex 38.00936149069674 23.655000001192093 0.4000000029802324
      vertex 37.50936149069674 23.155000001192093 0.9000000029802324
      vertex 37.50936149069674 23.155000001192093 2.9000000029802324
    endloop
  endfacet
  facet normal -1 0 0
    outer loop
      vertex 37.50936149069674 22.75500000268221 0.49999999701976794
      vertex 37.50936149069674 23.155000001192093 2.9000000029802324
      vertex 37.50936149069674 23.155000001192093 0.9000000029802324
    endloop
  endfacet
  facet normal -1 0 0
    outer loop
      vertex 37.50936149069674 13.445000000298023 3.499999997019768
      vertex 37.50936149069674 22.554999999701977 3.499999997019768
      vertex 37.50936149069674 22.75500000268221 0.49999999701976794
    endloop
  endfacet
  facet normal -0.7071067811865476 9.764286285008223e-19 0.7071067811865477
    outer loop
      vertex 37.50936149069674 13.445000000298023 3.499999997019768
      vertex 37.809361493676974 14.65 3.8000000000000016
      vertex 37.809361493676974 21.35 3.8000000000000016
    endloop
  endfacet
  facet normal -0.7071067811865476 0 0.7071067811865476
    outer loop
      vertex 37.50936149069674 13.445000000298023 3.499999997019768
      vertex 37.809361493676974 21.35 3.8000000000000016
      vertex 37.50936149069674 22.554999999701977 3.499999997019768
    endloop
  endfacet
  facet normal -1 0 0
    outer loop
      vertex 37.50936149069674 22.75500000268221 0.49999999701976794
      vertex 37.50936149069674 22.554999999701977 3.499999997019768
      vertex 37.50936149069674 23.155000001192093 2.9000000029802324
    endloop
  endfacet
  facet normal -0.7071067811865476 0.7071067811865476 0
    outer loop
      vertex 38.00936149069674 23.655000001192093 0.4000000029802324
      vertex 37.50936149069674 23.155000001192093 2.9000000029802324
      vertex 38.00936149069674 23.655000001192093 3.4000000029802324
    endloop
  endfacet
  facet normal -0.7071067811865475 8.143658060225362e-18 0.7071067811865475
    outer loop
      vertex 37.809361493676974 21.35 3.8000000000000016
      vertex 38.00936149069674 21.35 3.999999997019768
      vertex 37.50936149069674 22.554999999701977 3.499999997019768
    endloop
  endfacet
  facet normal -0.816496580927726 0.408248287929124 0.408248292998602
    outer loop
      vertex 37.50936149069674 23.155000001192093 2.9000000029802324
      vertex 38.00936149069674 23.054999999701977 3.999999997019768
      vertex 38.00936149069674 23.655000001192093 3.4000000029802324
    endloop
  endfacet
  facet normal -0.816496580927726 0.408248287929124 0.408248292998602
    outer loop
      vertex 37.50936149069674 23.155000001192093 2.9000000029802324
      vertex 37.50936149069674 22.554999999701977 3.499999997019768
      vertex 38.00936149069674 23.054999999701977 3.999999997019768
    endloop
  endfacet
  facet normal -0.7071067811865475 0 0.7071067811865475
    outer loop
      vertex 38.00936149069674 21.35 3.999999997019768
      vertex 38.00936149069674 23.054999999701977 3.999999997019768
      vertex 37.50936149069674 22.554999999701977 3.499999997019768
    endloop
  endfacet
  facet normal -0.816496580927726 -0.40824829426597153 -0.40824828666175456
    outer loop
      vertex 38.00936149069674 -5.655000001192093 0.4000000029802324
      vertex 37.50936149069674 -4.755000002682209 0.49999999701976794
      vertex 38.00936149069674 -5.255000002682209 -2.9802320611338473e-9
    endloop
  endfacet
  facet normal -0.816496580927726 -0.40824829426597153 -0.40824828666175456
    outer loop
      vertex 38.00936149069674 -5.655000001192093 0.4000000029802324
      vertex 37.50936149069674 -5.155000001192093 0.9000000029802324
      vertex 37.50936149069674 -4.755000002682209 0.49999999701976794
    endloop
  endfacet
  facet normal -0.7071067811865476 -0.7071067811865476 0
    outer loop
      vertex 38.00936149069674 -5.655000001192093 0.4000000029802324
      vertex 38.00936149069674 -5.655000001192093 3.4000000029802324
      vertex 37.50936149069674 -5.155000001192093 0.9000000029802324
    endloop
  endfacet
  facet normal -0.7071067811865476 0 -0.7071067811865476
    outer loop
      vertex 38.00936149069674 -5.255000002682209 -2.9802320611338473e-9
      vertex 37.50936149069674 -4.755000002682209 0.49999999701976794
      vertex 37.50936149069674 4.755000002682209 0.49999999701976794
    endloop
  endfacet
  facet normal -1 0 0
    outer loop
      vertex 37.50936149069674 -5.155000001192093 0.9000000029802324
      vertex 37.50936149069674 4.755000002682209 0.49999999701976794
      vertex 37.50936149069674 -4.755000002682209 0.49999999701976794
    endloop
  endfacet
  facet normal -0.7071067811865475 0 -0.7071067811865475
    outer loop
      vertex 38.00936149069674 -5.255000002682209 -2.9802320611338473e-9
      vertex 37.50936149069674 4.755000002682209 0.49999999701976794
      vertex 38.00936149069674 5.255000002682209 -2.9802320611338473e-9
    endloop
  endfacet
  facet normal -1 0 0
    outer loop
      vertex 37.50936149069674 -5.155000001192093 0.9000000029802324
      vertex 37.50936149069674 -4.554999999701977 3.499999997019768
      vertex 37.50936149069674 4.755000002682209 0.49999999701976794
    endloop
  endfacet
  facet normal -0.7071067811865475 -0.7071067811865475 0
    outer loop
      vertex 37.50936149069674 -5.155000001192093 0.9000000029802324
      vertex 38.00936149069674 -5.655000001192093 3.4000000029802324
      vertex 37.50936149069674 -5.155000001192093 2.9000000029802324
    endloop
  endfacet
  facet normal -1 0 0
    outer loop
      vertex 37.50936149069674 -5.155000001192093 0.9000000029802324
      vertex 37.50936149069674 -5.155000001192093 2.9000000029802324
      vertex 37.50936149069674 -4.554999999701977 3.499999997019768
    endloop
  endfacet
  facet normal -0.816496580927726 -0.408248287929124 0.408248292998602
    outer loop
      vertex 37.50936149069674 -5.155000001192093 2.9000000029802324
      vertex 38.00936149069674 -5.655000001192093 3.4000000029802324
      vertex 37.50936149069674 -4.554999999701977 3.499999997019768
    endloop
  endfacet
  facet normal -0.816496580927726 -0.408248287929124 0.408248292998602
    outer loop
      vertex 38.00936149069674 -5.655000001192093 3.4000000029802324
      vertex 38.00936149069674 -5.054999999701977 3.999999997019768
      vertex 37.50936149069674 -4.554999999701977 3.499999997019768
    endloop
  endfacet
  facet normal -0.7071067811865476 0 0.7071067811865476
    outer loop
      vertex 38.00936149069674 -5.054999999701977 3.999999997019768
      vertex 38.00936149069674 -3.35 3.999999997019768
      vertex 37.50936149069674 -4.554999999701977 3.499999997019768
    endloop
  endfacet
  facet normal -0.7071067811865476 0 0.7071067811865476
    outer loop
      vertex 37.50936149069674 -4.554999999701977 3.499999997019768
      vertex 38.00936149069674 -3.35 3.999999997019768
      vertex 37.809361493676974 -3.35 3.8000000000000016
    endloop
  endfacet
  facet normal -1 0 0
    outer loop
      vertex 37.50936149069674 -4.554999999701977 3.499999997019768
      vertex 37.50936149069674 4.554999999701977 3.499999997019768
      vertex 37.50936149069674 4.755000002682209 0.49999999701976794
    endloop
  endfacet
  facet normal -0.7071067811865476 9.764286285008223e-19 0.7071067811865476
    outer loop
      vertex 37.50936149069674 -4.554999999701977 3.499999997019768
      vertex 37.809361493676974 -3.35 3.8000000000000016
      vertex 37.809361493676974 3.35 3.8000000000000016
    endloop
  endfacet
  facet normal -0.7071067811865476 0 0.7071067811865476
    outer loop
      vertex 37.50936149069674 -4.554999999701977 3.499999997019768
      vertex 37.809361493676974 3.35 3.8000000000000016
      vertex 37.50936149069674 4.554999999701977 3.499999997019768
    endloop
  endfacet
  facet normal -0.816496580927726 0.40824829426597153 -0.40824828666175456
    outer loop
      vertex 37.50936149069674 4.755000002682209 0.49999999701976794
      vertex 38.00936149069674 5.655000001192093 0.4000000029802324
      vertex 38.00936149069674 5.255000002682209 -2.9802320611338473e-9
    endloop
  endfacet
  facet normal -0.816496580927726 0.40824829426597153 -0.40824828666175456
    outer loop
      vertex 37.50936149069674 4.755000002682209 0.49999999701976794
      vertex 37.50936149069674 5.155000001192093 0.9000000029802324
      vertex 38.00936149069674 5.655000001192093 0.4000000029802324
    endloop
  endfacet
  facet normal -1 0 0
    outer loop
      vertex 37.50936149069674 4.755000002682209 0.49999999701976794
      vertex 37.50936149069674 5.155000001192093 2.9000000029802324
      vertex 37.50936149069674 5.155000001192093 0.9000000029802324
    endloop
  endfacet
  facet normal -0.7071067811865475 0.7071067811865475 0
    outer loop
      vertex 38.00936149069674 5.655000001192093 0.4000000029802324
      vertex 37.50936149069674 5.155000001192093 0.9000000029802324
      vertex 37.50936149069674 5.155000001192093 2.9000000029802324
    endloop
  endfacet
  facet normal -1 0 0
    outer loop
      vertex 37.50936149069674 4.755000002682209 0.49999999701976794
      vertex 37.50936149069674 4.554999999701977 3.499999997019768
      vertex 37.50936149069674 5.155000001192093 2.9000000029802324
    endloop
  endfacet
  facet normal -0.816496580927726 0.408248287929124 0.408248292998602
    outer loop
      vertex 37.50936149069674 5.155000001192093 2.9000000029802324
      vertex 38.00936149069674 5.054999999701977 3.999999997019768
      vertex 38.00936149069674 5.655000001192093 3.4000000029802324
    endloop
  endfacet
  facet normal -0.816496580927726 0.408248287929124 0.408248292998602
    outer loop
      vertex 37.50936149069674 5.155000001192093 2.9000000029802324
      vertex 37.50936149069674 4.554999999701977 3.499999997019768
      vertex 38.00936149069674 5.054999999701977 3.999999997019768
    endloop
  endfacet
  facet normal -0.7071067811865475 8.143658060225353e-18 0.7071067811865475
    outer loop
      vertex 37.809361493676974 3.35 3.8000000000000016
      vertex 38.00936149069674 3.35 3.999999997019768
      vertex 37.50936149069674 4.554999999701977 3.499999997019768
    endloop
  endfacet
  facet normal -0.7071067811865476 0 0.7071067811865476
    outer loop
      vertex 38.00936149069674 3.35 3.999999997019768
      vertex 38.00936149069674 5.054999999701977 3.999999997019768
      vertex 37.50936149069674 4.554999999701977 3.499999997019768
    endloop
  endfacet
  facet normal -0.7071067811865476 0.7071067811865476 0
    outer loop
      vertex 38.00936149069674 5.655000001192093 0.4000000029802324
      vertex 37.50936149069674 5.155000001192093 2.9000000029802324
      vertex 38.00936149069674 5.655000001192093 3.4000000029802324
    endloop
  endfacet
  facet normal 0 -0.7071067877719925 -0.7071067746011025
    outer loop
      vertex 38.00936149069674 12.344999998807907 0.4000000029802324
      vertex 38.00936149069674 12.744999997317791 -2.9802320611338473e-9
      vertex 41.07888798781672 12.344999998807907 0.4000000029802324
    endloop
  endfacet
  facet normal 0 0 -1
    outer loop
      vertex 38.00936149069674 12.744999997317791 -2.9802320611338473e-9
      vertex 39.82 17.177275866404784 -2.9802320611338473e-9
      vertex 40.0491219071526 17.082370465025384 -2.9802320611338473e-9
    endloop
  endfacet
  facet normal 0 0 -1
    outer loop
      vertex 38.00936149069674 12.744999997317791 -2.9802320611338473e-9
      vertex 39.472275866404786 17.525 -2.9802320611338473e-9
      vertex 39.62324855787278 17.32824855787278 -2.9802320611338473e-9
    endloop
  endfacet
  facet normal 0 0 -1
    outer loop
      vertex 38.00936149069674 12.744999997317791 -2.9802320611338473e-9
      vertex 39.62324855787278 17.32824855787278 -2.9802320611338473e-9
      vertex 39.82 17.177275866404784 -2.9802320611338473e-9
    endloop
  endfacet
  facet normal 0 0 -1
    outer loop
      vertex 38.00936149069674 12.744999997317791 -2.9802320611338473e-9
      vertex 39.377370465025386 17.754121907152605 -2.9802320611338473e-9
      vertex 39.472275866404786 17.525 -2.9802320611338473e-9
    endloop
  endfacet
  facet normal 0 -1 0
    outer loop
      vertex 38.00936149069674 12.344999998807907 0.4000000029802324
      vertex 41.07888798781672 12.344999998807907 3.4000000029802324
      vertex 38.00936149069674 12.344999998807907 3.4000000029802324
    endloop
  endfacet
  facet normal 0 -0.7071067767962509 0.7071067855768444
    outer loop
      vertex 38.00936149069674 12.344999998807907 3.4000000029802324
      vertex 41.36266685405628 12.945000000298023 3.999999997019768
      vertex 38.00936149069674 12.945000000298023 3.999999997019768
    endloop
  endfacet
  facet normal 0 0 1
    outer loop
      vertex 38.00936149069674 12.945000000298023 3.999999997019768
      vertex 41.36266685405628 12.945000000298023 3.999999997019768
      vertex 38.00936149069674 14.65 3.999999997019768
    endloop
  endfacet
  facet normal 0 0 -1
    outer loop
      vertex 38.00936149069674 12.744999997317791 -2.9802320611338473e-9
      vertex 38.00936149069674 23.25500000268221 -2.9802320611338473e-9
      vertex 39.377370465025386 17.754121907152605 -2.9802320611338473e-9
    endloop
  endfacet
  facet normal 0 0 -1
    outer loop
      vertex 38.00936149069674 23.25500000268221 -2.9802320611338473e-9
      vertex 39.345 18 -2.9802320611338473e-9
      vertex 39.377370465025386 17.754121907152605 -2.9802320611338473e-9
    endloop
  endfacet
  facet normal 0 0 -1
    outer loop
      vertex 38.00936149069674 23.25500000268221 -2.9802320611338473e-9
      vertex 39.377370465025386 18.245878092847395 -2.9802320611338473e-9
      vertex 39.345 18 -2.9802320611338473e-9
    endloop
  endfacet
  facet normal 0 0 -1
    outer loop
      vertex 38.00936149069674 23.25500000268221 -2.9802320611338473e-9
      vertex 39.472275866404786 18.475 -2.9802320611338473e-9
      vertex 39.377370465025386 18.245878092847395 -2.9802320611338473e-9
    endloop
  endfacet
  facet normal 0 0 -1
    outer loop
      vertex 38.00936149069674 23.25500000268221 -2.9802320611338473e-9
      vertex 39.62324855787278 18.67175144212722 -2.9802320611338473e-9
      vertex 39.472275866404786 18.475 -2.9802320611338473e-9
    endloop
  endfacet
  facet normal 0 0 -1
    outer loop
      vertex 38.00936149069674 23.25500000268221 -2.9802320611338473e-9
      vertex 39.82 18.822724133595216 -2.9802320611338473e-9
      vertex 39.62324855787278 18.67175144212722 -2.9802320611338473e-9
    endloop
  endfacet
  facet normal 0 0 -1
    outer loop
      vertex 38.00936149069674 23.25500000268221 -2.9802320611338473e-9
      vertex 40.0491219071526 18.917629534974616 -2.9802320611338473e-9
      vertex 39.82 18.822724133595216 -2.9802320611338473e-9
    endloop
  endfacet
  facet normal 0 0.7071067877719925 -0.7071067746011024
    outer loop
      vertex 38.00936149069674 23.25500000268221 -2.9802320611338473e-9
      vertex 38.00936149069674 23.655000001192093 0.4000000029802324
      vertex 41.268073897468476 23.25500000268221 -2.9802320611338473e-9
    endloop
  endfacet
  facet normal 0 1 0
    outer loop
      vertex 38.00936149069674 23.655000001192093 0.4000000029802324
      vertex 38.00936149069674 23.655000001192093 3.4000000029802324
      vertex 41.07888798781672 23.655000001192093 0.4000000029802324
    endloop
  endfacet
  facet normal 0 0 1
    outer loop
      vertex 38.00936149069674 21.35 3.999999997019768
      vertex 41.58155439013544 22.592201188381075 3.999999997019768
      vertex 38.00936149069674 23.054999999701977 3.999999997019768
    endloop
  endfacet
  facet normal 0 0.7071067767962508 0.7071067855768443
    outer loop
      vertex 38.00936149069674 23.655000001192093 3.4000000029802324
      vertex 38.00936149069674 23.054999999701977 3.999999997019768
      vertex 41.07888798781672 23.655000001192093 3.4000000029802324
    endloop
  endfacet
  facet normal 0 -0.7071067877719925 -0.7071067746011024
    outer loop
      vertex 38.00936149069674 12.744999997317791 -2.9802320611338473e-9
      vertex 41.268073897468476 12.744999997317791 -2.9802320611338473e-9
      vertex 41.07888798781672 12.344999998807907 0.4000000029802324
    endloop
  endfacet
  facet normal 0 -1 0
    outer loop
      vertex 38.00936149069674 12.344999998807907 0.4000000029802324
      vertex 41.07888798781672 12.344999998807907 0.4000000029802324
      vertex 41.07888798781672 12.344999998807907 3.4000000029802324
    endloop
  endfacet
  facet normal 0 0 -1
    outer loop
      vertex 38.00936149069674 12.744999997317791 -2.9802320611338473e-9
      vertex 40.0491219071526 17.082370465025384 -2.9802320611338473e-9
      vertex 41.268073897468476 12.744999997317791 -2.9802320611338473e-9
    endloop
  endfacet
  facet normal 0 0 -1
    outer loop
      vertex 41.268073897468476 12.744999997317791 -2.9802320611338473e-9
      vertex 40.0491219071526 17.082370465025384 -2.9802320611338473e-9
      vertex 41.58155439013544 13.407798811618923 -2.9802320611338473e-9
    endloop
  endfacet
  facet normal 0 0 -1
    outer loop
      vertex 41.58155439013544 13.407798811618923 -2.9802320611338473e-9
      vertex 40.295 17.05 -2.9802320611338473e-9
      vertex 41.978284028786504 14.516583872946452 -2.9802320611338473e-9
    endloop
  endfacet
  facet normal 0 0 -1
    outer loop
      vertex 41.58155439013544 13.407798811618923 -2.9802320611338473e-9
      vertex 40.0491219071526 17.082370465025384 -2.9802320611338473e-9
      vertex 40.295 17.05 -2.9802320611338473e-9
    endloop
  endfacet
  facet normal 0 0 -1
    outer loop
      vertex 41.978284028786504 14.516583872946452 -2.9802320611338473e-9
      vertex 40.77 17.177275866404784 -2.9802320611338473e-9
      vertex 42.26442336483876 15.65891613580646 -2.9802320611338473e-9
    endloop
  endfacet
  facet normal 0 0 -1
    outer loop
      vertex 41.978284028786504 14.516583872946452 -2.9802320611338473e-9
      vertex 40.295 17.05 -2.9802320611338473e-9
      vertex 40.54087809284739 17.082370465025384 -2.9802320611338473e-9
    endloop
  endfacet
  facet normal 0 0 -1
    outer loop
      vertex 41.978284028786504 14.516583872946452 -2.9802320611338473e-9
      vertex 40.54087809284739 17.082370465025384 -2.9802320611338473e-9
      vertex 40.77 17.177275866404784 -2.9802320611338473e-9
    endloop
  endfacet
  facet normal 0 -0.7071067767962508 0.7071067855768443
    outer loop
      vertex 38.00936149069674 12.344999998807907 3.4000000029802324
      vertex 41.07888798781672 12.344999998807907 3.4000000029802324
      vertex 41.36266685405628 12.945000000298023 3.999999997019768
    endloop
  endfacet
  facet normal 0 0 1
    outer loop
      vertex 38.00936149069674 14.65 3.999999997019768
      vertex 41.36266685405628 12.945000000298023 3.999999997019768
      vertex 41.58155439013544 13.407798811618923 3.999999997019768
    endloop
  endfacet
  facet normal 0 0 1
    outer loop
      vertex 38.00936149069674 14.65 3.999999997019768
      vertex 41.58155439013544 13.407798811618923 3.999999997019768
      vertex 41.978284028786504 14.516583872946452 3.999999997019768
    endloop
  endfacet
  facet normal 0 0 1
    outer loop
      vertex 38.00936149069674 14.65 3.999999997019768
      vertex 41.978284028786504 14.516583872946452 3.999999997019768
      vertex 42.01170302889265 14.65 3.999999997019768
    endloop
  endfacet
  facet normal 0 0 -1
    outer loop
      vertex 42.26442336483876 15.65891613580646 -2.9802320611338473e-9
      vertex 40.77 17.177275866404784 -2.9802320611338473e-9
      vertex 40.96675144212722 17.32824855787278 -2.9802320611338473e-9
    endloop
  endfacet
  facet normal 0 0 -1
    outer loop
      vertex 42.26442336483876 15.65891613580646 -2.9802320611338473e-9
      vertex 40.96675144212722 17.32824855787278 -2.9802320611338473e-9
      vertex 41.11772413359522 17.525 -2.9802320611338473e-9
    endloop
  endfacet
  facet normal 0 0 -1
    outer loop
      vertex 42.26442336483876 15.65891613580646 -2.9802320611338473e-9
      vertex 41.11772413359522 17.525 -2.9802320611338473e-9
      vertex 41.21262953497462 17.754121907152605 -2.9802320611338473e-9
    endloop
  endfacet
  facet normal 0 0 -1
    outer loop
      vertex 42.43721672006636 16.823794316045273 -2.9802320611338473e-9
      vertex 41.21262953497462 17.754121907152605 -2.9802320611338473e-9
      vertex 41.245 18 -2.9802320611338473e-9
    endloop
  endfacet
  facet normal 0 0 -1
    outer loop
      vertex 42.43721672006636 16.823794316045273 -2.9802320611338473e-9
      vertex 41.245 18 -2.9802320611338473e-9
      vertex 41.21262953497462 18.245878092847395 -2.9802320611338473e-9
    endloop
  endfacet
  facet normal 0 0 -1
    outer loop
      vertex 42.43721672006636 16.823794316045273 -2.9802320611338473e-9
      vertex 41.21262953497462 18.245878092847395 -2.9802320611338473e-9
      vertex 41.11772413359522 18.475 -2.9802320611338473e-9
    endloop
  endfacet
  facet normal 0 0 -1
    outer loop
      vertex 42.43721672006636 16.823794316045273 -2.9802320611338473e-9
      vertex 41.11772413359522 18.475 -2.9802320611338473e-9
      vertex 40.96675144212722 18.67175144212722 -2.9802320611338473e-9
    endloop
  endfacet
  facet normal 0 0 -1
    outer loop
      vertex 42.26442336483876 15.65891613580646 -2.9802320611338473e-9
      vertex 41.21262953497462 17.754121907152605 -2.9802320611338473e-9
      vertex 42.43721672006636 16.823794316045273 -2.9802320611338473e-9
    endloop
  endfacet
  facet normal 0 0 -1
    outer loop
      vertex 38.00936149069674 23.25500000268221 -2.9802320611338473e-9
      vertex 42.43721672006636 16.823794316045273 -2.9802320611338473e-9
      vertex 40.96675144212722 18.67175144212722 -2.9802320611338473e-9
    endloop
  endfacet
  facet normal 0 0 -1
    outer loop
      vertex 38.00936149069674 23.25500000268221 -2.9802320611338473e-9
      vertex 42.495000000000005 18 -2.9802320611338473e-9
      vertex 42.43721672006636 16.823794316045273 -2.9802320611338473e-9
    endloop
  endfacet
  facet normal 0 0 -1
    outer loop
      vertex 38.00936149069674 23.25500000268221 -2.9802320611338473e-9
      vertex 40.77 18.822724133595216 -2.9802320611338473e-9
      vertex 40.54087809284739 18.917629534974616 -2.9802320611338473e-9
    endloop
  endfacet
  facet normal 0 0 -1
    outer loop
      vertex 38.00936149069674 23.25500000268221 -2.9802320611338473e-9
      vertex 40.96675144212722 18.67175144212722 -2.9802320611338473e-9
      vertex 40.77 18.822724133595216 -2.9802320611338473e-9
    endloop
  endfacet
  facet normal 0 0 -1
    outer loop
      vertex 38.00936149069674 23.25500000268221 -2.9802320611338473e-9
      vertex 40.295 18.95 -2.9802320611338473e-9
      vertex 40.0491219071526 18.917629534974616 -2.9802320611338473e-9
    endloop
  endfacet
  facet normal 0 0 -1
    outer loop
      vertex 38.00936149069674 23.25500000268221 -2.9802320611338473e-9
      vertex 40.54087809284739 18.917629534974616 -2.9802320611338473e-9
      vertex 40.295 18.95 -2.9802320611338473e-9
    endloop
  endfacet
  facet normal 0 0 -1
    outer loop
      vertex 38.00936149069674 23.25500000268221 -2.9802320611338473e-9
      vertex 42.43721672006636 19.176205683954727 -2.9802320611338473e-9
      vertex 42.495000000000005 18 -2.9802320611338473e-9
    endloop
  endfacet
  facet normal 0 0 -1
    outer loop
      vertex 38.00936149069674 23.25500000268221 -2.9802320611338473e-9
      vertex 42.26442336483876 20.34108386419354 -2.9802320611338473e-9
      vertex 42.43721672006636 19.176205683954727 -2.9802320611338473e-9
    endloop
  endfacet
  facet normal 0 0 -1
    outer loop
      vertex 38.00936149069674 23.25500000268221 -2.9802320611338473e-9
      vertex 41.978284028786504 21.483416127053548 -2.9802320611338473e-9
      vertex 42.26442336483876 20.34108386419354 -2.9802320611338473e-9
    endloop
  endfacet
  facet normal 0 0 -1
    outer loop
      vertex 38.00936149069674 23.25500000268221 -2.9802320611338473e-9
      vertex 41.58155439013544 22.592201188381075 -2.9802320611338473e-9
      vertex 41.978284028786504 21.483416127053548 -2.9802320611338473e-9
    endloop
  endfacet
  facet normal 0 0 -1
    outer loop
      vertex 38.00936149069674 23.25500000268221 -2.9802320611338473e-9
      vertex 41.268073897468476 23.25500000268221 -2.9802320611338473e-9
      vertex 41.58155439013544 22.592201188381075 -2.9802320611338473e-9
    endloop
  endfacet
  facet normal 0 0.7071067877719925 -0.7071067746011025
    outer loop
      vertex 38.00936149069674 23.655000001192093 0.4000000029802324
      vertex 41.07888798781672 23.655000001192093 0.4000000029802324
      vertex 41.268073897468476 23.25500000268221 -2.9802320611338473e-9
    endloop
  endfacet
  facet normal 0 1 0
    outer loop
      vertex 38.00936149069674 23.655000001192093 3.4000000029802324
      vertex 41.07888798781672 23.655000001192093 3.4000000029802324
      vertex 41.07888798781672 23.655000001192093 0.4000000029802324
    endloop
  endfacet
  facet normal 0 0 1
    outer loop
      vertex 38.00936149069674 21.35 3.999999997019768
      vertex 41.978284028786504 21.483416127053548 3.999999997019768
      vertex 41.58155439013544 22.592201188381075 3.999999997019768
    endloop
  endfacet
  facet normal 0 0 1
    outer loop
      vertex 38.00936149069674 21.35 3.999999997019768
      vertex 42.01170302889265 21.35 3.999999997019768
      vertex 41.978284028786504 21.483416127053548 3.999999997019768
    endloop
  endfacet
  facet normal 0 0.7071067767962509 0.7071067855768444
    outer loop
      vertex 38.00936149069674 23.054999999701977 3.999999997019768
      vertex 41.36266685405628 23.054999999701977 3.999999997019768
      vertex 41.07888798781672 23.655000001192093 3.4000000029802324
    endloop
  endfacet
  facet normal 0 0 1
    outer loop
      vertex 38.00936149069674 23.054999999701977 3.999999997019768
      vertex 41.58155439013544 22.592201188381075 3.999999997019768
      vertex 41.36266685405628 23.054999999701977 3.999999997019768
    endloop
  endfacet
  facet normal 0 -0.7071067877719925 -0.7071067746011025
    outer loop
      vertex 38.00936149069674 -5.655000001192093 0.4000000029802324
      vertex 38.00936149069674 -5.255000002682209 -2.9802320611338473e-9
      vertex 41.07888798781672 -5.655000001192093 0.4000000029802324
    endloop
  endfacet
  facet normal 0 0 -1
    outer loop
      vertex 38.00936149069674 -5.255000002682209 -2.9802320611338473e-9
      vertex 39.472275866404786 -0.475 -2.9802320611338473e-9
      vertex 39.62324855787278 -0.6717514421272202 -2.9802320611338473e-9
    endloop
  endfacet
  facet normal 0 0 -1
    outer loop
      vertex 38.00936149069674 -5.255000002682209 -2.9802320611338473e-9
      vertex 39.62324855787278 -0.6717514421272202 -2.9802320611338473e-9
      vertex 39.82 -0.8227241335952167 -2.9802320611338473e-9
    endloop
  endfacet
  facet normal 0 0 -1
    outer loop
      vertex 38.00936149069674 -5.255000002682209 -2.9802320611338473e-9
      vertex 39.82 -0.8227241335952167 -2.9802320611338473e-9
      vertex 40.0491219071526 -0.9176295349746149 -2.9802320611338473e-9
    endloop
  endfacet
  facet normal 0 0 -1
    outer loop
      vertex 38.00936149069674 -5.255000002682209 -2.9802320611338473e-9
      vertex 39.377370465025386 -0.2458780928473947 -2.9802320611338473e-9
      vertex 39.472275866404786 -0.475 -2.9802320611338473e-9
    endloop
  endfacet
  facet normal 0 0 -1
    outer loop
      vertex 38.00936149069674 -5.255000002682209 -2.9802320611338473e-9
      vertex 38.00936149069674 5.255000002682209 -2.9802320611338473e-9
      vertex 39.377370465025386 -0.2458780928473947 -2.9802320611338473e-9
    endloop
  endfacet
  facet normal 0 -1 0
    outer loop
      vertex 38.00936149069674 -5.655000001192093 0.4000000029802324
      vertex 41.07888798781672 -5.655000001192093 3.4000000029802324
      vertex 38.00936149069674 -5.655000001192093 3.4000000029802324
    endloop
  endfacet
  facet normal 0 -0.7071067767962509 0.7071067855768444
    outer loop
      vertex 38.00936149069674 -5.655000001192093 3.4000000029802324
      vertex 41.36266685405628 -5.054999999701977 3.999999997019768
      vertex 38.00936149069674 -5.054999999701977 3.999999997019768
    endloop
  endfacet
  facet normal 0 0 1
    outer loop
      vertex 38.00936149069674 -5.054999999701977 3.999999997019768
      vertex 41.36266685405628 -5.054999999701977 3.999999997019768
      vertex 38.00936149069674 -3.35 3.999999997019768
    endloop
  endfacet
  facet normal 0 0 -1
    outer loop
      vertex 38.00936149069674 5.255000002682209 -2.9802320611338473e-9
      vertex 39.345 0 -2.9802320611338473e-9
      vertex 39.377370465025386 -0.2458780928473947 -2.9802320611338473e-9
    endloop
  endfacet
  facet normal 0 0 -1
    outer loop
      vertex 38.00936149069674 5.255000002682209 -2.9802320611338473e-9
      vertex 39.377370465025386 0.2458780928473947 -2.9802320611338473e-9
      vertex 39.345 0 -2.9802320611338473e-9
    endloop
  endfacet
  facet normal 0 0 -1
    outer loop
      vertex 38.00936149069674 5.255000002682209 -2.9802320611338473e-9
      vertex 39.472275866404786 0.475 -2.9802320611338473e-9
      vertex 39.377370465025386 0.2458780928473947 -2.9802320611338473e-9
    endloop
  endfacet
  facet normal 0 0 -1
    outer loop
      vertex 38.00936149069674 5.255000002682209 -2.9802320611338473e-9
      vertex 39.62324855787278 0.6717514421272202 -2.9802320611338473e-9
      vertex 39.472275866404786 0.475 -2.9802320611338473e-9
    endloop
  endfacet
  facet normal 0 0 -1
    outer loop
      vertex 38.00936149069674 5.255000002682209 -2.9802320611338473e-9
      vertex 39.82 0.8227241335952167 -2.9802320611338473e-9
      vertex 39.62324855787278 0.6717514421272202 -2.9802320611338473e-9
    endloop
  endfacet
  facet normal 0 0 -1
    outer loop
      vertex 38.00936149069674 5.255000002682209 -2.9802320611338473e-9
      vertex 40.0491219071526 0.9176295349746149 -2.9802320611338473e-9
      vertex 39.82 0.8227241335952167 -2.9802320611338473e-9
    endloop
  endfacet
  facet normal 0 0.7071067877719925 -0.7071067746011024
    outer loop
      vertex 38.00936149069674 5.255000002682209 -2.9802320611338473e-9
      vertex 38.00936149069674 5.655000001192093 0.4000000029802324
      vertex 41.268073897468476 5.255000002682209 -2.9802320611338473e-9
    endloop
  endfacet
  facet normal 0 1 0
    outer loop
      vertex 38.00936149069674 5.655000001192093 0.4000000029802324
      vertex 38.00936149069674 5.655000001192093 3.4000000029802324
      vertex 41.07888798781672 5.655000001192093 0.4000000029802324
    endloop
  endfacet
  facet normal 0 0 1
    outer loop
      vertex 38.00936149069674 3.35 3.999999997019768
      vertex 41.58155439013544 4.592201188381077 3.999999997019768
      vertex 38.00936149069674 5.054999999701977 3.999999997019768
    endloop
  endfacet
  facet normal 0 0.7071067767962508 0.7071067855768443
    outer loop
      vertex 38.00936149069674 5.655000001192093 3.4000000029802324
      vertex 38.00936149069674 5.054999999701977 3.999999997019768
      vertex 41.07888798781672 5.655000001192093 3.4000000029802324
    endloop
  endfacet
  facet normal 0 -0.7071067877719925 -0.7071067746011024
    outer loop
      vertex 38.00936149069674 -5.255000002682209 -2.9802320611338473e-9
      vertex 41.268073897468476 -5.255000002682209 -2.9802320611338473e-9
      vertex 41.07888798781672 -5.655000001192093 0.4000000029802324
    endloop
  endfacet
  facet normal 0 0 -1
    outer loop
      vertex 38.00936149069674 -5.255000002682209 -2.9802320611338473e-9
      vertex 40.0491219071526 -0.9176295349746149 -2.9802320611338473e-9
      vertex 41.268073897468476 -5.255000002682209 -2.9802320611338473e-9
    endloop
  endfacet
  facet normal 0 0 -1
    outer loop
      vertex 41.268073897468476 -5.255000002682209 -2.9802320611338473e-9
      vertex 40.0491219071526 -0.9176295349746149 -2.9802320611338473e-9
      vertex 41.58155439013544 -4.592201188381077 -2.9802320611338473e-9
    endloop
  endfacet
  facet normal 0 0 -1
    outer loop
      vertex 41.58155439013544 -4.592201188381077 -2.9802320611338473e-9
      vertex 40.295 -0.95 -2.9802320611338473e-9
      vertex 41.978284028786504 -3.483416127053548 -2.9802320611338473e-9
    endloop
  endfacet
  facet normal 0 0 -1
    outer loop
      vertex 41.58155439013544 -4.592201188381077 -2.9802320611338473e-9
      vertex 40.0491219071526 -0.9176295349746149 -2.9802320611338473e-9
      vertex 40.295 -0.95 -2.9802320611338473e-9
    endloop
  endfacet
  facet normal 0 0 -1
    outer loop
      vertex 41.978284028786504 -3.483416127053548 -2.9802320611338473e-9
      vertex 40.77 -0.8227241335952167 -2.9802320611338473e-9
      vertex 42.26442336483876 -2.341083864193539 -2.9802320611338473e-9
    endloop
  endfacet
  facet normal 0 -1 0
    outer loop
      vertex 38.00936149069674 -5.655000001192093 0.4000000029802324
      vertex 41.07888798781672 -5.655000001192093 0.4000000029802324
      vertex 41.07888798781672 -5.655000001192093 3.4000000029802324
    endloop
  endfacet
  facet normal 0 0 -1
    outer loop
      vertex 41.978284028786504 -3.483416127053548 -2.9802320611338473e-9
      vertex 40.295 -0.95 -2.9802320611338473e-9
      vertex 40.54087809284739 -0.9176295349746149 -2.9802320611338473e-9
    endloop
  endfacet
  facet normal 0 0 -1
    outer loop
      vertex 41.978284028786504 -3.483416127053548 -2.9802320611338473e-9
      vertex 40.54087809284739 -0.9176295349746149 -2.9802320611338473e-9
      vertex 40.77 -0.8227241335952167 -2.9802320611338473e-9
    endloop
  endfacet
  facet normal 0 0 -1
    outer loop
      vertex 42.26442336483876 -2.341083864193539 -2.9802320611338473e-9
      vertex 40.77 -0.8227241335952167 -2.9802320611338473e-9
      vertex 40.96675144212722 -0.6717514421272202 -2.9802320611338473e-9
    endloop
  endfacet
  facet normal 0 0 -1
    outer loop
      vertex 42.26442336483876 -2.341083864193539 -2.9802320611338473e-9
      vertex 40.96675144212722 -0.6717514421272202 -2.9802320611338473e-9
      vertex 41.11772413359522 -0.475 -2.9802320611338473e-9
    endloop
  endfacet
  facet normal 0 0 -1
    outer loop
      vertex 42.26442336483876 -2.341083864193539 -2.9802320611338473e-9
      vertex 41.11772413359522 -0.475 -2.9802320611338473e-9
      vertex 41.21262953497462 -0.2458780928473947 -2.9802320611338473e-9
    endloop
  endfacet
  facet normal 0 0 -1
    outer loop
      vertex 42.43721672006636 -1.1762056839547272 -2.9802320611338473e-9
      vertex 41.21262953497462 -0.2458780928473947 -2.9802320611338473e-9
      vertex 41.245 0 -2.9802320611338473e-9
    endloop
  endfacet
  facet normal 0 0 -1
    outer loop
      vertex 42.43721672006636 -1.1762056839547272 -2.9802320611338473e-9
      vertex 41.245 0 -2.9802320611338473e-9
      vertex 41.21262953497462 0.2458780928473947 -2.9802320611338473e-9
    endloop
  endfacet
  facet normal 0 0 -1
    outer loop
      vertex 42.26442336483876 -2.341083864193539 -2.9802320611338473e-9
      vertex 41.21262953497462 -0.2458780928473947 -2.9802320611338473e-9
      vertex 42.43721672006636 -1.1762056839547272 -2.9802320611338473e-9
    endloop
  endfacet
  facet normal 0 0 -1
    outer loop
      vertex 42.43721672006636 -1.1762056839547272 -2.9802320611338473e-9
      vertex 41.21262953497462 0.2458780928473947 -2.9802320611338473e-9
      vertex 41.11772413359522 0.475 -2.9802320611338473e-9
    endloop
  endfacet
  facet normal 0 0 -1
    outer loop
      vertex 42.43721672006636 -1.1762056839547272 -2.9802320611338473e-9
      vertex 41.11772413359522 0.475 -2.9802320611338473e-9
      vertex 40.96675144212722 0.6717514421272202 -2.9802320611338473e-9
    endloop
  endfacet
  facet normal 0 0 -1
    outer loop
      vertex 38.00936149069674 5.255000002682209 -2.9802320611338473e-9
      vertex 42.43721672006636 -1.1762056839547272 -2.9802320611338473e-9
      vertex 40.96675144212722 0.6717514421272202 -2.9802320611338473e-9
    endloop
  endfacet
  facet normal 0 0 -1
    outer loop
      vertex 38.00936149069674 5.255000002682209 -2.9802320611338473e-9
      vertex 42.495000000000005 0 -2.9802320611338473e-9
      vertex 42.43721672006636 -1.1762056839547272 -2.9802320611338473e-9
    endloop
  endfacet
  facet normal 0 -0.7071067767962508 0.7071067855768443
    outer loop
      vertex 38.00936149069674 -5.655000001192093 3.4000000029802324
      vertex 41.07888798781672 -5.655000001192093 3.4000000029802324
      vertex 41.36266685405628 -5.054999999701977 3.999999997019768
    endloop
  endfacet
  facet normal 0 0 1
    outer loop
      vertex 38.00936149069674 -3.35 3.999999997019768
      vertex 41.36266685405628 -5.054999999701977 3.999999997019768
      vertex 41.58155439013544 -4.592201188381077 3.999999997019768
    endloop
  endfacet
  facet normal 0 0 1
    outer loop
      vertex 38.00936149069674 -3.35 3.999999997019768
      vertex 41.58155439013544 -4.592201188381077 3.999999997019768
      vertex 41.978284028786504 -3.483416127053548 3.999999997019768
    endloop
  endfacet
  facet normal 0 0 1
    outer loop
      vertex 38.00936149069674 -3.35 3.999999997019768
      vertex 41.978284028786504 -3.483416127053548 3.999999997019768
      vertex 42.01170302889265 -3.35 3.999999997019768
    endloop
  endfacet
  facet normal 0 0 -1
    outer loop
      vertex 38.00936149069674 5.255000002682209 -2.9802320611338473e-9
      vertex 40.96675144212722 0.6717514421272202 -2.9802320611338473e-9
      vertex 40.77 0.8227241335952167 -2.9802320611338473e-9
    endloop
  endfacet
  facet normal 0 0 -1
    outer loop
      vertex 38.00936149069674 5.255000002682209 -2.9802320611338473e-9
      vertex 40.295 0.95 -2.9802320611338473e-9
      vertex 40.0491219071526 0.9176295349746149 -2.9802320611338473e-9
    endloop
  endfacet
  facet normal 0 0 -1
    outer loop
      vertex 38.00936149069674 5.255000002682209 -2.9802320611338473e-9
      vertex 40.54087809284739 0.9176295349746149 -2.9802320611338473e-9
      vertex 40.295 0.95 -2.9802320611338473e-9
    endloop
  endfacet
  facet normal 0 0 -1
    outer loop
      vertex 38.00936149069674 5.255000002682209 -2.9802320611338473e-9
      vertex 40.77 0.8227241335952167 -2.9802320611338473e-9
      vertex 40.54087809284739 0.9176295349746149 -2.9802320611338473e-9
    endloop
  endfacet
  facet normal 0 0 -1
    outer loop
      vertex 38.00936149069674 5.255000002682209 -2.9802320611338473e-9
      vertex 42.43721672006636 1.1762056839547272 -2.9802320611338473e-9
      vertex 42.495000000000005 0 -2.9802320611338473e-9
    endloop
  endfacet
  facet normal 0 0 -1
    outer loop
      vertex 38.00936149069674 5.255000002682209 -2.9802320611338473e-9
      vertex 42.26442336483876 2.341083864193539 -2.9802320611338473e-9
      vertex 42.43721672006636 1.1762056839547272 -2.9802320611338473e-9
    endloop
  endfacet
  facet normal 0 0 -1
    outer loop
      vertex 38.00936149069674 5.255000002682209 -2.9802320611338473e-9
      vertex 41.978284028786504 3.483416127053548 -2.9802320611338473e-9
      vertex 42.26442336483876 2.341083864193539 -2.9802320611338473e-9
    endloop
  endfacet
  facet normal 0 0 -1
    outer loop
      vertex 38.00936149069674 5.255000002682209 -2.9802320611338473e-9
      vertex 41.58155439013544 4.592201188381077 -2.9802320611338473e-9
      vertex 41.978284028786504 3.483416127053548 -2.9802320611338473e-9
    endloop
  endfacet
  facet normal 0 0 -1
    outer loop
      vertex 38.00936149069674 5.255000002682209 -2.9802320611338473e-9
      vertex 41.268073897468476 5.255000002682209 -2.9802320611338473e-9
      vertex 41.58155439013544 4.592201188381077 -2.9802320611338473e-9
    endloop
  endfacet
  facet normal 0 0.7071067877719925 -0.7071067746011025
    outer loop
      vertex 38.00936149069674 5.655000001192093 0.4000000029802324
      vertex 41.07888798781672 5.655000001192093 0.4000000029802324
      vertex 41.268073897468476 5.255000002682209 -2.9802320611338473e-9
    endloop
  endfacet
  facet normal 0 0 1
    outer loop
      vertex 38.00936149069674 3.35 3.999999997019768
      vertex 42.01170302889265 3.35 3.999999997019768
      vertex 41.978284028786504 3.483416127053548 3.999999997019768
    endloop
  endfacet
  facet normal 0 0 1
    outer loop
      vertex 38.00936149069674 3.35 3.999999997019768
      vertex 41.978284028786504 3.483416127053548 3.999999997019768
      vertex 41.58155439013544 4.592201188381077 3.999999997019768
    endloop
  endfacet
  facet normal 0 0.7071067767962509 0.7071067855768444
    outer loop
      vertex 38.00936149069674 5.054999999701977 3.999999997019768
      vertex 41.36266685405628 5.054999999701977 3.999999997019768
      vertex 41.07888798781672 5.655000001192093 3.4000000029802324
    endloop
  endfacet
  facet normal 0 0 1
    outer loop
      vertex 38.00936149069674 5.054999999701977 3.999999997019768
      vertex 41.58155439013544 4.592201188381077 3.999999997019768
      vertex 41.36266685405628 5.054999999701977 3.999999997019768
    endloop
  endfacet
  facet normal 0 1 0
    outer loop
      vertex 38.00936149069674 5.655000001192093 3.4000000029802324
      vertex 41.07888798781672 5.655000001192093 3.4000000029802324
      vertex 41.07888798781672 5.655000001192093 0.4000000029802324
    endloop
  endfacet
  facet normal 0 0 -1
    outer loop
      vertex 34 14.65 4.000000000000001
      vertex 34 21.35 4.000000000000001
      vertex 37.50936149069674 14.65 4.000000000000001
    endloop
  endfacet
  facet normal 0 0 -1
    outer loop
      vertex 37.50936149069674 14.65 4.000000000000001
      vertex 34 21.35 4.000000000000001
      vertex 37.50936149069674 21.35 4.000000000000001
    endloop
  endfacet
  facet normal 0 -1 0
    outer loop
      vertex 34 14.65 4.000000000000001
      vertex 37.50936149069674 14.65 4.000000000000001
      vertex 37.50936149069674 14.65 8.2
    endloop
  endfacet
  facet normal 0 -1 0
    outer loop
      vertex 34 14.65 4.000000000000001
      vertex 37.50936149069674 14.65 8.2
      vertex 34 14.65 8.2
    endloop
  endfacet
  facet normal 0 0 1
    outer loop
      vertex 34 14.65 8.2
      vertex 37.50936149069674 14.65 8.2
      vertex 37.50936149069674 14.669037544218492 8.2
    endloop
  endfacet
  facet normal -1 0 0
    outer loop
      vertex 34 14.65 4.000000000000001
      vertex 34 21.35 8.2
      vertex 34 21.35 4.000000000000001
    endloop
  endfacet
  facet normal 0 1 0
    outer loop
      vertex 34 21.35 4.000000000000001
      vertex 34 21.35 8.2
      vertex 37.50936149069674 21.35 4.000000000000001
    endloop
  endfacet
  facet normal -1 0 0
    outer loop
      vertex 34 14.65 4.000000000000001
      vertex 34 14.65 8.2
      vertex 34 21.35 8.2
    endloop
  endfacet
  facet normal 0 0 1
    outer loop
      vertex 34 14.65 8.2
      vertex 37.50936149069674 14.669037544218492 8.2
      vertex 34 21.35 8.2
    endloop
  endfacet
  facet normal 0 0 1
    outer loop
      vertex 37.50936149069674 14.669037544218492 8.2
      vertex 37.51936149069674 21.337786289620364 8.2
      vertex 34 21.35 8.2
    endloop
  endfacet
  facet normal 0 1 0
    outer loop
      vertex 37.50936149069674 21.35 4.000000000000001
      vertex 34 21.35 8.2
      vertex 37.50936149069674 21.35 8.2
    endloop
  endfacet
  facet normal 0 0 1
    outer loop
      vertex 34 21.35 8.2
      vertex 37.51936149069674 21.337786289620364 8.2
      vertex 37.50936149069674 21.35 8.2
    endloop
  endfacet
  facet normal 0 0 -1
    outer loop
      vertex 34 -3.35 4.000000000000001
      vertex 34 3.35 4.000000000000001
      vertex 37.50936149069674 -3.35 4.000000000000001
    endloop
  endfacet
  facet normal 0 0 -1
    outer loop
      vertex 37.50936149069674 -3.35 4.000000000000001
      vertex 34 3.35 4.000000000000001
      vertex 37.50936149069674 3.35 4.000000000000001
    endloop
  endfacet
  facet normal 0 -1 0
    outer loop
      vertex 34 -3.35 4.000000000000001
      vertex 37.50936149069674 -3.35 4.000000000000001
      vertex 37.50936149069674 -3.35 8.2
    endloop
  endfacet
  facet normal -1 0 0
    outer loop
      vertex 34 -3.35 4.000000000000001
      vertex 34 3.35 8.2
      vertex 34 3.35 4.000000000000001
    endloop
  endfacet
  facet normal 0 -1 0
    outer loop
      vertex 34 -3.35 4.000000000000001
      vertex 37.50936149069674 -3.35 8.2
      vertex 34 -3.35 8.2
    endloop
  endfacet
  facet normal 0 0 1
    outer loop
      vertex 34 -3.35 8.2
      vertex 37.50936149069674 -3.35 8.2
      vertex 37.50936149069674 -3.3309624557815076 8.2
    endloop
  endfacet
  facet normal -1 0 0
    outer loop
      vertex 34 -3.35 4.000000000000001
      vertex 34 -3.35 8.2
      vertex 34 3.35 8.2
    endloop
  endfacet
  facet normal 0 0 1
    outer loop
      vertex 34 -3.35 8.2
      vertex 37.50936149069674 -3.3309624557815076 8.2
      vertex 34 3.35 8.2
    endloop
  endfacet
  facet normal 0 0 1
    outer loop
      vertex 37.50936149069674 -3.3309624557815076 8.2
      vertex 37.51936149069674 3.337786289620366 8.2
      vertex 34 3.35 8.2
    endloop
  endfacet
  facet normal 0 1 0
    outer loop
      vertex 34 3.35 4.000000000000001
      vertex 34 3.35 8.2
      vertex 37.50936149069674 3.35 4.000000000000001
    endloop
  endfacet
  facet normal 0 1 0
    outer loop
      vertex 37.50936149069674 3.35 4.000000000000001
      vertex 34 3.35 8.2
      vertex 37.50936149069674 3.35 8.2
    endloop
  endfacet
  facet normal 0 0 1
    outer loop
      vertex 34 3.35 8.2
      vertex 37.51936149069674 3.337786289620366 8.2
      vertex 37.50936149069674 3.35 8.2
    endloop
  endfacet
  facet normal 0 -1 0
    outer loop
      vertex 37.50936149069674 14.65 3.8000000000000016
      vertex 37.809361493676974 14.65 3.8000000000000016
      vertex 38.00936149069674 14.65 3.999999997019768
    endloop
  endfacet
  facet normal 0 0 -1
    outer loop
      vertex 37.50936149069674 14.65 3.8000000000000016
      vertex 37.809361493676974 21.35 3.8000000000000016
      vertex 37.809361493676974 14.65 3.8000000000000016
    endloop
  endfacet
  facet normal -1 0 0
    outer loop
      vertex 37.50936149069674 14.65 3.8000000000000016
      vertex 37.50936149069674 14.65 4.000000000000001
      vertex 37.50936149069674 21.35 3.8000000000000016
    endloop
  endfacet
  facet normal 0 0 -1
    outer loop
      vertex 37.50936149069674 14.65 3.8000000000000016
      vertex 37.50936149069674 21.35 3.8000000000000016
      vertex 37.809361493676974 21.35 3.8000000000000016
    endloop
  endfacet
  facet normal -1 0 0
    outer loop
      vertex 37.50936149069674 14.65 4.000000000000001
      vertex 37.50936149069674 21.35 4.000000000000001
      vertex 37.50936149069674 21.35 3.8000000000000016
    endloop
  endfacet
  facet normal 0 1 0
    outer loop
      vertex 37.50936149069674 21.35 3.8000000000000016
      vertex 37.50936149069674 21.35 4.000000000000001
      vertex 37.809361493676974 21.35 3.8000000000000016
    endloop
  endfacet
  facet normal 0 1 0
    outer loop
      vertex 37.50936149069674 21.35 4.000000000000001
      vertex 38.00936149069674 21.35 3.999999997019768
      vertex 37.809361493676974 21.35 3.8000000000000016
    endloop
  endfacet
  facet normal 0 -1 0
    outer loop
      vertex 37.50936149069674 14.65 3.8000000000000016
      vertex 42.01170302889265 14.65 8.2
      vertex 37.50936149069674 14.65 4.000000000000001
    endloop
  endfacet
  facet normal 0 -1 0
    outer loop
      vertex 37.50936149069674 14.65 3.8000000000000016
      vertex 38.00936149069674 14.65 3.999999997019768
      vertex 42.01170302889265 14.65 8.2
    endloop
  endfacet
  facet normal 0 -1 0
    outer loop
      vertex 37.50936149069674 14.65 4.000000000000001
      vertex 42.01170302889265 14.65 8.2
      vertex 37.50936149069674 14.65 8.2
    endloop
  endfacet
  facet normal 0 0 1
    outer loop
      vertex 37.50936149069674 14.65 8.2
      vertex 42.01170302889265 14.65 8.2
      vertex 37.50936149069674 14.669037544218492 8.2
    endloop
  endfacet
  facet normal 0 0 1
    outer loop
      vertex 37.50936149069674 14.669037544218492 8.2
      vertex 39.82 17.177275866404784 8.2
      vertex 39.62324855787278 17.32824855787278 8.2
    endloop
  endfacet
  facet normal 0 0 1
    outer loop
      vertex 37.50936149069674 14.669037544218492 8.2
      vertex 40.295 17.05 8.2
      vertex 40.0491219071526 17.082370465025384 8.2
    endloop
  endfacet
  facet normal 0 0 1
    outer loop
      vertex 37.50936149069674 14.669037544218492 8.2
      vertex 40.0491219071526 17.082370465025384 8.2
      vertex 39.82 17.177275866404784 8.2
    endloop
  endfacet
  facet normal 0 1 0
    outer loop
      vertex 37.50936149069674 21.35 4.000000000000001
      vertex 37.50936149069674 21.35 8.2
      vertex 38.00936149069674 21.35 3.999999997019768
    endloop
  endfacet
  facet normal 0 1 0
    outer loop
      vertex 38.00936149069674 21.35 3.999999997019768
      vertex 37.50936149069674 21.35 8.2
      vertex 42.01170302889265 21.35 3.999999997019768
    endloop
  endfacet
  facet normal 0 0 1
    outer loop
      vertex 37.50936149069674 14.669037544218492 8.2
      vertex 39.62324855787278 17.32824855787278 8.2
      vertex 39.472275866404786 17.525 8.2
    endloop
  endfacet
  facet normal 0 0 1
    outer loop
      vertex 37.50936149069674 14.669037544218492 8.2
      vertex 39.472275866404786 17.525 8.2
      vertex 39.377370465025386 17.754121907152605 8.2
    endloop
  endfacet
  facet normal 0 0 1
    outer loop
      vertex 37.50936149069674 14.669037544218492 8.2
      vertex 39.377370465025386 17.754121907152605 8.2
      vertex 37.51936149069674 21.337786289620364 8.2
    endloop
  endfacet
  facet normal 0 0 1
    outer loop
      vertex 37.51936149069674 21.337786289620364 8.2
      vertex 39.377370465025386 17.754121907152605 8.2
      vertex 39.345 18 8.2
    endloop
  endfacet
  facet normal 0 0 1
    outer loop
      vertex 37.51936149069674 21.337786289620364 8.2
      vertex 39.345 18 8.2
      vertex 39.377370465025386 18.245878092847395 8.2
    endloop
  endfacet
  facet normal 0 0 1
    outer loop
      vertex 37.51936149069674 21.337786289620364 8.2
      vertex 39.377370465025386 18.245878092847395 8.2
      vertex 39.472275866404786 18.475 8.2
    endloop
  endfacet
  facet normal 0 0 1
    outer loop
      vertex 37.51936149069674 21.337786289620364 8.2
      vertex 39.472275866404786 18.475 8.2
      vertex 39.62324855787278 18.67175144212722 8.2
    endloop
  endfacet
  facet normal 0 0 1
    outer loop
      vertex 37.51936149069674 21.337786289620364 8.2
      vertex 39.62324855787278 18.67175144212722 8.2
      vertex 39.82 18.822724133595216 8.2
    endloop
  endfacet
  facet normal 0 0 1
    outer loop
      vertex 37.51936149069674 21.337786289620364 8.2
      vertex 39.82 18.822724133595216 8.2
      vertex 40.0491219071526 18.917629534974616 8.2
    endloop
  endfacet
  facet normal 0 0 1
    outer loop
      vertex 37.51936149069674 21.337786289620364 8.2
      vertex 40.0491219071526 18.917629534974616 8.2
      vertex 40.295 18.95 8.2
    endloop
  endfacet
  facet normal 0 0 1
    outer loop
      vertex 37.51936149069674 21.337786289620364 8.2
      vertex 42.01170302889265 21.35 8.2
      vertex 37.50936149069674 21.35 8.2
    endloop
  endfacet
  facet normal 0 -1 0
    outer loop
      vertex 38.00936149069674 14.65 3.999999997019768
      vertex 42.01170302889265 14.65 3.999999997019768
      vertex 42.01170302889265 14.65 8.2
    endloop
  endfacet
  facet normal 0 0 1
    outer loop
      vertex 37.50936149069674 14.669037544218492 8.2
      vertex 42.01170302889265 14.65 8.2
      vertex 41.50104079956169 15.5 8.2
    endloop
  endfacet
  facet normal 0 0 1
    outer loop
      vertex 37.50936149069674 14.669037544218492 8.2
      vertex 41.50104079956169 15.5 8.2
      vertex 41.495 16.579758792472553 8.2
    endloop
  endfacet
  facet normal 0 0 1
    outer loop
      vertex 37.50936149069674 14.669037544218492 8.2
      vertex 41.495 16.579758792472553 8.2
      vertex 40.54087809284739 17.082370465025384 8.2
    endloop
  endfacet
  facet normal 0 0 1
    outer loop
      vertex 37.50936149069674 14.669037544218492 8.2
      vertex 40.54087809284739 17.082370465025384 8.2
      vertex 40.295 17.05 8.2
    endloop
  endfacet
  facet normal 0 0 1
    outer loop
      vertex 42.01170302889265 14.65 8.2
      vertex 42.22461694505526 15.5 8.2
      vertex 41.50104079956169 15.5 8.2
    endloop
  endfacet
  facet normal 0 0 1
    outer loop
      vertex 41.495 16.579758792472553 8.2
      vertex 40.77 17.177275866404784 8.2
      vertex 40.54087809284739 17.082370465025384 8.2
    endloop
  endfacet
  facet normal 0 0 1
    outer loop
      vertex 41.495 16.579758792472553 8.2
      vertex 40.96675144212722 17.32824855787278 8.2
      vertex 40.77 17.177275866404784 8.2
    endloop
  endfacet
  facet normal 0 0 1
    outer loop
      vertex 41.495 16.579758792472553 8.2
      vertex 41.11772413359522 17.525 8.2
      vertex 40.96675144212722 17.32824855787278 8.2
    endloop
  endfacet
  facet normal 0 0 1
    outer loop
      vertex 41.495 16.579758792472553 8.2
      vertex 41.21262953497462 17.754121907152605 8.2
      vertex 41.11772413359522 17.525 8.2
    endloop
  endfacet
  facet normal 0 0 1
    outer loop
      vertex 41.495 16.579758792472553 8.2
      vertex 41.495 18.670825720835527 8.2
      vertex 41.21262953497462 17.754121907152605 8.2
    endloop
  endfacet
  facet normal 0 0 1
    outer loop
      vertex 41.495 18.670825720835527 8.2
      vertex 41.245 18 8.2
      vertex 41.21262953497462 17.754121907152605 8.2
    endloop
  endfacet
  facet normal 0 0 1
    outer loop
      vertex 41.495 18.670825720835527 8.2
      vertex 41.21262953497462 18.245878092847395 8.2
      vertex 41.245 18 8.2
    endloop
  endfacet
  facet normal 0 0 1
    outer loop
      vertex 41.495 18.670825720835527 8.2
      vertex 41.11772413359522 18.475 8.2
      vertex 41.21262953497462 18.245878092847395 8.2
    endloop
  endfacet
  facet normal 0 0 1
    outer loop
      vertex 41.495 18.670825720835527 8.2
      vertex 40.96675144212722 18.67175144212722 8.2
      vertex 41.11772413359522 18.475 8.2
    endloop
  endfacet
  facet normal 0 0 1
    outer loop
      vertex 37.51936149069674 21.337786289620364 8.2
      vertex 40.77 18.822724133595216 8.2
      vertex 40.96675144212722 18.67175144212722 8.2
    endloop
  endfacet
  facet normal 0 0 1
    outer loop
      vertex 37.51936149069674 21.337786289620364 8.2
      vertex 40.96675144212722 18.67175144212722 8.2
      vertex 41.495 18.670825720835527 8.2
    endloop
  endfacet
  facet normal 0 0 1
    outer loop
      vertex 37.51936149069674 21.337786289620364 8.2
      vertex 40.295 18.95 8.2
      vertex 40.54087809284739 18.917629534974616 8.2
    endloop
  endfacet
  facet normal 0 0 1
    outer loop
      vertex 37.51936149069674 21.337786289620364 8.2
      vertex 40.54087809284739 18.917629534974616 8.2
      vertex 40.77 18.822724133595216 8.2
    endloop
  endfacet
  facet normal 0 0 1
    outer loop
      vertex 37.51936149069674 21.337786289620364 8.2
      vertex 41.495 18.670825720835527 8.2
      vertex 42.30504910347008 19.23429827582799 8.2
    endloop
  endfacet
  facet normal 0 1 0
    outer loop
      vertex 37.50936149069674 21.35 8.2
      vertex 42.01170302889265 21.35 8.2
      vertex 42.01170302889265 21.35 3.999999997019768
    endloop
  endfacet
  facet normal 0 0 1
    outer loop
      vertex 37.51936149069674 21.337786289620364 8.2
      vertex 42.30504910347008 19.23429827582799 8.2
      vertex 41.50786164896024 20.5 8.2
    endloop
  endfacet
  facet normal 0 0 1
    outer loop
      vertex 37.51936149069674 21.337786289620364 8.2
      vertex 41.50786164896024 20.5 8.2
      vertex 42.01170302889265 21.35 8.2
    endloop
  endfacet
  facet normal 0 0 1
    outer loop
      vertex 41.50786164896024 20.5 8.2
      vertex 42.22461694505526 20.5 8.2
      vertex 42.01170302889265 21.35 8.2
    endloop
  endfacet
  facet normal 0 -1 0
    outer loop
      vertex 37.50936149069674 -3.35 3.8000000000000016
      vertex 37.809361493676974 -3.35 3.8000000000000016
      vertex 38.00936149069674 -3.35 3.999999997019768
    endloop
  endfacet
  facet normal 0 0 -1
    outer loop
      vertex 37.50936149069674 -3.35 3.8000000000000016
      vertex 37.809361493676974 3.35 3.8000000000000016
      vertex 37.809361493676974 -3.35 3.8000000000000016
    endloop
  endfacet
  facet normal -1 0 0
    outer loop
      vertex 37.50936149069674 -3.35 3.8000000000000016
      vertex 37.50936149069674 -3.35 4.000000000000001
      vertex 37.50936149069674 3.35 3.8000000000000016
    endloop
  endfacet
  facet normal 0 0 -1
    outer loop
      vertex 37.50936149069674 -3.35 3.8000000000000016
      vertex 37.50936149069674 3.35 3.8000000000000016
      vertex 37.809361493676974 3.35 3.8000000000000016
    endloop
  endfacet
  facet normal -1 0 0
    outer loop
      vertex 37.50936149069674 -3.35 4.000000000000001
      vertex 37.50936149069674 3.35 4.000000000000001
      vertex 37.50936149069674 3.35 3.8000000000000016
    endloop
  endfacet
  facet normal 0 1 0
    outer loop
      vertex 37.50936149069674 3.35 3.8000000000000016
      vertex 37.50936149069674 3.35 4.000000000000001
      vertex 37.809361493676974 3.35 3.8000000000000016
    endloop
  endfacet
  facet normal 0 1 0
    outer loop
      vertex 37.50936149069674 3.35 4.000000000000001
      vertex 38.00936149069674 3.35 3.999999997019768
      vertex 37.809361493676974 3.35 3.8000000000000016
    endloop
  endfacet
  facet normal 0 -1 0
    outer loop
      vertex 37.50936149069674 -3.35 3.8000000000000016
      vertex 42.01170302889265 -3.35 8.2
      vertex 37.50936149069674 -3.35 4.000000000000001
    endloop
  endfacet
  facet normal 0 -1 0
    outer loop
      vertex 37.50936149069674 -3.35 3.8000000000000016
      vertex 38.00936149069674 -3.35 3.999999997019768
      vertex 42.01170302889265 -3.35 8.2
    endloop
  endfacet
  facet normal 0 -1 0
    outer loop
      vertex 37.50936149069674 -3.35 4.000000000000001
      vertex 42.01170302889265 -3.35 8.2
      vertex 37.50936149069674 -3.35 8.2
    endloop
  endfacet
  facet normal 0 0 1
    outer loop
      vertex 37.50936149069674 -3.35 8.2
      vertex 42.01170302889265 -3.35 8.2
      vertex 37.50936149069674 -3.3309624557815076 8.2
    endloop
  endfacet
  facet normal 0 0 1
    outer loop
      vertex 37.50936149069674 -3.3309624557815076 8.2
      vertex 40.0491219071526 -0.9176295349746149 8.2
      vertex 39.82 -0.8227241335952167 8.2
    endloop
  endfacet
  facet normal 0 0 1
    outer loop
      vertex 37.50936149069674 -3.3309624557815076 8.2
      vertex 40.295 -0.95 8.2
      vertex 40.0491219071526 -0.9176295349746149 8.2
    endloop
  endfacet
  facet normal 0 0 1
    outer loop
      vertex 37.50936149069674 -3.3309624557815076 8.2
      vertex 39.82 -0.8227241335952167 8.2
      vertex 39.62324855787278 -0.6717514421272202 8.2
    endloop
  endfacet
  facet normal 0 0 1
    outer loop
      vertex 37.50936149069674 -3.3309624557815076 8.2
      vertex 39.62324855787278 -0.6717514421272202 8.2
      vertex 39.472275866404786 -0.475 8.2
    endloop
  endfacet
  facet normal 0 0 1
    outer loop
      vertex 37.50936149069674 -3.3309624557815076 8.2
      vertex 39.472275866404786 -0.475 8.2
      vertex 39.377370465025386 -0.2458780928473947 8.2
    endloop
  endfacet
  facet normal 0 0 1
    outer loop
      vertex 37.50936149069674 -3.3309624557815076 8.2
      vertex 39.377370465025386 -0.2458780928473947 8.2
      vertex 37.51936149069674 3.337786289620366 8.2
    endloop
  endfacet
  facet normal 0 0 1
    outer loop
      vertex 37.51936149069674 3.337786289620366 8.2
      vertex 39.377370465025386 -0.2458780928473947 8.2
      vertex 39.345 0 8.2
    endloop
  endfacet
  facet normal 0 0 1
    outer loop
      vertex 37.51936149069674 3.337786289620366 8.2
      vertex 39.345 0 8.2
      vertex 39.377370465025386 0.2458780928473947 8.2
    endloop
  endfacet
  facet normal 0 0 1
    outer loop
      vertex 37.51936149069674 3.337786289620366 8.2
      vertex 39.377370465025386 0.2458780928473947 8.2
      vertex 39.472275866404786 0.475 8.2
    endloop
  endfacet
  facet normal 0 0 1
    outer loop
      vertex 37.51936149069674 3.337786289620366 8.2
      vertex 39.472275866404786 0.475 8.2
      vertex 39.62324855787278 0.6717514421272202 8.2
    endloop
  endfacet
  facet normal 0 1 0
    outer loop
      vertex 37.50936149069674 3.35 4.000000000000001
      vertex 37.50936149069674 3.35 8.2
      vertex 38.00936149069674 3.35 3.999999997019768
    endloop
  endfacet
  facet normal 0 1 0
    outer loop
      vertex 38.00936149069674 3.35 3.999999997019768
      vertex 37.50936149069674 3.35 8.2
      vertex 42.01170302889265 3.35 3.999999997019768
    endloop
  endfacet
  facet normal 0 0 1
    outer loop
      vertex 37.51936149069674 3.337786289620366 8.2
      vertex 39.62324855787278 0.6717514421272202 8.2
      vertex 39.82 0.8227241335952167 8.2
    endloop
  endfacet
  facet normal 0 0 1
    outer loop
      vertex 37.51936149069674 3.337786289620366 8.2
      vertex 39.82 0.8227241335952167 8.2
      vertex 40.0491219071526 0.9176295349746149 8.2
    endloop
  endfacet
  facet normal 0 0 1
    outer loop
      vertex 37.51936149069674 3.337786289620366 8.2
      vertex 40.0491219071526 0.9176295349746149 8.2
      vertex 40.295 0.95 8.2
    endloop
  endfacet
  facet normal 0 0 1
    outer loop
      vertex 37.51936149069674 3.337786289620366 8.2
      vertex 42.01170302889265 3.35 8.2
      vertex 37.50936149069674 3.35 8.2
    endloop
  endfacet
  facet normal 0 -1 0
    outer loop
      vertex 38.00936149069674 -3.35 3.999999997019768
      vertex 42.01170302889265 -3.35 3.999999997019768
      vertex 42.01170302889265 -3.35 8.2
    endloop
  endfacet
  facet normal 0 0 1
    outer loop
      vertex 37.50936149069674 -3.3309624557815076 8.2
      vertex 42.01170302889265 -3.35 8.2
      vertex 41.50104079956169 -2.5 8.2
    endloop
  endfacet
  facet normal 0 0 1
    outer loop
      vertex 37.50936149069674 -3.3309624557815076 8.2
      vertex 41.50104079956169 -2.5 8.2
      vertex 41.495 -1.4202412075274462 8.2
    endloop
  endfacet
  facet normal 0 0 1
    outer loop
      vertex 42.01170302889265 -3.35 8.2
      vertex 42.22461694505526 -2.5 8.2
      vertex 41.50104079956169 -2.5 8.2
    endloop
  endfacet
  facet normal 0 0 1
    outer loop
      vertex 37.50936149069674 -3.3309624557815076 8.2
      vertex 41.495 -1.4202412075274462 8.2
      vertex 40.54087809284739 -0.9176295349746149 8.2
    endloop
  endfacet
  facet normal 0 0 1
    outer loop
      vertex 37.50936149069674 -3.3309624557815076 8.2
      vertex 40.54087809284739 -0.9176295349746149 8.2
      vertex 40.295 -0.95 8.2
    endloop
  endfacet
  facet normal 0 0 1
    outer loop
      vertex 41.495 -1.4202412075274462 8.2
      vertex 40.77 -0.8227241335952167 8.2
      vertex 40.54087809284739 -0.9176295349746149 8.2
    endloop
  endfacet
  facet normal 0 0 1
    outer loop
      vertex 41.495 -1.4202412075274462 8.2
      vertex 40.96675144212722 -0.6717514421272202 8.2
      vertex 40.77 -0.8227241335952167 8.2
    endloop
  endfacet
  facet normal 0 0 1
    outer loop
      vertex 41.495 -1.4202412075274462 8.2
      vertex 41.11772413359522 -0.475 8.2
      vertex 40.96675144212722 -0.6717514421272202 8.2
    endloop
  endfacet
  facet normal 0 0 1
    outer loop
      vertex 41.495 -1.4202412075274462 8.2
      vertex 41.21262953497462 -0.2458780928473947 8.2
      vertex 41.11772413359522 -0.475 8.2
    endloop
  endfacet
  facet normal 0 0 1
    outer loop
      vertex 41.495 -1.4202412075274462 8.2
      vertex 41.495 0.6708257208355272 8.2
      vertex 41.21262953497462 -0.2458780928473947 8.2
    endloop
  endfacet
  facet normal 0 0 1
    outer loop
      vertex 41.495 0.6708257208355272 8.2
      vertex 41.245 0 8.2
      vertex 41.21262953497462 -0.2458780928473947 8.2
    endloop
  endfacet
  facet normal 0 0 1
    outer loop
      vertex 41.495 0.6708257208355272 8.2
      vertex 41.21262953497462 0.2458780928473947 8.2
      vertex 41.245 0 8.2
    endloop
  endfacet
  facet normal 0 0 1
    outer loop
      vertex 41.495 0.6708257208355272 8.2
      vertex 41.11772413359522 0.475 8.2
      vertex 41.21262953497462 0.2458780928473947 8.2
    endloop
  endfacet
  facet normal 0 0 1
    outer loop
      vertex 41.495 0.6708257208355272 8.2
      vertex 40.96675144212722 0.6717514421272202 8.2
      vertex 41.11772413359522 0.475 8.2
    endloop
  endfacet
  facet normal 0 0 1
    outer loop
      vertex 37.51936149069674 3.337786289620366 8.2
      vertex 40.96675144212722 0.6717514421272202 8.2
      vertex 41.495 0.6708257208355272 8.2
    endloop
  endfacet
  facet normal 0 1 0
    outer loop
      vertex 37.50936149069674 3.35 8.2
      vertex 42.01170302889265 3.35 8.2
      vertex 42.01170302889265 3.35 3.999999997019768
    endloop
  endfacet
  facet normal 0 0 1
    outer loop
      vertex 37.51936149069674 3.337786289620366 8.2
      vertex 40.54087809284739 0.9176295349746149 8.2
      vertex 40.77 0.8227241335952167 8.2
    endloop
  endfacet
  facet normal 0 0 1
    outer loop
      vertex 37.51936149069674 3.337786289620366 8.2
      vertex 40.295 0.95 8.2
      vertex 40.54087809284739 0.9176295349746149 8.2
    endloop
  endfacet
  facet normal 0 0 1
    outer loop
      vertex 37.51936149069674 3.337786289620366 8.2
      vertex 40.77 0.8227241335952167 8.2
      vertex 40.96675144212722 0.6717514421272202 8.2
    endloop
  endfacet
  facet normal 0 0 1
    outer loop
      vertex 37.51936149069674 3.337786289620366 8.2
      vertex 41.495 0.6708257208355272 8.2
      vertex 42.30504910347008 1.2342982758279906 8.2
    endloop
  endfacet
  facet normal 0 0 1
    outer loop
      vertex 37.51936149069674 3.337786289620366 8.2
      vertex 42.30504910347008 1.2342982758279906 8.2
      vertex 41.50786164896024 2.5 8.2
    endloop
  endfacet
  facet normal 0 0 1
    outer loop
      vertex 37.51936149069674 3.337786289620366 8.2
      vertex 41.50786164896024 2.5 8.2
      vertex 42.01170302889265 3.35 8.2
    endloop
  endfacet
  facet normal 0 0 1
    outer loop
      vertex 41.50786164896024 2.5 8.2
      vertex 42.22461694505526 2.5 8.2
      vertex 42.01170302889265 3.35 8.2
    endloop
  endfacet
  facet normal 0.9039892931234438 -0.42755509343028103 0
    outer loop
      vertex 41.07888798781672 12.344999998807907 0.4000000029802324
      vertex 41.268073897468476 12.744999997317791 -2.9802320611338473e-9
      vertex 41.07888798781672 12.344999998807907 3.4000000029802324
    endloop
  endfacet
  facet normal 0.9700312531924924 -0.24298017990274953 -0.000002056710557624074
    outer loop
      vertex 41.978284028786504 14.516583872946452 -2.9802320611338473e-9
      vertex 42.26442336483876 15.65891613580646 -2.9802320611338473e-9
      vertex 42.22461694505526 15.5 0
    endloop
  endfacet
  facet normal 0.9700312531945532 -0.24298017990322712 -7.912467456089426e-10
    outer loop
      vertex 42.22461694505526 15.5 0
      vertex 42.26442336483876 15.65891613580646 -2.9802320611338473e-9
      vertex 42.26442336483876 15.65891613580646 0
    endloop
  endfacet
  facet normal 0.989176509964781 -0.1467304744553616 0
    outer loop
      vertex 42.26442336483876 15.65891613580646 -2.9802320611338473e-9
      vertex 42.43721672006636 16.823794316045273 -2.9802320611338473e-9
      vertex 42.26442336483876 15.65891613580646 0
    endloop
  endfacet
  facet normal 0.9039892931234463 -0.42755509343027565 1.935372270886842e-18
    outer loop
      vertex 41.268073897468476 12.744999997317791 -2.9802320611338473e-9
      vertex 41.58155439013544 13.407798811618923 -2.9802320611338473e-9
      vertex 41.58155439013544 13.407798811618923 3.999999997019768
    endloop
  endfacet
  facet normal 0.9415440651830204 -0.3368898533922211 5.4171652836336135e-18
    outer loop
      vertex 41.58155439013544 13.407798811618923 -2.9802320611338473e-9
      vertex 41.978284028786504 14.516583872946452 -2.9802320611338473e-9
      vertex 41.978284028786504 14.516583872946452 3.999999997019768
    endloop
  endfacet
  facet normal 0.9039892931234467 -0.42755509343027515 8.516239177842224e-16
    outer loop
      vertex 41.268073897468476 12.744999997317791 -2.9802320611338473e-9
      vertex 41.36266685405628 12.945000000298023 3.999999997019768
      vertex 41.07888798781672 12.344999998807907 3.4000000029802324
    endloop
  endfacet
  facet normal 0.9039892931234434 -0.427555093430282 1.2726816668354723e-15
    outer loop
      vertex 41.268073897468476 12.744999997317791 -2.9802320611338473e-9
      vertex 41.58155439013544 13.407798811618923 3.999999997019768
      vertex 41.36266685405628 12.945000000298023 3.999999997019768
    endloop
  endfacet
  facet normal 0.9415440651830204 -0.3368898533922211 0
    outer loop
      vertex 41.58155439013544 13.407798811618923 -2.9802320611338473e-9
      vertex 41.978284028786504 14.516583872946452 3.999999997019768
      vertex 41.58155439013544 13.407798811618923 3.999999997019768
    endloop
  endfacet
  facet normal 0.9700312531945395 -0.24298017990328163 0
    outer loop
      vertex 41.978284028786504 14.516583872946452 -2.9802320611338473e-9
      vertex 42.01170302889265 14.65 3.999999997019768
      vertex 41.978284028786504 14.516583872946452 3.999999997019768
    endloop
  endfacet
  facet normal 0.9700312531945428 -0.24298017990326937 -6.382408696052101e-20
    outer loop
      vertex 41.978284028786504 14.516583872946452 -2.9802320611338473e-9
      vertex 42.22461694505526 15.5 0
      vertex 42.22461694505526 15.5 8.2
    endloop
  endfacet
  facet normal 0.9700312531945439 -0.24298017990326456 -6.060113591321706e-16
    outer loop
      vertex 41.978284028786504 14.516583872946452 -2.9802320611338473e-9
      vertex 42.22461694505526 15.5 8.2
      vertex 42.01170302889265 14.65 3.999999997019768
    endloop
  endfacet
  facet normal 0.989176509964781 -0.1467304744553616 1.812413876092111e-9
    outer loop
      vertex 42.26442336483876 15.65891613580646 0
      vertex 42.43721672006636 16.823794316045273 -2.9802320611338473e-9
      vertex 42.43721672006636 16.823794316045273 0
    endloop
  endfacet
  facet normal 0.9987954562051721 -0.049067674327424364 0
    outer loop
      vertex 42.43721672006636 16.823794316045273 -2.9802320611338473e-9
      vertex 42.495000000000005 18 -2.9802320611338473e-9
      vertex 42.43721672006636 16.823794316045273 0
    endloop
  endfacet
  facet normal 0.9987954562051721 -0.049067674327424364 -2.44824309405113e-10
    outer loop
      vertex 42.43721672006636 16.823794316045273 0
      vertex 42.495000000000005 18 -2.9802320611338473e-9
      vertex 42.495000000000005 18 0
    endloop
  endfacet
  facet normal 0.9987954562051721 0.049067674327424364 0
    outer loop
      vertex 42.495000000000005 18 -2.9802320611338473e-9
      vertex 42.43721672006636 19.176205683954727 -2.9802320611338473e-9
      vertex 42.495000000000005 18 0
    endloop
  endfacet
  facet normal 0.9987954562051721 0.049067674327424364 2.44824309405113e-10
    outer loop
      vertex 42.495000000000005 18 0
      vertex 42.43721672006636 19.176205683954727 -2.9802320611338473e-9
      vertex 42.43721672006636 19.176205683954727 0
    endloop
  endfacet
  facet normal 0.989176509964781 0.1467304744553616 0
    outer loop
      vertex 42.43721672006636 19.176205683954727 -2.9802320611338473e-9
      vertex 42.26442336483876 20.34108386419354 -2.9802320611338473e-9
      vertex 42.43721672006636 19.176205683954727 0
    endloop
  endfacet
  facet normal 0.989176509964781 0.1467304744553616 -1.812413876092111e-9
    outer loop
      vertex 42.43721672006636 19.176205683954727 0
      vertex 42.26442336483876 20.34108386419354 -2.9802320611338473e-9
      vertex 42.26442336483876 20.34108386419354 0
    endloop
  endfacet
  facet normal 0.9700312531945532 0.24298017990322712 0
    outer loop
      vertex 42.26442336483876 20.34108386419354 -2.9802320611338473e-9
      vertex 42.22461694505526 20.5 0
      vertex 42.26442336483876 20.34108386419354 0
    endloop
  endfacet
  facet normal 0.970031253192489 0.24298017990274867 -0.0000020584974422935843
    outer loop
      vertex 41.978284028786504 21.483416127053548 -2.9802320611338473e-9
      vertex 42.22461694505526 20.5 0
      vertex 42.26442336483876 20.34108386419354 -2.9802320611338473e-9
    endloop
  endfacet
  facet normal 0.9700312531945426 0.2429801799032693 -5.452069812979872e-16
    outer loop
      vertex 41.978284028786504 21.483416127053548 -2.9802320611338473e-9
      vertex 42.01170302889265 21.35 3.999999997019768
      vertex 42.22461694505526 20.5 0
    endloop
  endfacet
  facet normal 0.9415440651830203 0.33688985339222166 2.7772130173158978e-18
    outer loop
      vertex 41.978284028786504 21.483416127053548 -2.9802320611338473e-9
      vertex 41.58155439013544 22.592201188381075 -2.9802320611338473e-9
      vertex 41.58155439013544 22.592201188381075 3.999999997019768
    endloop
  endfacet
  facet normal 0.9039892931234468 0.4275550934302748 9.04699870958847e-16
    outer loop
      vertex 41.268073897468476 23.25500000268221 -2.9802320611338473e-9
      vertex 41.07888798781672 23.655000001192093 3.4000000029802324
      vertex 41.58155439013544 22.592201188381075 -2.9802320611338473e-9
    endloop
  endfacet
  facet normal 0.9039892931234438 0.42755509343028103 -4.490642347642035e-18
    outer loop
      vertex 41.268073897468476 23.25500000268221 -2.9802320611338473e-9
      vertex 41.07888798781672 23.655000001192093 0.4000000029802324
      vertex 41.07888798781672 23.655000001192093 3.4000000029802324
    endloop
  endfacet
  facet normal 0.9700312531945388 0.24298017990328466 0
    outer loop
      vertex 41.978284028786504 21.483416127053548 -2.9802320611338473e-9
      vertex 41.978284028786504 21.483416127053548 3.999999997019768
      vertex 42.01170302889265 21.35 3.999999997019768
    endloop
  endfacet
  facet normal 0.9415440651830203 0.33688985339222166 0
    outer loop
      vertex 41.978284028786504 21.483416127053548 -2.9802320611338473e-9
      vertex 41.58155439013544 22.592201188381075 3.999999997019768
      vertex 41.978284028786504 21.483416127053548 3.999999997019768
    endloop
  endfacet
  facet normal 0.9039892931234467 0.4275550934302751 7.819202666125035e-16
    outer loop
      vertex 41.58155439013544 22.592201188381075 -2.9802320611338473e-9
      vertex 41.07888798781672 23.655000001192093 3.4000000029802324
      vertex 41.36266685405628 23.054999999701977 3.999999997019768
    endloop
  endfacet
  facet normal 0.9039892931234439 0.4275550934302806 0
    outer loop
      vertex 41.58155439013544 22.592201188381075 -2.9802320611338473e-9
      vertex 41.36266685405628 23.054999999701977 3.999999997019768
      vertex 41.58155439013544 22.592201188381075 3.999999997019768
    endloop
  endfacet
  facet normal 0.9700312531945433 0.2429801799032669 0
    outer loop
      vertex 42.01170302889265 21.35 3.999999997019768
      vertex 42.01170302889265 21.35 8.2
      vertex 42.22461694505526 20.5 0
    endloop
  endfacet
  facet normal 0.9700312531945432 -0.24298017990326737 0
    outer loop
      vertex 42.01170302889265 14.65 3.999999997019768
      vertex 42.22461694505526 15.5 8.2
      vertex 42.01170302889265 14.65 8.2
    endloop
  endfacet
  facet normal 0.9700312531945433 0.2429801799032669 0
    outer loop
      vertex 42.22461694505526 20.5 0
      vertex 42.01170302889265 21.35 8.2
      vertex 42.22461694505526 20.5 8.2
    endloop
  endfacet
  facet normal 0.9700312531924924 -0.24298017990274953 -0.000002056710557624074
    outer loop
      vertex 41.978284028786504 -3.483416127053548 -2.9802320611338473e-9
      vertex 42.26442336483876 -2.341083864193539 -2.9802320611338473e-9
      vertex 42.22461694505526 -2.5 0
    endloop
  endfacet
  facet normal 0.9700312531945532 -0.24298017990322712 -7.912467456089426e-10
    outer loop
      vertex 42.22461694505526 -2.5 0
      vertex 42.26442336483876 -2.341083864193539 -2.9802320611338473e-9
      vertex 42.26442336483876 -2.341083864193539 0
    endloop
  endfacet
  facet normal 0.9039892931234438 -0.42755509343028103 0
    outer loop
      vertex 41.07888798781672 -5.655000001192093 0.4000000029802324
      vertex 41.268073897468476 -5.255000002682209 -2.9802320611338473e-9
      vertex 41.07888798781672 -5.655000001192093 3.4000000029802324
    endloop
  endfacet
  facet normal 0.9039892931234463 -0.42755509343027565 1.935372270886842e-18
    outer loop
      vertex 41.268073897468476 -5.255000002682209 -2.9802320611338473e-9
      vertex 41.58155439013544 -4.592201188381077 -2.9802320611338473e-9
      vertex 41.58155439013544 -4.592201188381077 3.999999997019768
    endloop
  endfacet
  facet normal 0.9415440651830204 -0.3368898533922211 5.4171652836336135e-18
    outer loop
      vertex 41.58155439013544 -4.592201188381077 -2.9802320611338473e-9
      vertex 41.978284028786504 -3.483416127053548 -2.9802320611338473e-9
      vertex 41.978284028786504 -3.483416127053548 3.999999997019768
    endloop
  endfacet
  facet normal 0.989176509964781 -0.14673047445536164 0
    outer loop
      vertex 42.26442336483876 -2.341083864193539 -2.9802320611338473e-9
      vertex 42.43721672006636 -1.1762056839547272 -2.9802320611338473e-9
      vertex 42.26442336483876 -2.341083864193539 0
    endloop
  endfacet
  facet normal 0.989176509964781 -0.14673047445536164 -1.2113713962054681e-9
    outer loop
      vertex 42.26442336483876 -2.341083864193539 0
      vertex 42.43721672006636 -1.1762056839547272 -2.9802320611338473e-9
      vertex 42.43721672006636 -1.1762056839547272 0
    endloop
  endfacet
  facet normal 0.9987954562051721 -0.04906767432742435 0
    outer loop
      vertex 42.43721672006636 -1.1762056839547272 -2.9802320611338473e-9
      vertex 42.495000000000005 0 -2.9802320611338473e-9
      vertex 42.43721672006636 -1.1762056839547272 0
    endloop
  endfacet
  facet normal 0.9987954562051721 -0.04906767432742435 -5.432412881310536e-10
    outer loop
      vertex 42.43721672006636 -1.1762056839547272 0
      vertex 42.495000000000005 0 -2.9802320611338473e-9
      vertex 42.495000000000005 0 0
    endloop
  endfacet
  facet normal 0.9987954562051721 0.04906767432742435 0
    outer loop
      vertex 42.495000000000005 0 -2.9802320611338473e-9
      vertex 42.43721672006636 1.1762056839547272 -2.9802320611338473e-9
      vertex 42.495000000000005 0 0
    endloop
  endfacet
  facet normal 0.9987954562051721 0.04906767432742435 5.432412881310536e-10
    outer loop
      vertex 42.495000000000005 0 0
      vertex 42.43721672006636 1.1762056839547272 -2.9802320611338473e-9
      vertex 42.43721672006636 1.1762056839547272 0
    endloop
  endfacet
  facet normal 0.989176509964781 0.14673047445536164 0
    outer loop
      vertex 42.43721672006636 1.1762056839547272 -2.9802320611338473e-9
      vertex 42.26442336483876 2.341083864193539 -2.9802320611338473e-9
      vertex 42.43721672006636 1.1762056839547272 0
    endloop
  endfacet
  facet normal 0.9039892931234467 -0.42755509343027515 8.516239177842224e-16
    outer loop
      vertex 41.268073897468476 -5.255000002682209 -2.9802320611338473e-9
      vertex 41.36266685405628 -5.054999999701977 3.999999997019768
      vertex 41.07888798781672 -5.655000001192093 3.4000000029802324
    endloop
  endfacet
  facet normal 0.9039892931234434 -0.427555093430282 1.2726816668354723e-15
    outer loop
      vertex 41.268073897468476 -5.255000002682209 -2.9802320611338473e-9
      vertex 41.58155439013544 -4.592201188381077 3.999999997019768
      vertex 41.36266685405628 -5.054999999701977 3.999999997019768
    endloop
  endfacet
  facet normal 0.9415440651830204 -0.3368898533922211 0
    outer loop
      vertex 41.58155439013544 -4.592201188381077 -2.9802320611338473e-9
      vertex 41.978284028786504 -3.483416127053548 3.999999997019768
      vertex 41.58155439013544 -4.592201188381077 3.999999997019768
    endloop
  endfacet
  facet normal 0.9700312531945393 -0.24298017990328236 0
    outer loop
      vertex 41.978284028786504 -3.483416127053548 -2.9802320611338473e-9
      vertex 42.01170302889265 -3.35 3.999999997019768
      vertex 41.978284028786504 -3.483416127053548 3.999999997019768
    endloop
  endfacet
  facet normal 0.9700312531945428 -0.24298017990326937 -6.382408696052101e-20
    outer loop
      vertex 41.978284028786504 -3.483416127053548 -2.9802320611338473e-9
      vertex 42.22461694505526 -2.5 0
      vertex 42.22461694505526 -2.5 8.2
    endloop
  endfacet
  facet normal 0.9700312531945439 -0.2429801799032643 -6.433805104956222e-16
    outer loop
      vertex 41.978284028786504 -3.483416127053548 -2.9802320611338473e-9
      vertex 42.22461694505526 -2.5 8.2
      vertex 42.01170302889265 -3.35 3.999999997019768
    endloop
  endfacet
  facet normal 0.989176509964781 0.14673047445536164 1.2113713962054681e-9
    outer loop
      vertex 42.43721672006636 1.1762056839547272 0
      vertex 42.26442336483876 2.341083864193539 -2.9802320611338473e-9
      vertex 42.26442336483876 2.341083864193539 0
    endloop
  endfacet
  facet normal 0.9700312531945532 0.24298017990322712 0
    outer loop
      vertex 42.26442336483876 2.341083864193539 -2.9802320611338473e-9
      vertex 42.22461694505526 2.5 0
      vertex 42.26442336483876 2.341083864193539 0
    endloop
  endfacet
  facet normal 0.970031253192489 0.24298017990274867 -0.0000020584974422935843
    outer loop
      vertex 41.978284028786504 3.483416127053548 -2.9802320611338473e-9
      vertex 42.22461694505526 2.5 0
      vertex 42.26442336483876 2.341083864193539 -2.9802320611338473e-9
    endloop
  endfacet
  facet normal 0.9700312531945426 0.2429801799032693 -4.630735637356175e-16
    outer loop
      vertex 41.978284028786504 3.483416127053548 -2.9802320611338473e-9
      vertex 42.01170302889265 3.35 3.999999997019768
      vertex 42.22461694505526 2.5 0
    endloop
  endfacet
  facet normal 0.9415440651830204 0.3368898533922211 -5.4171652836336135e-18
    outer loop
      vertex 41.978284028786504 3.483416127053548 -2.9802320611338473e-9
      vertex 41.58155439013544 4.592201188381077 -2.9802320611338473e-9
      vertex 41.58155439013544 4.592201188381077 3.999999997019768
    endloop
  endfacet
  facet normal 0.9039892931234464 0.4275550934302757 7.698900145657169e-16
    outer loop
      vertex 41.268073897468476 5.255000002682209 -2.9802320611338473e-9
      vertex 41.07888798781672 5.655000001192093 3.4000000029802324
      vertex 41.58155439013544 4.592201188381077 -2.9802320611338473e-9
    endloop
  endfacet
  facet normal 0.9039892931234438 0.42755509343028103 -4.490642347642035e-18
    outer loop
      vertex 41.268073897468476 5.255000002682209 -2.9802320611338473e-9
      vertex 41.07888798781672 5.655000001192093 0.4000000029802324
      vertex 41.07888798781672 5.655000001192093 3.4000000029802324
    endloop
  endfacet
  facet normal 0.9700312531945393 0.24298017990328236 0
    outer loop
      vertex 41.978284028786504 3.483416127053548 -2.9802320611338473e-9
      vertex 41.978284028786504 3.483416127053548 3.999999997019768
      vertex 42.01170302889265 3.35 3.999999997019768
    endloop
  endfacet
  facet normal 0.9039892931234467 0.42755509343027526 9.521852822821029e-16
    outer loop
      vertex 41.58155439013544 4.592201188381077 -2.9802320611338473e-9
      vertex 41.07888798781672 5.655000001192093 3.4000000029802324
      vertex 41.36266685405628 5.054999999701977 3.999999997019768
    endloop
  endfacet
  facet normal 0.9039892931234434 0.427555093430282 0
    outer loop
      vertex 41.58155439013544 4.592201188381077 -2.9802320611338473e-9
      vertex 41.36266685405628 5.054999999701977 3.999999997019768
      vertex 41.58155439013544 4.592201188381077 3.999999997019768
    endloop
  endfacet
  facet normal 0.9415440651830204 0.3368898533922211 0
    outer loop
      vertex 41.978284028786504 3.483416127053548 -2.9802320611338473e-9
      vertex 41.58155439013544 4.592201188381077 3.999999997019768
      vertex 41.978284028786504 3.483416127053548 3.999999997019768
    endloop
  endfacet
  facet normal 0.9700312531945432 0.24298017990326726 0
    outer loop
      vertex 42.01170302889265 3.35 3.999999997019768
      vertex 42.01170302889265 3.35 8.2
      vertex 42.22461694505526 2.5 0
    endloop
  endfacet
  facet normal 0.9700312531945432 -0.24298017990326726 0
    outer loop
      vertex 42.01170302889265 -3.35 3.999999997019768
      vertex 42.22461694505526 -2.5 8.2
      vertex 42.01170302889265 -3.35 8.2
    endloop
  endfacet
  facet normal 0.9700312531945431 0.24298017990326726 0
    outer loop
      vertex 42.22461694505526 2.5 0
      vertex 42.01170302889265 3.35 8.2
      vertex 42.22461694505526 2.5 8.2
    endloop
  endfacet
  facet normal 0 0 -1
    outer loop
      vertex 42.22461694505526 15.5 0
      vertex 42.26442336483876 15.65891613580646 0
      vertex 44.695 15.5 0
    endloop
  endfacet
  facet normal 0 0 -1
    outer loop
      vertex 42.26442336483876 15.65891613580646 0
      vertex 42.43721672006636 16.823794316045273 0
      vertex 44.695 15.5 0
    endloop
  endfacet
  facet normal 0 0 -1
    outer loop
      vertex 42.43721672006636 16.823794316045273 0
      vertex 44.695 16.75 0
      vertex 44.695 15.5 0
    endloop
  endfacet
  facet normal 0 -1 0
    outer loop
      vertex 42.22461694505526 15.5 0
      vertex 44.695 15.5 0
      vertex 42.22461694505526 15.5 8.2
    endloop
  endfacet
  facet normal 1 0 0
    outer loop
      vertex 44.695 15.5 0
      vertex 44.695 16.75 0
      vertex 44.695 16.75 8.2
    endloop
  endfacet
  facet normal 0 0 -1
    outer loop
      vertex 42.43721672006636 16.823794316045273 0
      vertex 44.391891108675445 16.925 0
      vertex 44.519999999999996 16.796891108675446 0
    endloop
  endfacet
  facet normal 0 0 -1
    outer loop
      vertex 42.43721672006636 16.823794316045273 0
      vertex 44.519999999999996 16.796891108675446 0
      vertex 44.695 16.75 0
    endloop
  endfacet
  facet normal 0 0 -1
    outer loop
      vertex 42.43721672006636 16.823794316045273 0
      vertex 44.345 17.1 0
      vertex 44.391891108675445 16.925 0
    endloop
  endfacet
  facet normal 0 0 -1
    outer loop
      vertex 42.43721672006636 16.823794316045273 0
      vertex 44.391891108675445 17.275 0
      vertex 44.345 17.1 0
    endloop
  endfacet
  facet normal 0 0 -1
    outer loop
      vertex 42.43721672006636 16.823794316045273 0
      vertex 44.519999999999996 17.696891108675448 0
      vertex 44.391891108675445 17.275 0
    endloop
  endfacet
  facet normal 0 0 -1
    outer loop
      vertex 42.43721672006636 16.823794316045273 0
      vertex 44.391891108675445 17.825 0
      vertex 44.519999999999996 17.696891108675448 0
    endloop
  endfacet
  facet normal 0 0 -1
    outer loop
      vertex 42.43721672006636 16.823794316045273 0
      vertex 44.345 18 0
      vertex 44.391891108675445 17.825 0
    endloop
  endfacet
  facet normal 0 0 -1
    outer loop
      vertex 42.43721672006636 16.823794316045273 0
      vertex 44.391891108675445 18.175 0
      vertex 44.345 18 0
    endloop
  endfacet
  facet normal 0 0 -1
    outer loop
      vertex 42.43721672006636 16.823794316045273 0
      vertex 44.391891108675445 18.725 0
      vertex 44.391891108675445 18.175 0
    endloop
  endfacet
  facet normal 0 0 -1
    outer loop
      vertex 42.43721672006636 16.823794316045273 0
      vertex 44.345 18.9 0
      vertex 44.391891108675445 18.725 0
    endloop
  endfacet
  facet normal 0 0 -1
    outer loop
      vertex 42.43721672006636 16.823794316045273 0
      vertex 42.495000000000005 18 0
      vertex 44.695 20.5 0
    endloop
  endfacet
  facet normal 0 0 -1
    outer loop
      vertex 42.43721672006636 16.823794316045273 0
      vertex 44.695 20.5 0
      vertex 44.345 18.9 0
    endloop
  endfacet
  facet normal 0 0 -1
    outer loop
      vertex 42.495000000000005 18 0
      vertex 42.43721672006636 19.176205683954727 0
      vertex 44.695 20.5 0
    endloop
  endfacet
  facet normal 0 0 -1
    outer loop
      vertex 42.43721672006636 19.176205683954727 0
      vertex 42.26442336483876 20.34108386419354 0
      vertex 44.695 20.5 0
    endloop
  endfacet
  facet normal 0 0 -1
    outer loop
      vertex 44.519999999999996 17.403108891324553 0
      vertex 44.391891108675445 17.275 0
      vertex 44.519999999999996 17.696891108675448 0
    endloop
  endfacet
  facet normal 0 0 -1
    outer loop
      vertex 44.695 17.65 0
      vertex 44.695 17.45 0
      vertex 44.519999999999996 17.403108891324553 0
    endloop
  endfacet
  facet normal 0 0 -1
    outer loop
      vertex 44.519999999999996 17.403108891324553 0
      vertex 44.519999999999996 17.696891108675448 0
      vertex 44.695 17.65 0
    endloop
  endfacet
  facet normal 0 0 -1
    outer loop
      vertex 44.519999999999996 18.303108891324552 0
      vertex 44.391891108675445 18.175 0
      vertex 44.519999999999996 18.596891108675447 0
    endloop
  endfacet
  facet normal 0 0 -1
    outer loop
      vertex 44.695 18.55 0
      vertex 44.695 18.35 0
      vertex 44.519999999999996 18.303108891324552 0
    endloop
  endfacet
  facet normal 0 0 -1
    outer loop
      vertex 44.519999999999996 18.303108891324552 0
      vertex 44.519999999999996 18.596891108675447 0
      vertex 44.695 18.55 0
    endloop
  endfacet
  facet normal 0 0 -1
    outer loop
      vertex 44.391891108675445 18.175 0
      vertex 44.391891108675445 18.725 0
      vertex 44.519999999999996 18.596891108675447 0
    endloop
  endfacet
  facet normal 0 0 -1
    outer loop
      vertex 44.695 20.5 0
      vertex 44.391891108675445 19.075 0
      vertex 44.345 18.9 0
    endloop
  endfacet
  facet normal 0 0 -1
    outer loop
      vertex 44.695 20.5 0
      vertex 44.519999999999996 19.203108891324554 0
      vertex 44.391891108675445 19.075 0
    endloop
  endfacet
  facet normal 0 0 -1
    outer loop
      vertex 44.695 20.5 0
      vertex 44.695 19.25 0
      vertex 44.519999999999996 19.203108891324554 0
    endloop
  endfacet
  facet normal 0 0 -1
    outer loop
      vertex 42.26442336483876 20.34108386419354 0
      vertex 42.22461694505526 20.5 0
      vertex 44.695 20.5 0
    endloop
  endfacet
  facet normal 1 0 0
    outer loop
      vertex 44.695 17.65 0
      vertex 44.695 17.65 8.2
      vertex 44.695 17.45 0
    endloop
  endfacet
  facet normal 1 0 0
    outer loop
      vertex 44.695 18.55 0
      vertex 44.695 18.55 8.2
      vertex 44.695 18.35 0
    endloop
  endfacet
  facet normal 1 0 0
    outer loop
      vertex 44.695 20.5 0
      vertex 44.695 20.5 8.2
      vertex 44.695 19.25 0
    endloop
  endfacet
  facet normal 0 1 0
    outer loop
      vertex 42.22461694505526 20.5 0
      vertex 44.695 20.5 8.2
      vertex 44.695 20.5 0
    endloop
  endfacet
  facet normal 0 -1 0
    outer loop
      vertex 44.695 15.5 0
      vertex 44.695 15.5 8.2
      vertex 42.22461694505526 15.5 8.2
    endloop
  endfacet
  facet normal 1 0 0
    outer loop
      vertex 44.695 15.5 0
      vertex 44.695 16.75 8.2
      vertex 44.695 15.5 8.2
    endloop
  endfacet
  facet normal 0 0 1
    outer loop
      vertex 41.50104079956169 15.5 8.2
      vertex 42.22461694505526 15.5 8.2
      vertex 41.495 16.579758792472553 8.2
    endloop
  endfacet
  facet normal 0 0 1
    outer loop
      vertex 41.495 16.579758792472553 8.2
      vertex 42.22461694505526 15.5 8.2
      vertex 44.695 15.5 8.2
    endloop
  endfacet
  facet normal 0 0 1
    outer loop
      vertex 44.695 15.5 8.2
      vertex 44.695 16.75 8.2
      vertex 44.519999999999996 16.796891108675446 8.2
    endloop
  endfacet
  facet normal 1 0 0
    outer loop
      vertex 44.695 17.45 0
      vertex 44.695 17.65 8.2
      vertex 44.695 17.45 8.2
    endloop
  endfacet
  facet normal 1 0 0
    outer loop
      vertex 44.695 18.35 0
      vertex 44.695 18.55 8.2
      vertex 44.695 18.35 8.2
    endloop
  endfacet
  facet normal 1 0 0
    outer loop
      vertex 44.695 20.5 8.2
      vertex 44.695 19.25 8.2
      vertex 44.695 19.25 0
    endloop
  endfacet
  facet normal 0 1 0
    outer loop
      vertex 42.22461694505526 20.5 0
      vertex 42.22461694505526 20.5 8.2
      vertex 44.695 20.5 8.2
    endloop
  endfacet
  facet normal 0 0 1
    outer loop
      vertex 41.495 16.579758792472553 8.2
      vertex 44.695 15.5 8.2
      vertex 41.495 18.670825720835527 8.2
    endloop
  endfacet
  facet normal 0 0 1
    outer loop
      vertex 44.695 15.5 8.2
      vertex 44.345 17.1 8.2
      vertex 42.30504910347008 19.23429827582799 8.2
    endloop
  endfacet
  facet normal 0 0 1
    outer loop
      vertex 44.695 15.5 8.2
      vertex 42.30504910347008 19.23429827582799 8.2
      vertex 41.495 18.670825720835527 8.2
    endloop
  endfacet
  facet normal 0 0 1
    outer loop
      vertex 42.30504910347008 19.23429827582799 8.2
      vertex 44.345 17.1 8.2
      vertex 44.391891108675445 17.275 8.2
    endloop
  endfacet
  facet normal 0 0 1
    outer loop
      vertex 42.30504910347008 19.23429827582799 8.2
      vertex 44.391891108675445 17.275 8.2
      vertex 44.391891108675445 17.825 8.2
    endloop
  endfacet
  facet normal 0 0 1
    outer loop
      vertex 42.30504910347008 19.23429827582799 8.2
      vertex 44.391891108675445 17.825 8.2
      vertex 44.345 18 8.2
    endloop
  endfacet
  facet normal 0 0 1
    outer loop
      vertex 42.30504910347008 19.23429827582799 8.2
      vertex 44.345 18 8.2
      vertex 44.391891108675445 18.175 8.2
    endloop
  endfacet
  facet normal 0 0 1
    outer loop
      vertex 42.30504910347008 19.23429827582799 8.2
      vertex 44.391891108675445 18.175 8.2
      vertex 44.519999999999996 18.303108891324552 8.2
    endloop
  endfacet
  facet normal 0 0 1
    outer loop
      vertex 42.30504910347008 19.23429827582799 8.2
      vertex 44.519999999999996 18.303108891324552 8.2
      vertex 44.391891108675445 18.725 8.2
    endloop
  endfacet
  facet normal 0 0 1
    outer loop
      vertex 42.30504910347008 19.23429827582799 8.2
      vertex 44.391891108675445 18.725 8.2
      vertex 44.345 18.9 8.2
    endloop
  endfacet
  facet normal 0 0 1
    outer loop
      vertex 42.30504910347008 19.23429827582799 8.2
      vertex 44.345 18.9 8.2
      vertex 44.391891108675445 19.075 8.2
    endloop
  endfacet
  facet normal 0 0 1
    outer loop
      vertex 42.30504910347008 19.23429827582799 8.2
      vertex 44.391891108675445 19.075 8.2
      vertex 44.519999999999996 19.203108891324554 8.2
    endloop
  endfacet
  facet normal 0 0 1
    outer loop
      vertex 41.50786164896024 20.5 8.2
      vertex 42.30504910347008 19.23429827582799 8.2
      vertex 42.22461694505526 20.5 8.2
    endloop
  endfacet
  facet normal 0 0 1
    outer loop
      vertex 42.30504910347008 19.23429827582799 8.2
      vertex 44.519999999999996 19.203108891324554 8.2
      vertex 44.695 19.25 8.2
    endloop
  endfacet
  facet normal 0 0 1
    outer loop
      vertex 42.30504910347008 19.23429827582799 8.2
      vertex 44.695 20.5 8.2
      vertex 42.22461694505526 20.5 8.2
    endloop
  endfacet
  facet normal 0 0 1
    outer loop
      vertex 42.30504910347008 19.23429827582799 8.2
      vertex 44.695 19.25 8.2
      vertex 44.695 20.5 8.2
    endloop
  endfacet
  facet normal 0 0 1
    outer loop
      vertex 44.695 15.5 8.2
      vertex 44.519999999999996 16.796891108675446 8.2
      vertex 44.391891108675445 16.925 8.2
    endloop
  endfacet
  facet normal 0 0 1
    outer loop
      vertex 44.695 15.5 8.2
      vertex 44.391891108675445 16.925 8.2
      vertex 44.345 17.1 8.2
    endloop
  endfacet
  facet normal 0 0 1
    outer loop
      vertex 44.391891108675445 17.275 8.2
      vertex 44.519999999999996 17.403108891324553 8.2
      vertex 44.391891108675445 17.825 8.2
    endloop
  endfacet
  facet normal 0 0 1
    outer loop
      vertex 44.519999999999996 17.403108891324553 8.2
      vertex 44.695 17.45 8.2
      vertex 44.519999999999996 17.696891108675448 8.2
    endloop
  endfacet
  facet normal 0 0 1
    outer loop
      vertex 44.519999999999996 17.403108891324553 8.2
      vertex 44.519999999999996 17.696891108675448 8.2
      vertex 44.391891108675445 17.825 8.2
    endloop
  endfacet
  facet normal 0 0 1
    outer loop
      vertex 44.695 17.65 8.2
      vertex 44.519999999999996 17.696891108675448 8.2
      vertex 44.695 17.45 8.2
    endloop
  endfacet
  facet normal 0 0 1
    outer loop
      vertex 44.519999999999996 18.303108891324552 8.2
      vertex 44.695 18.35 8.2
      vertex 44.519999999999996 18.596891108675447 8.2
    endloop
  endfacet
  facet normal 0 0 1
    outer loop
      vertex 44.519999999999996 18.303108891324552 8.2
      vertex 44.519999999999996 18.596891108675447 8.2
      vertex 44.391891108675445 18.725 8.2
    endloop
  endfacet
  facet normal 0 0 1
    outer loop
      vertex 44.695 18.55 8.2
      vertex 44.519999999999996 18.596891108675447 8.2
      vertex 44.695 18.35 8.2
    endloop
  endfacet
  facet normal 0 0 -1
    outer loop
      vertex 42.22461694505526 -2.5 0
      vertex 42.26442336483876 -2.341083864193539 0
      vertex 44.695 -2.5 0
    endloop
  endfacet
  facet normal 0 0 -1
    outer loop
      vertex 42.26442336483876 -2.341083864193539 0
      vertex 42.43721672006636 -1.1762056839547272 0
      vertex 44.695 -2.5 0
    endloop
  endfacet
  facet normal 0 0 -1
    outer loop
      vertex 42.43721672006636 -1.1762056839547272 0
      vertex 44.695 -1.25 0
      vertex 44.695 -2.5 0
    endloop
  endfacet
  facet normal 0 0 -1
    outer loop
      vertex 42.43721672006636 -1.1762056839547272 0
      vertex 44.519999999999996 -1.2031088913245536 0
      vertex 44.695 -1.25 0
    endloop
  endfacet
  facet normal 0 0 -1
    outer loop
      vertex 42.43721672006636 -1.1762056839547272 0
      vertex 44.391891108675445 -1.075 0
      vertex 44.519999999999996 -1.2031088913245536 0
    endloop
  endfacet
  facet normal 0 0 -1
    outer loop
      vertex 42.43721672006636 -1.1762056839547272 0
      vertex 44.345 -0.9 0
      vertex 44.391891108675445 -1.075 0
    endloop
  endfacet
  facet normal 0 0 -1
    outer loop
      vertex 42.43721672006636 -1.1762056839547272 0
      vertex 44.391891108675445 -0.7250000000000001 0
      vertex 44.345 -0.9 0
    endloop
  endfacet
  facet normal 0 0 -1
    outer loop
      vertex 42.43721672006636 -1.1762056839547272 0
      vertex 44.519999999999996 -0.3031088913245535 0
      vertex 44.391891108675445 -0.7250000000000001 0
    endloop
  endfacet
  facet normal 0 0 -1
    outer loop
      vertex 42.43721672006636 -1.1762056839547272 0
      vertex 44.391891108675445 -0.175 0
      vertex 44.519999999999996 -0.3031088913245535 0
    endloop
  endfacet
  facet normal 0 0 -1
    outer loop
      vertex 42.43721672006636 -1.1762056839547272 0
      vertex 44.345 0 0
      vertex 44.391891108675445 -0.175 0
    endloop
  endfacet
  facet normal 0 0 -1
    outer loop
      vertex 42.43721672006636 -1.1762056839547272 0
      vertex 44.391891108675445 0.175 0
      vertex 44.345 0 0
    endloop
  endfacet
  facet normal 0 0 -1
    outer loop
      vertex 42.43721672006636 -1.1762056839547272 0
      vertex 44.391891108675445 0.7250000000000001 0
      vertex 44.391891108675445 0.175 0
    endloop
  endfacet
  facet normal 0 0 -1
    outer loop
      vertex 42.43721672006636 -1.1762056839547272 0
      vertex 44.345 0.9 0
      vertex 44.391891108675445 0.7250000000000001 0
    endloop
  endfacet
  facet normal 0 0 -1
    outer loop
      vertex 42.43721672006636 -1.1762056839547272 0
      vertex 42.495000000000005 0 0
      vertex 44.695 2.5 0
    endloop
  endfacet
  facet normal 0 0 -1
    outer loop
      vertex 42.43721672006636 -1.1762056839547272 0
      vertex 44.695 2.5 0
      vertex 44.345 0.9 0
    endloop
  endfacet
  facet normal 0 0 -1
    outer loop
      vertex 42.495000000000005 0 0
      vertex 42.43721672006636 1.1762056839547272 0
      vertex 44.695 2.5 0
    endloop
  endfacet
  facet normal 0 0 -1
    outer loop
      vertex 44.519999999999996 -0.5968911086754465 0
      vertex 44.391891108675445 -0.7250000000000001 0
      vertex 44.519999999999996 -0.3031088913245535 0
    endloop
  endfacet
  facet normal 0 0 -1
    outer loop
      vertex 44.695 -0.35 0
      vertex 44.695 -0.55 0
      vertex 44.519999999999996 -0.5968911086754465 0
    endloop
  endfacet
  facet normal 0 0 -1
    outer loop
      vertex 44.519999999999996 -0.5968911086754465 0
      vertex 44.519999999999996 -0.3031088913245535 0
      vertex 44.695 -0.35 0
    endloop
  endfacet
  facet normal 0 0 -1
    outer loop
      vertex 44.519999999999996 0.3031088913245535 0
      vertex 44.391891108675445 0.175 0
      vertex 44.519999999999996 0.5968911086754465 0
    endloop
  endfacet
  facet normal 0 0 -1
    outer loop
      vertex 44.695 0.55 0
      vertex 44.695 0.35 0
      vertex 44.519999999999996 0.3031088913245535 0
    endloop
  endfacet
  facet normal 0 0 -1
    outer loop
      vertex 44.391891108675445 0.175 0
      vertex 44.391891108675445 0.7250000000000001 0
      vertex 44.519999999999996 0.5968911086754465 0
    endloop
  endfacet
  facet normal 0 0 -1
    outer loop
      vertex 44.519999999999996 0.3031088913245535 0
      vertex 44.519999999999996 0.5968911086754465 0
      vertex 44.695 0.55 0
    endloop
  endfacet
  facet normal 0 0 -1
    outer loop
      vertex 44.695 2.5 0
      vertex 44.391891108675445 1.075 0
      vertex 44.345 0.9 0
    endloop
  endfacet
  facet normal 0 0 -1
    outer loop
      vertex 44.695 2.5 0
      vertex 44.519999999999996 1.2031088913245536 0
      vertex 44.391891108675445 1.075 0
    endloop
  endfacet
  facet normal 0 -1 0
    outer loop
      vertex 42.22461694505526 -2.5 0
      vertex 44.695 -2.5 0
      vertex 42.22461694505526 -2.5 8.2
    endloop
  endfacet
  facet normal 1 0 0
    outer loop
      vertex 44.695 -2.5 0
      vertex 44.695 -1.25 0
      vertex 44.695 -1.25 8.2
    endloop
  endfacet
  facet normal 1 0 0
    outer loop
      vertex 44.695 -0.35 0
      vertex 44.695 -0.35 8.2
      vertex 44.695 -0.55 0
    endloop
  endfacet
  facet normal 1 0 0
    outer loop
      vertex 44.695 0.55 0
      vertex 44.695 0.55 8.2
      vertex 44.695 0.35 0
    endloop
  endfacet
  facet normal 0 0 -1
    outer loop
      vertex 42.43721672006636 1.1762056839547272 0
      vertex 42.26442336483876 2.341083864193539 0
      vertex 44.695 2.5 0
    endloop
  endfacet
  facet normal 0 0 -1
    outer loop
      vertex 42.26442336483876 2.341083864193539 0
      vertex 42.22461694505526 2.5 0
      vertex 44.695 2.5 0
    endloop
  endfacet
  facet normal 0 0 -1
    outer loop
      vertex 44.695 2.5 0
      vertex 44.695 1.25 0
      vertex 44.519999999999996 1.2031088913245536 0
    endloop
  endfacet
  facet normal 0 1 0
    outer loop
      vertex 42.22461694505526 2.5 0
      vertex 44.695 2.5 8.2
      vertex 44.695 2.5 0
    endloop
  endfacet
  facet normal 1 0 0
    outer loop
      vertex 44.695 2.5 0
      vertex 44.695 2.5 8.2
      vertex 44.695 1.25 0
    endloop
  endfacet
  facet normal 0 -1 0
    outer loop
      vertex 44.695 -2.5 0
      vertex 44.695 -2.5 8.2
      vertex 42.22461694505526 -2.5 8.2
    endloop
  endfacet
  facet normal 1 0 0
    outer loop
      vertex 44.695 -2.5 0
      vertex 44.695 -1.25 8.2
      vertex 44.695 -2.5 8.2
    endloop
  endfacet
  facet normal 1 0 0
    outer loop
      vertex 44.695 -0.55 0
      vertex 44.695 -0.35 8.2
      vertex 44.695 -0.55 8.2
    endloop
  endfacet
  facet normal 1 0 0
    outer loop
      vertex 44.695 0.35 0
      vertex 44.695 0.55 8.2
      vertex 44.695 0.35 8.2
    endloop
  endfacet
  facet normal 0 0 1
    outer loop
      vertex 41.50104079956169 -2.5 8.2
      vertex 42.22461694505526 -2.5 8.2
      vertex 41.495 -1.4202412075274462 8.2
    endloop
  endfacet
  facet normal 0 0 1
    outer loop
      vertex 41.495 -1.4202412075274462 8.2
      vertex 42.22461694505526 -2.5 8.2
      vertex 44.695 -2.5 8.2
    endloop
  endfacet
  facet normal 0 0 1
    outer loop
      vertex 41.495 -1.4202412075274462 8.2
      vertex 44.695 -2.5 8.2
      vertex 41.495 0.6708257208355272 8.2
    endloop
  endfacet
  facet normal 0 0 1
    outer loop
      vertex 44.695 -2.5 8.2
      vertex 44.345 -0.9 8.2
      vertex 42.30504910347008 1.2342982758279906 8.2
    endloop
  endfacet
  facet normal 0 0 1
    outer loop
      vertex 44.695 -2.5 8.2
      vertex 42.30504910347008 1.2342982758279906 8.2
      vertex 41.495 0.6708257208355272 8.2
    endloop
  endfacet
  facet normal 0 0 1
    outer loop
      vertex 42.30504910347008 1.2342982758279906 8.2
      vertex 44.345 -0.9 8.2
      vertex 44.391891108675445 -0.7250000000000001 8.2
    endloop
  endfacet
  facet normal 0 0 1
    outer loop
      vertex 42.30504910347008 1.2342982758279906 8.2
      vertex 44.391891108675445 -0.7250000000000001 8.2
      vertex 44.391891108675445 -0.175 8.2
    endloop
  endfacet
  facet normal 0 0 1
    outer loop
      vertex 42.30504910347008 1.2342982758279906 8.2
      vertex 44.391891108675445 -0.175 8.2
      vertex 44.345 0 8.2
    endloop
  endfacet
  facet normal 0 0 1
    outer loop
      vertex 42.30504910347008 1.2342982758279906 8.2
      vertex 44.345 0 8.2
      vertex 44.391891108675445 0.175 8.2
    endloop
  endfacet
  facet normal 0 0 1
    outer loop
      vertex 42.30504910347008 1.2342982758279906 8.2
      vertex 44.391891108675445 0.175 8.2
      vertex 44.519999999999996 0.3031088913245535 8.2
    endloop
  endfacet
  facet normal 0 0 1
    outer loop
      vertex 42.30504910347008 1.2342982758279906 8.2
      vertex 44.519999999999996 0.3031088913245535 8.2
      vertex 44.391891108675445 0.7250000000000001 8.2
    endloop
  endfacet
  facet normal 0 0 1
    outer loop
      vertex 42.30504910347008 1.2342982758279906 8.2
      vertex 44.391891108675445 0.7250000000000001 8.2
      vertex 44.345 0.9 8.2
    endloop
  endfacet
  facet normal 0 0 1
    outer loop
      vertex 42.30504910347008 1.2342982758279906 8.2
      vertex 44.345 0.9 8.2
      vertex 44.391891108675445 1.075 8.2
    endloop
  endfacet
  facet normal 0 0 1
    outer loop
      vertex 42.30504910347008 1.2342982758279906 8.2
      vertex 44.391891108675445 1.075 8.2
      vertex 44.519999999999996 1.2031088913245536 8.2
    endloop
  endfacet
  facet normal 0 0 1
    outer loop
      vertex 42.30504910347008 1.2342982758279906 8.2
      vertex 44.519999999999996 1.2031088913245536 8.2
      vertex 44.695 1.25 8.2
    endloop
  endfacet
  facet normal 0 0 1
    outer loop
      vertex 44.695 -2.5 8.2
      vertex 44.695 -1.25 8.2
      vertex 44.519999999999996 -1.2031088913245536 8.2
    endloop
  endfacet
  facet normal 0 0 1
    outer loop
      vertex 44.695 -2.5 8.2
      vertex 44.519999999999996 -1.2031088913245536 8.2
      vertex 44.391891108675445 -1.075 8.2
    endloop
  endfacet
  facet normal 0 0 1
    outer loop
      vertex 44.695 -2.5 8.2
      vertex 44.391891108675445 -1.075 8.2
      vertex 44.345 -0.9 8.2
    endloop
  endfacet
  facet normal 0 0 1
    outer loop
      vertex 44.391891108675445 -0.7250000000000001 8.2
      vertex 44.519999999999996 -0.5968911086754465 8.2
      vertex 44.391891108675445 -0.175 8.2
    endloop
  endfacet
  facet normal 0 0 1
    outer loop
      vertex 44.519999999999996 -0.5968911086754465 8.2
      vertex 44.519999999999996 -0.3031088913245535 8.2
      vertex 44.391891108675445 -0.175 8.2
    endloop
  endfacet
  facet normal 0 0 1
    outer loop
      vertex 44.519999999999996 -0.5968911086754465 8.2
      vertex 44.695 -0.55 8.2
      vertex 44.519999999999996 -0.3031088913245535 8.2
    endloop
  endfacet
  facet normal 0 0 1
    outer loop
      vertex 44.695 -0.35 8.2
      vertex 44.519999999999996 -0.3031088913245535 8.2
      vertex 44.695 -0.55 8.2
    endloop
  endfacet
  facet normal 0 0 1
    outer loop
      vertex 44.519999999999996 0.3031088913245535 8.2
      vertex 44.695 0.35 8.2
      vertex 44.519999999999996 0.5968911086754465 8.2
    endloop
  endfacet
  facet normal 0 0 1
    outer loop
      vertex 44.519999999999996 0.3031088913245535 8.2
      vertex 44.519999999999996 0.5968911086754465 8.2
      vertex 44.391891108675445 0.7250000000000001 8.2
    endloop
  endfacet
  facet normal 0 0 1
    outer loop
      vertex 44.695 0.55 8.2
      vertex 44.519999999999996 0.5968911086754465 8.2
      vertex 44.695 0.35 8.2
    endloop
  endfacet
  facet normal 0 1 0
    outer loop
      vertex 42.22461694505526 2.5 0
      vertex 42.22461694505526 2.5 8.2
      vertex 44.695 2.5 8.2
    endloop
  endfacet
  facet normal 1 0 0
    outer loop
      vertex 44.695 2.5 8.2
      vertex 44.695 1.25 8.2
      vertex 44.695 1.25 0
    endloop
  endfacet
  facet normal 0 0 1
    outer loop
      vertex 41.50786164896024 2.5 8.2
      vertex 42.30504910347008 1.2342982758279906 8.2
      vertex 42.22461694505526 2.5 8.2
    endloop
  endfacet
  facet normal 0 0 1
    outer loop
      vertex 42.30504910347008 1.2342982758279906 8.2
      vertex 44.695 1.25 8.2
      vertex 44.695 2.5 8.2
    endloop
  endfacet
  facet normal 0 0 1
    outer loop
      vertex 42.30504910347008 1.2342982758279906 8.2
      vertex 44.695 2.5 8.2
      vertex 42.22461694505526 2.5 8.2
    endloop
  endfacet
  facet normal 0.2588190451025124 0.9659258262890706 0
    outer loop
      vertex 44.519999999999996 16.796891108675446 0
      vertex 44.519999999999996 16.796891108675446 8.2
      vertex 44.695 16.75 0
    endloop
  endfacet
  facet normal 0.7071067811865572 0.7071067811865377 6.614922249190997e-19
    outer loop
      vertex 44.519999999999996 16.796891108675446 0
      vertex 44.391891108675445 16.925 0
      vertex 44.391891108675445 16.925 8.2
    endloop
  endfacet
  facet normal 0.9659258262890693 0.25881904510251735 -4.747746170197085e-19
    outer loop
      vertex 44.391891108675445 16.925 0
      vertex 44.345 17.1 0
      vertex 44.345 17.1 8.2
    endloop
  endfacet
  facet normal 0.9659258262890679 -0.2588190451025222 4.362523429538393e-19
    outer loop
      vertex 44.345 17.1 0
      vertex 44.391891108675445 17.275 0
      vertex 44.391891108675445 17.275 8.2
    endloop
  endfacet
  facet normal 0.7071067811865572 -0.7071067811865377 0
    outer loop
      vertex 44.519999999999996 17.403108891324553 0
      vertex 44.519999999999996 17.403108891324553 8.2
      vertex 44.391891108675445 17.275 0
    endloop
  endfacet
  facet normal 0.2588190451025124 -0.9659258262890706 0
    outer loop
      vertex 44.695 17.45 0
      vertex 44.695 17.45 8.2
      vertex 44.519999999999996 17.403108891324553 0
    endloop
  endfacet
  facet normal 0.7071067811865572 0.7071067811865377 0
    outer loop
      vertex 44.519999999999996 16.796891108675446 0
      vertex 44.391891108675445 16.925 8.2
      vertex 44.519999999999996 16.796891108675446 8.2
    endloop
  endfacet
  facet normal 0.2588190451025124 0.9659258262890706 0
    outer loop
      vertex 44.695 16.75 8.2
      vertex 44.695 16.75 0
      vertex 44.519999999999996 16.796891108675446 8.2
    endloop
  endfacet
  facet normal 0.9659258262890693 0.25881904510251735 0
    outer loop
      vertex 44.391891108675445 16.925 0
      vertex 44.345 17.1 8.2
      vertex 44.391891108675445 16.925 8.2
    endloop
  endfacet
  facet normal 0.9659258262890679 -0.2588190451025222 0
    outer loop
      vertex 44.345 17.1 0
      vertex 44.391891108675445 17.275 8.2
      vertex 44.345 17.1 8.2
    endloop
  endfacet
  facet normal 0.7071067811865572 -0.7071067811865377 0
    outer loop
      vertex 44.391891108675445 17.275 0
      vertex 44.519999999999996 17.403108891324553 8.2
      vertex 44.391891108675445 17.275 8.2
    endloop
  endfacet
  facet normal 0.2588190451025124 -0.9659258262890706 0
    outer loop
      vertex 44.519999999999996 17.403108891324553 0
      vertex 44.695 17.45 8.2
      vertex 44.519999999999996 17.403108891324553 8.2
    endloop
  endfacet
  facet normal 0.2588190451025147 0.9659258262890701 0
    outer loop
      vertex 44.519999999999996 -1.2031088913245536 0
      vertex 44.519999999999996 -1.2031088913245536 8.2
      vertex 44.695 -1.25 0
    endloop
  endfacet
  facet normal 0.7071067811865543 0.7071067811865409 6.494540142713918e-19
    outer loop
      vertex 44.519999999999996 -1.2031088913245536 0
      vertex 44.391891108675445 -1.075 0
      vertex 44.391891108675445 -1.075 8.2
    endloop
  endfacet
  facet normal 0.965925826289069 0.2588190451025184 -4.663478695677997e-19
    outer loop
      vertex 44.391891108675445 -1.075 0
      vertex 44.345 -0.9 0
      vertex 44.345 -0.9 8.2
    endloop
  endfacet
  facet normal 0.965925826289069 -0.2588190451025184 4.663478695677997e-19
    outer loop
      vertex 44.345 -0.9 0
      vertex 44.391891108675445 -0.7250000000000001 0
      vertex 44.391891108675445 -0.7250000000000001 8.2
    endloop
  endfacet
  facet normal 0.7071067811865543 -0.7071067811865409 0
    outer loop
      vertex 44.519999999999996 -0.5968911086754465 0
      vertex 44.519999999999996 -0.5968911086754465 8.2
      vertex 44.391891108675445 -0.7250000000000001 0
    endloop
  endfacet
  facet normal 0.2588190451025147 -0.9659258262890701 0
    outer loop
      vertex 44.695 -0.55 0
      vertex 44.695 -0.55 8.2
      vertex 44.519999999999996 -0.5968911086754465 0
    endloop
  endfacet
  facet normal 0.2588190451025147 0.9659258262890701 0
    outer loop
      vertex 44.695 -1.25 8.2
      vertex 44.695 -1.25 0
      vertex 44.519999999999996 -1.2031088913245536 8.2
    endloop
  endfacet
  facet normal 0.7071067811865543 0.7071067811865409 0
    outer loop
      vertex 44.519999999999996 -1.2031088913245536 0
      vertex 44.391891108675445 -1.075 8.2
      vertex 44.519999999999996 -1.2031088913245536 8.2
    endloop
  endfacet
  facet normal 0.965925826289069 0.2588190451025184 0
    outer loop
      vertex 44.391891108675445 -1.075 0
      vertex 44.345 -0.9 8.2
      vertex 44.391891108675445 -1.075 8.2
    endloop
  endfacet
  facet normal 0.965925826289069 -0.2588190451025184 0
    outer loop
      vertex 44.345 -0.9 0
      vertex 44.391891108675445 -0.7250000000000001 8.2
      vertex 44.345 -0.9 8.2
    endloop
  endfacet
  facet normal 0.7071067811865543 -0.7071067811865409 0
    outer loop
      vertex 44.391891108675445 -0.7250000000000001 0
      vertex 44.519999999999996 -0.5968911086754465 8.2
      vertex 44.391891108675445 -0.7250000000000001 8.2
    endloop
  endfacet
  facet normal 0.2588190451025147 -0.9659258262890701 0
    outer loop
      vertex 44.519999999999996 -0.5968911086754465 0
      vertex 44.695 -0.55 8.2
      vertex 44.519999999999996 -0.5968911086754465 8.2
    endloop
  endfacet
  facet normal 0.7071067811865476 0.7071067811865476 1.0900401130529768e-18
    outer loop
      vertex 44.519999999999996 17.696891108675448 0
      vertex 44.391891108675445 17.825 0
      vertex 44.391891108675445 17.825 8.2
    endloop
  endfacet
  facet normal 0.2588190451025307 0.9659258262890656 0
    outer loop
      vertex 44.519999999999996 17.696891108675448 0
      vertex 44.519999999999996 17.696891108675448 8.2
      vertex 44.695 17.65 0
    endloop
  endfacet
  facet normal 0.9659258262890693 0.25881904510251735 -4.747746170197085e-19
    outer loop
      vertex 44.391891108675445 17.825 0
      vertex 44.345 18 0
      vertex 44.345 18 8.2
    endloop
  endfacet
  facet normal 0.9659258262890693 -0.25881904510251735 4.747746170197085e-19
    outer loop
      vertex 44.345 18 0
      vertex 44.391891108675445 18.175 0
      vertex 44.391891108675445 18.175 8.2
    endloop
  endfacet
  facet normal 0.7071067811865476 -0.7071067811865476 0
    outer loop
      vertex 44.519999999999996 18.303108891324552 0
      vertex 44.519999999999996 18.303108891324552 8.2
      vertex 44.391891108675445 18.175 0
    endloop
  endfacet
  facet normal 0.2588190451025307 -0.9659258262890656 0
    outer loop
      vertex 44.695 18.35 0
      vertex 44.695 18.35 8.2
      vertex 44.519999999999996 18.303108891324552 0
    endloop
  endfacet
  facet normal 0.7071067811865476 0.7071067811865476 0
    outer loop
      vertex 44.519999999999996 17.696891108675448 0
      vertex 44.391891108675445 17.825 8.2
      vertex 44.519999999999996 17.696891108675448 8.2
    endloop
  endfacet
  facet normal 0.2588190451025307 0.9659258262890656 0
    outer loop
      vertex 44.695 17.65 8.2
      vertex 44.695 17.65 0
      vertex 44.519999999999996 17.696891108675448 8.2
    endloop
  endfacet
  facet normal 0.9659258262890693 0.25881904510251735 0
    outer loop
      vertex 44.391891108675445 17.825 0
      vertex 44.345 18 8.2
      vertex 44.391891108675445 17.825 8.2
    endloop
  endfacet
  facet normal 0.9659258262890693 -0.25881904510251735 0
    outer loop
      vertex 44.345 18 0
      vertex 44.391891108675445 18.175 8.2
      vertex 44.345 18 8.2
    endloop
  endfacet
  facet normal 0.7071067811865476 -0.7071067811865476 0
    outer loop
      vertex 44.391891108675445 18.175 0
      vertex 44.519999999999996 18.303108891324552 8.2
      vertex 44.391891108675445 18.175 8.2
    endloop
  endfacet
  facet normal 0.2588190451025307 -0.9659258262890656 0
    outer loop
      vertex 44.519999999999996 18.303108891324552 0
      vertex 44.695 18.35 8.2
      vertex 44.519999999999996 18.303108891324552 8.2
    endloop
  endfacet
  facet normal 0.258819045102515 0.96592582628907 0
    outer loop
      vertex 44.519999999999996 -0.3031088913245535 0
      vertex 44.519999999999996 -0.3031088913245535 8.2
      vertex 44.695 -0.35 0
    endloop
  endfacet
  facet normal 0.707106781186554 0.7071067811865411 8.817852743098906e-19
    outer loop
      vertex 44.519999999999996 -0.3031088913245535 0
      vertex 44.391891108675445 -0.175 0
      vertex 44.391891108675445 -0.175 8.2
    endloop
  endfacet
  facet normal 0.965925826289069 0.2588190451025183 1.1688792265808957e-19
    outer loop
      vertex 44.391891108675445 -0.175 0
      vertex 44.345 0 0
      vertex 44.345 0 8.2
    endloop
  endfacet
  facet normal 0.965925826289069 -0.2588190451025183 -1.1688792265808957e-19
    outer loop
      vertex 44.345 0 0
      vertex 44.391891108675445 0.175 0
      vertex 44.391891108675445 0.175 8.2
    endloop
  endfacet
  facet normal 0.707106781186554 -0.7071067811865411 0
    outer loop
      vertex 44.519999999999996 0.3031088913245535 0
      vertex 44.519999999999996 0.3031088913245535 8.2
      vertex 44.391891108675445 0.175 0
    endloop
  endfacet
  facet normal 0.258819045102515 -0.96592582628907 0
    outer loop
      vertex 44.695 0.35 0
      vertex 44.695 0.35 8.2
      vertex 44.519999999999996 0.3031088913245535 0
    endloop
  endfacet
  facet normal 0.707106781186554 0.7071067811865411 0
    outer loop
      vertex 44.519999999999996 -0.3031088913245535 0
      vertex 44.391891108675445 -0.175 8.2
      vertex 44.519999999999996 -0.3031088913245535 8.2
    endloop
  endfacet
  facet normal 0.258819045102515 0.96592582628907 0
    outer loop
      vertex 44.695 -0.35 8.2
      vertex 44.695 -0.35 0
      vertex 44.519999999999996 -0.3031088913245535 8.2
    endloop
  endfacet
  facet normal 0.965925826289069 0.2588190451025183 0
    outer loop
      vertex 44.391891108675445 -0.175 0
      vertex 44.345 0 8.2
      vertex 44.391891108675445 -0.175 8.2
    endloop
  endfacet
  facet normal 0.965925826289069 -0.2588190451025183 0
    outer loop
      vertex 44.345 0 0
      vertex 44.391891108675445 0.175 8.2
      vertex 44.345 0 8.2
    endloop
  endfacet
  facet normal 0.707106781186554 -0.7071067811865411 0
    outer loop
      vertex 44.391891108675445 0.175 0
      vertex 44.519999999999996 0.3031088913245535 8.2
      vertex 44.391891108675445 0.175 8.2
    endloop
  endfacet
  facet normal 0.258819045102515 -0.96592582628907 0
    outer loop
      vertex 44.519999999999996 0.3031088913245535 0
      vertex 44.695 0.35 8.2
      vertex 44.519999999999996 0.3031088913245535 8.2
    endloop
  endfacet
  facet normal 0.7071067811865572 0.7071067811865377 6.614922249190997e-19
    outer loop
      vertex 44.519999999999996 18.596891108675447 0
      vertex 44.391891108675445 18.725 0
      vertex 44.391891108675445 18.725 8.2
    endloop
  endfacet
  facet normal 0.2588190451025124 0.9659258262890706 0
    outer loop
      vertex 44.519999999999996 18.596891108675447 0
      vertex 44.519999999999996 18.596891108675447 8.2
      vertex 44.695 18.55 0
    endloop
  endfacet
  facet normal 0.9659258262890679 0.2588190451025222 -4.362523429538393e-19
    outer loop
      vertex 44.391891108675445 18.725 0
      vertex 44.345 18.9 0
      vertex 44.345 18.9 8.2
    endloop
  endfacet
  facet normal 0.9659258262890693 -0.25881904510251735 4.747746170197085e-19
    outer loop
      vertex 44.345 18.9 0
      vertex 44.391891108675445 19.075 0
      vertex 44.391891108675445 19.075 8.2
    endloop
  endfacet
  facet normal 0.7071067811865572 -0.7071067811865377 0
    outer loop
      vertex 44.519999999999996 19.203108891324554 0
      vertex 44.519999999999996 19.203108891324554 8.2
      vertex 44.391891108675445 19.075 0
    endloop
  endfacet
  facet normal 0.2588190451025124 -0.9659258262890706 0
    outer loop
      vertex 44.695 19.25 0
      vertex 44.695 19.25 8.2
      vertex 44.519999999999996 19.203108891324554 0
    endloop
  endfacet
  facet normal 0.7071067811865572 0.7071067811865377 0
    outer loop
      vertex 44.519999999999996 18.596891108675447 0
      vertex 44.391891108675445 18.725 8.2
      vertex 44.519999999999996 18.596891108675447 8.2
    endloop
  endfacet
  facet normal 0.2588190451025124 0.9659258262890706 0
    outer loop
      vertex 44.695 18.55 8.2
      vertex 44.695 18.55 0
      vertex 44.519999999999996 18.596891108675447 8.2
    endloop
  endfacet
  facet normal 0.9659258262890679 0.2588190451025222 0
    outer loop
      vertex 44.391891108675445 18.725 0
      vertex 44.345 18.9 8.2
      vertex 44.391891108675445 18.725 8.2
    endloop
  endfacet
  facet normal 0.9659258262890693 -0.25881904510251735 0
    outer loop
      vertex 44.345 18.9 0
      vertex 44.391891108675445 19.075 8.2
      vertex 44.345 18.9 8.2
    endloop
  endfacet
  facet normal 0.7071067811865572 -0.7071067811865377 0
    outer loop
      vertex 44.391891108675445 19.075 0
      vertex 44.519999999999996 19.203108891324554 8.2
      vertex 44.391891108675445 19.075 8.2
    endloop
  endfacet
  facet normal 0.2588190451025124 -0.9659258262890706 0
    outer loop
      vertex 44.519999999999996 19.203108891324554 0
      vertex 44.695 19.25 8.2
      vertex 44.519999999999996 19.203108891324554 8.2
    endloop
  endfacet
  facet normal 0.2588190451025147 0.9659258262890701 0
    outer loop
      vertex 44.519999999999996 0.5968911086754465 0
      vertex 44.519999999999996 0.5968911086754465 8.2
      vertex 44.695 0.55 0
    endloop
  endfacet
  facet normal 0.7071067811865543 0.7071067811865409 6.494540142713918e-19
    outer loop
      vertex 44.519999999999996 0.5968911086754465 0
      vertex 44.391891108675445 0.7250000000000001 0
      vertex 44.391891108675445 0.7250000000000001 8.2
    endloop
  endfacet
  facet normal 0.965925826289069 0.2588190451025184 -4.663478695677997e-19
    outer loop
      vertex 44.391891108675445 0.7250000000000001 0
      vertex 44.345 0.9 0
      vertex 44.345 0.9 8.2
    endloop
  endfacet
  facet normal 0.965925826289069 -0.2588190451025184 4.663478695677997e-19
    outer loop
      vertex 44.345 0.9 0
      vertex 44.391891108675445 1.075 0
      vertex 44.391891108675445 1.075 8.2
    endloop
  endfacet
  facet normal 0.7071067811865543 -0.7071067811865409 0
    outer loop
      vertex 44.519999999999996 1.2031088913245536 0
      vertex 44.519999999999996 1.2031088913245536 8.2
      vertex 44.391891108675445 1.075 0
    endloop
  endfacet
  facet normal 0.2588190451025147 -0.9659258262890701 0
    outer loop
      vertex 44.695 1.25 0
      vertex 44.695 1.25 8.2
      vertex 44.519999999999996 1.2031088913245536 0
    endloop
  endfacet
  facet normal 0.7071067811865543 0.7071067811865409 0
    outer loop
      vertex 44.519999999999996 0.5968911086754465 0
      vertex 44.391891108675445 0.7250000000000001 8.2
      vertex 44.519999999999996 0.5968911086754465 8.2
    endloop
  endfacet
  facet normal 0.2588190451025147 0.9659258262890701 0
    outer loop
      vertex 44.695 0.55 8.2
      vertex 44.695 0.55 0
      vertex 44.519999999999996 0.5968911086754465 8.2
    endloop
  endfacet
  facet normal 0.965925826289069 0.2588190451025184 0
    outer loop
      vertex 44.391891108675445 0.7250000000000001 0
      vertex 44.345 0.9 8.2
      vertex 44.391891108675445 0.7250000000000001 8.2
    endloop
  endfacet
  facet normal 0.965925826289069 -0.2588190451025184 0
    outer loop
      vertex 44.345 0.9 0
      vertex 44.391891108675445 1.075 8.2
      vertex 44.345 0.9 8.2
    endloop
  endfacet
  facet normal 0.7071067811865543 -0.7071067811865409 0
    outer loop
      vertex 44.391891108675445 1.075 0
      vertex 44.519999999999996 1.2031088913245536 8.2
      vertex 44.391891108675445 1.075 8.2
    endloop
  endfacet
  facet normal 0.2588190451025147 -0.9659258262890701 0
    outer loop
      vertex 44.519999999999996 1.2031088913245536 0
      vertex 44.695 1.25 8.2
      vertex 44.519999999999996 1.2031088913245536 8.2
    endloop
  endfacet
  facet normal 0.38268343236509855 0.9238795325112832 0
    outer loop
      vertex 39.82 17.177275866404784 -2.9802320611338473e-9
      vertex 39.82 17.177275866404784 8.2
      vertex 40.0491219071526 17.082370465025384 -2.9802320611338473e-9
    endloop
  endfacet
  facet normal 0.608761429008712 0.7933533402912416 5.238805237195122e-19
    outer loop
      vertex 39.82 17.177275866404784 -2.9802320611338473e-9
      vertex 39.62324855787278 17.32824855787278 -2.9802320611338473e-9
      vertex 39.62324855787278 17.32824855787278 8.2
    endloop
  endfacet
  facet normal 0.13052619222004425 0.9914448613738114 0
    outer loop
      vertex 40.0491219071526 17.082370465025384 8.2
      vertex 40.295 17.05 -2.9802320611338473e-9
      vertex 40.0491219071526 17.082370465025384 -2.9802320611338473e-9
    endloop
  endfacet
  facet normal -0.13052619222004797 0.9914448613738109 0
    outer loop
      vertex 40.295 17.05 8.2
      vertex 40.54087809284739 17.082370465025384 -2.9802320611338473e-9
      vertex 40.295 17.05 -2.9802320611338473e-9
    endloop
  endfacet
  facet normal -0.3826834323650884 0.9238795325112875 0
    outer loop
      vertex 40.54087809284739 17.082370465025384 8.2
      vertex 40.77 17.177275866404784 -2.9802320611338473e-9
      vertex 40.54087809284739 17.082370465025384 -2.9802320611338473e-9
    endloop
  endfacet
  facet normal -0.608761429008726 0.7933533402912311 0
    outer loop
      vertex 40.77 17.177275866404784 8.2
      vertex 40.96675144212722 17.32824855787278 -2.9802320611338473e-9
      vertex 40.77 17.177275866404784 -2.9802320611338473e-9
    endloop
  endfacet
  facet normal 0.7933533402912433 0.60876142900871 6.424737601050799e-19
    outer loop
      vertex 39.62324855787278 17.32824855787278 -2.9802320611338473e-9
      vertex 39.472275866404786 17.525 -2.9802320611338473e-9
      vertex 39.472275866404786 17.525 8.2
    endloop
  endfacet
  facet normal 0.9238795325112852 0.38268343236509345 -1.8208665276807468e-19
    outer loop
      vertex 39.472275866404786 17.525 -2.9802320611338473e-9
      vertex 39.377370465025386 17.754121907152605 -2.9802320611338473e-9
      vertex 39.377370465025386 17.754121907152605 8.2
    endloop
  endfacet
  facet normal 0.9914448613738094 0.13052619222006015 2.8502145238985797e-19
    outer loop
      vertex 39.377370465025386 17.754121907152605 -2.9802320611338473e-9
      vertex 39.345 18 -2.9802320611338473e-9
      vertex 39.345 18 8.2
    endloop
  endfacet
  facet normal 0.9914448613738094 -0.13052619222006015 -2.8502145238985797e-19
    outer loop
      vertex 39.345 18 -2.9802320611338473e-9
      vertex 39.377370465025386 18.245878092847395 -2.9802320611338473e-9
      vertex 39.377370465025386 18.245878092847395 8.2
    endloop
  endfacet
  facet normal -0.7933533402912296 0.6087614290087281 0
    outer loop
      vertex 40.96675144212722 17.32824855787278 -2.9802320611338473e-9
      vertex 40.96675144212722 17.32824855787278 8.2
      vertex 41.11772413359522 17.525 -2.9802320611338473e-9
    endloop
  endfacet
  facet normal -0.9238795325112852 0.38268343236509345 1.8208665276807468e-19
    outer loop
      vertex 41.21262953497462 17.754121907152605 -2.9802320611338473e-9
      vertex 41.11772413359522 17.525 -2.9802320611338473e-9
      vertex 41.11772413359522 17.525 8.2
    endloop
  endfacet
  facet normal -0.991444861373813 0.130526192220032 0
    outer loop
      vertex 41.21262953497462 17.754121907152605 -2.9802320611338473e-9
      vertex 41.21262953497462 17.754121907152605 8.2
      vertex 41.245 18 -2.9802320611338473e-9
    endloop
  endfacet
  facet normal -0.991444861373813 -0.130526192220032 0
    outer loop
      vertex 41.245 18 -2.9802320611338473e-9
      vertex 41.245 18 8.2
      vertex 41.21262953497462 18.245878092847395 -2.9802320611338473e-9
    endloop
  endfacet
  facet normal 0.9238795325112852 -0.38268343236509345 1.8208665276807468e-19
    outer loop
      vertex 39.377370465025386 18.245878092847395 -2.9802320611338473e-9
      vertex 39.472275866404786 18.475 -2.9802320611338473e-9
      vertex 39.472275866404786 18.475 8.2
    endloop
  endfacet
  facet normal 0.7933533402912433 -0.60876142900871 0
    outer loop
      vertex 39.62324855787278 18.67175144212722 8.2
      vertex 39.472275866404786 18.475 -2.9802320611338473e-9
      vertex 39.62324855787278 18.67175144212722 -2.9802320611338473e-9
    endloop
  endfacet
  facet normal 0.608761429008712 -0.7933533402912416 0
    outer loop
      vertex 39.82 18.822724133595216 -2.9802320611338473e-9
      vertex 39.82 18.822724133595216 8.2
      vertex 39.62324855787278 18.67175144212722 -2.9802320611338473e-9
    endloop
  endfacet
  facet normal 0.38268343236509855 -0.9238795325112832 0
    outer loop
      vertex 40.0491219071526 18.917629534974616 -2.9802320611338473e-9
      vertex 40.0491219071526 18.917629534974616 8.2
      vertex 39.82 18.822724133595216 -2.9802320611338473e-9
    endloop
  endfacet
  facet normal 0.13052619222004425 -0.9914448613738114 0
    outer loop
      vertex 40.295 18.95 -2.9802320611338473e-9
      vertex 40.295 18.95 8.2
      vertex 40.0491219071526 18.917629534974616 -2.9802320611338473e-9
    endloop
  endfacet
  facet normal -0.13052619222004797 -0.9914448613738109 0
    outer loop
      vertex 40.54087809284739 18.917629534974616 -2.9802320611338473e-9
      vertex 40.54087809284739 18.917629534974616 8.2
      vertex 40.295 18.95 -2.9802320611338473e-9
    endloop
  endfacet
  facet normal -0.9238795325112852 -0.38268343236509345 -1.8208665276807468e-19
    outer loop
      vertex 41.11772413359522 18.475 -2.9802320611338473e-9
      vertex 41.21262953497462 18.245878092847395 -2.9802320611338473e-9
      vertex 41.21262953497462 18.245878092847395 8.2
    endloop
  endfacet
  facet normal -0.7933533402912296 -0.6087614290087281 7.329744845736307e-19
    outer loop
      vertex 40.96675144212722 18.67175144212722 -2.9802320611338473e-9
      vertex 41.11772413359522 18.475 -2.9802320611338473e-9
      vertex 41.11772413359522 18.475 8.2
    endloop
  endfacet
  facet normal -0.3826834323650884 -0.9238795325112875 0
    outer loop
      vertex 40.77 18.822724133595216 -2.9802320611338473e-9
      vertex 40.77 18.822724133595216 8.2
      vertex 40.54087809284739 18.917629534974616 -2.9802320611338473e-9
    endloop
  endfacet
  facet normal -0.608761429008726 -0.7933533402912311 0
    outer loop
      vertex 40.96675144212722 18.67175144212722 -2.9802320611338473e-9
      vertex 40.96675144212722 18.67175144212722 8.2
      vertex 40.77 18.822724133595216 -2.9802320611338473e-9
    endloop
  endfacet
  facet normal 0.608761429008712 0.7933533402912416 0
    outer loop
      vertex 39.82 17.177275866404784 -2.9802320611338473e-9
      vertex 39.62324855787278 17.32824855787278 8.2
      vertex 39.82 17.177275866404784 8.2
    endloop
  endfacet
  facet normal 0.13052619222004425 0.9914448613738114 0
    outer loop
      vertex 40.295 17.05 -2.9802320611338473e-9
      vertex 40.0491219071526 17.082370465025384 8.2
      vertex 40.295 17.05 8.2
    endloop
  endfacet
  facet normal -0.13052619222004797 0.9914448613738109 0
    outer loop
      vertex 40.54087809284739 17.082370465025384 8.2
      vertex 40.54087809284739 17.082370465025384 -2.9802320611338473e-9
      vertex 40.295 17.05 8.2
    endloop
  endfacet
  facet normal 0.38268343236509855 0.9238795325112832 0
    outer loop
      vertex 40.0491219071526 17.082370465025384 8.2
      vertex 40.0491219071526 17.082370465025384 -2.9802320611338473e-9
      vertex 39.82 17.177275866404784 8.2
    endloop
  endfacet
  facet normal -0.3826834323650884 0.9238795325112875 0
    outer loop
      vertex 40.77 17.177275866404784 -2.9802320611338473e-9
      vertex 40.54087809284739 17.082370465025384 8.2
      vertex 40.77 17.177275866404784 8.2
    endloop
  endfacet
  facet normal -0.608761429008726 0.7933533402912311 0
    outer loop
      vertex 40.96675144212722 17.32824855787278 -2.9802320611338473e-9
      vertex 40.77 17.177275866404784 8.2
      vertex 40.96675144212722 17.32824855787278 8.2
    endloop
  endfacet
  facet normal 0.7933533402912433 0.60876142900871 0
    outer loop
      vertex 39.62324855787278 17.32824855787278 -2.9802320611338473e-9
      vertex 39.472275866404786 17.525 8.2
      vertex 39.62324855787278 17.32824855787278 8.2
    endloop
  endfacet
  facet normal 0.9238795325112852 0.38268343236509345 0
    outer loop
      vertex 39.472275866404786 17.525 -2.9802320611338473e-9
      vertex 39.377370465025386 17.754121907152605 8.2
      vertex 39.472275866404786 17.525 8.2
    endloop
  endfacet
  facet normal 0.9914448613738094 0.13052619222006015 0
    outer loop
      vertex 39.377370465025386 17.754121907152605 -2.9802320611338473e-9
      vertex 39.345 18 8.2
      vertex 39.377370465025386 17.754121907152605 8.2
    endloop
  endfacet
  facet normal 0.9914448613738094 -0.13052619222006015 0
    outer loop
      vertex 39.345 18 -2.9802320611338473e-9
      vertex 39.377370465025386 18.245878092847395 8.2
      vertex 39.345 18 8.2
    endloop
  endfacet
  facet normal -0.7933533402912296 0.6087614290087281 0
    outer loop
      vertex 41.11772413359522 17.525 -2.9802320611338473e-9
      vertex 40.96675144212722 17.32824855787278 8.2
      vertex 41.11772413359522 17.525 8.2
    endloop
  endfacet
  facet normal -0.9238795325112852 0.38268343236509345 0
    outer loop
      vertex 41.21262953497462 17.754121907152605 -2.9802320611338473e-9
      vertex 41.11772413359522 17.525 8.2
      vertex 41.21262953497462 17.754121907152605 8.2
    endloop
  endfacet
  facet normal -0.991444861373813 0.130526192220032 0
    outer loop
      vertex 41.245 18 -2.9802320611338473e-9
      vertex 41.21262953497462 17.754121907152605 8.2
      vertex 41.245 18 8.2
    endloop
  endfacet
  facet normal -0.991444861373813 -0.130526192220032 0
    outer loop
      vertex 41.21262953497462 18.245878092847395 -2.9802320611338473e-9
      vertex 41.245 18 8.2
      vertex 41.21262953497462 18.245878092847395 8.2
    endloop
  endfacet
  facet normal 0.9238795325112852 -0.38268343236509345 0
    outer loop
      vertex 39.377370465025386 18.245878092847395 -2.9802320611338473e-9
      vertex 39.472275866404786 18.475 8.2
      vertex 39.377370465025386 18.245878092847395 8.2
    endloop
  endfacet
  facet normal 0.7933533402912433 -0.60876142900871 -6.424737601050799e-19
    outer loop
      vertex 39.62324855787278 18.67175144212722 8.2
      vertex 39.472275866404786 18.475 8.2
      vertex 39.472275866404786 18.475 -2.9802320611338473e-9
    endloop
  endfacet
  facet normal 0.608761429008712 -0.7933533402912416 0
    outer loop
      vertex 39.62324855787278 18.67175144212722 8.2
      vertex 39.62324855787278 18.67175144212722 -2.9802320611338473e-9
      vertex 39.82 18.822724133595216 8.2
    endloop
  endfacet
  facet normal 0.38268343236509855 -0.9238795325112832 0
    outer loop
      vertex 39.82 18.822724133595216 -2.9802320611338473e-9
      vertex 40.0491219071526 18.917629534974616 8.2
      vertex 39.82 18.822724133595216 8.2
    endloop
  endfacet
  facet normal 0.13052619222004425 -0.9914448613738114 0
    outer loop
      vertex 40.0491219071526 18.917629534974616 -2.9802320611338473e-9
      vertex 40.295 18.95 8.2
      vertex 40.0491219071526 18.917629534974616 8.2
    endloop
  endfacet
  facet normal -0.13052619222004797 -0.9914448613738109 0
    outer loop
      vertex 40.295 18.95 -2.9802320611338473e-9
      vertex 40.54087809284739 18.917629534974616 8.2
      vertex 40.295 18.95 8.2
    endloop
  endfacet
  facet normal -0.9238795325112852 -0.38268343236509345 0
    outer loop
      vertex 41.11772413359522 18.475 -2.9802320611338473e-9
      vertex 41.21262953497462 18.245878092847395 8.2
      vertex 41.11772413359522 18.475 8.2
    endloop
  endfacet
  facet normal -0.7933533402912296 -0.6087614290087281 0
    outer loop
      vertex 40.96675144212722 18.67175144212722 -2.9802320611338473e-9
      vertex 41.11772413359522 18.475 8.2
      vertex 40.96675144212722 18.67175144212722 8.2
    endloop
  endfacet
  facet normal -0.608761429008726 -0.7933533402912311 0
    outer loop
      vertex 40.77 18.822724133595216 -2.9802320611338473e-9
      vertex 40.96675144212722 18.67175144212722 8.2
      vertex 40.77 18.822724133595216 8.2
    endloop
  endfacet
  facet normal -0.3826834323650884 -0.9238795325112875 0
    outer loop
      vertex 40.54087809284739 18.917629534974616 -2.9802320611338473e-9
      vertex 40.77 18.822724133595216 8.2
      vertex 40.54087809284739 18.917629534974616 8.2
    endloop
  endfacet
  facet normal 0.38268343236509317 0.9238795325112854 0
    outer loop
      vertex 39.82 -0.8227241335952167 -2.9802320611338473e-9
      vertex 39.82 -0.8227241335952167 8.2
      vertex 40.0491219071526 -0.9176295349746149 -2.9802320611338473e-9
    endloop
  endfacet
  facet normal 0.6087614290087155 0.7933533402912392 -4.188111713430187e-19
    outer loop
      vertex 39.82 -0.8227241335952167 -2.9802320611338473e-9
      vertex 39.62324855787278 -0.6717514421272202 -2.9802320611338473e-9
      vertex 39.62324855787278 -0.6717514421272202 8.2
    endloop
  endfacet
  facet normal 0.13052619222004952 0.9914448613738108 0
    outer loop
      vertex 40.0491219071526 -0.9176295349746149 8.2
      vertex 40.295 -0.95 -2.9802320611338473e-9
      vertex 40.0491219071526 -0.9176295349746149 -2.9802320611338473e-9
    endloop
  endfacet
  facet normal -0.1305261922200532 0.99144486137381 0
    outer loop
      vertex 40.295 -0.95 8.2
      vertex 40.54087809284739 -0.9176295349746149 -2.9802320611338473e-9
      vertex 40.295 -0.95 -2.9802320611338473e-9
    endloop
  endfacet
  facet normal 0.7933533402912447 0.6087614290087081 -1.7666716439512298e-19
    outer loop
      vertex 39.62324855787278 -0.6717514421272202 -2.9802320611338473e-9
      vertex 39.472275866404786 -0.475 -2.9802320611338473e-9
      vertex 39.472275866404786 -0.475 8.2
    endloop
  endfacet
  facet normal 0.9238795325112845 0.38268343236509517 5.117714662393208e-19
    outer loop
      vertex 39.472275866404786 -0.475 -2.9802320611338473e-9
      vertex 39.377370465025386 -0.2458780928473947 -2.9802320611338473e-9
      vertex 39.377370465025386 -0.2458780928473947 8.2
    endloop
  endfacet
  facet normal -0.38268343236508295 0.9238795325112895 0
    outer loop
      vertex 40.54087809284739 -0.9176295349746149 8.2
      vertex 40.77 -0.8227241335952167 -2.9802320611338473e-9
      vertex 40.54087809284739 -0.9176295349746149 -2.9802320611338473e-9
    endloop
  endfacet
  facet normal -0.6087614290087293 0.7933533402912285 0
    outer loop
      vertex 40.77 -0.8227241335952167 8.2
      vertex 40.96675144212722 -0.6717514421272202 -2.9802320611338473e-9
      vertex 40.77 -0.8227241335952167 -2.9802320611338473e-9
    endloop
  endfacet
  facet normal -0.793353340291231 0.6087614290087261 0
    outer loop
      vertex 40.96675144212722 -0.6717514421272202 -2.9802320611338473e-9
      vertex 40.96675144212722 -0.6717514421272202 8.2
      vertex 41.11772413359522 -0.475 -2.9802320611338473e-9
    endloop
  endfacet
  facet normal -0.9238795325112845 0.38268343236509517 -5.117714662393208e-19
    outer loop
      vertex 41.21262953497462 -0.2458780928473947 -2.9802320611338473e-9
      vertex 41.11772413359522 -0.475 -2.9802320611338473e-9
      vertex 41.11772413359522 -0.475 8.2
    endloop
  endfacet
  facet normal 0.9914448613738094 0.1305261922200603 4.0736284171769135e-19
    outer loop
      vertex 39.377370465025386 -0.2458780928473947 -2.9802320611338473e-9
      vertex 39.345 0 -2.9802320611338473e-9
      vertex 39.345 0 8.2
    endloop
  endfacet
  facet normal 0.9914448613738094 -0.1305261922200603 -4.0736284171769135e-19
    outer loop
      vertex 39.345 0 -2.9802320611338473e-9
      vertex 39.377370465025386 0.2458780928473947 -2.9802320611338473e-9
      vertex 39.377370465025386 0.2458780928473947 8.2
    endloop
  endfacet
  facet normal 0.9238795325112845 -0.38268343236509517 -5.117714662393208e-19
    outer loop
      vertex 39.377370465025386 0.2458780928473947 -2.9802320611338473e-9
      vertex 39.472275866404786 0.475 -2.9802320611338473e-9
      vertex 39.472275866404786 0.475 8.2
    endloop
  endfacet
  facet normal 0.7933533402912447 -0.6087614290087081 0
    outer loop
      vertex 39.62324855787278 0.6717514421272202 8.2
      vertex 39.472275866404786 0.475 -2.9802320611338473e-9
      vertex 39.62324855787278 0.6717514421272202 -2.9802320611338473e-9
    endloop
  endfacet
  facet normal -0.991444861373813 0.13052619222003214 0
    outer loop
      vertex 41.21262953497462 -0.2458780928473947 -2.9802320611338473e-9
      vertex 41.21262953497462 -0.2458780928473947 8.2
      vertex 41.245 0 -2.9802320611338473e-9
    endloop
  endfacet
  facet normal -0.991444861373813 -0.13052619222003214 0
    outer loop
      vertex 41.245 0 -2.9802320611338473e-9
      vertex 41.245 0 8.2
      vertex 41.21262953497462 0.2458780928473947 -2.9802320611338473e-9
    endloop
  endfacet
  facet normal -0.9238795325112845 -0.38268343236509517 5.117714662393208e-19
    outer loop
      vertex 41.11772413359522 0.475 -2.9802320611338473e-9
      vertex 41.21262953497462 0.2458780928473947 -2.9802320611338473e-9
      vertex 41.21262953497462 0.2458780928473947 8.2
    endloop
  endfacet
  facet normal -0.793353340291231 -0.6087614290087261 -8.616643993004964e-20
    outer loop
      vertex 40.96675144212722 0.6717514421272202 -2.9802320611338473e-9
      vertex 41.11772413359522 0.475 -2.9802320611338473e-9
      vertex 41.11772413359522 0.475 8.2
    endloop
  endfacet
  facet normal 0.6087614290087155 -0.7933533402912392 0
    outer loop
      vertex 39.82 0.8227241335952167 -2.9802320611338473e-9
      vertex 39.82 0.8227241335952167 8.2
      vertex 39.62324855787278 0.6717514421272202 -2.9802320611338473e-9
    endloop
  endfacet
  facet normal 0.38268343236509317 -0.9238795325112854 0
    outer loop
      vertex 40.0491219071526 0.9176295349746149 -2.9802320611338473e-9
      vertex 40.0491219071526 0.9176295349746149 8.2
      vertex 39.82 0.8227241335952167 -2.9802320611338473e-9
    endloop
  endfacet
  facet normal 0.13052619222004952 -0.9914448613738108 0
    outer loop
      vertex 40.295 0.95 -2.9802320611338473e-9
      vertex 40.295 0.95 8.2
      vertex 40.0491219071526 0.9176295349746149 -2.9802320611338473e-9
    endloop
  endfacet
  facet normal -0.1305261922200532 -0.99144486137381 0
    outer loop
      vertex 40.54087809284739 0.9176295349746149 -2.9802320611338473e-9
      vertex 40.54087809284739 0.9176295349746149 8.2
      vertex 40.295 0.95 -2.9802320611338473e-9
    endloop
  endfacet
  facet normal -0.38268343236508295 -0.9238795325112895 0
    outer loop
      vertex 40.77 0.8227241335952167 -2.9802320611338473e-9
      vertex 40.77 0.8227241335952167 8.2
      vertex 40.54087809284739 0.9176295349746149 -2.9802320611338473e-9
    endloop
  endfacet
  facet normal -0.6087614290087293 -0.7933533402912285 0
    outer loop
      vertex 40.96675144212722 0.6717514421272202 -2.9802320611338473e-9
      vertex 40.96675144212722 0.6717514421272202 8.2
      vertex 40.77 0.8227241335952167 -2.9802320611338473e-9
    endloop
  endfacet
  facet normal 0.6087614290087155 0.7933533402912392 0
    outer loop
      vertex 39.82 -0.8227241335952167 -2.9802320611338473e-9
      vertex 39.62324855787278 -0.6717514421272202 8.2
      vertex 39.82 -0.8227241335952167 8.2
    endloop
  endfacet
  facet normal 0.38268343236509317 0.9238795325112854 0
    outer loop
      vertex 40.0491219071526 -0.9176295349746149 8.2
      vertex 40.0491219071526 -0.9176295349746149 -2.9802320611338473e-9
      vertex 39.82 -0.8227241335952167 8.2
    endloop
  endfacet
  facet normal 0.13052619222004952 0.9914448613738108 0
    outer loop
      vertex 40.295 -0.95 -2.9802320611338473e-9
      vertex 40.0491219071526 -0.9176295349746149 8.2
      vertex 40.295 -0.95 8.2
    endloop
  endfacet
  facet normal -0.1305261922200532 0.99144486137381 0
    outer loop
      vertex 40.54087809284739 -0.9176295349746149 8.2
      vertex 40.54087809284739 -0.9176295349746149 -2.9802320611338473e-9
      vertex 40.295 -0.95 8.2
    endloop
  endfacet
  facet normal 0.7933533402912447 0.6087614290087081 0
    outer loop
      vertex 39.62324855787278 -0.6717514421272202 -2.9802320611338473e-9
      vertex 39.472275866404786 -0.475 8.2
      vertex 39.62324855787278 -0.6717514421272202 8.2
    endloop
  endfacet
  facet normal 0.9238795325112845 0.38268343236509517 0
    outer loop
      vertex 39.472275866404786 -0.475 -2.9802320611338473e-9
      vertex 39.377370465025386 -0.2458780928473947 8.2
      vertex 39.472275866404786 -0.475 8.2
    endloop
  endfacet
  facet normal -0.38268343236508295 0.9238795325112895 0
    outer loop
      vertex 40.77 -0.8227241335952167 -2.9802320611338473e-9
      vertex 40.54087809284739 -0.9176295349746149 8.2
      vertex 40.77 -0.8227241335952167 8.2
    endloop
  endfacet
  facet normal -0.6087614290087293 0.7933533402912285 0
    outer loop
      vertex 40.96675144212722 -0.6717514421272202 -2.9802320611338473e-9
      vertex 40.77 -0.8227241335952167 8.2
      vertex 40.96675144212722 -0.6717514421272202 8.2
    endloop
  endfacet
  facet normal -0.793353340291231 0.6087614290087261 0
    outer loop
      vertex 41.11772413359522 -0.475 -2.9802320611338473e-9
      vertex 40.96675144212722 -0.6717514421272202 8.2
      vertex 41.11772413359522 -0.475 8.2
    endloop
  endfacet
  facet normal -0.9238795325112845 0.38268343236509517 0
    outer loop
      vertex 41.21262953497462 -0.2458780928473947 -2.9802320611338473e-9
      vertex 41.11772413359522 -0.475 8.2
      vertex 41.21262953497462 -0.2458780928473947 8.2
    endloop
  endfacet
  facet normal 0.9914448613738094 0.1305261922200603 0
    outer loop
      vertex 39.377370465025386 -0.2458780928473947 -2.9802320611338473e-9
      vertex 39.345 0 8.2
      vertex 39.377370465025386 -0.2458780928473947 8.2
    endloop
  endfacet
  facet normal 0.9914448613738094 -0.1305261922200603 0
    outer loop
      vertex 39.345 0 -2.9802320611338473e-9
      vertex 39.377370465025386 0.2458780928473947 8.2
      vertex 39.345 0 8.2
    endloop
  endfacet
  facet normal 0.9238795325112845 -0.38268343236509517 0
    outer loop
      vertex 39.377370465025386 0.2458780928473947 -2.9802320611338473e-9
      vertex 39.472275866404786 0.475 8.2
      vertex 39.377370465025386 0.2458780928473947 8.2
    endloop
  endfacet
  facet normal 0.7933533402912447 -0.6087614290087081 1.7666716439512298e-19
    outer loop
      vertex 39.62324855787278 0.6717514421272202 8.2
      vertex 39.472275866404786 0.475 8.2
      vertex 39.472275866404786 0.475 -2.9802320611338473e-9
    endloop
  endfacet
  facet normal -0.991444861373813 0.13052619222003214 0
    outer loop
      vertex 41.245 0 -2.9802320611338473e-9
      vertex 41.21262953497462 -0.2458780928473947 8.2
      vertex 41.245 0 8.2
    endloop
  endfacet
  facet normal -0.991444861373813 -0.13052619222003214 0
    outer loop
      vertex 41.21262953497462 0.2458780928473947 -2.9802320611338473e-9
      vertex 41.245 0 8.2
      vertex 41.21262953497462 0.2458780928473947 8.2
    endloop
  endfacet
  facet normal -0.9238795325112845 -0.38268343236509517 0
    outer loop
      vertex 41.11772413359522 0.475 -2.9802320611338473e-9
      vertex 41.21262953497462 0.2458780928473947 8.2
      vertex 41.11772413359522 0.475 8.2
    endloop
  endfacet
  facet normal -0.793353340291231 -0.6087614290087261 0
    outer loop
      vertex 40.96675144212722 0.6717514421272202 -2.9802320611338473e-9
      vertex 41.11772413359522 0.475 8.2
      vertex 40.96675144212722 0.6717514421272202 8.2
    endloop
  endfacet
  facet normal 0.6087614290087155 -0.7933533402912392 0
    outer loop
      vertex 39.62324855787278 0.6717514421272202 8.2
      vertex 39.62324855787278 0.6717514421272202 -2.9802320611338473e-9
      vertex 39.82 0.8227241335952167 8.2
    endloop
  endfacet
  facet normal 0.38268343236509317 -0.9238795325112854 0
    outer loop
      vertex 39.82 0.8227241335952167 -2.9802320611338473e-9
      vertex 40.0491219071526 0.9176295349746149 8.2
      vertex 39.82 0.8227241335952167 8.2
    endloop
  endfacet
  facet normal 0.13052619222004952 -0.9914448613738108 0
    outer loop
      vertex 40.0491219071526 0.9176295349746149 -2.9802320611338473e-9
      vertex 40.295 0.95 8.2
      vertex 40.0491219071526 0.9176295349746149 8.2
    endloop
  endfacet
  facet normal -0.1305261922200532 -0.99144486137381 0
    outer loop
      vertex 40.295 0.95 -2.9802320611338473e-9
      vertex 40.54087809284739 0.9176295349746149 8.2
      vertex 40.295 0.95 8.2
    endloop
  endfacet
  facet normal -0.6087614290087293 -0.7933533402912285 0
    outer loop
      vertex 40.77 0.8227241335952167 -2.9802320611338473e-9
      vertex 40.96675144212722 0.6717514421272202 8.2
      vertex 40.77 0.8227241335952167 8.2
    endloop
  endfacet
  facet normal -0.38268343236508295 -0.9238795325112895 0
    outer loop
      vertex 40.54087809284739 0.9176295349746149 -2.9802320611338473e-9
      vertex 40.77 0.8227241335952167 8.2
      vertex 40.54087809284739 0.9176295349746149 8.2
    endloop
  endfacet
  facet normal 0 -0.7071067877719927 -0.7071067746011025
    outer loop
      vertex 55.00936149069674 12.274999998509884 0.4000000029802324
      vertex 55.00936149069674 12.674999997019768 -2.9802320611338473e-9
      vertex 55.01936149069674 12.674999997019768 -2.9802320611338473e-9
    endloop
  endfacet
  facet normal -1.7106992849438445e-11 -0.70710678777179 -0.7071067746013049
    outer loop
      vertex 55.00936149069674 12.274999998509884 0.4000000029802324
      vertex 55.01936149069674 12.674999997019768 -2.9802320611338473e-9
      vertex 55.01936149069674 12.674197692565155 0.0008023014893243641
    endloop
  endfacet
  facet normal -0.816496580927726 -0.40824829426597153 -0.40824828666175456
    outer loop
      vertex 55.00936149069674 12.274999998509884 0.4000000029802324
      vertex 54.50936149069674 12.774999998509884 0.9000000029802324
      vertex 55.00936149069674 12.674999997019768 -2.9802320611338473e-9
    endloop
  endfacet
  facet normal -0.7071067811865476 -0.7071067811865476 0
    outer loop
      vertex 55.00936149069674 12.274999998509884 0.4000000029802324
      vertex 55.00936149069674 12.274999998509884 3.4000000029802324
      vertex 54.50936149069674 12.774999998509884 0.9000000029802324
    endloop
  endfacet
  facet normal -0.816496580927726 -0.40824829426597153 -0.40824828666175456
    outer loop
      vertex 55.00936149069674 12.674999997019768 -2.9802320611338473e-9
      vertex 54.50936149069674 12.774999998509884 0.9000000029802324
      vertex 54.50936149069674 13.174999997019768 0.49999999701976794
    endloop
  endfacet
  facet normal -0.7071067811865475 0 -0.7071067811865475
    outer loop
      vertex 55.00936149069674 12.674999997019768 -2.9802320611338473e-9
      vertex 54.50936149069674 13.174999997019768 0.49999999701976794
      vertex 54.50936149069674 22.825000002980232 0.49999999701976794
    endloop
  endfacet
  facet normal -1 0 0
    outer loop
      vertex 54.50936149069674 12.774999998509884 0.9000000029802324
      vertex 54.50936149069674 22.825000002980232 0.49999999701976794
      vertex 54.50936149069674 13.174999997019768 0.49999999701976794
    endloop
  endfacet
  facet normal -1 0 0
    outer loop
      vertex 54.50936149069674 12.774999998509884 0.9000000029802324
      vertex 54.50936149069674 13.375 3.499999997019768
      vertex 54.50936149069674 22.825000002980232 0.49999999701976794
    endloop
  endfacet
  facet normal -0.7071067811865475 -0.7071067811865475 0
    outer loop
      vertex 54.50936149069674 12.774999998509884 0.9000000029802324
      vertex 55.00936149069674 12.274999998509884 3.4000000029802324
      vertex 54.50936149069674 12.774999998509884 2.9000000029802324
    endloop
  endfacet
  facet normal -5.256526209685018e-11 -0.7071067767966744 0.7071067855764206
    outer loop
      vertex 55.00936149069674 12.875 3.999999997019768
      vertex 55.01934147323555 12.276201046184516 3.4012010506399504
      vertex 55.01936149069674 12.276203455199273 3.4012034596546785
    endloop
  endfacet
  facet normal -1 0 0
    outer loop
      vertex 54.50936149069674 12.774999998509884 0.9000000029802324
      vertex 54.50936149069674 12.774999998509884 2.9000000029802324
      vertex 54.50936149069674 13.375 3.499999997019768
    endloop
  endfacet
  facet normal -0.816496580927726 -0.408248287929124 0.408248292998602
    outer loop
      vertex 54.50936149069674 12.774999998509884 2.9000000029802324
      vertex 55.00936149069674 12.274999998509884 3.4000000029802324
      vertex 54.50936149069674 13.375 3.499999997019768
    endloop
  endfacet
  facet normal -0.816496580927726 -0.408248287929124 0.408248292998602
    outer loop
      vertex 55.00936149069674 12.274999998509884 3.4000000029802324
      vertex 55.00936149069674 12.875 3.999999997019768
      vertex 54.50936149069674 13.375 3.499999997019768
    endloop
  endfacet
  facet normal -0.7071067811865476 0 0.7071067811865476
    outer loop
      vertex 55.00936149069674 12.875 3.999999997019768
      vertex 55.00936149069674 14.58 3.999999997019768
      vertex 54.50936149069674 13.375 3.499999997019768
    endloop
  endfacet
  facet normal -0.7071067811865475 0 0.7071067811865475
    outer loop
      vertex 54.50936149069674 13.375 3.499999997019768
      vertex 55.00936149069674 14.58 3.999999997019768
      vertex 54.809361493676974 14.58 3.8000000000000016
    endloop
  endfacet
  facet normal -0.7071067811865476 0 -0.7071067811865476
    outer loop
      vertex 55.00936149069674 12.674999997019768 -2.9802320611338473e-9
      vertex 54.50936149069674 22.825000002980232 0.49999999701976794
      vertex 55.00936149069674 23.325000002980232 -2.9802320611338473e-9
    endloop
  endfacet
  facet normal -0.816496580927726 0.40824829426597153 -0.40824828666175456
    outer loop
      vertex 54.50936149069674 22.825000002980232 0.49999999701976794
      vertex 55.00936149069674 23.725000001490116 0.4000000029802324
      vertex 55.00936149069674 23.325000002980232 -2.9802320611338473e-9
    endloop
  endfacet
  facet normal -0.816496580927726 0.40824829426597153 -0.40824828666175456
    outer loop
      vertex 54.50936149069674 22.825000002980232 0.49999999701976794
      vertex 54.50936149069674 23.225000001490116 0.9000000029802324
      vertex 55.00936149069674 23.725000001490116 0.4000000029802324
    endloop
  endfacet
  facet normal -1 0 0
    outer loop
      vertex 54.50936149069674 22.825000002980232 0.49999999701976794
      vertex 54.50936149069674 23.225000001490116 2.9000000029802324
      vertex 54.50936149069674 23.225000001490116 0.9000000029802324
    endloop
  endfacet
  facet normal -0.7071067811865475 0.7071067811865475 0
    outer loop
      vertex 55.00936149069674 23.725000001490116 0.4000000029802324
      vertex 54.50936149069674 23.225000001490116 0.9000000029802324
      vertex 54.50936149069674 23.225000001490116 2.9000000029802324
    endloop
  endfacet
  facet normal -1 0 0
    outer loop
      vertex 54.50936149069674 13.375 3.499999997019768
      vertex 54.50936149069674 22.625 3.499999997019768
      vertex 54.50936149069674 22.825000002980232 0.49999999701976794
    endloop
  endfacet
  facet normal -0.7071067811865476 9.564432472157176e-19 0.7071067811865476
    outer loop
      vertex 54.50936149069674 13.375 3.499999997019768
      vertex 54.809361493676974 14.58 3.8000000000000016
      vertex 54.809361493676974 21.42 3.8000000000000016
    endloop
  endfacet
  facet normal -0.7071067811865476 0 0.7071067811865476
    outer loop
      vertex 54.50936149069674 13.375 3.499999997019768
      vertex 54.809361493676974 21.42 3.8000000000000016
      vertex 54.50936149069674 22.625 3.499999997019768
    endloop
  endfacet
  facet normal -1 0 0
    outer loop
      vertex 54.50936149069674 22.825000002980232 0.49999999701976794
      vertex 54.50936149069674 22.625 3.499999997019768
      vertex 54.50936149069674 23.225000001490116 2.9000000029802324
    endloop
  endfacet
  facet normal -0.7071067811865476 0.7071067811865476 0
    outer loop
      vertex 55.00936149069674 23.725000001490116 0.4000000029802324
      vertex 54.50936149069674 23.225000001490116 2.9000000029802324
      vertex 55.00936149069674 23.725000001490116 3.4000000029802324
    endloop
  endfacet
  facet normal -0.7071067811865475 8.143658058211257e-18 0.7071067811865475
    outer loop
      vertex 54.809361493676974 21.42 3.8000000000000016
      vertex 55.00936149069674 21.42 3.999999997019768
      vertex 54.50936149069674 22.625 3.499999997019768
    endloop
  endfacet
  facet normal -0.816496580927726 0.408248287929124 0.408248292998602
    outer loop
      vertex 54.50936149069674 23.225000001490116 2.9000000029802324
      vertex 54.50936149069674 22.625 3.499999997019768
      vertex 55.00936149069674 23.125 3.999999997019768
    endloop
  endfacet
  facet normal -0.816496580927726 0.408248287929124 0.408248292998602
    outer loop
      vertex 54.50936149069674 23.225000001490116 2.9000000029802324
      vertex 55.00936149069674 23.125 3.999999997019768
      vertex 55.00936149069674 23.725000001490116 3.4000000029802324
    endloop
  endfacet
  facet normal -0.7071067811865475 0 0.7071067811865475
    outer loop
      vertex 55.00936149069674 21.42 3.999999997019768
      vertex 55.00936149069674 23.125 3.999999997019768
      vertex 54.50936149069674 22.625 3.499999997019768
    endloop
  endfacet
  facet normal 0 -0.7071067877719927 -0.7071067746011025
    outer loop
      vertex 55.00936149069674 -5.725000001490116 0.4000000029802324
      vertex 55.00936149069674 -5.325000002980232 -2.9802320611338473e-9
      vertex 55.01936149069674 -5.325000002980232 -2.9802320611338473e-9
    endloop
  endfacet
  facet normal 1.4693905262645143e-11 -0.7071067877721815 -0.7071067746009135
    outer loop
      vertex 55.00936149069674 -5.725000001490116 0.4000000029802324
      vertex 55.01936149069674 -5.325000002980232 -2.9802320611338473e-9
      vertex 55.01936149069674 -5.325802307434844 0.0008023014893243641
    endloop
  endfacet
  facet normal -0.816496580927726 -0.40824829426597153 -0.40824828666175456
    outer loop
      vertex 55.00936149069674 -5.725000001490116 0.4000000029802324
      vertex 54.50936149069674 -5.225000001490116 0.9000000029802324
      vertex 55.00936149069674 -5.325000002980232 -2.9802320611338473e-9
    endloop
  endfacet
  facet normal -0.816496580927726 -0.40824829426597153 -0.40824828666175456
    outer loop
      vertex 55.00936149069674 -5.325000002980232 -2.9802320611338473e-9
      vertex 54.50936149069674 -5.225000001490116 0.9000000029802324
      vertex 54.50936149069674 -4.825000002980232 0.49999999701976794
    endloop
  endfacet
  facet normal -0.7071067811865476 -0.7071067811865476 0
    outer loop
      vertex 55.00936149069674 -5.725000001490116 0.4000000029802324
      vertex 55.00936149069674 -5.725000001490116 3.4000000029802324
      vertex 54.50936149069674 -5.225000001490116 0.9000000029802324
    endloop
  endfacet
  facet normal -0.7071067811865475 0 -0.7071067811865475
    outer loop
      vertex 55.00936149069674 -5.325000002980232 -2.9802320611338473e-9
      vertex 54.50936149069674 -4.825000002980232 0.49999999701976794
      vertex 54.50936149069674 4.825000002980232 0.49999999701976794
    endloop
  endfacet
  facet normal -1 0 0
    outer loop
      vertex 54.50936149069674 -5.225000001490116 0.9000000029802324
      vertex 54.50936149069674 4.825000002980232 0.49999999701976794
      vertex 54.50936149069674 -4.825000002980232 0.49999999701976794
    endloop
  endfacet
  facet normal -1 0 0
    outer loop
      vertex 54.50936149069674 -5.225000001490116 0.9000000029802324
      vertex 54.50936149069674 -4.625 3.499999997019768
      vertex 54.50936149069674 4.825000002980232 0.49999999701976794
    endloop
  endfacet
  facet normal -0.7071067811865475 -0.7071067811865475 0
    outer loop
      vertex 54.50936149069674 -5.225000001490116 0.9000000029802324
      vertex 55.00936149069674 -5.725000001490116 3.4000000029802324
      vertex 54.50936149069674 -5.225000001490116 2.9000000029802324
    endloop
  endfacet
  facet normal -1 0 0
    outer loop
      vertex 54.50936149069674 -5.225000001490116 0.9000000029802324
      vertex 54.50936149069674 -5.225000001490116 2.9000000029802324
      vertex 54.50936149069674 -4.625 3.499999997019768
    endloop
  endfacet
  facet normal -0.816496580927726 -0.408248287929124 0.408248292998602
    outer loop
      vertex 54.50936149069674 -5.225000001490116 2.9000000029802324
      vertex 55.00936149069674 -5.725000001490116 3.4000000029802324
      vertex 54.50936149069674 -4.625 3.499999997019768
    endloop
  endfacet
  facet normal -1.9883535509430957e-11 -0.7071067767964135 0.7071067855766814
    outer loop
      vertex 55.00936149069674 -5.125 3.999999997019768
      vertex 55.01934147323555 -5.723798953815484 3.4012010506399504
      vertex 55.01936149069674 -5.723796544800726 3.4012034596546785
    endloop
  endfacet
  facet normal -0.816496580927726 -0.408248287929124 0.408248292998602
    outer loop
      vertex 55.00936149069674 -5.725000001490116 3.4000000029802324
      vertex 55.00936149069674 -5.125 3.999999997019768
      vertex 54.50936149069674 -4.625 3.499999997019768
    endloop
  endfacet
  facet normal -0.7071067811865476 0 0.7071067811865476
    outer loop
      vertex 55.00936149069674 -5.125 3.999999997019768
      vertex 55.00936149069674 -3.42 3.999999997019768
      vertex 54.50936149069674 -4.625 3.499999997019768
    endloop
  endfacet
  facet normal -0.7071067811865475 0 0.7071067811865475
    outer loop
      vertex 54.50936149069674 -4.625 3.499999997019768
      vertex 55.00936149069674 -3.42 3.999999997019768
      vertex 54.809361493676974 -3.42 3.8000000000000016
    endloop
  endfacet
  facet normal -0.7071067811865475 9.564432472157178e-19 0.7071067811865475
    outer loop
      vertex 54.50936149069674 -4.625 3.499999997019768
      vertex 54.809361493676974 -3.42 3.8000000000000016
      vertex 54.809361493676974 3.42 3.8000000000000016
    endloop
  endfacet
  facet normal -0.7071067811865476 0 0.7071067811865476
    outer loop
      vertex 54.50936149069674 -4.625 3.499999997019768
      vertex 54.809361493676974 3.42 3.8000000000000016
      vertex 54.50936149069674 4.625 3.499999997019768
    endloop
  endfacet
  facet normal -0.7071067811865476 0 -0.7071067811865476
    outer loop
      vertex 55.00936149069674 -5.325000002980232 -2.9802320611338473e-9
      vertex 54.50936149069674 4.825000002980232 0.49999999701976794
      vertex 55.00936149069674 5.325000002980232 -2.9802320611338473e-9
    endloop
  endfacet
  facet normal -0.816496580927726 0.40824829426597153 -0.40824828666175456
    outer loop
      vertex 54.50936149069674 4.825000002980232 0.49999999701976794
      vertex 55.00936149069674 5.725000001490116 0.4000000029802324
      vertex 55.00936149069674 5.325000002980232 -2.9802320611338473e-9
    endloop
  endfacet
  facet normal -0.816496580927726 0.40824829426597153 -0.40824828666175456
    outer loop
      vertex 54.50936149069674 4.825000002980232 0.49999999701976794
      vertex 54.50936149069674 5.225000001490116 0.9000000029802324
      vertex 55.00936149069674 5.725000001490116 0.4000000029802324
    endloop
  endfacet
  facet normal -1 0 0
    outer loop
      vertex 54.50936149069674 4.825000002980232 0.49999999701976794
      vertex 54.50936149069674 5.225000001490116 2.9000000029802324
      vertex 54.50936149069674 5.225000001490116 0.9000000029802324
    endloop
  endfacet
  facet normal -0.7071067811865475 0.7071067811865475 0
    outer loop
      vertex 55.00936149069674 5.725000001490116 0.4000000029802324
      vertex 54.50936149069674 5.225000001490116 0.9000000029802324
      vertex 54.50936149069674 5.225000001490116 2.9000000029802324
    endloop
  endfacet
  facet normal -1 0 0
    outer loop
      vertex 54.50936149069674 -4.625 3.499999997019768
      vertex 54.50936149069674 4.625 3.499999997019768
      vertex 54.50936149069674 4.825000002980232 0.49999999701976794
    endloop
  endfacet
  facet normal -1 0 0
    outer loop
      vertex 54.50936149069674 4.825000002980232 0.49999999701976794
      vertex 54.50936149069674 4.625 3.499999997019768
      vertex 54.50936149069674 5.225000001490116 2.9000000029802324
    endloop
  endfacet
  facet normal -0.816496580927726 0.408248287929124 0.408248292998602
    outer loop
      vertex 54.50936149069674 5.225000001490116 2.9000000029802324
      vertex 54.50936149069674 4.625 3.499999997019768
      vertex 55.00936149069674 5.125 3.999999997019768
    endloop
  endfacet
  facet normal -0.7071067811865476 8.143658058211246e-18 0.7071067811865476
    outer loop
      vertex 54.809361493676974 3.42 3.8000000000000016
      vertex 55.00936149069674 3.42 3.999999997019768
      vertex 54.50936149069674 4.625 3.499999997019768
    endloop
  endfacet
  facet normal -0.7071067811865476 0 0.7071067811865476
    outer loop
      vertex 55.00936149069674 3.42 3.999999997019768
      vertex 55.00936149069674 5.125 3.999999997019768
      vertex 54.50936149069674 4.625 3.499999997019768
    endloop
  endfacet
  facet normal -0.7071067811865476 0.7071067811865476 0
    outer loop
      vertex 55.00936149069674 5.725000001490116 0.4000000029802324
      vertex 54.50936149069674 5.225000001490116 2.9000000029802324
      vertex 55.00936149069674 5.725000001490116 3.4000000029802324
    endloop
  endfacet
  facet normal -0.816496580927726 0.408248287929124 0.408248292998602
    outer loop
      vertex 54.50936149069674 5.225000001490116 2.9000000029802324
      vertex 55.00936149069674 5.125 3.999999997019768
      vertex 55.00936149069674 5.725000001490116 3.4000000029802324
    endloop
  endfacet
  facet normal 4.617299241553943e-14 -0.7071067877717796 -0.7071067746013153
    outer loop
      vertex 55.01936149069674 12.674999997019768 -2.9802320611338473e-9
      vertex 58.078055172180264 12.343239158088029 0.3317608421310343
      vertex 55.01936149069674 12.674197692565155 0.0008023014893243641
    endloop
  endfacet
  facet normal 0 -0.707106787771993 -0.707106774601102
    outer loop
      vertex 55.00936149069674 12.274999998509884 0.4000000029802324
      vertex 55.01936149069674 12.674197692565155 0.0008023014893243641
      vertex 58.03715419395528 12.274999998509884 0.4000000029802324
    endloop
  endfacet
  facet normal 0 -0.7071067877719924 -0.7071067746011025
    outer loop
      vertex 55.01936149069674 12.674999997019768 -2.9802320611338473e-9
      vertex 58.234966363015126 12.674999997019768 -2.9802320611338473e-9
      vertex 58.078055172180264 12.343239158088029 0.3317608421310343
    endloop
  endfacet
  facet normal -4.1517575114392825e-17 -0.7071067877719931 -0.7071067746011019
    outer loop
      vertex 55.01936149069674 12.674197692565155 0.0008023014893243641
      vertex 58.078055172180264 12.343239158088029 0.3317608421310343
      vertex 58.03715419395528 12.274999998509884 0.4000000029802324
    endloop
  endfacet
  facet normal 0 -1 0
    outer loop
      vertex 55.00936149069674 12.274999998509884 0.4000000029802324
      vertex 58.03715419395528 12.274999998509884 0.4000000029802324
      vertex 58.03715419395528 12.274999998509884 3.4000000029802324
    endloop
  endfacet
  facet normal 0 0 -1
    outer loop
      vertex 55.01936149069674 12.674999997019768 -2.9802320611338473e-9
      vertex 57.0491219071526 17.082370465025384 -2.9802320611338473e-9
      vertex 58.234966363015126 12.674999997019768 -2.9802320611338473e-9
    endloop
  endfacet
  facet normal 0 0 -1
    outer loop
      vertex 58.234966363015126 12.674999997019768 -2.9802320611338473e-9
      vertex 57.0491219071526 17.082370465025384 -2.9802320611338473e-9
      vertex 58.58155439013544 13.407798811618923 -2.9802320611338473e-9
    endloop
  endfacet
  facet normal 0 0 -1
    outer loop
      vertex 55.00936149069674 12.674999997019768 -2.9802320611338473e-9
      vertex 55.00936149069674 23.325000002980232 -2.9802320611338473e-9
      vertex 55.01936149069674 12.674999997019768 -2.9802320611338473e-9
    endloop
  endfacet
  facet normal 0 0 -1
    outer loop
      vertex 55.01936149069674 12.674999997019768 -2.9802320611338473e-9
      vertex 56.82 17.177275866404784 -2.9802320611338473e-9
      vertex 57.0491219071526 17.082370465025384 -2.9802320611338473e-9
    endloop
  endfacet
  facet normal 0 0 -1
    outer loop
      vertex 55.01936149069674 12.674999997019768 -2.9802320611338473e-9
      vertex 56.62324855787278 17.32824855787278 -2.9802320611338473e-9
      vertex 56.82 17.177275866404784 -2.9802320611338473e-9
    endloop
  endfacet
  facet normal 0 0 -1
    outer loop
      vertex 55.01936149069674 12.674999997019768 -2.9802320611338473e-9
      vertex 56.472275866404786 17.525 -2.9802320611338473e-9
      vertex 56.62324855787278 17.32824855787278 -2.9802320611338473e-9
    endloop
  endfacet
  facet normal 0 0 -1
    outer loop
      vertex 55.01936149069674 12.674999997019768 -2.9802320611338473e-9
      vertex 56.377370465025386 17.754121907152605 -2.9802320611338473e-9
      vertex 56.472275866404786 17.525 -2.9802320611338473e-9
    endloop
  endfacet
  facet normal 0 0 -1
    outer loop
      vertex 58.58155439013544 13.407798811618923 -2.9802320611338473e-9
      vertex 57.295 17.05 -2.9802320611338473e-9
      vertex 58.978284028786504 14.516583872946452 -2.9802320611338473e-9
    endloop
  endfacet
  facet normal 0 0 -1
    outer loop
      vertex 58.58155439013544 13.407798811618923 -2.9802320611338473e-9
      vertex 57.0491219071526 17.082370465025384 -2.9802320611338473e-9
      vertex 57.295 17.05 -2.9802320611338473e-9
    endloop
  endfacet
  facet normal 0 0 -1
    outer loop
      vertex 58.978284028786504 14.516583872946452 -2.9802320611338473e-9
      vertex 57.96675144212722 17.32824855787278 -2.9802320611338473e-9
      vertex 59.26442336483876 15.65891613580646 -2.9802320611338473e-9
    endloop
  endfacet
  facet normal 0 0 -1
    outer loop
      vertex 58.978284028786504 14.516583872946452 -2.9802320611338473e-9
      vertex 57.295 17.05 -2.9802320611338473e-9
      vertex 57.54087809284739 17.082370465025384 -2.9802320611338473e-9
    endloop
  endfacet
  facet normal 0 0 -1
    outer loop
      vertex 58.978284028786504 14.516583872946452 -2.9802320611338473e-9
      vertex 57.54087809284739 17.082370465025384 -2.9802320611338473e-9
      vertex 57.77 17.177275866404784 -2.9802320611338473e-9
    endloop
  endfacet
  facet normal 0 0 -1
    outer loop
      vertex 58.978284028786504 14.516583872946452 -2.9802320611338473e-9
      vertex 57.77 17.177275866404784 -2.9802320611338473e-9
      vertex 57.96675144212722 17.32824855787278 -2.9802320611338473e-9
    endloop
  endfacet
  facet normal 0 -1 0
    outer loop
      vertex 55.00936149069674 12.274999998509884 0.4000000029802324
      vertex 58.03715419395528 12.274999998509884 3.4000000029802324
      vertex 55.00936149069674 12.274999998509884 3.4000000029802324
    endloop
  endfacet
  facet normal 0 -0.707106776796215 0.7071067855768799
    outer loop
      vertex 55.00936149069674 12.274999998509884 3.4000000029802324
      vertex 58.03715419395528 12.274999998509884 3.4000000029802324
      vertex 55.01934147323555 12.276201046184516 3.4012010506399504
    endloop
  endfacet
  facet normal 1.1739815854782165e-11 -0.7071067770640775 0.7071067853090176
    outer loop
      vertex 55.01934147323555 12.276201046184516 3.4012010506399504
      vertex 58.078055172180264 12.343239158088029 3.4682391617110087
      vertex 55.01936149069674 12.276203455199273 3.4012034596546785
    endloop
  endfacet
  facet normal -3.060762623846375e-17 -0.7071067767962536 0.7071067855768415
    outer loop
      vertex 55.01934147323555 12.276201046184516 3.4012010506399504
      vertex 58.03715419395528 12.274999998509884 3.4000000029802324
      vertex 58.078055172180264 12.343239158088029 3.4682391617110087
    endloop
  endfacet
  facet normal 8.593569345645135e-15 -0.7071067767962508 0.7071067855768443
    outer loop
      vertex 55.00936149069674 12.274999998509884 3.4000000029802324
      vertex 55.01934147323555 12.276201046184516 3.4012010506399504
      vertex 55.00936149069674 12.875 3.999999997019768
    endloop
  endfacet
  facet normal 0 -0.70710677679625 0.707106785576845
    outer loop
      vertex 55.00936149069674 12.875 3.999999997019768
      vertex 55.01936149069674 12.276203455199273 3.4012034596546785
      vertex 58.329559319602936 12.875 3.999999997019768
    endloop
  endfacet
  facet normal 1.8082915888547241e-16 -0.7071067767962504 0.7071067855768446
    outer loop
      vertex 55.01936149069674 12.276203455199273 3.4012034596546785
      vertex 58.078055172180264 12.343239158088029 3.4682391617110087
      vertex 58.329559319602936 12.875 3.999999997019768
    endloop
  endfacet
  facet normal 0 0 1
    outer loop
      vertex 55.00936149069674 12.875 3.999999997019768
      vertex 58.329559319602936 12.875 3.999999997019768
      vertex 55.00936149069674 14.58 3.999999997019768
    endloop
  endfacet
  facet normal 0 0 1
    outer loop
      vertex 55.00936149069674 14.58 3.999999997019768
      vertex 58.329559319602936 12.875 3.999999997019768
      vertex 58.58155439013544 13.407798811618923 3.999999997019768
    endloop
  endfacet
  facet normal 0 0 1
    outer loop
      vertex 55.00936149069674 14.58 3.999999997019768
      vertex 58.58155439013544 13.407798811618923 3.999999997019768
      vertex 58.978284028786504 14.516583872946452 3.999999997019768
    endloop
  endfacet
  facet normal 0 0 1
    outer loop
      vertex 55.00936149069674 14.58 3.999999997019768
      vertex 58.978284028786504 14.516583872946452 3.999999997019768
      vertex 58.994168941679256 14.58 3.999999997019768
    endloop
  endfacet
  facet normal 0 0 -1
    outer loop
      vertex 55.01936149069674 12.674999997019768 -2.9802320611338473e-9
      vertex 55.00936149069674 23.325000002980232 -2.9802320611338473e-9
      vertex 56.377370465025386 17.754121907152605 -2.9802320611338473e-9
    endloop
  endfacet
  facet normal 0 0 -1
    outer loop
      vertex 59.26442336483876 15.65891613580646 -2.9802320611338473e-9
      vertex 57.96675144212722 17.32824855787278 -2.9802320611338473e-9
      vertex 58.11772413359522 17.525 -2.9802320611338473e-9
    endloop
  endfacet
  facet normal 0 0 -1
    outer loop
      vertex 59.26442336483876 15.65891613580646 -2.9802320611338473e-9
      vertex 58.21262953497462 17.754121907152605 -2.9802320611338473e-9
      vertex 59.43721672006636 16.823794316045273 -2.9802320611338473e-9
    endloop
  endfacet
  facet normal 0 0 -1
    outer loop
      vertex 59.26442336483876 15.65891613580646 -2.9802320611338473e-9
      vertex 58.11772413359522 17.525 -2.9802320611338473e-9
      vertex 58.21262953497462 17.754121907152605 -2.9802320611338473e-9
    endloop
  endfacet
  facet normal 0 0 -1
    outer loop
      vertex 59.43721672006636 16.823794316045273 -2.9802320611338473e-9
      vertex 58.21262953497462 17.754121907152605 -2.9802320611338473e-9
      vertex 58.245 18 -2.9802320611338473e-9
    endloop
  endfacet
  facet normal 0 0 -1
    outer loop
      vertex 59.43721672006636 16.823794316045273 -2.9802320611338473e-9
      vertex 58.245 18 -2.9802320611338473e-9
      vertex 58.21262953497462 18.245878092847395 -2.9802320611338473e-9
    endloop
  endfacet
  facet normal 0 0 -1
    outer loop
      vertex 59.43721672006636 16.823794316045273 -2.9802320611338473e-9
      vertex 58.21262953497462 18.245878092847395 -2.9802320611338473e-9
      vertex 58.11772413359522 18.475 -2.9802320611338473e-9
    endloop
  endfacet
  facet normal 0 0 -1
    outer loop
      vertex 59.43721672006636 16.823794316045273 -2.9802320611338473e-9
      vertex 58.11772413359522 18.475 -2.9802320611338473e-9
      vertex 57.96675144212722 18.67175144212722 -2.9802320611338473e-9
    endloop
  endfacet
  facet normal 0 0 -1
    outer loop
      vertex 55.00936149069674 23.325000002980232 -2.9802320611338473e-9
      vertex 56.345 18 -2.9802320611338473e-9
      vertex 56.377370465025386 17.754121907152605 -2.9802320611338473e-9
    endloop
  endfacet
  facet normal 0 0 -1
    outer loop
      vertex 55.00936149069674 23.325000002980232 -2.9802320611338473e-9
      vertex 56.377370465025386 18.245878092847395 -2.9802320611338473e-9
      vertex 56.345 18 -2.9802320611338473e-9
    endloop
  endfacet
  facet normal 0 0 -1
    outer loop
      vertex 55.00936149069674 23.325000002980232 -2.9802320611338473e-9
      vertex 56.472275866404786 18.475 -2.9802320611338473e-9
      vertex 56.377370465025386 18.245878092847395 -2.9802320611338473e-9
    endloop
  endfacet
  facet normal 0 0 -1
    outer loop
      vertex 55.00936149069674 23.325000002980232 -2.9802320611338473e-9
      vertex 59.43721672006636 16.823794316045273 -2.9802320611338473e-9
      vertex 57.96675144212722 18.67175144212722 -2.9802320611338473e-9
    endloop
  endfacet
  facet normal 0 0 -1
    outer loop
      vertex 55.00936149069674 23.325000002980232 -2.9802320611338473e-9
      vertex 59.495000000000005 18 -2.9802320611338473e-9
      vertex 59.43721672006636 16.823794316045273 -2.9802320611338473e-9
    endloop
  endfacet
  facet normal 0 0 -1
    outer loop
      vertex 55.00936149069674 23.325000002980232 -2.9802320611338473e-9
      vertex 56.62324855787278 18.67175144212722 -2.9802320611338473e-9
      vertex 56.472275866404786 18.475 -2.9802320611338473e-9
    endloop
  endfacet
  facet normal 0 0 -1
    outer loop
      vertex 55.00936149069674 23.325000002980232 -2.9802320611338473e-9
      vertex 56.82 18.822724133595216 -2.9802320611338473e-9
      vertex 56.62324855787278 18.67175144212722 -2.9802320611338473e-9
    endloop
  endfacet
  facet normal 0 0 -1
    outer loop
      vertex 55.00936149069674 23.325000002980232 -2.9802320611338473e-9
      vertex 57.0491219071526 18.917629534974616 -2.9802320611338473e-9
      vertex 56.82 18.822724133595216 -2.9802320611338473e-9
    endloop
  endfacet
  facet normal 0 0 -1
    outer loop
      vertex 55.00936149069674 23.325000002980232 -2.9802320611338473e-9
      vertex 57.295 18.95 -2.9802320611338473e-9
      vertex 57.0491219071526 18.917629534974616 -2.9802320611338473e-9
    endloop
  endfacet
  facet normal 0 0 -1
    outer loop
      vertex 55.00936149069674 23.325000002980232 -2.9802320611338473e-9
      vertex 57.96675144212722 18.67175144212722 -2.9802320611338473e-9
      vertex 57.77 18.822724133595216 -2.9802320611338473e-9
    endloop
  endfacet
  facet normal 0 0 -1
    outer loop
      vertex 55.00936149069674 23.325000002980232 -2.9802320611338473e-9
      vertex 57.54087809284739 18.917629534974616 -2.9802320611338473e-9
      vertex 57.295 18.95 -2.9802320611338473e-9
    endloop
  endfacet
  facet normal 0 0 -1
    outer loop
      vertex 55.00936149069674 23.325000002980232 -2.9802320611338473e-9
      vertex 57.77 18.822724133595216 -2.9802320611338473e-9
      vertex 57.54087809284739 18.917629534974616 -2.9802320611338473e-9
    endloop
  endfacet
  facet normal 0 0 -1
    outer loop
      vertex 55.00936149069674 23.325000002980232 -2.9802320611338473e-9
      vertex 59.43721672006636 19.176205683954727 -2.9802320611338473e-9
      vertex 59.495000000000005 18 -2.9802320611338473e-9
    endloop
  endfacet
  facet normal 0 0 -1
    outer loop
      vertex 55.00936149069674 23.325000002980232 -2.9802320611338473e-9
      vertex 59.26442336483876 20.34108386419354 -2.9802320611338473e-9
      vertex 59.43721672006636 19.176205683954727 -2.9802320611338473e-9
    endloop
  endfacet
  facet normal 0 0 -1
    outer loop
      vertex 55.00936149069674 23.325000002980232 -2.9802320611338473e-9
      vertex 58.978284028786504 21.483416127053548 -2.9802320611338473e-9
      vertex 59.26442336483876 20.34108386419354 -2.9802320611338473e-9
    endloop
  endfacet
  facet normal 0 0.7071067877719925 -0.7071067746011025
    outer loop
      vertex 55.00936149069674 23.325000002980232 -2.9802320611338473e-9
      vertex 55.00936149069674 23.725000001490116 0.4000000029802324
      vertex 58.234966363015126 23.325000002980232 -2.9802320611338473e-9
    endloop
  endfacet
  facet normal 0 0 -1
    outer loop
      vertex 55.00936149069674 23.325000002980232 -2.9802320611338473e-9
      vertex 58.58155439013544 22.592201188381075 -2.9802320611338473e-9
      vertex 58.978284028786504 21.483416127053548 -2.9802320611338473e-9
    endloop
  endfacet
  facet normal 0 0 -1
    outer loop
      vertex 55.00936149069674 23.325000002980232 -2.9802320611338473e-9
      vertex 58.234966363015126 23.325000002980232 -2.9802320611338473e-9
      vertex 58.58155439013544 22.592201188381075 -2.9802320611338473e-9
    endloop
  endfacet
  facet normal -2.3676646546790208e-17 0.7071067877719924 -0.7071067746011025
    outer loop
      vertex 55.00936149069674 23.725000001490116 0.4000000029802324
      vertex 58.078055172180264 23.65676084191197 0.3317608421310343
      vertex 58.234966363015126 23.325000002980232 -2.9802320611338473e-9
    endloop
  endfacet
  facet normal 0 0.7071067877719929 -0.7071067746011019
    outer loop
      vertex 55.00936149069674 23.725000001490116 0.4000000029802324
      vertex 58.03715419395528 23.725000001490116 0.4000000029802324
      vertex 58.078055172180264 23.65676084191197 0.3317608421310343
    endloop
  endfacet
  facet normal 0 1 0
    outer loop
      vertex 55.00936149069674 23.725000001490116 0.4000000029802324
      vertex 55.00936149069674 23.725000001490116 3.4000000029802324
      vertex 58.03715419395528 23.725000001490116 0.4000000029802324
    endloop
  endfacet
  facet normal 0 1 0
    outer loop
      vertex 55.00936149069674 23.725000001490116 3.4000000029802324
      vertex 58.03715419395528 23.725000001490116 3.4000000029802324
      vertex 58.03715419395528 23.725000001490116 0.4000000029802324
    endloop
  endfacet
  facet normal 0 0 1
    outer loop
      vertex 55.00936149069674 21.42 3.999999997019768
      vertex 58.994168941679256 21.42 3.999999997019768
      vertex 58.978284028786504 21.483416127053548 3.999999997019768
    endloop
  endfacet
  facet normal 0 0 1
    outer loop
      vertex 55.00936149069674 21.42 3.999999997019768
      vertex 58.978284028786504 21.483416127053548 3.999999997019768
      vertex 58.58155439013544 22.592201188381075 3.999999997019768
    endloop
  endfacet
  facet normal 0 0 1
    outer loop
      vertex 55.00936149069674 21.42 3.999999997019768
      vertex 58.58155439013544 22.592201188381075 3.999999997019768
      vertex 55.00936149069674 23.125 3.999999997019768
    endloop
  endfacet
  facet normal 0 0.7071067767962508 0.7071067855768443
    outer loop
      vertex 55.00936149069674 23.725000001490116 3.4000000029802324
      vertex 55.00936149069674 23.125 3.999999997019768
      vertex 58.03715419395528 23.725000001490116 3.4000000029802324
    endloop
  endfacet
  facet normal 0 0.7071067767962503 0.7071067855768445
    outer loop
      vertex 55.00936149069674 23.125 3.999999997019768
      vertex 58.329559319602936 23.125 3.999999997019768
      vertex 58.078055172180264 23.65676084191197 3.4682391617110087
    endloop
  endfacet
  facet normal -9.79355149950141e-16 0.7071067767962532 0.7071067855768418
    outer loop
      vertex 55.00936149069674 23.125 3.999999997019768
      vertex 58.078055172180264 23.65676084191197 3.4682391617110087
      vertex 58.03715419395528 23.725000001490116 3.4000000029802324
    endloop
  endfacet
  facet normal 0 0 1
    outer loop
      vertex 55.00936149069674 23.125 3.999999997019768
      vertex 58.58155439013544 22.592201188381075 3.999999997019768
      vertex 58.329559319602936 23.125 3.999999997019768
    endloop
  endfacet
  facet normal -3.8739098291244877e-14 -0.7071067877721711 -0.707106774600924
    outer loop
      vertex 55.01936149069674 -5.325000002980232 -2.9802320611338473e-9
      vertex 58.078055172180264 -5.6567608419119715 0.3317608421310343
      vertex 55.01936149069674 -5.325802307434844 0.0008023014893243641
    endloop
  endfacet
  facet normal 0 -0.7071067877719922 -0.7071067746011028
    outer loop
      vertex 55.00936149069674 -5.725000001490116 0.4000000029802324
      vertex 55.01936149069674 -5.325802307434844 0.0008023014893243641
      vertex 58.03715419395528 -5.725000001490116 0.4000000029802324
    endloop
  endfacet
  facet normal 0 -0.7071067877719924 -0.7071067746011025
    outer loop
      vertex 55.01936149069674 -5.325000002980232 -2.9802320611338473e-9
      vertex 58.234966363015126 -5.325000002980232 -2.9802320611338473e-9
      vertex 58.078055172180264 -5.6567608419119715 0.3317608421310343
    endloop
  endfacet
  facet normal -1.9819592480822068e-16 -0.707106787771993 -0.7071067746011019
    outer loop
      vertex 55.01936149069674 -5.325802307434844 0.0008023014893243641
      vertex 58.078055172180264 -5.6567608419119715 0.3317608421310343
      vertex 58.03715419395528 -5.725000001490116 0.4000000029802324
    endloop
  endfacet
  facet normal 0 0 -1
    outer loop
      vertex 55.01936149069674 -5.325000002980232 -2.9802320611338473e-9
      vertex 56.82 -0.8227241335952167 -2.9802320611338473e-9
      vertex 57.0491219071526 -0.9176295349746149 -2.9802320611338473e-9
    endloop
  endfacet
  facet normal 0 0 -1
    outer loop
      vertex 55.01936149069674 -5.325000002980232 -2.9802320611338473e-9
      vertex 56.62324855787278 -0.6717514421272202 -2.9802320611338473e-9
      vertex 56.82 -0.8227241335952167 -2.9802320611338473e-9
    endloop
  endfacet
  facet normal 0 0 -1
    outer loop
      vertex 55.01936149069674 -5.325000002980232 -2.9802320611338473e-9
      vertex 56.472275866404786 -0.475 -2.9802320611338473e-9
      vertex 56.62324855787278 -0.6717514421272202 -2.9802320611338473e-9
    endloop
  endfacet
  facet normal 0 0 -1
    outer loop
      vertex 55.01936149069674 -5.325000002980232 -2.9802320611338473e-9
      vertex 57.0491219071526 -0.9176295349746149 -2.9802320611338473e-9
      vertex 58.234966363015126 -5.325000002980232 -2.9802320611338473e-9
    endloop
  endfacet
  facet normal 0 0 -1
    outer loop
      vertex 58.234966363015126 -5.325000002980232 -2.9802320611338473e-9
      vertex 57.0491219071526 -0.9176295349746149 -2.9802320611338473e-9
      vertex 58.58155439013544 -4.592201188381077 -2.9802320611338473e-9
    endloop
  endfacet
  facet normal 0 0 -1
    outer loop
      vertex 58.58155439013544 -4.592201188381077 -2.9802320611338473e-9
      vertex 57.0491219071526 -0.9176295349746149 -2.9802320611338473e-9
      vertex 57.295 -0.95 -2.9802320611338473e-9
    endloop
  endfacet
  facet normal 0 0 -1
    outer loop
      vertex 58.58155439013544 -4.592201188381077 -2.9802320611338473e-9
      vertex 57.295 -0.95 -2.9802320611338473e-9
      vertex 58.978284028786504 -3.483416127053548 -2.9802320611338473e-9
    endloop
  endfacet
  facet normal 0 0 -1
    outer loop
      vertex 58.978284028786504 -3.483416127053548 -2.9802320611338473e-9
      vertex 57.96675144212722 -0.6717514421272202 -2.9802320611338473e-9
      vertex 59.26442336483876 -2.341083864193539 -2.9802320611338473e-9
    endloop
  endfacet
  facet normal 0 -1 0
    outer loop
      vertex 55.00936149069674 -5.725000001490116 0.4000000029802324
      vertex 58.03715419395528 -5.725000001490116 0.4000000029802324
      vertex 58.03715419395528 -5.725000001490116 3.4000000029802324
    endloop
  endfacet
  facet normal 0 0 -1
    outer loop
      vertex 55.00936149069674 -5.325000002980232 -2.9802320611338473e-9
      vertex 55.00936149069674 5.325000002980232 -2.9802320611338473e-9
      vertex 55.01936149069674 -5.325000002980232 -2.9802320611338473e-9
    endloop
  endfacet
  facet normal 0 0 -1
    outer loop
      vertex 55.01936149069674 -5.325000002980232 -2.9802320611338473e-9
      vertex 56.377370465025386 -0.2458780928473947 -2.9802320611338473e-9
      vertex 56.472275866404786 -0.475 -2.9802320611338473e-9
    endloop
  endfacet
  facet normal 0 0 -1
    outer loop
      vertex 58.978284028786504 -3.483416127053548 -2.9802320611338473e-9
      vertex 57.295 -0.95 -2.9802320611338473e-9
      vertex 57.54087809284739 -0.9176295349746149 -2.9802320611338473e-9
    endloop
  endfacet
  facet normal 0 0 -1
    outer loop
      vertex 58.978284028786504 -3.483416127053548 -2.9802320611338473e-9
      vertex 57.54087809284739 -0.9176295349746149 -2.9802320611338473e-9
      vertex 57.77 -0.8227241335952167 -2.9802320611338473e-9
    endloop
  endfacet
  facet normal 0 0 -1
    outer loop
      vertex 58.978284028786504 -3.483416127053548 -2.9802320611338473e-9
      vertex 57.77 -0.8227241335952167 -2.9802320611338473e-9
      vertex 57.96675144212722 -0.6717514421272202 -2.9802320611338473e-9
    endloop
  endfacet
  facet normal 0 0 -1
    outer loop
      vertex 59.26442336483876 -2.341083864193539 -2.9802320611338473e-9
      vertex 58.21262953497462 -0.2458780928473947 -2.9802320611338473e-9
      vertex 59.43721672006636 -1.1762056839547272 -2.9802320611338473e-9
    endloop
  endfacet
  facet normal 0 0 -1
    outer loop
      vertex 59.26442336483876 -2.341083864193539 -2.9802320611338473e-9
      vertex 57.96675144212722 -0.6717514421272202 -2.9802320611338473e-9
      vertex 58.11772413359522 -0.475 -2.9802320611338473e-9
    endloop
  endfacet
  facet normal 0 0 -1
    outer loop
      vertex 59.26442336483876 -2.341083864193539 -2.9802320611338473e-9
      vertex 58.11772413359522 -0.475 -2.9802320611338473e-9
      vertex 58.21262953497462 -0.2458780928473947 -2.9802320611338473e-9
    endloop
  endfacet
  facet normal 0 0 -1
    outer loop
      vertex 59.43721672006636 -1.1762056839547272 -2.9802320611338473e-9
      vertex 58.21262953497462 -0.2458780928473947 -2.9802320611338473e-9
      vertex 58.245 0 -2.9802320611338473e-9
    endloop
  endfacet
  facet normal 0 0 -1
    outer loop
      vertex 59.43721672006636 -1.1762056839547272 -2.9802320611338473e-9
      vertex 58.245 0 -2.9802320611338473e-9
      vertex 58.21262953497462 0.2458780928473947 -2.9802320611338473e-9
    endloop
  endfacet
  facet normal 0 0 -1
    outer loop
      vertex 55.01936149069674 -5.325000002980232 -2.9802320611338473e-9
      vertex 55.00936149069674 5.325000002980232 -2.9802320611338473e-9
      vertex 56.377370465025386 -0.2458780928473947 -2.9802320611338473e-9
    endloop
  endfacet
  facet normal 0 0 -1
    outer loop
      vertex 59.43721672006636 -1.1762056839547272 -2.9802320611338473e-9
      vertex 58.21262953497462 0.2458780928473947 -2.9802320611338473e-9
      vertex 58.11772413359522 0.475 -2.9802320611338473e-9
    endloop
  endfacet
  facet normal 0 0 -1
    outer loop
      vertex 59.43721672006636 -1.1762056839547272 -2.9802320611338473e-9
      vertex 58.11772413359522 0.475 -2.9802320611338473e-9
      vertex 57.96675144212722 0.6717514421272202 -2.9802320611338473e-9
    endloop
  endfacet
  facet normal 0 0 -1
    outer loop
      vertex 55.00936149069674 5.325000002980232 -2.9802320611338473e-9
      vertex 59.495000000000005 0 -2.9802320611338473e-9
      vertex 59.43721672006636 -1.1762056839547272 -2.9802320611338473e-9
    endloop
  endfacet
  facet normal 0 -1 0
    outer loop
      vertex 55.00936149069674 -5.725000001490116 0.4000000029802324
      vertex 58.03715419395528 -5.725000001490116 3.4000000029802324
      vertex 55.00936149069674 -5.725000001490116 3.4000000029802324
    endloop
  endfacet
  facet normal 0 -0.707106776796215 0.7071067855768799
    outer loop
      vertex 55.00936149069674 -5.725000001490116 3.4000000029802324
      vertex 58.03715419395528 -5.725000001490116 3.4000000029802324
      vertex 55.01934147323555 -5.723798953815484 3.4012010506399504
    endloop
  endfacet
  facet normal 4.753664109549768e-12 -0.7071067769047007 0.7071067854683943
    outer loop
      vertex 55.01934147323555 -5.723798953815484 3.4012010506399504
      vertex 58.078055172180264 -5.6567608419119715 3.4682391617110087
      vertex 55.01936149069674 -5.723796544800726 3.4012034596546785
    endloop
  endfacet
  facet normal -3.060762623846375e-17 -0.7071067767962536 0.7071067855768415
    outer loop
      vertex 55.01934147323555 -5.723798953815484 3.4012010506399504
      vertex 58.03715419395528 -5.725000001490116 3.4000000029802324
      vertex 58.078055172180264 -5.6567608419119715 3.4682391617110087
    endloop
  endfacet
  facet normal 8.593569345645135e-15 -0.7071067767962508 0.7071067855768443
    outer loop
      vertex 55.00936149069674 -5.725000001490116 3.4000000029802324
      vertex 55.01934147323555 -5.723798953815484 3.4012010506399504
      vertex 55.00936149069674 -5.125 3.999999997019768
    endloop
  endfacet
  facet normal 0 -0.7071067767962504 0.7071067855768445
    outer loop
      vertex 55.00936149069674 -5.125 3.999999997019768
      vertex 55.01936149069674 -5.723796544800726 3.4012034596546785
      vertex 58.329559319602936 -5.125 3.999999997019768
    endloop
  endfacet
  facet normal 0 0 1
    outer loop
      vertex 55.00936149069674 -5.125 3.999999997019768
      vertex 58.329559319602936 -5.125 3.999999997019768
      vertex 55.00936149069674 -3.42 3.999999997019768
    endloop
  endfacet
  facet normal -2.5371486817330632e-17 -0.7071067767962503 0.7071067855768446
    outer loop
      vertex 55.01936149069674 -5.723796544800726 3.4012034596546785
      vertex 58.078055172180264 -5.6567608419119715 3.4682391617110087
      vertex 58.329559319602936 -5.125 3.999999997019768
    endloop
  endfacet
  facet normal 0 0 1
    outer loop
      vertex 55.00936149069674 -3.42 3.999999997019768
      vertex 58.329559319602936 -5.125 3.999999997019768
      vertex 58.58155439013544 -4.592201188381077 3.999999997019768
    endloop
  endfacet
  facet normal 0 0 1
    outer loop
      vertex 55.00936149069674 -3.42 3.999999997019768
      vertex 58.58155439013544 -4.592201188381077 3.999999997019768
      vertex 58.978284028786504 -3.483416127053548 3.999999997019768
    endloop
  endfacet
  facet normal 0 0 1
    outer loop
      vertex 55.00936149069674 -3.42 3.999999997019768
      vertex 58.978284028786504 -3.483416127053548 3.999999997019768
      vertex 58.994168941679256 -3.42 3.999999997019768
    endloop
  endfacet
  facet normal 0 0 -1
    outer loop
      vertex 55.00936149069674 5.325000002980232 -2.9802320611338473e-9
      vertex 56.345 0 -2.9802320611338473e-9
      vertex 56.377370465025386 -0.2458780928473947 -2.9802320611338473e-9
    endloop
  endfacet
  facet normal 0 0 -1
    outer loop
      vertex 55.00936149069674 5.325000002980232 -2.9802320611338473e-9
      vertex 56.377370465025386 0.2458780928473947 -2.9802320611338473e-9
      vertex 56.345 0 -2.9802320611338473e-9
    endloop
  endfacet
  facet normal 0 0 -1
    outer loop
      vertex 55.00936149069674 5.325000002980232 -2.9802320611338473e-9
      vertex 56.472275866404786 0.475 -2.9802320611338473e-9
      vertex 56.377370465025386 0.2458780928473947 -2.9802320611338473e-9
    endloop
  endfacet
  facet normal 0 0 -1
    outer loop
      vertex 55.00936149069674 5.325000002980232 -2.9802320611338473e-9
      vertex 56.62324855787278 0.6717514421272202 -2.9802320611338473e-9
      vertex 56.472275866404786 0.475 -2.9802320611338473e-9
    endloop
  endfacet
  facet normal 0 0 -1
    outer loop
      vertex 55.00936149069674 5.325000002980232 -2.9802320611338473e-9
      vertex 56.82 0.8227241335952167 -2.9802320611338473e-9
      vertex 56.62324855787278 0.6717514421272202 -2.9802320611338473e-9
    endloop
  endfacet
  facet normal 0 0 -1
    outer loop
      vertex 55.00936149069674 5.325000002980232 -2.9802320611338473e-9
      vertex 57.0491219071526 0.9176295349746149 -2.9802320611338473e-9
      vertex 56.82 0.8227241335952167 -2.9802320611338473e-9
    endloop
  endfacet
  facet normal 0 0 -1
    outer loop
      vertex 55.00936149069674 5.325000002980232 -2.9802320611338473e-9
      vertex 57.295 0.95 -2.9802320611338473e-9
      vertex 57.0491219071526 0.9176295349746149 -2.9802320611338473e-9
    endloop
  endfacet
  facet normal 0 0 -1
    outer loop
      vertex 55.00936149069674 5.325000002980232 -2.9802320611338473e-9
      vertex 59.43721672006636 -1.1762056839547272 -2.9802320611338473e-9
      vertex 57.96675144212722 0.6717514421272202 -2.9802320611338473e-9
    endloop
  endfacet
  facet normal 0 0 -1
    outer loop
      vertex 55.00936149069674 5.325000002980232 -2.9802320611338473e-9
      vertex 57.96675144212722 0.6717514421272202 -2.9802320611338473e-9
      vertex 57.77 0.8227241335952167 -2.9802320611338473e-9
    endloop
  endfacet
  facet normal 0 0 -1
    outer loop
      vertex 55.00936149069674 5.325000002980232 -2.9802320611338473e-9
      vertex 57.54087809284739 0.9176295349746149 -2.9802320611338473e-9
      vertex 57.295 0.95 -2.9802320611338473e-9
    endloop
  endfacet
  facet normal 0 0 -1
    outer loop
      vertex 55.00936149069674 5.325000002980232 -2.9802320611338473e-9
      vertex 57.77 0.8227241335952167 -2.9802320611338473e-9
      vertex 57.54087809284739 0.9176295349746149 -2.9802320611338473e-9
    endloop
  endfacet
  facet normal 0 0 -1
    outer loop
      vertex 55.00936149069674 5.325000002980232 -2.9802320611338473e-9
      vertex 59.43721672006636 1.1762056839547272 -2.9802320611338473e-9
      vertex 59.495000000000005 0 -2.9802320611338473e-9
    endloop
  endfacet
  facet normal 0 0 -1
    outer loop
      vertex 55.00936149069674 5.325000002980232 -2.9802320611338473e-9
      vertex 59.26442336483876 2.341083864193539 -2.9802320611338473e-9
      vertex 59.43721672006636 1.1762056839547272 -2.9802320611338473e-9
    endloop
  endfacet
  facet normal 0 0 -1
    outer loop
      vertex 55.00936149069674 5.325000002980232 -2.9802320611338473e-9
      vertex 58.978284028786504 3.483416127053548 -2.9802320611338473e-9
      vertex 59.26442336483876 2.341083864193539 -2.9802320611338473e-9
    endloop
  endfacet
  facet normal 0 0 -1
    outer loop
      vertex 55.00936149069674 5.325000002980232 -2.9802320611338473e-9
      vertex 58.58155439013544 4.592201188381077 -2.9802320611338473e-9
      vertex 58.978284028786504 3.483416127053548 -2.9802320611338473e-9
    endloop
  endfacet
  facet normal 0 0 -1
    outer loop
      vertex 55.00936149069674 5.325000002980232 -2.9802320611338473e-9
      vertex 58.234966363015126 5.325000002980232 -2.9802320611338473e-9
      vertex 58.58155439013544 4.592201188381077 -2.9802320611338473e-9
    endloop
  endfacet
  facet normal 0 0.7071067877719925 -0.7071067746011025
    outer loop
      vertex 55.00936149069674 5.325000002980232 -2.9802320611338473e-9
      vertex 55.00936149069674 5.725000001490116 0.4000000029802324
      vertex 58.234966363015126 5.325000002980232 -2.9802320611338473e-9
    endloop
  endfacet
  facet normal -2.3676646546790208e-17 0.7071067877719924 -0.7071067746011025
    outer loop
      vertex 55.00936149069674 5.725000001490116 0.4000000029802324
      vertex 58.078055172180264 5.6567608419119715 0.3317608421310343
      vertex 58.234966363015126 5.325000002980232 -2.9802320611338473e-9
    endloop
  endfacet
  facet normal 0 0.7071067877719929 -0.7071067746011019
    outer loop
      vertex 55.00936149069674 5.725000001490116 0.4000000029802324
      vertex 58.03715419395528 5.725000001490116 0.4000000029802324
      vertex 58.078055172180264 5.6567608419119715 0.3317608421310343
    endloop
  endfacet
  facet normal 0 1 0
    outer loop
      vertex 55.00936149069674 5.725000001490116 0.4000000029802324
      vertex 55.00936149069674 5.725000001490116 3.4000000029802324
      vertex 58.03715419395528 5.725000001490116 0.4000000029802324
    endloop
  endfacet
  facet normal 0 0 1
    outer loop
      vertex 55.00936149069674 3.42 3.999999997019768
      vertex 58.994168941679256 3.42 3.999999997019768
      vertex 58.978284028786504 3.483416127053548 3.999999997019768
    endloop
  endfacet
  facet normal 0 0 1
    outer loop
      vertex 55.00936149069674 3.42 3.999999997019768
      vertex 58.58155439013544 4.592201188381077 3.999999997019768
      vertex 55.00936149069674 5.125 3.999999997019768
    endloop
  endfacet
  facet normal 0 0 1
    outer loop
      vertex 55.00936149069674 3.42 3.999999997019768
      vertex 58.978284028786504 3.483416127053548 3.999999997019768
      vertex 58.58155439013544 4.592201188381077 3.999999997019768
    endloop
  endfacet
  facet normal 0 0 1
    outer loop
      vertex 55.00936149069674 5.125 3.999999997019768
      vertex 58.58155439013544 4.592201188381077 3.999999997019768
      vertex 58.329559319602936 5.125 3.999999997019768
    endloop
  endfacet
  facet normal 0 1 0
    outer loop
      vertex 55.00936149069674 5.725000001490116 3.4000000029802324
      vertex 58.03715419395528 5.725000001490116 3.4000000029802324
      vertex 58.03715419395528 5.725000001490116 0.4000000029802324
    endloop
  endfacet
  facet normal 0 0.7071067767962508 0.7071067855768443
    outer loop
      vertex 55.00936149069674 5.725000001490116 3.4000000029802324
      vertex 55.00936149069674 5.125 3.999999997019768
      vertex 58.03715419395528 5.725000001490116 3.4000000029802324
    endloop
  endfacet
  facet normal -9.79355149950141e-16 0.7071067767962532 0.7071067855768418
    outer loop
      vertex 55.00936149069674 5.125 3.999999997019768
      vertex 58.078055172180264 5.6567608419119715 3.4682391617110087
      vertex 58.03715419395528 5.725000001490116 3.4000000029802324
    endloop
  endfacet
  facet normal 0 0.7071067767962503 0.7071067855768445
    outer loop
      vertex 55.00936149069674 5.125 3.999999997019768
      vertex 58.329559319602936 5.125 3.999999997019768
      vertex 58.078055172180264 5.6567608419119715 3.4682391617110087
    endloop
  endfacet
  facet normal 0 0 -1
    outer loop
      vertex 51 14.58 4.000000000000001
      vertex 51 21.42 4.000000000000001
      vertex 54.50936149069674 14.58 4.000000000000001
    endloop
  endfacet
  facet normal 0 0 -1
    outer loop
      vertex 54.50936149069674 14.58 4.000000000000001
      vertex 51 21.42 4.000000000000001
      vertex 54.50936149069674 21.42 4.000000000000001
    endloop
  endfacet
  facet normal 0 -1 0
    outer loop
      vertex 51 14.58 4.000000000000001
      vertex 54.50936149069674 14.58 4.000000000000001
      vertex 54.50936149069674 14.58 8.2
    endloop
  endfacet
  facet normal 0 -1 0
    outer loop
      vertex 51 14.58 4.000000000000001
      vertex 54.50936149069674 14.58 8.2
      vertex 51 14.58 8.2
    endloop
  endfacet
  facet normal 0 0 1
    outer loop
      vertex 51 14.58 8.2
      vertex 54.50936149069674 14.58 8.2
      vertex 54.50936149069674 14.599435343649924 8.2
    endloop
  endfacet
  facet normal -1 0 0
    outer loop
      vertex 51 14.58 4.000000000000001
      vertex 51 21.42 8.2
      vertex 51 21.42 4.000000000000001
    endloop
  endfacet
  facet normal 0 1 0
    outer loop
      vertex 51 21.42 4.000000000000001
      vertex 51 21.42 8.2
      vertex 54.50936149069674 21.42 4.000000000000001
    endloop
  endfacet
  facet normal -1 0 0
    outer loop
      vertex 51 14.58 4.000000000000001
      vertex 51 14.58 8.2
      vertex 51 21.42 8.2
    endloop
  endfacet
  facet normal 0 0 1
    outer loop
      vertex 51 14.58 8.2
      vertex 54.50936149069674 14.599435343649924 8.2
      vertex 51 21.42 8.2
    endloop
  endfacet
  facet normal 0 0 1
    outer loop
      vertex 54.50936149069674 14.599435343649924 8.2
      vertex 54.51936149069674 21.407531077761686 8.2
      vertex 51 21.42 8.2
    endloop
  endfacet
  facet normal 0 1 0
    outer loop
      vertex 54.50936149069674 21.42 4.000000000000001
      vertex 51 21.42 8.2
      vertex 54.50936149069674 21.42 8.2
    endloop
  endfacet
  facet normal 0 0 1
    outer loop
      vertex 51 21.42 8.2
      vertex 54.51936149069674 21.407531077761686 8.2
      vertex 54.50936149069674 21.42 8.2
    endloop
  endfacet
  facet normal 0 0 -1
    outer loop
      vertex 51 -3.42 4.000000000000001
      vertex 51 3.42 4.000000000000001
      vertex 54.50936149069674 -3.42 4.000000000000001
    endloop
  endfacet
  facet normal 0 0 -1
    outer loop
      vertex 54.50936149069674 -3.42 4.000000000000001
      vertex 51 3.42 4.000000000000001
      vertex 54.50936149069674 3.42 4.000000000000001
    endloop
  endfacet
  facet normal 0 -1 0
    outer loop
      vertex 51 -3.42 4.000000000000001
      vertex 54.50936149069674 -3.42 4.000000000000001
      vertex 54.50936149069674 -3.42 8.2
    endloop
  endfacet
  facet normal -1 0 0
    outer loop
      vertex 51 -3.42 4.000000000000001
      vertex 51 3.42 8.2
      vertex 51 3.42 4.000000000000001
    endloop
  endfacet
  facet normal 0 -1 0
    outer loop
      vertex 51 -3.42 4.000000000000001
      vertex 54.50936149069674 -3.42 8.2
      vertex 51 -3.42 8.2
    endloop
  endfacet
  facet normal 0 0 1
    outer loop
      vertex 51 -3.42 8.2
      vertex 54.50936149069674 -3.42 8.2
      vertex 54.50936149069674 -3.400564656350076 8.2
    endloop
  endfacet
  facet normal -1 0 0
    outer loop
      vertex 51 -3.42 4.000000000000001
      vertex 51 -3.42 8.2
      vertex 51 3.42 8.2
    endloop
  endfacet
  facet normal 0 0 1
    outer loop
      vertex 51 -3.42 8.2
      vertex 54.50936149069674 -3.400564656350076 8.2
      vertex 51 3.42 8.2
    endloop
  endfacet
  facet normal 0 0 1
    outer loop
      vertex 54.50936149069674 -3.400564656350076 8.2
      vertex 54.51936149069674 3.407531077761687 8.2
      vertex 51 3.42 8.2
    endloop
  endfacet
  facet normal 0 1 0
    outer loop
      vertex 51 3.42 4.000000000000001
      vertex 51 3.42 8.2
      vertex 54.50936149069674 3.42 4.000000000000001
    endloop
  endfacet
  facet normal 0 1 0
    outer loop
      vertex 54.50936149069674 3.42 4.000000000000001
      vertex 51 3.42 8.2
      vertex 54.50936149069674 3.42 8.2
    endloop
  endfacet
  facet normal 0 0 1
    outer loop
      vertex 51 3.42 8.2
      vertex 54.51936149069674 3.407531077761687 8.2
      vertex 54.50936149069674 3.42 8.2
    endloop
  endfacet
  facet normal 0 -1 0
    outer loop
      vertex 54.50936149069674 14.58 3.8000000000000016
      vertex 54.809361493676974 14.58 3.8000000000000016
      vertex 55.00936149069674 14.58 3.999999997019768
    endloop
  endfacet
  facet normal 0 0 -1
    outer loop
      vertex 54.50936149069674 14.58 3.8000000000000016
      vertex 54.809361493676974 21.42 3.8000000000000016
      vertex 54.809361493676974 14.58 3.8000000000000016
    endloop
  endfacet
  facet normal -1 0 0
    outer loop
      vertex 54.50936149069674 14.58 3.8000000000000016
      vertex 54.50936149069674 14.58 4.000000000000001
      vertex 54.50936149069674 21.42 3.8000000000000016
    endloop
  endfacet
  facet normal 0 0 -1
    outer loop
      vertex 54.50936149069674 14.58 3.8000000000000016
      vertex 54.50936149069674 21.42 3.8000000000000016
      vertex 54.809361493676974 21.42 3.8000000000000016
    endloop
  endfacet
  facet normal -1 0 0
    outer loop
      vertex 54.50936149069674 14.58 4.000000000000001
      vertex 54.50936149069674 21.42 4.000000000000001
      vertex 54.50936149069674 21.42 3.8000000000000016
    endloop
  endfacet
  facet normal 0 1 0
    outer loop
      vertex 54.50936149069674 21.42 3.8000000000000016
      vertex 54.50936149069674 21.42 4.000000000000001
      vertex 54.809361493676974 21.42 3.8000000000000016
    endloop
  endfacet
  facet normal 0 1 0
    outer loop
      vertex 54.50936149069674 21.42 4.000000000000001
      vertex 55.00936149069674 21.42 3.999999997019768
      vertex 54.809361493676974 21.42 3.8000000000000016
    endloop
  endfacet
  facet normal 0 -1 0
    outer loop
      vertex 54.50936149069674 14.58 3.8000000000000016
      vertex 58.994168941679256 14.58 8.2
      vertex 54.50936149069674 14.58 4.000000000000001
    endloop
  endfacet
  facet normal 0 -1 0
    outer loop
      vertex 54.50936149069674 14.58 3.8000000000000016
      vertex 55.00936149069674 14.58 3.999999997019768
      vertex 58.994168941679256 14.58 8.2
    endloop
  endfacet
  facet normal 0 -1 0
    outer loop
      vertex 55.00936149069674 14.58 3.999999997019768
      vertex 58.994168941679256 14.58 3.999999997019768
      vertex 58.994168941679256 14.58 8.2
    endloop
  endfacet
  facet normal 0 -1 0
    outer loop
      vertex 54.50936149069674 14.58 4.000000000000001
      vertex 58.994168941679256 14.58 8.2
      vertex 54.50936149069674 14.58 8.2
    endloop
  endfacet
  facet normal 0 0 1
    outer loop
      vertex 54.50936149069674 14.58 8.2
      vertex 58.994168941679256 14.58 8.2
      vertex 54.50936149069674 14.599435343649924 8.2
    endloop
  endfacet
  facet normal 0 0 1
    outer loop
      vertex 54.50936149069674 14.599435343649924 8.2
      vertex 57.0491219071526 17.082370465025384 8.2
      vertex 56.82 17.177275866404784 8.2
    endloop
  endfacet
  facet normal 0 0 1
    outer loop
      vertex 54.50936149069674 14.599435343649924 8.2
      vertex 56.82 17.177275866404784 8.2
      vertex 56.62324855787278 17.32824855787278 8.2
    endloop
  endfacet
  facet normal 0 0 1
    outer loop
      vertex 54.50936149069674 14.599435343649924 8.2
      vertex 57.295 17.05 8.2
      vertex 57.0491219071526 17.082370465025384 8.2
    endloop
  endfacet
  facet normal 0 0 1
    outer loop
      vertex 54.50936149069674 14.599435343649924 8.2
      vertex 57.54087809284739 17.082370465025384 8.2
      vertex 57.295 17.05 8.2
    endloop
  endfacet
  facet normal 0 0 1
    outer loop
      vertex 54.50936149069674 14.599435343649924 8.2
      vertex 58.994168941679256 14.58 8.2
      vertex 58.551190936130766 15.5 8.2
    endloop
  endfacet
  facet normal 0 0 1
    outer loop
      vertex 58.994168941679256 14.58 8.2
      vertex 59.22461694505526 15.5 8.2
      vertex 58.551190936130766 15.5 8.2
    endloop
  endfacet
  facet normal 0 0 1
    outer loop
      vertex 54.50936149069674 14.599435343649924 8.2
      vertex 58.551190936130766 15.5 8.2
      vertex 58.495 16.591068080105682 8.2
    endloop
  endfacet
  facet normal 0 0 1
    outer loop
      vertex 54.50936149069674 14.599435343649924 8.2
      vertex 58.495 16.591068080105682 8.2
      vertex 57.54087809284739 17.082370465025384 8.2
    endloop
  endfacet
  facet normal 0 1 0
    outer loop
      vertex 54.50936149069674 21.42 4.000000000000001
      vertex 54.50936149069674 21.42 8.2
      vertex 55.00936149069674 21.42 3.999999997019768
    endloop
  endfacet
  facet normal 0 1 0
    outer loop
      vertex 55.00936149069674 21.42 3.999999997019768
      vertex 54.50936149069674 21.42 8.2
      vertex 58.994168941679256 21.42 3.999999997019768
    endloop
  endfacet
  facet normal 0 0 1
    outer loop
      vertex 54.50936149069674 14.599435343649924 8.2
      vertex 56.62324855787278 17.32824855787278 8.2
      vertex 56.472275866404786 17.525 8.2
    endloop
  endfacet
  facet normal 0 0 1
    outer loop
      vertex 54.50936149069674 14.599435343649924 8.2
      vertex 56.472275866404786 17.525 8.2
      vertex 56.377370465025386 17.754121907152605 8.2
    endloop
  endfacet
  facet normal 0 0 1
    outer loop
      vertex 54.50936149069674 14.599435343649924 8.2
      vertex 56.377370465025386 17.754121907152605 8.2
      vertex 54.51936149069674 21.407531077761686 8.2
    endloop
  endfacet
  facet normal 0 0 1
    outer loop
      vertex 58.495 16.591068080105682 8.2
      vertex 57.77 17.177275866404784 8.2
      vertex 57.54087809284739 17.082370465025384 8.2
    endloop
  endfacet
  facet normal 0 0 1
    outer loop
      vertex 58.495 16.591068080105682 8.2
      vertex 57.96675144212722 17.32824855787278 8.2
      vertex 57.77 17.177275866404784 8.2
    endloop
  endfacet
  facet normal 0 0 1
    outer loop
      vertex 58.495 16.591068080105682 8.2
      vertex 58.11772413359522 17.525 8.2
      vertex 57.96675144212722 17.32824855787278 8.2
    endloop
  endfacet
  facet normal 0 0 1
    outer loop
      vertex 58.495 16.591068080105682 8.2
      vertex 58.21262953497462 17.754121907152605 8.2
      vertex 58.11772413359522 17.525 8.2
    endloop
  endfacet
  facet normal 0 0 1
    outer loop
      vertex 58.495 16.591068080105682 8.2
      vertex 58.495 18.68484297470373 8.2
      vertex 58.21262953497462 17.754121907152605 8.2
    endloop
  endfacet
  facet normal 0 0 1
    outer loop
      vertex 58.495 18.68484297470373 8.2
      vertex 58.245 18 8.2
      vertex 58.21262953497462 17.754121907152605 8.2
    endloop
  endfacet
  facet normal 0 0 1
    outer loop
      vertex 54.51936149069674 21.407531077761686 8.2
      vertex 56.377370465025386 17.754121907152605 8.2
      vertex 56.345 18 8.2
    endloop
  endfacet
  facet normal 0 0 1
    outer loop
      vertex 54.51936149069674 21.407531077761686 8.2
      vertex 56.345 18 8.2
      vertex 56.377370465025386 18.245878092847395 8.2
    endloop
  endfacet
  facet normal 0 0 1
    outer loop
      vertex 54.51936149069674 21.407531077761686 8.2
      vertex 56.377370465025386 18.245878092847395 8.2
      vertex 56.472275866404786 18.475 8.2
    endloop
  endfacet
  facet normal 0 0 1
    outer loop
      vertex 54.51936149069674 21.407531077761686 8.2
      vertex 56.472275866404786 18.475 8.2
      vertex 56.62324855787278 18.67175144212722 8.2
    endloop
  endfacet
  facet normal 0 0 1
    outer loop
      vertex 54.51936149069674 21.407531077761686 8.2
      vertex 56.62324855787278 18.67175144212722 8.2
      vertex 56.82 18.822724133595216 8.2
    endloop
  endfacet
  facet normal 0 0 1
    outer loop
      vertex 54.51936149069674 21.407531077761686 8.2
      vertex 56.82 18.822724133595216 8.2
      vertex 57.0491219071526 18.917629534974616 8.2
    endloop
  endfacet
  facet normal 0 0 1
    outer loop
      vertex 54.51936149069674 21.407531077761686 8.2
      vertex 57.0491219071526 18.917629534974616 8.2
      vertex 57.295 18.95 8.2
    endloop
  endfacet
  facet normal 0 0 1
    outer loop
      vertex 54.51936149069674 21.407531077761686 8.2
      vertex 57.295 18.95 8.2
      vertex 57.54087809284739 18.917629534974616 8.2
    endloop
  endfacet
  facet normal 0 0 1
    outer loop
      vertex 58.495 18.68484297470373 8.2
      vertex 58.21262953497462 18.245878092847395 8.2
      vertex 58.245 18 8.2
    endloop
  endfacet
  facet normal 0 0 1
    outer loop
      vertex 58.495 18.68484297470373 8.2
      vertex 58.11772413359522 18.475 8.2
      vertex 58.21262953497462 18.245878092847395 8.2
    endloop
  endfacet
  facet normal 0 0 1
    outer loop
      vertex 58.495 18.68484297470373 8.2
      vertex 57.96675144212722 18.67175144212722 8.2
      vertex 58.11772413359522 18.475 8.2
    endloop
  endfacet
  facet normal 0 0 1
    outer loop
      vertex 54.51936149069674 21.407531077761686 8.2
      vertex 57.77 18.822724133595216 8.2
      vertex 57.96675144212722 18.67175144212722 8.2
    endloop
  endfacet
  facet normal 0 0 1
    outer loop
      vertex 54.51936149069674 21.407531077761686 8.2
      vertex 57.96675144212722 18.67175144212722 8.2
      vertex 58.495 18.68484297470373 8.2
    endloop
  endfacet
  facet normal 0 0 1
    outer loop
      vertex 54.51936149069674 21.407531077761686 8.2
      vertex 57.54087809284739 18.917629534974616 8.2
      vertex 57.77 18.822724133595216 8.2
    endloop
  endfacet
  facet normal 0 0 1
    outer loop
      vertex 54.51936149069674 21.407531077761686 8.2
      vertex 58.495 18.68484297470373 8.2
      vertex 59.30335860265264 19.23693968335526 8.2
    endloop
  endfacet
  facet normal 0 1 0
    outer loop
      vertex 54.50936149069674 21.42 8.2
      vertex 58.994168941679256 21.42 8.2
      vertex 58.994168941679256 21.42 3.999999997019768
    endloop
  endfacet
  facet normal 0 0 1
    outer loop
      vertex 54.51936149069674 21.407531077761686 8.2
      vertex 58.994168941679256 21.42 8.2
      vertex 54.50936149069674 21.42 8.2
    endloop
  endfacet
  facet normal 0 0 1
    outer loop
      vertex 54.51936149069674 21.407531077761686 8.2
      vertex 59.30335860265264 19.23693968335526 8.2
      vertex 58.557340175340585 20.5 8.2
    endloop
  endfacet
  facet normal 0 0 1
    outer loop
      vertex 58.557340175340585 20.5 8.2
      vertex 59.22461694505526 20.5 8.2
      vertex 58.994168941679256 21.42 8.2
    endloop
  endfacet
  facet normal 0 0 1
    outer loop
      vertex 54.51936149069674 21.407531077761686 8.2
      vertex 58.557340175340585 20.5 8.2
      vertex 58.994168941679256 21.42 8.2
    endloop
  endfacet
  facet normal 0 -1 0
    outer loop
      vertex 54.50936149069674 -3.42 3.8000000000000016
      vertex 54.809361493676974 -3.42 3.8000000000000016
      vertex 55.00936149069674 -3.42 3.999999997019768
    endloop
  endfacet
  facet normal 0 0 -1
    outer loop
      vertex 54.50936149069674 -3.42 3.8000000000000016
      vertex 54.809361493676974 3.42 3.8000000000000016
      vertex 54.809361493676974 -3.42 3.8000000000000016
    endloop
  endfacet
  facet normal -1 0 0
    outer loop
      vertex 54.50936149069674 -3.42 3.8000000000000016
      vertex 54.50936149069674 -3.42 4.000000000000001
      vertex 54.50936149069674 3.42 3.8000000000000016
    endloop
  endfacet
  facet normal 0 0 -1
    outer loop
      vertex 54.50936149069674 -3.42 3.8000000000000016
      vertex 54.50936149069674 3.42 3.8000000000000016
      vertex 54.809361493676974 3.42 3.8000000000000016
    endloop
  endfacet
  facet normal -1 0 0
    outer loop
      vertex 54.50936149069674 -3.42 4.000000000000001
      vertex 54.50936149069674 3.42 4.000000000000001
      vertex 54.50936149069674 3.42 3.8000000000000016
    endloop
  endfacet
  facet normal 0 1 0
    outer loop
      vertex 54.50936149069674 3.42 3.8000000000000016
      vertex 54.50936149069674 3.42 4.000000000000001
      vertex 54.809361493676974 3.42 3.8000000000000016
    endloop
  endfacet
  facet normal 0 1 0
    outer loop
      vertex 54.50936149069674 3.42 4.000000000000001
      vertex 55.00936149069674 3.42 3.999999997019768
      vertex 54.809361493676974 3.42 3.8000000000000016
    endloop
  endfacet
  facet normal 0 -1 0
    outer loop
      vertex 54.50936149069674 -3.42 3.8000000000000016
      vertex 58.994168941679256 -3.42 8.2
      vertex 54.50936149069674 -3.42 4.000000000000001
    endloop
  endfacet
  facet normal 0 -1 0
    outer loop
      vertex 54.50936149069674 -3.42 3.8000000000000016
      vertex 55.00936149069674 -3.42 3.999999997019768
      vertex 58.994168941679256 -3.42 8.2
    endloop
  endfacet
  facet normal 0 -1 0
    outer loop
      vertex 55.00936149069674 -3.42 3.999999997019768
      vertex 58.994168941679256 -3.42 3.999999997019768
      vertex 58.994168941679256 -3.42 8.2
    endloop
  endfacet
  facet normal 0 -1 0
    outer loop
      vertex 54.50936149069674 -3.42 4.000000000000001
      vertex 58.994168941679256 -3.42 8.2
      vertex 54.50936149069674 -3.42 8.2
    endloop
  endfacet
  facet normal 0 0 1
    outer loop
      vertex 54.50936149069674 -3.42 8.2
      vertex 58.994168941679256 -3.42 8.2
      vertex 54.50936149069674 -3.400564656350076 8.2
    endloop
  endfacet
  facet normal 0 0 1
    outer loop
      vertex 54.50936149069674 -3.400564656350076 8.2
      vertex 58.994168941679256 -3.42 8.2
      vertex 58.551190936130766 -2.5 8.2
    endloop
  endfacet
  facet normal 0 0 1
    outer loop
      vertex 54.50936149069674 -3.400564656350076 8.2
      vertex 58.551190936130766 -2.5 8.2
      vertex 58.495 -1.408931919894318 8.2
    endloop
  endfacet
  facet normal 0 0 1
    outer loop
      vertex 58.994168941679256 -3.42 8.2
      vertex 59.22461694505526 -2.5 8.2
      vertex 58.551190936130766 -2.5 8.2
    endloop
  endfacet
  facet normal 0 0 1
    outer loop
      vertex 54.50936149069674 -3.400564656350076 8.2
      vertex 57.0491219071526 -0.9176295349746149 8.2
      vertex 56.82 -0.8227241335952167 8.2
    endloop
  endfacet
  facet normal 0 0 1
    outer loop
      vertex 54.50936149069674 -3.400564656350076 8.2
      vertex 57.295 -0.95 8.2
      vertex 57.0491219071526 -0.9176295349746149 8.2
    endloop
  endfacet
  facet normal 0 0 1
    outer loop
      vertex 54.50936149069674 -3.400564656350076 8.2
      vertex 57.54087809284739 -0.9176295349746149 8.2
      vertex 57.295 -0.95 8.2
    endloop
  endfacet
  facet normal 0 0 1
    outer loop
      vertex 54.50936149069674 -3.400564656350076 8.2
      vertex 56.62324855787278 -0.6717514421272202 8.2
      vertex 56.472275866404786 -0.475 8.2
    endloop
  endfacet
  facet normal 0 0 1
    outer loop
      vertex 54.50936149069674 -3.400564656350076 8.2
      vertex 56.472275866404786 -0.475 8.2
      vertex 56.377370465025386 -0.2458780928473947 8.2
    endloop
  endfacet
  facet normal 0 0 1
    outer loop
      vertex 54.50936149069674 -3.400564656350076 8.2
      vertex 56.82 -0.8227241335952167 8.2
      vertex 56.62324855787278 -0.6717514421272202 8.2
    endloop
  endfacet
  facet normal 0 0 1
    outer loop
      vertex 54.50936149069674 -3.400564656350076 8.2
      vertex 58.495 -1.408931919894318 8.2
      vertex 57.54087809284739 -0.9176295349746149 8.2
    endloop
  endfacet
  facet normal 0 0 1
    outer loop
      vertex 58.495 -1.408931919894318 8.2
      vertex 57.77 -0.8227241335952167 8.2
      vertex 57.54087809284739 -0.9176295349746149 8.2
    endloop
  endfacet
  facet normal 0 0 1
    outer loop
      vertex 58.495 -1.408931919894318 8.2
      vertex 57.96675144212722 -0.6717514421272202 8.2
      vertex 57.77 -0.8227241335952167 8.2
    endloop
  endfacet
  facet normal 0 0 1
    outer loop
      vertex 58.495 -1.408931919894318 8.2
      vertex 58.11772413359522 -0.475 8.2
      vertex 57.96675144212722 -0.6717514421272202 8.2
    endloop
  endfacet
  facet normal 0 0 1
    outer loop
      vertex 58.495 -1.408931919894318 8.2
      vertex 58.21262953497462 -0.2458780928473947 8.2
      vertex 58.11772413359522 -0.475 8.2
    endloop
  endfacet
  facet normal 0 0 1
    outer loop
      vertex 58.495 -1.408931919894318 8.2
      vertex 58.495 0.6848429747037321 8.2
      vertex 58.21262953497462 -0.2458780928473947 8.2
    endloop
  endfacet
  facet normal 0 0 1
    outer loop
      vertex 54.50936149069674 -3.400564656350076 8.2
      vertex 56.377370465025386 -0.2458780928473947 8.2
      vertex 54.51936149069674 3.407531077761687 8.2
    endloop
  endfacet
  facet normal 0 0 1
    outer loop
      vertex 54.51936149069674 3.407531077761687 8.2
      vertex 56.377370465025386 -0.2458780928473947 8.2
      vertex 56.345 0 8.2
    endloop
  endfacet
  facet normal 0 0 1
    outer loop
      vertex 54.51936149069674 3.407531077761687 8.2
      vertex 56.345 0 8.2
      vertex 56.377370465025386 0.2458780928473947 8.2
    endloop
  endfacet
  facet normal 0 0 1
    outer loop
      vertex 54.51936149069674 3.407531077761687 8.2
      vertex 56.377370465025386 0.2458780928473947 8.2
      vertex 56.472275866404786 0.475 8.2
    endloop
  endfacet
  facet normal 0 0 1
    outer loop
      vertex 54.51936149069674 3.407531077761687 8.2
      vertex 56.472275866404786 0.475 8.2
      vertex 56.62324855787278 0.6717514421272202 8.2
    endloop
  endfacet
  facet normal 0 0 1
    outer loop
      vertex 58.495 0.6848429747037321 8.2
      vertex 58.245 0 8.2
      vertex 58.21262953497462 -0.2458780928473947 8.2
    endloop
  endfacet
  facet normal 0 0 1
    outer loop
      vertex 58.495 0.6848429747037321 8.2
      vertex 58.21262953497462 0.2458780928473947 8.2
      vertex 58.245 0 8.2
    endloop
  endfacet
  facet normal 0 0 1
    outer loop
      vertex 58.495 0.6848429747037321 8.2
      vertex 58.11772413359522 0.475 8.2
      vertex 58.21262953497462 0.2458780928473947 8.2
    endloop
  endfacet
  facet normal 0 0 1
    outer loop
      vertex 58.495 0.6848429747037321 8.2
      vertex 57.96675144212722 0.6717514421272202 8.2
      vertex 58.11772413359522 0.475 8.2
    endloop
  endfacet
  facet normal 0 0 1
    outer loop
      vertex 54.51936149069674 3.407531077761687 8.2
      vertex 57.96675144212722 0.6717514421272202 8.2
      vertex 58.495 0.6848429747037321 8.2
    endloop
  endfacet
  facet normal 0 1 0
    outer loop
      vertex 54.50936149069674 3.42 4.000000000000001
      vertex 54.50936149069674 3.42 8.2
      vertex 55.00936149069674 3.42 3.999999997019768
    endloop
  endfacet
  facet normal 0 1 0
    outer loop
      vertex 55.00936149069674 3.42 3.999999997019768
      vertex 54.50936149069674 3.42 8.2
      vertex 58.994168941679256 3.42 3.999999997019768
    endloop
  endfacet
  facet normal 0 1 0
    outer loop
      vertex 54.50936149069674 3.42 8.2
      vertex 58.994168941679256 3.42 8.2
      vertex 58.994168941679256 3.42 3.999999997019768
    endloop
  endfacet
  facet normal 0 0 1
    outer loop
      vertex 54.51936149069674 3.407531077761687 8.2
      vertex 56.62324855787278 0.6717514421272202 8.2
      vertex 56.82 0.8227241335952167 8.2
    endloop
  endfacet
  facet normal 0 0 1
    outer loop
      vertex 54.51936149069674 3.407531077761687 8.2
      vertex 56.82 0.8227241335952167 8.2
      vertex 57.0491219071526 0.9176295349746149 8.2
    endloop
  endfacet
  facet normal 0 0 1
    outer loop
      vertex 54.51936149069674 3.407531077761687 8.2
      vertex 57.0491219071526 0.9176295349746149 8.2
      vertex 57.295 0.95 8.2
    endloop
  endfacet
  facet normal 0 0 1
    outer loop
      vertex 54.51936149069674 3.407531077761687 8.2
      vertex 57.295 0.95 8.2
      vertex 57.54087809284739 0.9176295349746149 8.2
    endloop
  endfacet
  facet normal 0 0 1
    outer loop
      vertex 54.51936149069674 3.407531077761687 8.2
      vertex 58.994168941679256 3.42 8.2
      vertex 54.50936149069674 3.42 8.2
    endloop
  endfacet
  facet normal 0 0 1
    outer loop
      vertex 54.51936149069674 3.407531077761687 8.2
      vertex 57.77 0.8227241335952167 8.2
      vertex 57.96675144212722 0.6717514421272202 8.2
    endloop
  endfacet
  facet normal 0 0 1
    outer loop
      vertex 54.51936149069674 3.407531077761687 8.2
      vertex 57.54087809284739 0.9176295349746149 8.2
      vertex 57.77 0.8227241335952167 8.2
    endloop
  endfacet
  facet normal 0 0 1
    outer loop
      vertex 54.51936149069674 3.407531077761687 8.2
      vertex 58.495 0.6848429747037321 8.2
      vertex 59.30335860265264 1.2369396833552615 8.2
    endloop
  endfacet
  facet normal 0 0 1
    outer loop
      vertex 54.51936149069674 3.407531077761687 8.2
      vertex 59.30335860265264 1.2369396833552615 8.2
      vertex 58.557340175340585 2.5 8.2
    endloop
  endfacet
  facet normal 0 0 1
    outer loop
      vertex 54.51936149069674 3.407531077761687 8.2
      vertex 58.557340175340585 2.5 8.2
      vertex 58.994168941679256 3.42 8.2
    endloop
  endfacet
  facet normal 0 0 1
    outer loop
      vertex 58.557340175340585 2.5 8.2
      vertex 59.22461694505526 2.5 8.2
      vertex 58.994168941679256 3.42 8.2
    endloop
  endfacet
  facet normal 0.857728610000257 -0.5141027441932466 -2.1349105476759332e-19
    outer loop
      vertex 58.078055172180264 12.343239158088029 0.3317608421310343
      vertex 58.03715419395528 12.274999998509884 3.4000000029802324
      vertex 58.03715419395528 12.274999998509884 0.4000000029802324
    endloop
  endfacet
  facet normal 0.9039892931234478 -0.42755509343027254 -9.120705206823035e-16
    outer loop
      vertex 58.078055172180264 12.343239158088029 0.3317608421310343
      vertex 58.234966363015126 12.674999997019768 -2.9802320611338473e-9
      vertex 58.329559319602936 12.875 3.999999997019768
    endloop
  endfacet
  facet normal 0.9039892931234444 -0.4275550934302797 -6.3514267417713476e-18
    outer loop
      vertex 58.234966363015126 12.674999997019768 -2.9802320611338473e-9
      vertex 58.58155439013544 13.407798811618923 -2.9802320611338473e-9
      vertex 58.58155439013544 13.407798811618923 3.999999997019768
    endloop
  endfacet
  facet normal 0.9415440651830204 -0.3368898533922211 5.4171652836336135e-18
    outer loop
      vertex 58.58155439013544 13.407798811618923 -2.9802320611338473e-9
      vertex 58.978284028786504 14.516583872946452 -2.9802320611338473e-9
      vertex 58.978284028786504 14.516583872946452 3.999999997019768
    endloop
  endfacet
  facet normal 0.8577286100002571 -0.5141027441932468 0
    outer loop
      vertex 58.078055172180264 12.343239158088029 0.3317608421310343
      vertex 58.078055172180264 12.343239158088029 3.4682391617110087
      vertex 58.03715419395528 12.274999998509884 3.4000000029802324
    endloop
  endfacet
  facet normal 0.9039892931234454 -0.4275550934302777 0
    outer loop
      vertex 58.078055172180264 12.343239158088029 0.3317608421310343
      vertex 58.329559319602936 12.875 3.999999997019768
      vertex 58.078055172180264 12.343239158088029 3.4682391617110087
    endloop
  endfacet
  facet normal 0.9039892931234458 -0.42755509343027676 -6.505609966093304e-16
    outer loop
      vertex 58.234966363015126 12.674999997019768 -2.9802320611338473e-9
      vertex 58.58155439013544 13.407798811618923 3.999999997019768
      vertex 58.329559319602936 12.875 3.999999997019768
    endloop
  endfacet
  facet normal 0.9415440651830204 -0.3368898533922211 0
    outer loop
      vertex 58.58155439013544 13.407798811618923 -2.9802320611338473e-9
      vertex 58.978284028786504 14.516583872946452 3.999999997019768
      vertex 58.58155439013544 13.407798811618923 3.999999997019768
    endloop
  endfacet
  facet normal 0.970031253194535 -0.24298017990329968 0
    outer loop
      vertex 58.978284028786504 14.516583872946452 -2.9802320611338473e-9
      vertex 58.994168941679256 14.58 3.999999997019768
      vertex 58.978284028786504 14.516583872946452 3.999999997019768
    endloop
  endfacet
  facet normal 0.9415440651830203 0.33688985339222166 2.7772130173158978e-18
    outer loop
      vertex 58.978284028786504 21.483416127053548 -2.9802320611338473e-9
      vertex 58.58155439013544 22.592201188381075 -2.9802320611338473e-9
      vertex 58.58155439013544 22.592201188381075 3.999999997019768
    endloop
  endfacet
  facet normal 0.9039892931234481 0.42755509343027176 -2.979051199491952e-18
    outer loop
      vertex 58.234966363015126 23.325000002980232 -2.9802320611338473e-9
      vertex 58.078055172180264 23.65676084191197 0.3317608421310343
      vertex 58.078055172180264 23.65676084191197 3.4682391617110087
    endloop
  endfacet
  facet normal 0.9039892931234449 0.42755509343027887 -5.285956953392934e-16
    outer loop
      vertex 58.234966363015126 23.325000002980232 -2.9802320611338473e-9
      vertex 58.329559319602936 23.125 3.999999997019768
      vertex 58.58155439013544 22.592201188381075 -2.9802320611338473e-9
    endloop
  endfacet
  facet normal 0.8577286100002571 0.5141027441932468 0
    outer loop
      vertex 58.078055172180264 23.65676084191197 0.3317608421310343
      vertex 58.03715419395528 23.725000001490116 0.4000000029802324
      vertex 58.078055172180264 23.65676084191197 3.4682391617110087
    endloop
  endfacet
  facet normal 0.9700312531945333 0.2429801799033061 0
    outer loop
      vertex 58.978284028786504 21.483416127053548 -2.9802320611338473e-9
      vertex 58.978284028786504 21.483416127053548 3.999999997019768
      vertex 58.994168941679256 21.42 3.999999997019768
    endloop
  endfacet
  facet normal 0.9415440651830203 0.33688985339222166 0
    outer loop
      vertex 58.978284028786504 21.483416127053548 -2.9802320611338473e-9
      vertex 58.58155439013544 22.592201188381075 3.999999997019768
      vertex 58.978284028786504 21.483416127053548 3.999999997019768
    endloop
  endfacet
  facet normal 0.857728610000257 0.5141027441932466 0
    outer loop
      vertex 58.03715419395528 23.725000001490116 0.4000000029802324
      vertex 58.03715419395528 23.725000001490116 3.4000000029802324
      vertex 58.078055172180264 23.65676084191197 3.4682391617110087
    endloop
  endfacet
  facet normal 0.9039892931234457 0.42755509343027714 -6.273606679957599e-16
    outer loop
      vertex 58.234966363015126 23.325000002980232 -2.9802320611338473e-9
      vertex 58.078055172180264 23.65676084191197 3.4682391617110087
      vertex 58.329559319602936 23.125 3.999999997019768
    endloop
  endfacet
  facet normal 0.9039892931234464 0.42755509343027565 0
    outer loop
      vertex 58.58155439013544 22.592201188381075 -2.9802320611338473e-9
      vertex 58.329559319602936 23.125 3.999999997019768
      vertex 58.58155439013544 22.592201188381075 3.999999997019768
    endloop
  endfacet
  facet normal 0.9700312531924924 -0.24298017990274953 -0.000002056710557624074
    outer loop
      vertex 58.978284028786504 14.516583872946452 -2.9802320611338473e-9
      vertex 59.26442336483876 15.65891613580646 -2.9802320611338473e-9
      vertex 59.22461694505526 15.5 0
    endloop
  endfacet
  facet normal 0.9700312531945532 -0.24298017990322712 -7.912467456089426e-10
    outer loop
      vertex 59.22461694505526 15.5 0
      vertex 59.26442336483876 15.65891613580646 -2.9802320611338473e-9
      vertex 59.26442336483876 15.65891613580646 0
    endloop
  endfacet
  facet normal 0.989176509964781 -0.1467304744553616 0
    outer loop
      vertex 59.26442336483876 15.65891613580646 -2.9802320611338473e-9
      vertex 59.43721672006636 16.823794316045273 -2.9802320611338473e-9
      vertex 59.26442336483876 15.65891613580646 0
    endloop
  endfacet
  facet normal 0.9700312531945428 -0.24298017990326937 -6.382408696052101e-20
    outer loop
      vertex 58.978284028786504 14.516583872946452 -2.9802320611338473e-9
      vertex 59.22461694505526 15.5 0
      vertex 59.22461694505526 15.5 8.2
    endloop
  endfacet
  facet normal 0.9700312531945439 -0.24298017990326465 -5.899423815968774e-16
    outer loop
      vertex 58.978284028786504 14.516583872946452 -2.9802320611338473e-9
      vertex 59.22461694505526 15.5 8.2
      vertex 58.994168941679256 14.58 3.999999997019768
    endloop
  endfacet
  facet normal 0.989176509964781 -0.1467304744553616 1.812413876092111e-9
    outer loop
      vertex 59.26442336483876 15.65891613580646 0
      vertex 59.43721672006636 16.823794316045273 -2.9802320611338473e-9
      vertex 59.43721672006636 16.823794316045273 0
    endloop
  endfacet
  facet normal 0.9987954562051721 -0.049067674327424364 0
    outer loop
      vertex 59.43721672006636 16.823794316045273 -2.9802320611338473e-9
      vertex 59.495000000000005 18 -2.9802320611338473e-9
      vertex 59.43721672006636 16.823794316045273 0
    endloop
  endfacet
  facet normal 0.9987954562051721 -0.049067674327424364 -2.44824309405113e-10
    outer loop
      vertex 59.43721672006636 16.823794316045273 0
      vertex 59.495000000000005 18 -2.9802320611338473e-9
      vertex 59.495000000000005 18 0
    endloop
  endfacet
  facet normal 0.9987954562051721 0.049067674327424364 0
    outer loop
      vertex 59.495000000000005 18 -2.9802320611338473e-9
      vertex 59.43721672006636 19.176205683954727 -2.9802320611338473e-9
      vertex 59.495000000000005 18 0
    endloop
  endfacet
  facet normal 0.9987954562051721 0.049067674327424364 2.44824309405113e-10
    outer loop
      vertex 59.495000000000005 18 0
      vertex 59.43721672006636 19.176205683954727 -2.9802320611338473e-9
      vertex 59.43721672006636 19.176205683954727 0
    endloop
  endfacet
  facet normal 0.989176509964781 0.1467304744553616 0
    outer loop
      vertex 59.43721672006636 19.176205683954727 -2.9802320611338473e-9
      vertex 59.26442336483876 20.34108386419354 -2.9802320611338473e-9
      vertex 59.43721672006636 19.176205683954727 0
    endloop
  endfacet
  facet normal 0.989176509964781 0.1467304744553616 -1.812413876092111e-9
    outer loop
      vertex 59.43721672006636 19.176205683954727 0
      vertex 59.26442336483876 20.34108386419354 -2.9802320611338473e-9
      vertex 59.26442336483876 20.34108386419354 0
    endloop
  endfacet
  facet normal 0.9700312531945532 0.24298017990322712 0
    outer loop
      vertex 59.26442336483876 20.34108386419354 -2.9802320611338473e-9
      vertex 59.22461694505526 20.5 0
      vertex 59.26442336483876 20.34108386419354 0
    endloop
  endfacet
  facet normal 0.970031253192489 0.24298017990274867 -0.0000020584974422935843
    outer loop
      vertex 58.978284028786504 21.483416127053548 -2.9802320611338473e-9
      vertex 59.22461694505526 20.5 0
      vertex 59.26442336483876 20.34108386419354 -2.9802320611338473e-9
    endloop
  endfacet
  facet normal 0.9700312531945425 0.24298017990326928 -6.200167003717005e-16
    outer loop
      vertex 58.978284028786504 21.483416127053548 -2.9802320611338473e-9
      vertex 58.994168941679256 21.42 3.999999997019768
      vertex 59.22461694505526 20.5 0
    endloop
  endfacet
  facet normal 0.9700312531945432 0.24298017990326676 0
    outer loop
      vertex 58.994168941679256 21.42 3.999999997019768
      vertex 58.994168941679256 21.42 8.2
      vertex 59.22461694505526 20.5 0
    endloop
  endfacet
  facet normal 0.9700312531945431 -0.2429801799032672 0
    outer loop
      vertex 58.994168941679256 14.58 3.999999997019768
      vertex 59.22461694505526 15.5 8.2
      vertex 58.994168941679256 14.58 8.2
    endloop
  endfacet
  facet normal 0.9700312531945432 0.24298017990326679 0
    outer loop
      vertex 59.22461694505526 20.5 0
      vertex 58.994168941679256 21.42 8.2
      vertex 59.22461694505526 20.5 8.2
    endloop
  endfacet
  facet normal 0.857728610000257 -0.5141027441932466 -2.1349105476759332e-19
    outer loop
      vertex 58.078055172180264 -5.6567608419119715 0.3317608421310343
      vertex 58.03715419395528 -5.725000001490116 3.4000000029802324
      vertex 58.03715419395528 -5.725000001490116 0.4000000029802324
    endloop
  endfacet
  facet normal 0.9039892931234478 -0.42755509343027254 -9.120705206823035e-16
    outer loop
      vertex 58.078055172180264 -5.6567608419119715 0.3317608421310343
      vertex 58.234966363015126 -5.325000002980232 -2.9802320611338473e-9
      vertex 58.329559319602936 -5.125 3.999999997019768
    endloop
  endfacet
  facet normal 0.9039892931234444 -0.4275550934302797 -6.3514267417713476e-18
    outer loop
      vertex 58.234966363015126 -5.325000002980232 -2.9802320611338473e-9
      vertex 58.58155439013544 -4.592201188381077 -2.9802320611338473e-9
      vertex 58.58155439013544 -4.592201188381077 3.999999997019768
    endloop
  endfacet
  facet normal 0.9415440651830204 -0.3368898533922211 5.4171652836336135e-18
    outer loop
      vertex 58.58155439013544 -4.592201188381077 -2.9802320611338473e-9
      vertex 58.978284028786504 -3.483416127053548 -2.9802320611338473e-9
      vertex 58.978284028786504 -3.483416127053548 3.999999997019768
    endloop
  endfacet
  facet normal 0.8577286100002571 -0.5141027441932468 0
    outer loop
      vertex 58.078055172180264 -5.6567608419119715 0.3317608421310343
      vertex 58.078055172180264 -5.6567608419119715 3.4682391617110087
      vertex 58.03715419395528 -5.725000001490116 3.4000000029802324
    endloop
  endfacet
  facet normal 0.9039892931234454 -0.4275550934302777 0
    outer loop
      vertex 58.078055172180264 -5.6567608419119715 0.3317608421310343
      vertex 58.329559319602936 -5.125 3.999999997019768
      vertex 58.078055172180264 -5.6567608419119715 3.4682391617110087
    endloop
  endfacet
  facet normal 0.9039892931234458 -0.42755509343027676 -6.505609966093304e-16
    outer loop
      vertex 58.234966363015126 -5.325000002980232 -2.9802320611338473e-9
      vertex 58.58155439013544 -4.592201188381077 3.999999997019768
      vertex 58.329559319602936 -5.125 3.999999997019768
    endloop
  endfacet
  facet normal 0.9415440651830204 -0.3368898533922211 0
    outer loop
      vertex 58.58155439013544 -4.592201188381077 -2.9802320611338473e-9
      vertex 58.978284028786504 -3.483416127053548 3.999999997019768
      vertex 58.58155439013544 -4.592201188381077 3.999999997019768
    endloop
  endfacet
  facet normal 0.970031253194535 -0.24298017990329968 0
    outer loop
      vertex 58.978284028786504 -3.483416127053548 -2.9802320611338473e-9
      vertex 58.994168941679256 -3.42 3.999999997019768
      vertex 58.978284028786504 -3.483416127053548 3.999999997019768
    endloop
  endfacet
  facet normal 0.9415440651830204 0.3368898533922211 -5.4171652836336135e-18
    outer loop
      vertex 58.978284028786504 3.483416127053548 -2.9802320611338473e-9
      vertex 58.58155439013544 4.592201188381077 -2.9802320611338473e-9
      vertex 58.58155439013544 4.592201188381077 3.999999997019768
    endloop
  endfacet
  facet normal 0.9039892931234444 0.4275550934302797 -4.767744853003534e-16
    outer loop
      vertex 58.234966363015126 5.325000002980232 -2.9802320611338473e-9
      vertex 58.329559319602936 5.125 3.999999997019768
      vertex 58.58155439013544 4.592201188381077 -2.9802320611338473e-9
    endloop
  endfacet
  facet normal 0.9039892931234481 0.42755509343027176 -2.979051199491952e-18
    outer loop
      vertex 58.234966363015126 5.325000002980232 -2.9802320611338473e-9
      vertex 58.078055172180264 5.6567608419119715 0.3317608421310343
      vertex 58.078055172180264 5.6567608419119715 3.4682391617110087
    endloop
  endfacet
  facet normal 0.8577286100002571 0.5141027441932468 0
    outer loop
      vertex 58.078055172180264 5.6567608419119715 0.3317608421310343
      vertex 58.03715419395528 5.725000001490116 0.4000000029802324
      vertex 58.078055172180264 5.6567608419119715 3.4682391617110087
    endloop
  endfacet
  facet normal 0.970031253194535 0.24298017990329968 0
    outer loop
      vertex 58.978284028786504 3.483416127053548 -2.9802320611338473e-9
      vertex 58.978284028786504 3.483416127053548 3.999999997019768
      vertex 58.994168941679256 3.42 3.999999997019768
    endloop
  endfacet
  facet normal 0.9415440651830204 0.3368898533922211 0
    outer loop
      vertex 58.978284028786504 3.483416127053548 -2.9802320611338473e-9
      vertex 58.58155439013544 4.592201188381077 3.999999997019768
      vertex 58.978284028786504 3.483416127053548 3.999999997019768
    endloop
  endfacet
  facet normal 0.9039892931234458 0.42755509343027676 0
    outer loop
      vertex 58.58155439013544 4.592201188381077 -2.9802320611338473e-9
      vertex 58.329559319602936 5.125 3.999999997019768
      vertex 58.58155439013544 4.592201188381077 3.999999997019768
    endloop
  endfacet
  facet normal 0.857728610000257 0.5141027441932466 0
    outer loop
      vertex 58.03715419395528 5.725000001490116 0.4000000029802324
      vertex 58.03715419395528 5.725000001490116 3.4000000029802324
      vertex 58.078055172180264 5.6567608419119715 3.4682391617110087
    endloop
  endfacet
  facet normal 0.9039892931234457 0.42755509343027714 -6.273606679957599e-16
    outer loop
      vertex 58.234966363015126 5.325000002980232 -2.9802320611338473e-9
      vertex 58.078055172180264 5.6567608419119715 3.4682391617110087
      vertex 58.329559319602936 5.125 3.999999997019768
    endloop
  endfacet
  facet normal 0.9700312531924924 -0.24298017990274953 -0.000002056710557624074
    outer loop
      vertex 58.978284028786504 -3.483416127053548 -2.9802320611338473e-9
      vertex 59.26442336483876 -2.341083864193539 -2.9802320611338473e-9
      vertex 59.22461694505526 -2.5 0
    endloop
  endfacet
  facet normal 0.9700312531945532 -0.24298017990322712 -7.912467456089426e-10
    outer loop
      vertex 59.22461694505526 -2.5 0
      vertex 59.26442336483876 -2.341083864193539 -2.9802320611338473e-9
      vertex 59.26442336483876 -2.341083864193539 0
    endloop
  endfacet
  facet normal 0.989176509964781 -0.14673047445536164 0
    outer loop
      vertex 59.26442336483876 -2.341083864193539 -2.9802320611338473e-9
      vertex 59.43721672006636 -1.1762056839547272 -2.9802320611338473e-9
      vertex 59.26442336483876 -2.341083864193539 0
    endloop
  endfacet
  facet normal 0.989176509964781 -0.14673047445536164 -1.2113713962054681e-9
    outer loop
      vertex 59.26442336483876 -2.341083864193539 0
      vertex 59.43721672006636 -1.1762056839547272 -2.9802320611338473e-9
      vertex 59.43721672006636 -1.1762056839547272 0
    endloop
  endfacet
  facet normal 0.9987954562051721 -0.04906767432742435 0
    outer loop
      vertex 59.43721672006636 -1.1762056839547272 -2.9802320611338473e-9
      vertex 59.495000000000005 0 -2.9802320611338473e-9
      vertex 59.43721672006636 -1.1762056839547272 0
    endloop
  endfacet
  facet normal 0.9987954562051721 -0.04906767432742435 -5.432412881310536e-10
    outer loop
      vertex 59.43721672006636 -1.1762056839547272 0
      vertex 59.495000000000005 0 -2.9802320611338473e-9
      vertex 59.495000000000005 0 0
    endloop
  endfacet
  facet normal 0.9987954562051721 0.04906767432742435 0
    outer loop
      vertex 59.495000000000005 0 -2.9802320611338473e-9
      vertex 59.43721672006636 1.1762056839547272 -2.9802320611338473e-9
      vertex 59.495000000000005 0 0
    endloop
  endfacet
  facet normal 0.9987954562051721 0.04906767432742435 5.432412881310536e-10
    outer loop
      vertex 59.495000000000005 0 0
      vertex 59.43721672006636 1.1762056839547272 -2.9802320611338473e-9
      vertex 59.43721672006636 1.1762056839547272 0
    endloop
  endfacet
  facet normal 0.989176509964781 0.14673047445536164 0
    outer loop
      vertex 59.43721672006636 1.1762056839547272 -2.9802320611338473e-9
      vertex 59.26442336483876 2.341083864193539 -2.9802320611338473e-9
      vertex 59.43721672006636 1.1762056839547272 0
    endloop
  endfacet
  facet normal 0.9700312531945428 -0.24298017990326937 -6.382408696052101e-20
    outer loop
      vertex 58.978284028786504 -3.483416127053548 -2.9802320611338473e-9
      vertex 59.22461694505526 -2.5 0
      vertex 59.22461694505526 -2.5 8.2
    endloop
  endfacet
  facet normal 0.9700312531945439 -0.24298017990326465 -5.899423815968774e-16
    outer loop
      vertex 58.978284028786504 -3.483416127053548 -2.9802320611338473e-9
      vertex 59.22461694505526 -2.5 8.2
      vertex 58.994168941679256 -3.42 3.999999997019768
    endloop
  endfacet
  facet normal 0.989176509964781 0.14673047445536164 1.2113713962054681e-9
    outer loop
      vertex 59.43721672006636 1.1762056839547272 0
      vertex 59.26442336483876 2.341083864193539 -2.9802320611338473e-9
      vertex 59.26442336483876 2.341083864193539 0
    endloop
  endfacet
  facet normal 0.9700312531945532 0.24298017990322712 0
    outer loop
      vertex 59.26442336483876 2.341083864193539 -2.9802320611338473e-9
      vertex 59.22461694505526 2.5 0
      vertex 59.26442336483876 2.341083864193539 0
    endloop
  endfacet
  facet normal 0.970031253192489 0.24298017990274867 -0.0000020584974422935843
    outer loop
      vertex 58.978284028786504 3.483416127053548 -2.9802320611338473e-9
      vertex 59.22461694505526 2.5 0
      vertex 59.26442336483876 2.341083864193539 -2.9802320611338473e-9
    endloop
  endfacet
  facet normal 0.9700312531945425 0.24298017990326928 -5.122165898268073e-16
    outer loop
      vertex 58.978284028786504 3.483416127053548 -2.9802320611338473e-9
      vertex 58.994168941679256 3.42 3.999999997019768
      vertex 59.22461694505526 2.5 0
    endloop
  endfacet
  facet normal 0.9700312531945431 0.2429801799032672 0
    outer loop
      vertex 58.994168941679256 3.42 3.999999997019768
      vertex 58.994168941679256 3.42 8.2
      vertex 59.22461694505526 2.5 0
    endloop
  endfacet
  facet normal 0.9700312531945431 -0.2429801799032672 0
    outer loop
      vertex 58.994168941679256 -3.42 3.999999997019768
      vertex 59.22461694505526 -2.5 8.2
      vertex 58.994168941679256 -3.42 8.2
    endloop
  endfacet
  facet normal 0.9700312531945432 0.24298017990326723 0
    outer loop
      vertex 59.22461694505526 2.5 0
      vertex 58.994168941679256 3.42 8.2
      vertex 59.22461694505526 2.5 8.2
    endloop
  endfacet
  facet normal 0 0 -1
    outer loop
      vertex 59.22461694505526 15.5 0
      vertex 59.26442336483876 15.65891613580646 0
      vertex 61.695 15.5 0
    endloop
  endfacet
  facet normal 0 0 -1
    outer loop
      vertex 59.26442336483876 15.65891613580646 0
      vertex 59.43721672006636 16.823794316045273 0
      vertex 61.695 15.5 0
    endloop
  endfacet
  facet normal 0 0 -1
    outer loop
      vertex 59.43721672006636 16.823794316045273 0
      vertex 61.695 16.3 0
      vertex 61.695 15.5 0
    endloop
  endfacet
  facet normal 0 -1 0
    outer loop
      vertex 59.22461694505526 15.5 0
      vertex 61.695 15.5 0
      vertex 59.22461694505526 15.5 8.2
    endloop
  endfacet
  facet normal 1 0 0
    outer loop
      vertex 61.695 15.5 0
      vertex 61.695 16.3 0
      vertex 61.695 16.3 8.2
    endloop
  endfacet
  facet normal 0 0 -1
    outer loop
      vertex 59.43721672006636 16.823794316045273 0
      vertex 61.391891108675445 16.475 0
      vertex 61.519999999999996 16.346891108675447 0
    endloop
  endfacet
  facet normal 0 0 -1
    outer loop
      vertex 59.43721672006636 16.823794316045273 0
      vertex 61.345 16.65 0
      vertex 61.391891108675445 16.475 0
    endloop
  endfacet
  facet normal 0 0 -1
    outer loop
      vertex 59.43721672006636 16.823794316045273 0
      vertex 61.391891108675445 16.825 0
      vertex 61.345 16.65 0
    endloop
  endfacet
  facet normal 0 0 -1
    outer loop
      vertex 59.43721672006636 16.823794316045273 0
      vertex 61.519999999999996 16.346891108675447 0
      vertex 61.695 16.3 0
    endloop
  endfacet
  facet normal 0 0 -1
    outer loop
      vertex 59.43721672006636 16.823794316045273 0
      vertex 61.519999999999996 17.246891108675445 0
      vertex 61.391891108675445 16.825 0
    endloop
  endfacet
  facet normal 0 0 -1
    outer loop
      vertex 59.43721672006636 16.823794316045273 0
      vertex 61.391891108675445 17.375 0
      vertex 61.519999999999996 17.246891108675445 0
    endloop
  endfacet
  facet normal 0 0 -1
    outer loop
      vertex 59.43721672006636 16.823794316045273 0
      vertex 61.345 17.55 0
      vertex 61.391891108675445 17.375 0
    endloop
  endfacet
  facet normal 0 0 -1
    outer loop
      vertex 61.519999999999996 16.953108891324554 0
      vertex 61.391891108675445 16.825 0
      vertex 61.519999999999996 17.246891108675445 0
    endloop
  endfacet
  facet normal 0 0 -1
    outer loop
      vertex 59.43721672006636 16.823794316045273 0
      vertex 61.391891108675445 17.725 0
      vertex 61.345 17.55 0
    endloop
  endfacet
  facet normal 0 0 -1
    outer loop
      vertex 59.43721672006636 16.823794316045273 0
      vertex 61.391891108675445 18.275 0
      vertex 61.391891108675445 17.725 0
    endloop
  endfacet
  facet normal 0 0 -1
    outer loop
      vertex 59.43721672006636 16.823794316045273 0
      vertex 61.345 18.45 0
      vertex 61.391891108675445 18.275 0
    endloop
  endfacet
  facet normal 0 0 -1
    outer loop
      vertex 59.43721672006636 16.823794316045273 0
      vertex 61.391891108675445 18.625 0
      vertex 61.345 18.45 0
    endloop
  endfacet
  facet normal 0 0 -1
    outer loop
      vertex 59.43721672006636 16.823794316045273 0
      vertex 61.391891108675445 19.175 0
      vertex 61.391891108675445 18.625 0
    endloop
  endfacet
  facet normal 0 0 -1
    outer loop
      vertex 61.519999999999996 17.853108891324553 0
      vertex 61.391891108675445 17.725 0
      vertex 61.519999999999996 18.146891108675447 0
    endloop
  endfacet
  facet normal 0 0 -1
    outer loop
      vertex 61.391891108675445 17.725 0
      vertex 61.391891108675445 18.275 0
      vertex 61.519999999999996 18.146891108675447 0
    endloop
  endfacet
  facet normal 0 0 -1
    outer loop
      vertex 61.695 17 0
      vertex 61.519999999999996 16.953108891324554 0
      vertex 61.695 17.2 0
    endloop
  endfacet
  facet normal 0 0 -1
    outer loop
      vertex 61.519999999999996 16.953108891324554 0
      vertex 61.519999999999996 17.246891108675445 0
      vertex 61.695 17.2 0
    endloop
  endfacet
  facet normal 0 0 -1
    outer loop
      vertex 61.695 17.9 0
      vertex 61.519999999999996 17.853108891324553 0
      vertex 61.695 18.1 0
    endloop
  endfacet
  facet normal 0 0 -1
    outer loop
      vertex 61.519999999999996 17.853108891324553 0
      vertex 61.519999999999996 18.146891108675447 0
      vertex 61.695 18.1 0
    endloop
  endfacet
  facet normal 0 0 -1
    outer loop
      vertex 59.43721672006636 16.823794316045273 0
      vertex 59.495000000000005 18 0
      vertex 61.695 20.5 0
    endloop
  endfacet
  facet normal 0 0 -1
    outer loop
      vertex 59.43721672006636 16.823794316045273 0
      vertex 61.345 19.35 0
      vertex 61.391891108675445 19.175 0
    endloop
  endfacet
  facet normal 0 0 -1
    outer loop
      vertex 59.43721672006636 16.823794316045273 0
      vertex 61.391891108675445 19.525 0
      vertex 61.345 19.35 0
    endloop
  endfacet
  facet normal 0 0 -1
    outer loop
      vertex 59.43721672006636 16.823794316045273 0
      vertex 61.695 20.5 0
      vertex 61.391891108675445 19.525 0
    endloop
  endfacet
  facet normal 0 0 -1
    outer loop
      vertex 61.519999999999996 18.753108891324555 0
      vertex 61.391891108675445 18.625 0
      vertex 61.519999999999996 19.046891108675446 0
    endloop
  endfacet
  facet normal 0 0 -1
    outer loop
      vertex 61.391891108675445 18.625 0
      vertex 61.391891108675445 19.175 0
      vertex 61.519999999999996 19.046891108675446 0
    endloop
  endfacet
  facet normal 0 0 -1
    outer loop
      vertex 59.495000000000005 18 0
      vertex 59.43721672006636 19.176205683954727 0
      vertex 61.695 20.5 0
    endloop
  endfacet
  facet normal 0 0 -1
    outer loop
      vertex 59.43721672006636 19.176205683954727 0
      vertex 59.26442336483876 20.34108386419354 0
      vertex 61.695 20.5 0
    endloop
  endfacet
  facet normal 0 0 -1
    outer loop
      vertex 61.519999999999996 18.753108891324555 0
      vertex 61.519999999999996 19.046891108675446 0
      vertex 61.695 19 0
    endloop
  endfacet
  facet normal 0 0 -1
    outer loop
      vertex 61.695 19 0
      vertex 61.695 18.8 0
      vertex 61.519999999999996 18.753108891324555 0
    endloop
  endfacet
  facet normal 0 0 -1
    outer loop
      vertex 61.695 20.5 0
      vertex 61.519999999999996 19.653108891324553 0
      vertex 61.391891108675445 19.525 0
    endloop
  endfacet
  facet normal 0 0 -1
    outer loop
      vertex 61.695 20.5 0
      vertex 61.695 19.7 0
      vertex 61.519999999999996 19.653108891324553 0
    endloop
  endfacet
  facet normal 0 0 -1
    outer loop
      vertex 59.26442336483876 20.34108386419354 0
      vertex 59.22461694505526 20.5 0
      vertex 61.695 20.5 0
    endloop
  endfacet
  facet normal 1 0 0
    outer loop
      vertex 61.695 17.2 0
      vertex 61.695 17.2 8.2
      vertex 61.695 17 0
    endloop
  endfacet
  facet normal 1 0 0
    outer loop
      vertex 61.695 17.9 0
      vertex 61.695 18.1 0
      vertex 61.695 18.1 8.2
    endloop
  endfacet
  facet normal 1 0 0
    outer loop
      vertex 61.695 19 0
      vertex 61.695 19 8.2
      vertex 61.695 18.8 0
    endloop
  endfacet
  facet normal 0 1 0
    outer loop
      vertex 59.22461694505526 20.5 0
      vertex 61.695 20.5 8.2
      vertex 61.695 20.5 0
    endloop
  endfacet
  facet normal 1 0 0
    outer loop
      vertex 61.695 20.5 0
      vertex 61.695 20.5 8.2
      vertex 61.695 19.7 0
    endloop
  endfacet
  facet normal 0 0 1
    outer loop
      vertex 58.551190936130766 15.5 8.2
      vertex 59.22461694505526 15.5 8.2
      vertex 58.495 16.591068080105682 8.2
    endloop
  endfacet
  facet normal 0 -1 0
    outer loop
      vertex 61.695 15.5 0
      vertex 61.695 15.5 8.2
      vertex 59.22461694505526 15.5 8.2
    endloop
  endfacet
  facet normal 1 0 0
    outer loop
      vertex 61.695 15.5 0
      vertex 61.695 16.3 8.2
      vertex 61.695 15.5 8.2
    endloop
  endfacet
  facet normal 0 0 1
    outer loop
      vertex 58.495 16.591068080105682 8.2
      vertex 59.22461694505526 15.5 8.2
      vertex 61.695 15.5 8.2
    endloop
  endfacet
  facet normal 0 0 1
    outer loop
      vertex 61.695 15.5 8.2
      vertex 61.695 16.3 8.2
      vertex 61.519999999999996 16.346891108675447 8.2
    endloop
  endfacet
  facet normal 0 0 1
    outer loop
      vertex 61.695 15.5 8.2
      vertex 61.519999999999996 16.346891108675447 8.2
      vertex 61.391891108675445 16.475 8.2
    endloop
  endfacet
  facet normal 1 0 0
    outer loop
      vertex 61.695 17 0
      vertex 61.695 17.2 8.2
      vertex 61.695 17 8.2
    endloop
  endfacet
  facet normal 1 0 0
    outer loop
      vertex 61.695 17.9 0
      vertex 61.695 18.1 8.2
      vertex 61.695 17.9 8.2
    endloop
  endfacet
  facet normal 1 0 0
    outer loop
      vertex 61.695 18.8 0
      vertex 61.695 19 8.2
      vertex 61.695 18.8 8.2
    endloop
  endfacet
  facet normal 1 0 0
    outer loop
      vertex 61.695 20.5 8.2
      vertex 61.695 19.7 8.2
      vertex 61.695 19.7 0
    endloop
  endfacet
  facet normal 0 1 0
    outer loop
      vertex 59.22461694505526 20.5 0
      vertex 59.22461694505526 20.5 8.2
      vertex 61.695 20.5 8.2
    endloop
  endfacet
  facet normal 0 0 1
    outer loop
      vertex 58.495 16.591068080105682 8.2
      vertex 61.695 15.5 8.2
      vertex 58.495 18.68484297470373 8.2
    endloop
  endfacet
  facet normal 0 0 1
    outer loop
      vertex 61.695 15.5 8.2
      vertex 61.391891108675445 16.475 8.2
      vertex 59.30335860265264 19.23693968335526 8.2
    endloop
  endfacet
  facet normal 0 0 1
    outer loop
      vertex 61.391891108675445 16.825 8.2
      vertex 61.519999999999996 16.953108891324554 8.2
      vertex 61.391891108675445 17.375 8.2
    endloop
  endfacet
  facet normal 0 0 1
    outer loop
      vertex 61.519999999999996 16.953108891324554 8.2
      vertex 61.519999999999996 17.246891108675445 8.2
      vertex 61.391891108675445 17.375 8.2
    endloop
  endfacet
  facet normal 0 0 1
    outer loop
      vertex 61.695 15.5 8.2
      vertex 59.30335860265264 19.23693968335526 8.2
      vertex 58.495 18.68484297470373 8.2
    endloop
  endfacet
  facet normal 0 0 1
    outer loop
      vertex 59.30335860265264 19.23693968335526 8.2
      vertex 61.391891108675445 16.475 8.2
      vertex 61.345 16.65 8.2
    endloop
  endfacet
  facet normal 0 0 1
    outer loop
      vertex 59.30335860265264 19.23693968335526 8.2
      vertex 61.345 16.65 8.2
      vertex 61.391891108675445 16.825 8.2
    endloop
  endfacet
  facet normal 0 0 1
    outer loop
      vertex 59.30335860265264 19.23693968335526 8.2
      vertex 61.391891108675445 16.825 8.2
      vertex 61.391891108675445 17.375 8.2
    endloop
  endfacet
  facet normal 0 0 1
    outer loop
      vertex 59.30335860265264 19.23693968335526 8.2
      vertex 61.391891108675445 17.375 8.2
      vertex 61.345 17.55 8.2
    endloop
  endfacet
  facet normal 0 0 1
    outer loop
      vertex 59.30335860265264 19.23693968335526 8.2
      vertex 61.345 17.55 8.2
      vertex 61.391891108675445 17.725 8.2
    endloop
  endfacet
  facet normal 0 0 1
    outer loop
      vertex 61.391891108675445 17.725 8.2
      vertex 61.519999999999996 17.853108891324553 8.2
      vertex 61.391891108675445 18.275 8.2
    endloop
  endfacet
  facet normal 0 0 1
    outer loop
      vertex 61.519999999999996 17.853108891324553 8.2
      vertex 61.519999999999996 18.146891108675447 8.2
      vertex 61.391891108675445 18.275 8.2
    endloop
  endfacet
  facet normal 0 0 1
    outer loop
      vertex 61.519999999999996 16.953108891324554 8.2
      vertex 61.695 17 8.2
      vertex 61.519999999999996 17.246891108675445 8.2
    endloop
  endfacet
  facet normal 0 0 1
    outer loop
      vertex 61.695 17.2 8.2
      vertex 61.519999999999996 17.246891108675445 8.2
      vertex 61.695 17 8.2
    endloop
  endfacet
  facet normal 0 0 1
    outer loop
      vertex 61.519999999999996 17.853108891324553 8.2
      vertex 61.695 17.9 8.2
      vertex 61.519999999999996 18.146891108675447 8.2
    endloop
  endfacet
  facet normal 0 0 1
    outer loop
      vertex 61.695 17.9 8.2
      vertex 61.695 18.1 8.2
      vertex 61.519999999999996 18.146891108675447 8.2
    endloop
  endfacet
  facet normal 0 0 1
    outer loop
      vertex 59.30335860265264 19.23693968335526 8.2
      vertex 61.391891108675445 17.725 8.2
      vertex 61.391891108675445 18.275 8.2
    endloop
  endfacet
  facet normal 0 0 1
    outer loop
      vertex 59.30335860265264 19.23693968335526 8.2
      vertex 61.391891108675445 18.275 8.2
      vertex 61.345 18.45 8.2
    endloop
  endfacet
  facet normal 0 0 1
    outer loop
      vertex 59.30335860265264 19.23693968335526 8.2
      vertex 61.345 18.45 8.2
      vertex 61.391891108675445 18.625 8.2
    endloop
  endfacet
  facet normal 0 0 1
    outer loop
      vertex 59.30335860265264 19.23693968335526 8.2
      vertex 61.391891108675445 18.625 8.2
      vertex 61.519999999999996 18.753108891324555 8.2
    endloop
  endfacet
  facet normal 0 0 1
    outer loop
      vertex 59.30335860265264 19.23693968335526 8.2
      vertex 61.519999999999996 18.753108891324555 8.2
      vertex 61.391891108675445 19.175 8.2
    endloop
  endfacet
  facet normal 0 0 1
    outer loop
      vertex 61.519999999999996 18.753108891324555 8.2
      vertex 61.519999999999996 19.046891108675446 8.2
      vertex 61.391891108675445 19.175 8.2
    endloop
  endfacet
  facet normal 0 0 1
    outer loop
      vertex 58.557340175340585 20.5 8.2
      vertex 59.30335860265264 19.23693968335526 8.2
      vertex 59.22461694505526 20.5 8.2
    endloop
  endfacet
  facet normal 0 0 1
    outer loop
      vertex 59.30335860265264 19.23693968335526 8.2
      vertex 61.695 20.5 8.2
      vertex 59.22461694505526 20.5 8.2
    endloop
  endfacet
  facet normal 0 0 1
    outer loop
      vertex 59.30335860265264 19.23693968335526 8.2
      vertex 61.391891108675445 19.175 8.2
      vertex 61.345 19.35 8.2
    endloop
  endfacet
  facet normal 0 0 1
    outer loop
      vertex 59.30335860265264 19.23693968335526 8.2
      vertex 61.345 19.35 8.2
      vertex 61.391891108675445 19.525 8.2
    endloop
  endfacet
  facet normal 0 0 1
    outer loop
      vertex 59.30335860265264 19.23693968335526 8.2
      vertex 61.391891108675445 19.525 8.2
      vertex 61.519999999999996 19.653108891324553 8.2
    endloop
  endfacet
  facet normal 0 0 1
    outer loop
      vertex 59.30335860265264 19.23693968335526 8.2
      vertex 61.519999999999996 19.653108891324553 8.2
      vertex 61.695 19.7 8.2
    endloop
  endfacet
  facet normal 0 0 1
    outer loop
      vertex 59.30335860265264 19.23693968335526 8.2
      vertex 61.695 19.7 8.2
      vertex 61.695 20.5 8.2
    endloop
  endfacet
  facet normal 0 0 1
    outer loop
      vertex 61.519999999999996 18.753108891324555 8.2
      vertex 61.695 18.8 8.2
      vertex 61.519999999999996 19.046891108675446 8.2
    endloop
  endfacet
  facet normal 0 0 1
    outer loop
      vertex 61.695 19 8.2
      vertex 61.519999999999996 19.046891108675446 8.2
      vertex 61.695 18.8 8.2
    endloop
  endfacet
  facet normal 0 0 -1
    outer loop
      vertex 59.22461694505526 -2.5 0
      vertex 59.26442336483876 -2.341083864193539 0
      vertex 61.695 -2.5 0
    endloop
  endfacet
  facet normal 0 0 -1
    outer loop
      vertex 59.26442336483876 -2.341083864193539 0
      vertex 59.43721672006636 -1.1762056839547272 0
      vertex 61.695 -2.5 0
    endloop
  endfacet
  facet normal 0 0 -1
    outer loop
      vertex 59.43721672006636 -1.1762056839547272 0
      vertex 61.695 -1.7000000000000002 0
      vertex 61.695 -2.5 0
    endloop
  endfacet
  facet normal 0 0 -1
    outer loop
      vertex 59.43721672006636 -1.1762056839547272 0
      vertex 61.391891108675445 -1.5250000000000001 0
      vertex 61.519999999999996 -1.6531088913245535 0
    endloop
  endfacet
  facet normal 0 0 -1
    outer loop
      vertex 59.43721672006636 -1.1762056839547272 0
      vertex 61.345 -1.35 0
      vertex 61.391891108675445 -1.5250000000000001 0
    endloop
  endfacet
  facet normal 0 0 -1
    outer loop
      vertex 59.43721672006636 -1.1762056839547272 0
      vertex 61.391891108675445 -1.175 0
      vertex 61.345 -1.35 0
    endloop
  endfacet
  facet normal 0 0 -1
    outer loop
      vertex 59.43721672006636 -1.1762056839547272 0
      vertex 61.519999999999996 -1.6531088913245535 0
      vertex 61.695 -1.7000000000000002 0
    endloop
  endfacet
  facet normal 0 0 -1
    outer loop
      vertex 59.43721672006636 -1.1762056839547272 0
      vertex 61.519999999999996 -0.7531088913245535 0
      vertex 61.391891108675445 -1.175 0
    endloop
  endfacet
  facet normal 0 0 -1
    outer loop
      vertex 59.43721672006636 -1.1762056839547272 0
      vertex 61.391891108675445 -0.625 0
      vertex 61.519999999999996 -0.7531088913245535 0
    endloop
  endfacet
  facet normal 0 0 -1
    outer loop
      vertex 59.43721672006636 -1.1762056839547272 0
      vertex 61.345 -0.45 0
      vertex 61.391891108675445 -0.625 0
    endloop
  endfacet
  facet normal 0 0 -1
    outer loop
      vertex 61.519999999999996 -1.0468911086754467 0
      vertex 61.391891108675445 -1.175 0
      vertex 61.519999999999996 -0.7531088913245535 0
    endloop
  endfacet
  facet normal 0 0 -1
    outer loop
      vertex 59.43721672006636 -1.1762056839547272 0
      vertex 61.391891108675445 -0.275 0
      vertex 61.345 -0.45 0
    endloop
  endfacet
  facet normal 0 0 -1
    outer loop
      vertex 59.43721672006636 -1.1762056839547272 0
      vertex 61.391891108675445 0.275 0
      vertex 61.391891108675445 -0.275 0
    endloop
  endfacet
  facet normal 0 0 -1
    outer loop
      vertex 61.695 -1 0
      vertex 61.519999999999996 -1.0468911086754467 0
      vertex 61.695 -0.8 0
    endloop
  endfacet
  facet normal 0 0 -1
    outer loop
      vertex 61.519999999999996 -1.0468911086754467 0
      vertex 61.519999999999996 -0.7531088913245535 0
      vertex 61.695 -0.8 0
    endloop
  endfacet
  facet normal 0 0 -1
    outer loop
      vertex 59.43721672006636 -1.1762056839547272 0
      vertex 59.495000000000005 0 0
      vertex 61.695 2.5 0
    endloop
  endfacet
  facet normal 0 0 -1
    outer loop
      vertex 59.43721672006636 -1.1762056839547272 0
      vertex 61.345 0.45 0
      vertex 61.391891108675445 0.275 0
    endloop
  endfacet
  facet normal 0 0 -1
    outer loop
      vertex 59.43721672006636 -1.1762056839547272 0
      vertex 61.391891108675445 0.625 0
      vertex 61.345 0.45 0
    endloop
  endfacet
  facet normal 0 0 -1
    outer loop
      vertex 59.43721672006636 -1.1762056839547272 0
      vertex 61.391891108675445 1.175 0
      vertex 61.391891108675445 0.625 0
    endloop
  endfacet
  facet normal 0 0 -1
    outer loop
      vertex 61.519999999999996 -0.14689110867544652 0
      vertex 61.391891108675445 -0.275 0
      vertex 61.519999999999996 0.14689110867544652 0
    endloop
  endfacet
  facet normal 0 0 -1
    outer loop
      vertex 61.391891108675445 -0.275 0
      vertex 61.391891108675445 0.275 0
      vertex 61.519999999999996 0.14689110867544652 0
    endloop
  endfacet
  facet normal 0 0 -1
    outer loop
      vertex 59.43721672006636 -1.1762056839547272 0
      vertex 61.345 1.35 0
      vertex 61.391891108675445 1.175 0
    endloop
  endfacet
  facet normal 0 0 -1
    outer loop
      vertex 59.43721672006636 -1.1762056839547272 0
      vertex 61.391891108675445 1.5250000000000001 0
      vertex 61.345 1.35 0
    endloop
  endfacet
  facet normal 0 0 -1
    outer loop
      vertex 59.495000000000005 0 0
      vertex 59.43721672006636 1.1762056839547272 0
      vertex 61.695 2.5 0
    endloop
  endfacet
  facet normal 0 0 -1
    outer loop
      vertex 59.43721672006636 -1.1762056839547272 0
      vertex 61.695 2.5 0
      vertex 61.391891108675445 1.5250000000000001 0
    endloop
  endfacet
  facet normal 0 0 -1
    outer loop
      vertex 61.519999999999996 0.7531088913245535 0
      vertex 61.391891108675445 0.625 0
      vertex 61.519999999999996 1.0468911086754467 0
    endloop
  endfacet
  facet normal 0 0 -1
    outer loop
      vertex 61.391891108675445 0.625 0
      vertex 61.391891108675445 1.175 0
      vertex 61.519999999999996 1.0468911086754467 0
    endloop
  endfacet
  facet normal 0 0 -1
    outer loop
      vertex 61.695 -0.10000000000000003 0
      vertex 61.519999999999996 -0.14689110867544652 0
      vertex 61.695 0.10000000000000003 0
    endloop
  endfacet
  facet normal 0 0 -1
    outer loop
      vertex 61.519999999999996 -0.14689110867544652 0
      vertex 61.519999999999996 0.14689110867544652 0
      vertex 61.695 0.10000000000000003 0
    endloop
  endfacet
  facet normal 0 0 -1
    outer loop
      vertex 61.695 1 0
      vertex 61.695 0.8 0
      vertex 61.519999999999996 0.7531088913245535 0
    endloop
  endfacet
  facet normal 0 0 -1
    outer loop
      vertex 61.519999999999996 0.7531088913245535 0
      vertex 61.519999999999996 1.0468911086754467 0
      vertex 61.695 1 0
    endloop
  endfacet
  facet normal 0 -1 0
    outer loop
      vertex 59.22461694505526 -2.5 0
      vertex 61.695 -2.5 0
      vertex 59.22461694505526 -2.5 8.2
    endloop
  endfacet
  facet normal 1 0 0
    outer loop
      vertex 61.695 -2.5 0
      vertex 61.695 -1.7000000000000002 0
      vertex 61.695 -1.7000000000000002 8.2
    endloop
  endfacet
  facet normal 1 0 0
    outer loop
      vertex 61.695 -0.8 0
      vertex 61.695 -0.8 8.2
      vertex 61.695 -1 0
    endloop
  endfacet
  facet normal 1 0 0
    outer loop
      vertex 61.695 -0.10000000000000003 0
      vertex 61.695 0.10000000000000003 0
      vertex 61.695 0.10000000000000003 8.2
    endloop
  endfacet
  facet normal 1 0 0
    outer loop
      vertex 61.695 1 0
      vertex 61.695 1 8.2
      vertex 61.695 0.8 0
    endloop
  endfacet
  facet normal 0 0 -1
    outer loop
      vertex 59.43721672006636 1.1762056839547272 0
      vertex 59.26442336483876 2.341083864193539 0
      vertex 61.695 2.5 0
    endloop
  endfacet
  facet normal 0 0 -1
    outer loop
      vertex 59.26442336483876 2.341083864193539 0
      vertex 59.22461694505526 2.5 0
      vertex 61.695 2.5 0
    endloop
  endfacet
  facet normal 0 0 -1
    outer loop
      vertex 61.695 2.5 0
      vertex 61.519999999999996 1.6531088913245535 0
      vertex 61.391891108675445 1.5250000000000001 0
    endloop
  endfacet
  facet normal 0 0 -1
    outer loop
      vertex 61.695 2.5 0
      vertex 61.695 1.7000000000000002 0
      vertex 61.519999999999996 1.6531088913245535 0
    endloop
  endfacet
  facet normal 0 1 0
    outer loop
      vertex 59.22461694505526 2.5 0
      vertex 61.695 2.5 8.2
      vertex 61.695 2.5 0
    endloop
  endfacet
  facet normal 1 0 0
    outer loop
      vertex 61.695 2.5 0
      vertex 61.695 2.5 8.2
      vertex 61.695 1.7000000000000002 0
    endloop
  endfacet
  facet normal 0 0 1
    outer loop
      vertex 58.551190936130766 -2.5 8.2
      vertex 59.22461694505526 -2.5 8.2
      vertex 58.495 -1.408931919894318 8.2
    endloop
  endfacet
  facet normal 0 -1 0
    outer loop
      vertex 61.695 -2.5 0
      vertex 61.695 -2.5 8.2
      vertex 59.22461694505526 -2.5 8.2
    endloop
  endfacet
  facet normal 1 0 0
    outer loop
      vertex 61.695 -2.5 0
      vertex 61.695 -1.7000000000000002 8.2
      vertex 61.695 -2.5 8.2
    endloop
  endfacet
  facet normal 1 0 0
    outer loop
      vertex 61.695 -1 0
      vertex 61.695 -0.8 8.2
      vertex 61.695 -1 8.2
    endloop
  endfacet
  facet normal 1 0 0
    outer loop
      vertex 61.695 -0.10000000000000003 0
      vertex 61.695 0.10000000000000003 8.2
      vertex 61.695 -0.10000000000000003 8.2
    endloop
  endfacet
  facet normal 1 0 0
    outer loop
      vertex 61.695 0.8 0
      vertex 61.695 1 8.2
      vertex 61.695 0.8 8.2
    endloop
  endfacet
  facet normal 0 0 1
    outer loop
      vertex 58.495 -1.408931919894318 8.2
      vertex 59.22461694505526 -2.5 8.2
      vertex 61.695 -2.5 8.2
    endloop
  endfacet
  facet normal 0 0 1
    outer loop
      vertex 58.495 -1.408931919894318 8.2
      vertex 61.695 -2.5 8.2
      vertex 58.495 0.6848429747037321 8.2
    endloop
  endfacet
  facet normal 0 0 1
    outer loop
      vertex 61.695 -2.5 8.2
      vertex 61.391891108675445 -1.5250000000000001 8.2
      vertex 59.30335860265264 1.2369396833552615 8.2
    endloop
  endfacet
  facet normal 0 0 1
    outer loop
      vertex 61.391891108675445 -1.175 8.2
      vertex 61.519999999999996 -1.0468911086754467 8.2
      vertex 61.391891108675445 -0.625 8.2
    endloop
  endfacet
  facet normal 0 0 1
    outer loop
      vertex 61.519999999999996 -1.0468911086754467 8.2
      vertex 61.519999999999996 -0.7531088913245535 8.2
      vertex 61.391891108675445 -0.625 8.2
    endloop
  endfacet
  facet normal 0 0 1
    outer loop
      vertex 59.30335860265264 1.2369396833552615 8.2
      vertex 61.391891108675445 -1.5250000000000001 8.2
      vertex 61.345 -1.35 8.2
    endloop
  endfacet
  facet normal 0 0 1
    outer loop
      vertex 59.30335860265264 1.2369396833552615 8.2
      vertex 61.345 -1.35 8.2
      vertex 61.391891108675445 -1.175 8.2
    endloop
  endfacet
  facet normal 0 0 1
    outer loop
      vertex 61.695 -2.5 8.2
      vertex 61.519999999999996 -1.6531088913245535 8.2
      vertex 61.391891108675445 -1.5250000000000001 8.2
    endloop
  endfacet
  facet normal 0 0 1
    outer loop
      vertex 61.695 -2.5 8.2
      vertex 61.695 -1.7000000000000002 8.2
      vertex 61.519999999999996 -1.6531088913245535 8.2
    endloop
  endfacet
  facet normal 0 0 1
    outer loop
      vertex 61.519999999999996 -1.0468911086754467 8.2
      vertex 61.695 -1 8.2
      vertex 61.519999999999996 -0.7531088913245535 8.2
    endloop
  endfacet
  facet normal 0 0 1
    outer loop
      vertex 61.695 -0.8 8.2
      vertex 61.519999999999996 -0.7531088913245535 8.2
      vertex 61.695 -1 8.2
    endloop
  endfacet
  facet normal 0 0 1
    outer loop
      vertex 61.695 -2.5 8.2
      vertex 59.30335860265264 1.2369396833552615 8.2
      vertex 58.495 0.6848429747037321 8.2
    endloop
  endfacet
  facet normal 0 0 1
    outer loop
      vertex 59.30335860265264 1.2369396833552615 8.2
      vertex 61.391891108675445 -1.175 8.2
      vertex 61.391891108675445 -0.625 8.2
    endloop
  endfacet
  facet normal 0 0 1
    outer loop
      vertex 59.30335860265264 1.2369396833552615 8.2
      vertex 61.391891108675445 -0.625 8.2
      vertex 61.345 -0.45 8.2
    endloop
  endfacet
  facet normal 0 0 1
    outer loop
      vertex 59.30335860265264 1.2369396833552615 8.2
      vertex 61.345 -0.45 8.2
      vertex 61.391891108675445 -0.275 8.2
    endloop
  endfacet
  facet normal 0 0 1
    outer loop
      vertex 61.391891108675445 -0.275 8.2
      vertex 61.519999999999996 -0.14689110867544652 8.2
      vertex 61.391891108675445 0.275 8.2
    endloop
  endfacet
  facet normal 0 0 1
    outer loop
      vertex 61.519999999999996 -0.14689110867544652 8.2
      vertex 61.519999999999996 0.14689110867544652 8.2
      vertex 61.391891108675445 0.275 8.2
    endloop
  endfacet
  facet normal 0 0 1
    outer loop
      vertex 59.30335860265264 1.2369396833552615 8.2
      vertex 61.391891108675445 -0.275 8.2
      vertex 61.391891108675445 0.275 8.2
    endloop
  endfacet
  facet normal 0 0 1
    outer loop
      vertex 59.30335860265264 1.2369396833552615 8.2
      vertex 61.391891108675445 0.275 8.2
      vertex 61.345 0.45 8.2
    endloop
  endfacet
  facet normal 0 0 1
    outer loop
      vertex 59.30335860265264 1.2369396833552615 8.2
      vertex 61.345 0.45 8.2
      vertex 61.391891108675445 0.625 8.2
    endloop
  endfacet
  facet normal 0 0 1
    outer loop
      vertex 59.30335860265264 1.2369396833552615 8.2
      vertex 61.391891108675445 0.625 8.2
      vertex 61.519999999999996 0.7531088913245535 8.2
    endloop
  endfacet
  facet normal 0 0 1
    outer loop
      vertex 59.30335860265264 1.2369396833552615 8.2
      vertex 61.519999999999996 0.7531088913245535 8.2
      vertex 61.391891108675445 1.175 8.2
    endloop
  endfacet
  facet normal 0 0 1
    outer loop
      vertex 61.519999999999996 0.7531088913245535 8.2
      vertex 61.519999999999996 1.0468911086754467 8.2
      vertex 61.391891108675445 1.175 8.2
    endloop
  endfacet
  facet normal 0 0 1
    outer loop
      vertex 59.30335860265264 1.2369396833552615 8.2
      vertex 61.391891108675445 1.175 8.2
      vertex 61.345 1.35 8.2
    endloop
  endfacet
  facet normal 0 0 1
    outer loop
      vertex 59.30335860265264 1.2369396833552615 8.2
      vertex 61.345 1.35 8.2
      vertex 61.391891108675445 1.5250000000000001 8.2
    endloop
  endfacet
  facet normal 0 0 1
    outer loop
      vertex 59.30335860265264 1.2369396833552615 8.2
      vertex 61.391891108675445 1.5250000000000001 8.2
      vertex 61.519999999999996 1.6531088913245535 8.2
    endloop
  endfacet
  facet normal 0 0 1
    outer loop
      vertex 59.30335860265264 1.2369396833552615 8.2
      vertex 61.519999999999996 1.6531088913245535 8.2
      vertex 61.695 1.7000000000000002 8.2
    endloop
  endfacet
  facet normal 0 0 1
    outer loop
      vertex 61.519999999999996 -0.14689110867544652 8.2
      vertex 61.695 -0.10000000000000003 8.2
      vertex 61.519999999999996 0.14689110867544652 8.2
    endloop
  endfacet
  facet normal 0 0 1
    outer loop
      vertex 61.695 -0.10000000000000003 8.2
      vertex 61.695 0.10000000000000003 8.2
      vertex 61.519999999999996 0.14689110867544652 8.2
    endloop
  endfacet
  facet normal 0 0 1
    outer loop
      vertex 61.519999999999996 0.7531088913245535 8.2
      vertex 61.695 0.8 8.2
      vertex 61.519999999999996 1.0468911086754467 8.2
    endloop
  endfacet
  facet normal 0 0 1
    outer loop
      vertex 61.695 1 8.2
      vertex 61.519999999999996 1.0468911086754467 8.2
      vertex 61.695 0.8 8.2
    endloop
  endfacet
  facet normal 0 1 0
    outer loop
      vertex 59.22461694505526 2.5 0
      vertex 59.22461694505526 2.5 8.2
      vertex 61.695 2.5 8.2
    endloop
  endfacet
  facet normal 1 0 0
    outer loop
      vertex 61.695 2.5 8.2
      vertex 61.695 1.7000000000000002 8.2
      vertex 61.695 1.7000000000000002 0
    endloop
  endfacet
  facet normal 0 0 1
    outer loop
      vertex 58.557340175340585 2.5 8.2
      vertex 59.30335860265264 1.2369396833552615 8.2
      vertex 59.22461694505526 2.5 8.2
    endloop
  endfacet
  facet normal 0 0 1
    outer loop
      vertex 59.30335860265264 1.2369396833552615 8.2
      vertex 61.695 2.5 8.2
      vertex 59.22461694505526 2.5 8.2
    endloop
  endfacet
  facet normal 0 0 1
    outer loop
      vertex 59.30335860265264 1.2369396833552615 8.2
      vertex 61.695 1.7000000000000002 8.2
      vertex 61.695 2.5 8.2
    endloop
  endfacet
  facet normal 0.2588190451025124 0.9659258262890706 0
    outer loop
      vertex 61.519999999999996 16.346891108675447 0
      vertex 61.519999999999996 16.346891108675447 8.2
      vertex 61.695 16.3 0
    endloop
  endfacet
  facet normal 0.7071067811865572 0.7071067811865377 6.614922249190997e-19
    outer loop
      vertex 61.519999999999996 16.346891108675447 0
      vertex 61.391891108675445 16.475 0
      vertex 61.391891108675445 16.475 8.2
    endloop
  endfacet
  facet normal 0.9659258262890679 0.2588190451025222 -4.362523429538393e-19
    outer loop
      vertex 61.391891108675445 16.475 0
      vertex 61.345 16.65 0
      vertex 61.345 16.65 8.2
    endloop
  endfacet
  facet normal 0.9659258262890693 -0.25881904510251735 4.747746170197085e-19
    outer loop
      vertex 61.345 16.65 0
      vertex 61.391891108675445 16.825 0
      vertex 61.391891108675445 16.825 8.2
    endloop
  endfacet
  facet normal 0.7071067811865572 -0.7071067811865377 0
    outer loop
      vertex 61.519999999999996 16.953108891324554 0
      vertex 61.519999999999996 16.953108891324554 8.2
      vertex 61.391891108675445 16.825 0
    endloop
  endfacet
  facet normal 0.2588190451025124 -0.9659258262890706 0
    outer loop
      vertex 61.695 17 0
      vertex 61.695 17 8.2
      vertex 61.519999999999996 16.953108891324554 0
    endloop
  endfacet
  facet normal 0.7071067811865572 0.7071067811865377 0
    outer loop
      vertex 61.519999999999996 16.346891108675447 0
      vertex 61.391891108675445 16.475 8.2
      vertex 61.519999999999996 16.346891108675447 8.2
    endloop
  endfacet
  facet normal 0.2588190451025124 0.9659258262890706 0
    outer loop
      vertex 61.695 16.3 8.2
      vertex 61.695 16.3 0
      vertex 61.519999999999996 16.346891108675447 8.2
    endloop
  endfacet
  facet normal 0.9659258262890679 0.2588190451025222 0
    outer loop
      vertex 61.391891108675445 16.475 0
      vertex 61.345 16.65 8.2
      vertex 61.391891108675445 16.475 8.2
    endloop
  endfacet
  facet normal 0.9659258262890693 -0.25881904510251735 0
    outer loop
      vertex 61.345 16.65 0
      vertex 61.391891108675445 16.825 8.2
      vertex 61.345 16.65 8.2
    endloop
  endfacet
  facet normal 0.7071067811865572 -0.7071067811865377 0
    outer loop
      vertex 61.391891108675445 16.825 0
      vertex 61.519999999999996 16.953108891324554 8.2
      vertex 61.391891108675445 16.825 8.2
    endloop
  endfacet
  facet normal 0.2588190451025124 -0.9659258262890706 0
    outer loop
      vertex 61.519999999999996 16.953108891324554 0
      vertex 61.695 17 8.2
      vertex 61.519999999999996 16.953108891324554 8.2
    endloop
  endfacet
  facet normal 0.7071067811865537 0.7071067811865414 1.114116534348389e-18
    outer loop
      vertex 61.519999999999996 -1.6531088913245535 0
      vertex 61.391891108675445 -1.5250000000000001 0
      vertex 61.391891108675445 -1.5250000000000001 8.2
    endloop
  endfacet
  facet normal 0.965925826289069 0.25881904510251824 -4.675516906323581e-19
    outer loop
      vertex 61.391891108675445 -1.5250000000000001 0
      vertex 61.345 -1.35 0
      vertex 61.345 -1.35 8.2
    endloop
  endfacet
  facet normal 0.965925826289069 -0.25881904510251824 4.675516906323581e-19
    outer loop
      vertex 61.345 -1.35 0
      vertex 61.391891108675445 -1.175 0
      vertex 61.391891108675445 -1.175 8.2
    endloop
  endfacet
  facet normal 0.7071067811865537 -0.7071067811865414 0
    outer loop
      vertex 61.519999999999996 -1.0468911086754467 0
      vertex 61.519999999999996 -1.0468911086754467 8.2
      vertex 61.391891108675445 -1.175 0
    endloop
  endfacet
  facet normal 0.2588190451025158 0.9659258262890696 0
    outer loop
      vertex 61.519999999999996 -1.6531088913245535 0
      vertex 61.519999999999996 -1.6531088913245535 8.2
      vertex 61.695 -1.7000000000000002 0
    endloop
  endfacet
  facet normal 0.2588190451025158 -0.9659258262890696 0
    outer loop
      vertex 61.695 -1 0
      vertex 61.695 -1 8.2
      vertex 61.519999999999996 -1.0468911086754467 0
    endloop
  endfacet
  facet normal 0.7071067811865537 0.7071067811865414 0
    outer loop
      vertex 61.519999999999996 -1.6531088913245535 0
      vertex 61.391891108675445 -1.5250000000000001 8.2
      vertex 61.519999999999996 -1.6531088913245535 8.2
    endloop
  endfacet
  facet normal 0.965925826289069 0.25881904510251824 0
    outer loop
      vertex 61.391891108675445 -1.5250000000000001 0
      vertex 61.345 -1.35 8.2
      vertex 61.391891108675445 -1.5250000000000001 8.2
    endloop
  endfacet
  facet normal 0.965925826289069 -0.25881904510251824 0
    outer loop
      vertex 61.345 -1.35 0
      vertex 61.391891108675445 -1.175 8.2
      vertex 61.345 -1.35 8.2
    endloop
  endfacet
  facet normal 0.7071067811865537 -0.7071067811865414 0
    outer loop
      vertex 61.391891108675445 -1.175 0
      vertex 61.519999999999996 -1.0468911086754467 8.2
      vertex 61.391891108675445 -1.175 8.2
    endloop
  endfacet
  facet normal 0.2588190451025158 0.9659258262890696 0
    outer loop
      vertex 61.695 -1.7000000000000002 8.2
      vertex 61.695 -1.7000000000000002 0
      vertex 61.519999999999996 -1.6531088913245535 8.2
    endloop
  endfacet
  facet normal 0.2588190451025158 -0.9659258262890696 0
    outer loop
      vertex 61.519999999999996 -1.0468911086754467 0
      vertex 61.695 -1 8.2
      vertex 61.519999999999996 -1.0468911086754467 8.2
    endloop
  endfacet
  facet normal 0.7071067811865572 0.7071067811865377 6.614922249190997e-19
    outer loop
      vertex 61.519999999999996 17.246891108675445 0
      vertex 61.391891108675445 17.375 0
      vertex 61.391891108675445 17.375 8.2
    endloop
  endfacet
  facet normal 0.9659258262890693 0.25881904510251735 -4.747746170197085e-19
    outer loop
      vertex 61.391891108675445 17.375 0
      vertex 61.345 17.55 0
      vertex 61.345 17.55 8.2
    endloop
  endfacet
  facet normal 0.9659258262890693 -0.25881904510251735 4.747746170197085e-19
    outer loop
      vertex 61.345 17.55 0
      vertex 61.391891108675445 17.725 0
      vertex 61.391891108675445 17.725 8.2
    endloop
  endfacet
  facet normal 0.7071067811865476 -0.7071067811865476 0
    outer loop
      vertex 61.519999999999996 17.853108891324553 0
      vertex 61.519999999999996 17.853108891324553 8.2
      vertex 61.391891108675445 17.725 0
    endloop
  endfacet
  facet normal 0.2588190451025124 0.9659258262890706 0
    outer loop
      vertex 61.519999999999996 17.246891108675445 0
      vertex 61.519999999999996 17.246891108675445 8.2
      vertex 61.695 17.2 0
    endloop
  endfacet
  facet normal 0.2588190451025124 -0.9659258262890706 0
    outer loop
      vertex 61.695 17.9 0
      vertex 61.695 17.9 8.2
      vertex 61.519999999999996 17.853108891324553 0
    endloop
  endfacet
  facet normal 0.7071067811865572 0.7071067811865377 0
    outer loop
      vertex 61.519999999999996 17.246891108675445 0
      vertex 61.391891108675445 17.375 8.2
      vertex 61.519999999999996 17.246891108675445 8.2
    endloop
  endfacet
  facet normal 0.9659258262890693 0.25881904510251735 0
    outer loop
      vertex 61.391891108675445 17.375 0
      vertex 61.345 17.55 8.2
      vertex 61.391891108675445 17.375 8.2
    endloop
  endfacet
  facet normal 0.9659258262890693 -0.25881904510251735 0
    outer loop
      vertex 61.345 17.55 0
      vertex 61.391891108675445 17.725 8.2
      vertex 61.345 17.55 8.2
    endloop
  endfacet
  facet normal 0.7071067811865476 -0.7071067811865476 0
    outer loop
      vertex 61.391891108675445 17.725 0
      vertex 61.519999999999996 17.853108891324553 8.2
      vertex 61.391891108675445 17.725 8.2
    endloop
  endfacet
  facet normal 0.2588190451025124 0.9659258262890706 0
    outer loop
      vertex 61.695 17.2 8.2
      vertex 61.695 17.2 0
      vertex 61.519999999999996 17.246891108675445 8.2
    endloop
  endfacet
  facet normal 0.2588190451025124 -0.9659258262890706 0
    outer loop
      vertex 61.519999999999996 17.853108891324553 0
      vertex 61.695 17.9 8.2
      vertex 61.519999999999996 17.853108891324553 8.2
    endloop
  endfacet
  facet normal 0.707106781186554 0.7071067811865411 8.817852743098906e-19
    outer loop
      vertex 61.519999999999996 -0.7531088913245535 0
      vertex 61.391891108675445 -0.625 0
      vertex 61.391891108675445 -0.625 8.2
    endloop
  endfacet
  facet normal 0.965925826289069 0.2588190451025183 1.1688792265808957e-19
    outer loop
      vertex 61.391891108675445 -0.625 0
      vertex 61.345 -0.45 0
      vertex 61.345 -0.45 8.2
    endloop
  endfacet
  facet normal 0.965925826289069 -0.2588190451025183 -1.1688792265808957e-19
    outer loop
      vertex 61.345 -0.45 0
      vertex 61.391891108675445 -0.275 0
      vertex 61.391891108675445 -0.275 8.2
    endloop
  endfacet
  facet normal 0.25881904510251524 0.9659258262890698 0
    outer loop
      vertex 61.519999999999996 -0.7531088913245535 0
      vertex 61.519999999999996 -0.7531088913245535 8.2
      vertex 61.695 -0.8 0
    endloop
  endfacet
  facet normal 0.707106781186554 -0.7071067811865411 0
    outer loop
      vertex 61.519999999999996 -0.14689110867544652 0
      vertex 61.519999999999996 -0.14689110867544652 8.2
      vertex 61.391891108675445 -0.275 0
    endloop
  endfacet
  facet normal 0.258819045102515 -0.96592582628907 0
    outer loop
      vertex 61.695 -0.10000000000000003 0
      vertex 61.695 -0.10000000000000003 8.2
      vertex 61.519999999999996 -0.14689110867544652 0
    endloop
  endfacet
  facet normal 0.707106781186554 0.7071067811865411 0
    outer loop
      vertex 61.519999999999996 -0.7531088913245535 0
      vertex 61.391891108675445 -0.625 8.2
      vertex 61.519999999999996 -0.7531088913245535 8.2
    endloop
  endfacet
  facet normal 0.965925826289069 0.2588190451025183 0
    outer loop
      vertex 61.391891108675445 -0.625 0
      vertex 61.345 -0.45 8.2
      vertex 61.391891108675445 -0.625 8.2
    endloop
  endfacet
  facet normal 0.965925826289069 -0.2588190451025183 0
    outer loop
      vertex 61.345 -0.45 0
      vertex 61.391891108675445 -0.275 8.2
      vertex 61.345 -0.45 8.2
    endloop
  endfacet
  facet normal 0.25881904510251524 0.9659258262890698 0
    outer loop
      vertex 61.695 -0.8 8.2
      vertex 61.695 -0.8 0
      vertex 61.519999999999996 -0.7531088913245535 8.2
    endloop
  endfacet
  facet normal 0.707106781186554 -0.7071067811865411 0
    outer loop
      vertex 61.391891108675445 -0.275 0
      vertex 61.519999999999996 -0.14689110867544652 8.2
      vertex 61.391891108675445 -0.275 8.2
    endloop
  endfacet
  facet normal 0.258819045102515 -0.96592582628907 0
    outer loop
      vertex 61.519999999999996 -0.14689110867544652 0
      vertex 61.695 -0.10000000000000003 8.2
      vertex 61.519999999999996 -0.14689110867544652 8.2
    endloop
  endfacet
  facet normal 0.7071067811865476 0.7071067811865476 1.0900401130529768e-18
    outer loop
      vertex 61.519999999999996 18.146891108675447 0
      vertex 61.391891108675445 18.275 0
      vertex 61.391891108675445 18.275 8.2
    endloop
  endfacet
  facet normal 0.2588190451025124 0.9659258262890706 0
    outer loop
      vertex 61.519999999999996 18.146891108675447 0
      vertex 61.519999999999996 18.146891108675447 8.2
      vertex 61.695 18.1 0
    endloop
  endfacet
  facet normal 0.9659258262890693 0.25881904510251735 -4.747746170197085e-19
    outer loop
      vertex 61.391891108675445 18.275 0
      vertex 61.345 18.45 0
      vertex 61.345 18.45 8.2
    endloop
  endfacet
  facet normal 0.9659258262890693 -0.25881904510251735 4.747746170197085e-19
    outer loop
      vertex 61.345 18.45 0
      vertex 61.391891108675445 18.625 0
      vertex 61.391891108675445 18.625 8.2
    endloop
  endfacet
  facet normal 0.7071067811865572 -0.7071067811865377 0
    outer loop
      vertex 61.519999999999996 18.753108891324555 0
      vertex 61.519999999999996 18.753108891324555 8.2
      vertex 61.391891108675445 18.625 0
    endloop
  endfacet
  facet normal 0.2588190451025124 -0.9659258262890706 0
    outer loop
      vertex 61.695 18.8 0
      vertex 61.695 18.8 8.2
      vertex 61.519999999999996 18.753108891324555 0
    endloop
  endfacet
  facet normal 0.7071067811865476 0.7071067811865476 0
    outer loop
      vertex 61.519999999999996 18.146891108675447 0
      vertex 61.391891108675445 18.275 8.2
      vertex 61.519999999999996 18.146891108675447 8.2
    endloop
  endfacet
  facet normal 0.2588190451025124 0.9659258262890706 0
    outer loop
      vertex 61.695 18.1 8.2
      vertex 61.695 18.1 0
      vertex 61.519999999999996 18.146891108675447 8.2
    endloop
  endfacet
  facet normal 0.9659258262890693 0.25881904510251735 0
    outer loop
      vertex 61.391891108675445 18.275 0
      vertex 61.345 18.45 8.2
      vertex 61.391891108675445 18.275 8.2
    endloop
  endfacet
  facet normal 0.9659258262890693 -0.25881904510251735 0
    outer loop
      vertex 61.345 18.45 0
      vertex 61.391891108675445 18.625 8.2
      vertex 61.345 18.45 8.2
    endloop
  endfacet
  facet normal 0.7071067811865572 -0.7071067811865377 0
    outer loop
      vertex 61.391891108675445 18.625 0
      vertex 61.519999999999996 18.753108891324555 8.2
      vertex 61.391891108675445 18.625 8.2
    endloop
  endfacet
  facet normal 0.2588190451025124 -0.9659258262890706 0
    outer loop
      vertex 61.519999999999996 18.753108891324555 0
      vertex 61.695 18.8 8.2
      vertex 61.519999999999996 18.753108891324555 8.2
    endloop
  endfacet
  facet normal 0.707106781186554 0.7071067811865411 8.817852743098906e-19
    outer loop
      vertex 61.519999999999996 0.14689110867544652 0
      vertex 61.391891108675445 0.275 0
      vertex 61.391891108675445 0.275 8.2
    endloop
  endfacet
  facet normal 0.965925826289069 0.2588190451025183 1.1688792265808957e-19
    outer loop
      vertex 61.391891108675445 0.275 0
      vertex 61.345 0.45 0
      vertex 61.345 0.45 8.2
    endloop
  endfacet
  facet normal 0.965925826289069 -0.2588190451025183 -1.1688792265808957e-19
    outer loop
      vertex 61.345 0.45 0
      vertex 61.391891108675445 0.625 0
      vertex 61.391891108675445 0.625 8.2
    endloop
  endfacet
  facet normal 0.707106781186554 -0.7071067811865411 0
    outer loop
      vertex 61.519999999999996 0.7531088913245535 0
      vertex 61.519999999999996 0.7531088913245535 8.2
      vertex 61.391891108675445 0.625 0
    endloop
  endfacet
  facet normal 0.258819045102515 0.96592582628907 0
    outer loop
      vertex 61.519999999999996 0.14689110867544652 0
      vertex 61.519999999999996 0.14689110867544652 8.2
      vertex 61.695 0.10000000000000003 0
    endloop
  endfacet
  facet normal 0.25881904510251524 -0.9659258262890698 0
    outer loop
      vertex 61.695 0.8 0
      vertex 61.695 0.8 8.2
      vertex 61.519999999999996 0.7531088913245535 0
    endloop
  endfacet
  facet normal 0.707106781186554 0.7071067811865411 0
    outer loop
      vertex 61.519999999999996 0.14689110867544652 0
      vertex 61.391891108675445 0.275 8.2
      vertex 61.519999999999996 0.14689110867544652 8.2
    endloop
  endfacet
  facet normal 0.965925826289069 0.2588190451025183 0
    outer loop
      vertex 61.391891108675445 0.275 0
      vertex 61.345 0.45 8.2
      vertex 61.391891108675445 0.275 8.2
    endloop
  endfacet
  facet normal 0.965925826289069 -0.2588190451025183 0
    outer loop
      vertex 61.345 0.45 0
      vertex 61.391891108675445 0.625 8.2
      vertex 61.345 0.45 8.2
    endloop
  endfacet
  facet normal 0.707106781186554 -0.7071067811865411 0
    outer loop
      vertex 61.391891108675445 0.625 0
      vertex 61.519999999999996 0.7531088913245535 8.2
      vertex 61.391891108675445 0.625 8.2
    endloop
  endfacet
  facet normal 0.258819045102515 0.96592582628907 0
    outer loop
      vertex 61.695 0.10000000000000003 8.2
      vertex 61.695 0.10000000000000003 0
      vertex 61.519999999999996 0.14689110867544652 8.2
    endloop
  endfacet
  facet normal 0.25881904510251524 -0.9659258262890698 0
    outer loop
      vertex 61.519999999999996 0.7531088913245535 0
      vertex 61.695 0.8 8.2
      vertex 61.519999999999996 0.7531088913245535 8.2
    endloop
  endfacet
  facet normal 0.7071067811865572 0.7071067811865377 6.614922249190997e-19
    outer loop
      vertex 61.519999999999996 19.046891108675446 0
      vertex 61.391891108675445 19.175 0
      vertex 61.391891108675445 19.175 8.2
    endloop
  endfacet
  facet normal 0.9659258262890693 0.25881904510251735 -4.747746170197085e-19
    outer loop
      vertex 61.391891108675445 19.175 0
      vertex 61.345 19.35 0
      vertex 61.345 19.35 8.2
    endloop
  endfacet
  facet normal 0.9659258262890679 -0.2588190451025222 4.362523429538393e-19
    outer loop
      vertex 61.345 19.35 0
      vertex 61.391891108675445 19.525 0
      vertex 61.391891108675445 19.525 8.2
    endloop
  endfacet
  facet normal 0.7071067811865572 -0.7071067811865377 0
    outer loop
      vertex 61.519999999999996 19.653108891324553 0
      vertex 61.519999999999996 19.653108891324553 8.2
      vertex 61.391891108675445 19.525 0
    endloop
  endfacet
  facet normal 0.2588190451025124 0.9659258262890706 0
    outer loop
      vertex 61.519999999999996 19.046891108675446 0
      vertex 61.519999999999996 19.046891108675446 8.2
      vertex 61.695 19 0
    endloop
  endfacet
  facet normal 0.2588190451025124 -0.9659258262890706 0
    outer loop
      vertex 61.695 19.7 0
      vertex 61.695 19.7 8.2
      vertex 61.519999999999996 19.653108891324553 0
    endloop
  endfacet
  facet normal 0.7071067811865572 0.7071067811865377 0
    outer loop
      vertex 61.519999999999996 19.046891108675446 0
      vertex 61.391891108675445 19.175 8.2
      vertex 61.519999999999996 19.046891108675446 8.2
    endloop
  endfacet
  facet normal 0.9659258262890693 0.25881904510251735 0
    outer loop
      vertex 61.391891108675445 19.175 0
      vertex 61.345 19.35 8.2
      vertex 61.391891108675445 19.175 8.2
    endloop
  endfacet
  facet normal 0.9659258262890679 -0.2588190451025222 0
    outer loop
      vertex 61.345 19.35 0
      vertex 61.391891108675445 19.525 8.2
      vertex 61.345 19.35 8.2
    endloop
  endfacet
  facet normal 0.7071067811865572 -0.7071067811865377 0
    outer loop
      vertex 61.391891108675445 19.525 0
      vertex 61.519999999999996 19.653108891324553 8.2
      vertex 61.391891108675445 19.525 8.2
    endloop
  endfacet
  facet normal 0.2588190451025124 0.9659258262890706 0
    outer loop
      vertex 61.695 19 8.2
      vertex 61.695 19 0
      vertex 61.519999999999996 19.046891108675446 8.2
    endloop
  endfacet
  facet normal 0.2588190451025124 -0.9659258262890706 0
    outer loop
      vertex 61.519999999999996 19.653108891324553 0
      vertex 61.695 19.7 8.2
      vertex 61.519999999999996 19.653108891324553 8.2
    endloop
  endfacet
  facet normal 0.7071067811865537 0.7071067811865414 1.114116534348389e-18
    outer loop
      vertex 61.519999999999996 1.0468911086754467 0
      vertex 61.391891108675445 1.175 0
      vertex 61.391891108675445 1.175 8.2
    endloop
  endfacet
  facet normal 0.965925826289069 0.25881904510251824 -4.675516906323581e-19
    outer loop
      vertex 61.391891108675445 1.175 0
      vertex 61.345 1.35 0
      vertex 61.345 1.35 8.2
    endloop
  endfacet
  facet normal 0.965925826289069 -0.25881904510251824 4.675516906323581e-19
    outer loop
      vertex 61.345 1.35 0
      vertex 61.391891108675445 1.5250000000000001 0
      vertex 61.391891108675445 1.5250000000000001 8.2
    endloop
  endfacet
  facet normal 0.2588190451025158 0.9659258262890696 0
    outer loop
      vertex 61.519999999999996 1.0468911086754467 0
      vertex 61.519999999999996 1.0468911086754467 8.2
      vertex 61.695 1 0
    endloop
  endfacet
  facet normal 0.7071067811865537 -0.7071067811865414 0
    outer loop
      vertex 61.519999999999996 1.6531088913245535 0
      vertex 61.519999999999996 1.6531088913245535 8.2
      vertex 61.391891108675445 1.5250000000000001 0
    endloop
  endfacet
  facet normal 0.2588190451025158 -0.9659258262890696 0
    outer loop
      vertex 61.695 1.7000000000000002 0
      vertex 61.695 1.7000000000000002 8.2
      vertex 61.519999999999996 1.6531088913245535 0
    endloop
  endfacet
  facet normal 0.7071067811865537 0.7071067811865414 0
    outer loop
      vertex 61.519999999999996 1.0468911086754467 0
      vertex 61.391891108675445 1.175 8.2
      vertex 61.519999999999996 1.0468911086754467 8.2
    endloop
  endfacet
  facet normal 0.965925826289069 0.25881904510251824 0
    outer loop
      vertex 61.391891108675445 1.175 0
      vertex 61.345 1.35 8.2
      vertex 61.391891108675445 1.175 8.2
    endloop
  endfacet
  facet normal 0.965925826289069 -0.25881904510251824 0
    outer loop
      vertex 61.345 1.35 0
      vertex 61.391891108675445 1.5250000000000001 8.2
      vertex 61.345 1.35 8.2
    endloop
  endfacet
  facet normal 0.7071067811865537 -0.7071067811865414 0
    outer loop
      vertex 61.391891108675445 1.5250000000000001 0
      vertex 61.519999999999996 1.6531088913245535 8.2
      vertex 61.391891108675445 1.5250000000000001 8.2
    endloop
  endfacet
  facet normal 0.2588190451025158 0.9659258262890696 0
    outer loop
      vertex 61.695 1 8.2
      vertex 61.695 1 0
      vertex 61.519999999999996 1.0468911086754467 8.2
    endloop
  endfacet
  facet normal 0.2588190451025158 -0.9659258262890696 0
    outer loop
      vertex 61.519999999999996 1.6531088913245535 0
      vertex 61.695 1.7000000000000002 8.2
      vertex 61.519999999999996 1.6531088913245535 8.2
    endloop
  endfacet
  facet normal 0.7933533402912433 0.60876142900871 6.424737601050799e-19
    outer loop
      vertex 56.62324855787278 17.32824855787278 -2.9802320611338473e-9
      vertex 56.472275866404786 17.525 -2.9802320611338473e-9
      vertex 56.472275866404786 17.525 8.2
    endloop
  endfacet
  facet normal 0.9238795325112852 0.38268343236509345 -1.8208665276807468e-19
    outer loop
      vertex 56.472275866404786 17.525 -2.9802320611338473e-9
      vertex 56.377370465025386 17.754121907152605 -2.9802320611338473e-9
      vertex 56.377370465025386 17.754121907152605 8.2
    endloop
  endfacet
  facet normal 0.9914448613738094 0.13052619222006015 2.8502145238985797e-19
    outer loop
      vertex 56.377370465025386 17.754121907152605 -2.9802320611338473e-9
      vertex 56.345 18 -2.9802320611338473e-9
      vertex 56.345 18 8.2
    endloop
  endfacet
  facet normal 0.9914448613738094 -0.13052619222006015 -2.8502145238985797e-19
    outer loop
      vertex 56.345 18 -2.9802320611338473e-9
      vertex 56.377370465025386 18.245878092847395 -2.9802320611338473e-9
      vertex 56.377370465025386 18.245878092847395 8.2
    endloop
  endfacet
  facet normal 0.13052619222004425 0.9914448613738114 0
    outer loop
      vertex 57.0491219071526 17.082370465025384 8.2
      vertex 57.295 17.05 -2.9802320611338473e-9
      vertex 57.0491219071526 17.082370465025384 -2.9802320611338473e-9
    endloop
  endfacet
  facet normal 0.608761429008712 0.7933533402912416 5.238805237195122e-19
    outer loop
      vertex 56.82 17.177275866404784 -2.9802320611338473e-9
      vertex 56.62324855787278 17.32824855787278 -2.9802320611338473e-9
      vertex 56.62324855787278 17.32824855787278 8.2
    endloop
  endfacet
  facet normal 0.38268343236509855 0.9238795325112832 0
    outer loop
      vertex 56.82 17.177275866404784 -2.9802320611338473e-9
      vertex 56.82 17.177275866404784 8.2
      vertex 57.0491219071526 17.082370465025384 -2.9802320611338473e-9
    endloop
  endfacet
  facet normal -0.13052619222004797 0.9914448613738109 0
    outer loop
      vertex 57.295 17.05 8.2
      vertex 57.54087809284739 17.082370465025384 -2.9802320611338473e-9
      vertex 57.295 17.05 -2.9802320611338473e-9
    endloop
  endfacet
  facet normal -0.3826834323650884 0.9238795325112875 0
    outer loop
      vertex 57.54087809284739 17.082370465025384 8.2
      vertex 57.77 17.177275866404784 -2.9802320611338473e-9
      vertex 57.54087809284739 17.082370465025384 -2.9802320611338473e-9
    endloop
  endfacet
  facet normal -0.608761429008726 0.7933533402912311 -8.515677209592029e-19
    outer loop
      vertex 57.96675144212722 17.32824855787278 -2.9802320611338473e-9
      vertex 57.77 17.177275866404784 -2.9802320611338473e-9
      vertex 57.77 17.177275866404784 8.2
    endloop
  endfacet
  facet normal -0.7933533402912296 0.6087614290087281 0
    outer loop
      vertex 57.96675144212722 17.32824855787278 -2.9802320611338473e-9
      vertex 57.96675144212722 17.32824855787278 8.2
      vertex 58.11772413359522 17.525 -2.9802320611338473e-9
    endloop
  endfacet
  facet normal -0.9238795325112852 0.38268343236509345 1.8208665276807468e-19
    outer loop
      vertex 58.21262953497462 17.754121907152605 -2.9802320611338473e-9
      vertex 58.11772413359522 17.525 -2.9802320611338473e-9
      vertex 58.11772413359522 17.525 8.2
    endloop
  endfacet
  facet normal -0.991444861373813 0.130526192220032 0
    outer loop
      vertex 58.21262953497462 17.754121907152605 -2.9802320611338473e-9
      vertex 58.21262953497462 17.754121907152605 8.2
      vertex 58.245 18 -2.9802320611338473e-9
    endloop
  endfacet
  facet normal -0.991444861373813 -0.130526192220032 0
    outer loop
      vertex 58.245 18 -2.9802320611338473e-9
      vertex 58.245 18 8.2
      vertex 58.21262953497462 18.245878092847395 -2.9802320611338473e-9
    endloop
  endfacet
  facet normal 0.9238795325112852 -0.38268343236509345 1.8208665276807468e-19
    outer loop
      vertex 56.377370465025386 18.245878092847395 -2.9802320611338473e-9
      vertex 56.472275866404786 18.475 -2.9802320611338473e-9
      vertex 56.472275866404786 18.475 8.2
    endloop
  endfacet
  facet normal 0.7933533402912433 -0.60876142900871 0
    outer loop
      vertex 56.62324855787278 18.67175144212722 8.2
      vertex 56.472275866404786 18.475 -2.9802320611338473e-9
      vertex 56.62324855787278 18.67175144212722 -2.9802320611338473e-9
    endloop
  endfacet
  facet normal 0.608761429008712 -0.7933533402912416 0
    outer loop
      vertex 56.82 18.822724133595216 -2.9802320611338473e-9
      vertex 56.82 18.822724133595216 8.2
      vertex 56.62324855787278 18.67175144212722 -2.9802320611338473e-9
    endloop
  endfacet
  facet normal 0.38268343236509855 -0.9238795325112832 0
    outer loop
      vertex 57.0491219071526 18.917629534974616 -2.9802320611338473e-9
      vertex 57.0491219071526 18.917629534974616 8.2
      vertex 56.82 18.822724133595216 -2.9802320611338473e-9
    endloop
  endfacet
  facet normal 0.13052619222004425 -0.9914448613738114 0
    outer loop
      vertex 57.295 18.95 -2.9802320611338473e-9
      vertex 57.295 18.95 8.2
      vertex 57.0491219071526 18.917629534974616 -2.9802320611338473e-9
    endloop
  endfacet
  facet normal -0.13052619222004797 -0.9914448613738109 0
    outer loop
      vertex 57.54087809284739 18.917629534974616 -2.9802320611338473e-9
      vertex 57.54087809284739 18.917629534974616 8.2
      vertex 57.295 18.95 -2.9802320611338473e-9
    endloop
  endfacet
  facet normal -0.3826834323650884 -0.9238795325112875 0
    outer loop
      vertex 57.77 18.822724133595216 -2.9802320611338473e-9
      vertex 57.77 18.822724133595216 8.2
      vertex 57.54087809284739 18.917629534974616 -2.9802320611338473e-9
    endloop
  endfacet
  facet normal -0.9238795325112852 -0.38268343236509345 -1.8208665276807468e-19
    outer loop
      vertex 58.11772413359522 18.475 -2.9802320611338473e-9
      vertex 58.21262953497462 18.245878092847395 -2.9802320611338473e-9
      vertex 58.21262953497462 18.245878092847395 8.2
    endloop
  endfacet
  facet normal -0.7933533402912296 -0.6087614290087281 7.329744845736307e-19
    outer loop
      vertex 57.96675144212722 18.67175144212722 -2.9802320611338473e-9
      vertex 58.11772413359522 18.475 -2.9802320611338473e-9
      vertex 58.11772413359522 18.475 8.2
    endloop
  endfacet
  facet normal -0.608761429008726 -0.7933533402912311 0
    outer loop
      vertex 57.96675144212722 18.67175144212722 -2.9802320611338473e-9
      vertex 57.96675144212722 18.67175144212722 8.2
      vertex 57.77 18.822724133595216 -2.9802320611338473e-9
    endloop
  endfacet
  facet normal 0.9238795325112852 0.38268343236509345 0
    outer loop
      vertex 56.472275866404786 17.525 -2.9802320611338473e-9
      vertex 56.377370465025386 17.754121907152605 8.2
      vertex 56.472275866404786 17.525 8.2
    endloop
  endfacet
  facet normal 0.9914448613738094 0.13052619222006015 0
    outer loop
      vertex 56.377370465025386 17.754121907152605 -2.9802320611338473e-9
      vertex 56.345 18 8.2
      vertex 56.377370465025386 17.754121907152605 8.2
    endloop
  endfacet
  facet normal 0.9914448613738094 -0.13052619222006015 0
    outer loop
      vertex 56.345 18 -2.9802320611338473e-9
      vertex 56.377370465025386 18.245878092847395 8.2
      vertex 56.345 18 8.2
    endloop
  endfacet
  facet normal 0.608761429008712 0.7933533402912416 0
    outer loop
      vertex 56.82 17.177275866404784 -2.9802320611338473e-9
      vertex 56.62324855787278 17.32824855787278 8.2
      vertex 56.82 17.177275866404784 8.2
    endloop
  endfacet
  facet normal 0.38268343236509855 0.9238795325112832 0
    outer loop
      vertex 57.0491219071526 17.082370465025384 8.2
      vertex 57.0491219071526 17.082370465025384 -2.9802320611338473e-9
      vertex 56.82 17.177275866404784 8.2
    endloop
  endfacet
  facet normal 0.13052619222004425 0.9914448613738114 0
    outer loop
      vertex 57.295 17.05 -2.9802320611338473e-9
      vertex 57.0491219071526 17.082370465025384 8.2
      vertex 57.295 17.05 8.2
    endloop
  endfacet
  facet normal -0.13052619222004797 0.9914448613738109 0
    outer loop
      vertex 57.54087809284739 17.082370465025384 8.2
      vertex 57.54087809284739 17.082370465025384 -2.9802320611338473e-9
      vertex 57.295 17.05 8.2
    endloop
  endfacet
  facet normal -0.3826834323650884 0.9238795325112875 0
    outer loop
      vertex 57.77 17.177275866404784 8.2
      vertex 57.77 17.177275866404784 -2.9802320611338473e-9
      vertex 57.54087809284739 17.082370465025384 8.2
    endloop
  endfacet
  facet normal -0.608761429008726 0.7933533402912311 0
    outer loop
      vertex 57.96675144212722 17.32824855787278 -2.9802320611338473e-9
      vertex 57.77 17.177275866404784 8.2
      vertex 57.96675144212722 17.32824855787278 8.2
    endloop
  endfacet
  facet normal 0.7933533402912433 0.60876142900871 0
    outer loop
      vertex 56.62324855787278 17.32824855787278 -2.9802320611338473e-9
      vertex 56.472275866404786 17.525 8.2
      vertex 56.62324855787278 17.32824855787278 8.2
    endloop
  endfacet
  facet normal -0.7933533402912296 0.6087614290087281 0
    outer loop
      vertex 58.11772413359522 17.525 -2.9802320611338473e-9
      vertex 57.96675144212722 17.32824855787278 8.2
      vertex 58.11772413359522 17.525 8.2
    endloop
  endfacet
  facet normal -0.9238795325112852 0.38268343236509345 0
    outer loop
      vertex 58.21262953497462 17.754121907152605 -2.9802320611338473e-9
      vertex 58.11772413359522 17.525 8.2
      vertex 58.21262953497462 17.754121907152605 8.2
    endloop
  endfacet
  facet normal -0.991444861373813 0.130526192220032 0
    outer loop
      vertex 58.245 18 -2.9802320611338473e-9
      vertex 58.21262953497462 17.754121907152605 8.2
      vertex 58.245 18 8.2
    endloop
  endfacet
  facet normal -0.991444861373813 -0.130526192220032 0
    outer loop
      vertex 58.21262953497462 18.245878092847395 -2.9802320611338473e-9
      vertex 58.245 18 8.2
      vertex 58.21262953497462 18.245878092847395 8.2
    endloop
  endfacet
  facet normal 0.9238795325112852 -0.38268343236509345 0
    outer loop
      vertex 56.377370465025386 18.245878092847395 -2.9802320611338473e-9
      vertex 56.472275866404786 18.475 8.2
      vertex 56.377370465025386 18.245878092847395 8.2
    endloop
  endfacet
  facet normal 0.7933533402912433 -0.60876142900871 -6.424737601050799e-19
    outer loop
      vertex 56.62324855787278 18.67175144212722 8.2
      vertex 56.472275866404786 18.475 8.2
      vertex 56.472275866404786 18.475 -2.9802320611338473e-9
    endloop
  endfacet
  facet normal 0.608761429008712 -0.7933533402912416 0
    outer loop
      vertex 56.62324855787278 18.67175144212722 8.2
      vertex 56.62324855787278 18.67175144212722 -2.9802320611338473e-9
      vertex 56.82 18.822724133595216 8.2
    endloop
  endfacet
  facet normal 0.38268343236509855 -0.9238795325112832 0
    outer loop
      vertex 56.82 18.822724133595216 -2.9802320611338473e-9
      vertex 57.0491219071526 18.917629534974616 8.2
      vertex 56.82 18.822724133595216 8.2
    endloop
  endfacet
  facet normal 0.13052619222004425 -0.9914448613738114 0
    outer loop
      vertex 57.0491219071526 18.917629534974616 -2.9802320611338473e-9
      vertex 57.295 18.95 8.2
      vertex 57.0491219071526 18.917629534974616 8.2
    endloop
  endfacet
  facet normal -0.13052619222004797 -0.9914448613738109 0
    outer loop
      vertex 57.295 18.95 -2.9802320611338473e-9
      vertex 57.54087809284739 18.917629534974616 8.2
      vertex 57.295 18.95 8.2
    endloop
  endfacet
  facet normal -0.3826834323650884 -0.9238795325112875 0
    outer loop
      vertex 57.54087809284739 18.917629534974616 -2.9802320611338473e-9
      vertex 57.77 18.822724133595216 8.2
      vertex 57.54087809284739 18.917629534974616 8.2
    endloop
  endfacet
  facet normal -0.9238795325112852 -0.38268343236509345 0
    outer loop
      vertex 58.11772413359522 18.475 -2.9802320611338473e-9
      vertex 58.21262953497462 18.245878092847395 8.2
      vertex 58.11772413359522 18.475 8.2
    endloop
  endfacet
  facet normal -0.7933533402912296 -0.6087614290087281 0
    outer loop
      vertex 57.96675144212722 18.67175144212722 -2.9802320611338473e-9
      vertex 58.11772413359522 18.475 8.2
      vertex 57.96675144212722 18.67175144212722 8.2
    endloop
  endfacet
  facet normal -0.608761429008726 -0.7933533402912311 0
    outer loop
      vertex 57.77 18.822724133595216 -2.9802320611338473e-9
      vertex 57.96675144212722 18.67175144212722 8.2
      vertex 57.77 18.822724133595216 8.2
    endloop
  endfacet
  facet normal 0.7933533402912447 0.6087614290087081 -1.7666716439512298e-19
    outer loop
      vertex 56.62324855787278 -0.6717514421272202 -2.9802320611338473e-9
      vertex 56.472275866404786 -0.475 -2.9802320611338473e-9
      vertex 56.472275866404786 -0.475 8.2
    endloop
  endfacet
  facet normal 0.9238795325112845 0.38268343236509517 5.117714662393208e-19
    outer loop
      vertex 56.472275866404786 -0.475 -2.9802320611338473e-9
      vertex 56.377370465025386 -0.2458780928473947 -2.9802320611338473e-9
      vertex 56.377370465025386 -0.2458780928473947 8.2
    endloop
  endfacet
  facet normal 0.6087614290087155 0.7933533402912392 -4.188111713430187e-19
    outer loop
      vertex 56.82 -0.8227241335952167 -2.9802320611338473e-9
      vertex 56.62324855787278 -0.6717514421272202 -2.9802320611338473e-9
      vertex 56.62324855787278 -0.6717514421272202 8.2
    endloop
  endfacet
  facet normal 0.38268343236509317 0.9238795325112854 0
    outer loop
      vertex 56.82 -0.8227241335952167 -2.9802320611338473e-9
      vertex 56.82 -0.8227241335952167 8.2
      vertex 57.0491219071526 -0.9176295349746149 -2.9802320611338473e-9
    endloop
  endfacet
  facet normal 0.13052619222004952 0.9914448613738108 0
    outer loop
      vertex 57.0491219071526 -0.9176295349746149 8.2
      vertex 57.295 -0.95 -2.9802320611338473e-9
      vertex 57.0491219071526 -0.9176295349746149 -2.9802320611338473e-9
    endloop
  endfacet
  facet normal -0.1305261922200532 0.99144486137381 0
    outer loop
      vertex 57.295 -0.95 8.2
      vertex 57.54087809284739 -0.9176295349746149 -2.9802320611338473e-9
      vertex 57.295 -0.95 -2.9802320611338473e-9
    endloop
  endfacet
  facet normal -0.38268343236508295 0.9238795325112895 0
    outer loop
      vertex 57.54087809284739 -0.9176295349746149 8.2
      vertex 57.77 -0.8227241335952167 -2.9802320611338473e-9
      vertex 57.54087809284739 -0.9176295349746149 -2.9802320611338473e-9
    endloop
  endfacet
  facet normal -0.6087614290087293 0.7933533402912285 9.112397409869557e-20
    outer loop
      vertex 57.96675144212722 -0.6717514421272202 -2.9802320611338473e-9
      vertex 57.77 -0.8227241335952167 -2.9802320611338473e-9
      vertex 57.77 -0.8227241335952167 8.2
    endloop
  endfacet
  facet normal -0.793353340291231 0.6087614290087261 0
    outer loop
      vertex 57.96675144212722 -0.6717514421272202 -2.9802320611338473e-9
      vertex 57.96675144212722 -0.6717514421272202 8.2
      vertex 58.11772413359522 -0.475 -2.9802320611338473e-9
    endloop
  endfacet
  facet normal -0.9238795325112845 0.38268343236509517 -5.117714662393208e-19
    outer loop
      vertex 58.21262953497462 -0.2458780928473947 -2.9802320611338473e-9
      vertex 58.11772413359522 -0.475 -2.9802320611338473e-9
      vertex 58.11772413359522 -0.475 8.2
    endloop
  endfacet
  facet normal 0.9914448613738094 0.1305261922200603 4.0736284171769135e-19
    outer loop
      vertex 56.377370465025386 -0.2458780928473947 -2.9802320611338473e-9
      vertex 56.345 0 -2.9802320611338473e-9
      vertex 56.345 0 8.2
    endloop
  endfacet
  facet normal 0.9914448613738094 -0.1305261922200603 -4.0736284171769135e-19
    outer loop
      vertex 56.345 0 -2.9802320611338473e-9
      vertex 56.377370465025386 0.2458780928473947 -2.9802320611338473e-9
      vertex 56.377370465025386 0.2458780928473947 8.2
    endloop
  endfacet
  facet normal 0.9238795325112845 -0.38268343236509517 -5.117714662393208e-19
    outer loop
      vertex 56.377370465025386 0.2458780928473947 -2.9802320611338473e-9
      vertex 56.472275866404786 0.475 -2.9802320611338473e-9
      vertex 56.472275866404786 0.475 8.2
    endloop
  endfacet
  facet normal 0.7933533402912447 -0.6087614290087081 0
    outer loop
      vertex 56.62324855787278 0.6717514421272202 8.2
      vertex 56.472275866404786 0.475 -2.9802320611338473e-9
      vertex 56.62324855787278 0.6717514421272202 -2.9802320611338473e-9
    endloop
  endfacet
  facet normal -0.991444861373813 0.13052619222003214 0
    outer loop
      vertex 58.21262953497462 -0.2458780928473947 -2.9802320611338473e-9
      vertex 58.21262953497462 -0.2458780928473947 8.2
      vertex 58.245 0 -2.9802320611338473e-9
    endloop
  endfacet
  facet normal -0.991444861373813 -0.13052619222003214 0
    outer loop
      vertex 58.245 0 -2.9802320611338473e-9
      vertex 58.245 0 8.2
      vertex 58.21262953497462 0.2458780928473947 -2.9802320611338473e-9
    endloop
  endfacet
  facet normal -0.9238795325112845 -0.38268343236509517 5.117714662393208e-19
    outer loop
      vertex 58.11772413359522 0.475 -2.9802320611338473e-9
      vertex 58.21262953497462 0.2458780928473947 -2.9802320611338473e-9
      vertex 58.21262953497462 0.2458780928473947 8.2
    endloop
  endfacet
  facet normal -0.793353340291231 -0.6087614290087261 -8.616643993004964e-20
    outer loop
      vertex 57.96675144212722 0.6717514421272202 -2.9802320611338473e-9
      vertex 58.11772413359522 0.475 -2.9802320611338473e-9
      vertex 58.11772413359522 0.475 8.2
    endloop
  endfacet
  facet normal 0.6087614290087155 -0.7933533402912392 0
    outer loop
      vertex 56.82 0.8227241335952167 -2.9802320611338473e-9
      vertex 56.82 0.8227241335952167 8.2
      vertex 56.62324855787278 0.6717514421272202 -2.9802320611338473e-9
    endloop
  endfacet
  facet normal 0.38268343236509317 -0.9238795325112854 0
    outer loop
      vertex 57.0491219071526 0.9176295349746149 -2.9802320611338473e-9
      vertex 57.0491219071526 0.9176295349746149 8.2
      vertex 56.82 0.8227241335952167 -2.9802320611338473e-9
    endloop
  endfacet
  facet normal -0.38268343236508295 -0.9238795325112895 0
    outer loop
      vertex 57.77 0.8227241335952167 -2.9802320611338473e-9
      vertex 57.77 0.8227241335952167 8.2
      vertex 57.54087809284739 0.9176295349746149 -2.9802320611338473e-9
    endloop
  endfacet
  facet normal 0.13052619222004952 -0.9914448613738108 0
    outer loop
      vertex 57.295 0.95 -2.9802320611338473e-9
      vertex 57.295 0.95 8.2
      vertex 57.0491219071526 0.9176295349746149 -2.9802320611338473e-9
    endloop
  endfacet
  facet normal -0.1305261922200532 -0.99144486137381 0
    outer loop
      vertex 57.54087809284739 0.9176295349746149 -2.9802320611338473e-9
      vertex 57.54087809284739 0.9176295349746149 8.2
      vertex 57.295 0.95 -2.9802320611338473e-9
    endloop
  endfacet
  facet normal -0.6087614290087293 -0.7933533402912285 0
    outer loop
      vertex 57.96675144212722 0.6717514421272202 -2.9802320611338473e-9
      vertex 57.96675144212722 0.6717514421272202 8.2
      vertex 57.77 0.8227241335952167 -2.9802320611338473e-9
    endloop
  endfacet
  facet normal 0.9238795325112845 0.38268343236509517 0
    outer loop
      vertex 56.472275866404786 -0.475 -2.9802320611338473e-9
      vertex 56.377370465025386 -0.2458780928473947 8.2
      vertex 56.472275866404786 -0.475 8.2
    endloop
  endfacet
  facet normal 0.6087614290087155 0.7933533402912392 0
    outer loop
      vertex 56.82 -0.8227241335952167 -2.9802320611338473e-9
      vertex 56.62324855787278 -0.6717514421272202 8.2
      vertex 56.82 -0.8227241335952167 8.2
    endloop
  endfacet
  facet normal 0.38268343236509317 0.9238795325112854 0
    outer loop
      vertex 57.0491219071526 -0.9176295349746149 8.2
      vertex 57.0491219071526 -0.9176295349746149 -2.9802320611338473e-9
      vertex 56.82 -0.8227241335952167 8.2
    endloop
  endfacet
  facet normal 0.13052619222004952 0.9914448613738108 0
    outer loop
      vertex 57.295 -0.95 -2.9802320611338473e-9
      vertex 57.0491219071526 -0.9176295349746149 8.2
      vertex 57.295 -0.95 8.2
    endloop
  endfacet
  facet normal -0.1305261922200532 0.99144486137381 0
    outer loop
      vertex 57.54087809284739 -0.9176295349746149 8.2
      vertex 57.54087809284739 -0.9176295349746149 -2.9802320611338473e-9
      vertex 57.295 -0.95 8.2
    endloop
  endfacet
  facet normal -0.38268343236508295 0.9238795325112895 0
    outer loop
      vertex 57.77 -0.8227241335952167 8.2
      vertex 57.77 -0.8227241335952167 -2.9802320611338473e-9
      vertex 57.54087809284739 -0.9176295349746149 8.2
    endloop
  endfacet
  facet normal 0.7933533402912447 0.6087614290087081 0
    outer loop
      vertex 56.62324855787278 -0.6717514421272202 -2.9802320611338473e-9
      vertex 56.472275866404786 -0.475 8.2
      vertex 56.62324855787278 -0.6717514421272202 8.2
    endloop
  endfacet
  facet normal -0.6087614290087293 0.7933533402912285 0
    outer loop
      vertex 57.96675144212722 -0.6717514421272202 -2.9802320611338473e-9
      vertex 57.77 -0.8227241335952167 8.2
      vertex 57.96675144212722 -0.6717514421272202 8.2
    endloop
  endfacet
  facet normal -0.793353340291231 0.6087614290087261 0
    outer loop
      vertex 58.11772413359522 -0.475 -2.9802320611338473e-9
      vertex 57.96675144212722 -0.6717514421272202 8.2
      vertex 58.11772413359522 -0.475 8.2
    endloop
  endfacet
  facet normal -0.9238795325112845 0.38268343236509517 0
    outer loop
      vertex 58.21262953497462 -0.2458780928473947 -2.9802320611338473e-9
      vertex 58.11772413359522 -0.475 8.2
      vertex 58.21262953497462 -0.2458780928473947 8.2
    endloop
  endfacet
  facet normal 0.9914448613738094 0.1305261922200603 0
    outer loop
      vertex 56.377370465025386 -0.2458780928473947 -2.9802320611338473e-9
      vertex 56.345 0 8.2
      vertex 56.377370465025386 -0.2458780928473947 8.2
    endloop
  endfacet
  facet normal 0.9914448613738094 -0.1305261922200603 0
    outer loop
      vertex 56.345 0 -2.9802320611338473e-9
      vertex 56.377370465025386 0.2458780928473947 8.2
      vertex 56.345 0 8.2
    endloop
  endfacet
  facet normal 0.9238795325112845 -0.38268343236509517 0
    outer loop
      vertex 56.377370465025386 0.2458780928473947 -2.9802320611338473e-9
      vertex 56.472275866404786 0.475 8.2
      vertex 56.377370465025386 0.2458780928473947 8.2
    endloop
  endfacet
  facet normal 0.7933533402912447 -0.6087614290087081 1.7666716439512298e-19
    outer loop
      vertex 56.62324855787278 0.6717514421272202 8.2
      vertex 56.472275866404786 0.475 8.2
      vertex 56.472275866404786 0.475 -2.9802320611338473e-9
    endloop
  endfacet
  facet normal -0.991444861373813 0.13052619222003214 0
    outer loop
      vertex 58.245 0 -2.9802320611338473e-9
      vertex 58.21262953497462 -0.2458780928473947 8.2
      vertex 58.245 0 8.2
    endloop
  endfacet
  facet normal -0.991444861373813 -0.13052619222003214 0
    outer loop
      vertex 58.21262953497462 0.2458780928473947 -2.9802320611338473e-9
      vertex 58.245 0 8.2
      vertex 58.21262953497462 0.2458780928473947 8.2
    endloop
  endfacet
  facet normal -0.9238795325112845 -0.38268343236509517 0
    outer loop
      vertex 58.11772413359522 0.475 -2.9802320611338473e-9
      vertex 58.21262953497462 0.2458780928473947 8.2
      vertex 58.11772413359522 0.475 8.2
    endloop
  endfacet
  facet normal -0.793353340291231 -0.6087614290087261 0
    outer loop
      vertex 57.96675144212722 0.6717514421272202 -2.9802320611338473e-9
      vertex 58.11772413359522 0.475 8.2
      vertex 57.96675144212722 0.6717514421272202 8.2
    endloop
  endfacet
  facet normal 0.6087614290087155 -0.7933533402912392 0
    outer loop
      vertex 56.62324855787278 0.6717514421272202 8.2
      vertex 56.62324855787278 0.6717514421272202 -2.9802320611338473e-9
      vertex 56.82 0.8227241335952167 8.2
    endloop
  endfacet
  facet normal 0.38268343236509317 -0.9238795325112854 0
    outer loop
      vertex 56.82 0.8227241335952167 -2.9802320611338473e-9
      vertex 57.0491219071526 0.9176295349746149 8.2
      vertex 56.82 0.8227241335952167 8.2
    endloop
  endfacet
  facet normal 0.13052619222004952 -0.9914448613738108 0
    outer loop
      vertex 57.0491219071526 0.9176295349746149 -2.9802320611338473e-9
      vertex 57.295 0.95 8.2
      vertex 57.0491219071526 0.9176295349746149 8.2
    endloop
  endfacet
  facet normal -0.38268343236508295 -0.9238795325112895 0
    outer loop
      vertex 57.54087809284739 0.9176295349746149 -2.9802320611338473e-9
      vertex 57.77 0.8227241335952167 8.2
      vertex 57.54087809284739 0.9176295349746149 8.2
    endloop
  endfacet
  facet normal -0.1305261922200532 -0.99144486137381 0
    outer loop
      vertex 57.295 0.95 -2.9802320611338473e-9
      vertex 57.54087809284739 0.9176295349746149 8.2
      vertex 57.295 0.95 8.2
    endloop
  endfacet
  facet normal -0.6087614290087293 -0.7933533402912285 0
    outer loop
      vertex 57.77 0.8227241335952167 -2.9802320611338473e-9
      vertex 57.96675144212722 0.6717514421272202 8.2
      vertex 57.77 0.8227241335952167 8.2
    endloop
  endfacet
  facet normal 0 -0.7071067877719925 -0.7071067746011025
    outer loop
      vertex 72.00936149069675 12.195000000298023 0.4000000029802324
      vertex 72.00936149069675 12.594999998807907 -2.9802320611338473e-9
      vertex 72.01936149069674 12.594999998807907 -2.9802320611338473e-9
    endloop
  endfacet
  facet normal -1.7106992849450998e-11 -0.7071067877717889 -0.707106774601306
    outer loop
      vertex 72.00936149069675 12.195000000298023 0.4000000029802324
      vertex 72.01936149069674 12.594999998807907 -2.9802320611338473e-9
      vertex 72.01936149069674 12.594197694353294 0.0008023014893243641
    endloop
  endfacet
  facet normal -0.816496580927726 -0.40824829426597153 -0.40824828666175456
    outer loop
      vertex 72.00936149069675 12.195000000298023 0.4000000029802324
      vertex 71.50936149069675 12.695000000298023 0.9000000029802324
      vertex 72.00936149069675 12.594999998807907 -2.9802320611338473e-9
    endloop
  endfacet
  facet normal -0.7071067811865475 -0.7071067811865475 0
    outer loop
      vertex 72.00936149069675 12.195000000298023 0.4000000029802324
      vertex 71.50936149069675 12.695000000298023 2.9000000029802324
      vertex 71.50936149069675 12.695000000298023 0.9000000029802324
    endloop
  endfacet
  facet normal -0.816496580927726 -0.40824829426597153 -0.40824828666175456
    outer loop
      vertex 72.00936149069675 12.594999998807907 -2.9802320611338473e-9
      vertex 71.50936149069675 12.695000000298023 0.9000000029802324
      vertex 71.50936149069675 13.094999998807907 0.49999999701976794
    endloop
  endfacet
  facet normal -0.7071067811865475 0 -0.7071067811865475
    outer loop
      vertex 72.00936149069675 12.594999998807907 -2.9802320611338473e-9
      vertex 71.50936149069675 13.094999998807907 0.49999999701976794
      vertex 71.50936149069675 22.905000001192093 0.49999999701976794
    endloop
  endfacet
  facet normal -1 0 0
    outer loop
      vertex 71.50936149069675 12.695000000298023 0.9000000029802324
      vertex 71.50936149069675 22.905000001192093 0.49999999701976794
      vertex 71.50936149069675 13.094999998807907 0.49999999701976794
    endloop
  endfacet
  facet normal -1 0 0
    outer loop
      vertex 71.50936149069675 12.695000000298023 0.9000000029802324
      vertex 71.50936149069675 13.29500000178814 3.499999997019768
      vertex 71.50936149069675 22.905000001192093 0.49999999701976794
    endloop
  endfacet
  facet normal -0.7071067811865476 -0.7071067811865476 0
    outer loop
      vertex 72.00936149069675 12.195000000298023 0.4000000029802324
      vertex 72.00936149069675 12.195000000298023 3.4000000029802324
      vertex 71.50936149069675 12.695000000298023 2.9000000029802324
    endloop
  endfacet
  facet normal -1 0 0
    outer loop
      vertex 71.50936149069675 12.695000000298023 0.9000000029802324
      vertex 71.50936149069675 12.695000000298023 2.9000000029802324
      vertex 71.50936149069675 13.29500000178814 3.499999997019768
    endloop
  endfacet
  facet normal -0.816496580927726 -0.408248287929124 0.408248292998602
    outer loop
      vertex 71.50936149069675 12.695000000298023 2.9000000029802324
      vertex 72.00936149069675 12.195000000298023 3.4000000029802324
      vertex 71.50936149069675 13.29500000178814 3.499999997019768
    endloop
  endfacet
  facet normal -0.816496580927726 -0.408248287929124 0.408248292998602
    outer loop
      vertex 72.00936149069675 12.195000000298023 3.4000000029802324
      vertex 72.00936149069675 12.79500000178814 3.999999997019768
      vertex 71.50936149069675 13.29500000178814 3.499999997019768
    endloop
  endfacet
  facet normal -0.7071067811865476 0 0.7071067811865476
    outer loop
      vertex 72.00936149069675 12.79500000178814 3.999999997019768
      vertex 72.00936149069675 14.5 3.999999997019768
      vertex 71.50936149069675 13.29500000178814 3.499999997019768
    endloop
  endfacet
  facet normal -0.7071067811865349 -1.0423850518903711e-14 0.7071067811865601
    outer loop
      vertex 71.50936149069675 13.29500000178814 3.499999997019768
      vertex 72.00936149069675 14.5 3.999999997019768
      vertex 71.80936149367697 14.5 3.8000000000000016
    endloop
  endfacet
  facet normal -0.7071067811865476 0 -0.7071067811865476
    outer loop
      vertex 72.00936149069675 12.594999998807907 -2.9802320611338473e-9
      vertex 71.50936149069675 22.905000001192093 0.49999999701976794
      vertex 72.00936149069675 23.405000001192093 -2.9802320611338473e-9
    endloop
  endfacet
  facet normal -0.816496580927726 0.40824829426597153 -0.40824828666175456
    outer loop
      vertex 71.50936149069675 22.905000001192093 0.49999999701976794
      vertex 72.00936149069675 23.804999999701977 0.4000000029802324
      vertex 72.00936149069675 23.405000001192093 -2.9802320611338473e-9
    endloop
  endfacet
  facet normal -0.816496580927726 0.40824829426597153 -0.40824828666175456
    outer loop
      vertex 71.50936149069675 22.905000001192093 0.49999999701976794
      vertex 71.50936149069675 23.304999999701977 0.9000000029802324
      vertex 72.00936149069675 23.804999999701977 0.4000000029802324
    endloop
  endfacet
  facet normal -1 0 0
    outer loop
      vertex 71.50936149069675 22.905000001192093 0.49999999701976794
      vertex 71.50936149069675 23.304999999701977 2.9000000029802324
      vertex 71.50936149069675 23.304999999701977 0.9000000029802324
    endloop
  endfacet
  facet normal -0.7071067811865475 0.7071067811865475 0
    outer loop
      vertex 72.00936149069675 23.804999999701977 0.4000000029802324
      vertex 71.50936149069675 23.304999999701977 0.9000000029802324
      vertex 71.50936149069675 23.304999999701977 2.9000000029802324
    endloop
  endfacet
  facet normal -1 0 0
    outer loop
      vertex 71.50936149069675 13.29500000178814 3.499999997019768
      vertex 71.50936149069675 22.70499999821186 3.499999997019768
      vertex 71.50936149069675 22.905000001192093 0.49999999701976794
    endloop
  endfacet
  facet normal -0.7071067811865559 -1.8691619485059686e-18 0.7071067811865391
    outer loop
      vertex 71.50936149069675 13.29500000178814 3.499999997019768
      vertex 71.80936149367697 14.5 3.8000000000000016
      vertex 71.80936149367697 21.5 3.8000000000000016
    endloop
  endfacet
  facet normal -0.7071067811865558 0 0.7071067811865391
    outer loop
      vertex 71.50936149069675 13.29500000178814 3.499999997019768
      vertex 71.80936149367697 21.5 3.8000000000000016
      vertex 71.50936149069675 22.70499999821186 3.499999997019768
    endloop
  endfacet
  facet normal -1 0 0
    outer loop
      vertex 71.50936149069675 22.905000001192093 0.49999999701976794
      vertex 71.50936149069675 22.70499999821186 3.499999997019768
      vertex 71.50936149069675 23.304999999701977 2.9000000029802324
    endloop
  endfacet
  facet normal -0.7071067811865476 0.7071067811865476 0
    outer loop
      vertex 72.00936149069675 23.804999999701977 0.4000000029802324
      vertex 71.50936149069675 23.304999999701977 2.9000000029802324
      vertex 72.00936149069675 23.804999999701977 3.4000000029802324
    endloop
  endfacet
  facet normal -0.7071067811865349 1.042792229823404e-14 0.7071067811865601
    outer loop
      vertex 71.80936149367697 21.5 3.8000000000000016
      vertex 72.00936149069675 21.5 3.999999997019768
      vertex 71.50936149069675 22.70499999821186 3.499999997019768
    endloop
  endfacet
  facet normal -0.816496580927726 0.408248287929124 0.408248292998602
    outer loop
      vertex 71.50936149069675 23.304999999701977 2.9000000029802324
      vertex 71.50936149069675 22.70499999821186 3.499999997019768
      vertex 72.00936149069675 23.804999999701977 3.4000000029802324
    endloop
  endfacet
  facet normal -0.7071067811865476 0 0.7071067811865476
    outer loop
      vertex 72.00936149069675 21.5 3.999999997019768
      vertex 72.00936149069675 23.20499999821186 3.999999997019768
      vertex 71.50936149069675 22.70499999821186 3.499999997019768
    endloop
  endfacet
  facet normal -0.816496580927726 0.408248287929124 0.408248292998602
    outer loop
      vertex 71.50936149069675 22.70499999821186 3.499999997019768
      vertex 72.00936149069675 23.20499999821186 3.999999997019768
      vertex 72.00936149069675 23.804999999701977 3.4000000029802324
    endloop
  endfacet
  facet normal 0 -0.7071067877719925 -0.7071067746011025
    outer loop
      vertex 72.00936149069675 -5.804999999701977 0.4000000029802324
      vertex 72.00936149069675 -5.405000001192093 -2.9802320611338473e-9
      vertex 72.01936149069674 -5.405000001192093 -2.9802320611338473e-9
    endloop
  endfacet
  facet normal 1.4693905262655922e-11 -0.7071067877721804 -0.7071067746009146
    outer loop
      vertex 72.00936149069675 -5.804999999701977 0.4000000029802324
      vertex 72.01936149069674 -5.405000001192093 -2.9802320611338473e-9
      vertex 72.01936149069674 -5.405802305646705 0.0008023014893243641
    endloop
  endfacet
  facet normal -0.816496580927726 -0.40824829426597153 -0.40824828666175456
    outer loop
      vertex 72.00936149069675 -5.804999999701977 0.4000000029802324
      vertex 71.50936149069675 -5.304999999701977 0.9000000029802324
      vertex 72.00936149069675 -5.405000001192093 -2.9802320611338473e-9
    endloop
  endfacet
  facet normal -0.816496580927726 -0.40824829426597153 -0.40824828666175456
    outer loop
      vertex 72.00936149069675 -5.405000001192093 -2.9802320611338473e-9
      vertex 71.50936149069675 -5.304999999701977 0.9000000029802324
      vertex 71.50936149069675 -4.905000001192093 0.49999999701976794
    endloop
  endfacet
  facet normal -0.7071067811865475 -0.7071067811865475 0
    outer loop
      vertex 72.00936149069675 -5.804999999701977 0.4000000029802324
      vertex 71.50936149069675 -5.304999999701977 2.9000000029802324
      vertex 71.50936149069675 -5.304999999701977 0.9000000029802324
    endloop
  endfacet
  facet normal -0.7071067811865475 0 -0.7071067811865475
    outer loop
      vertex 72.00936149069675 -5.405000001192093 -2.9802320611338473e-9
      vertex 71.50936149069675 -4.905000001192093 0.49999999701976794
      vertex 71.50936149069675 4.905000001192093 0.49999999701976794
    endloop
  endfacet
  facet normal -1 0 0
    outer loop
      vertex 71.50936149069675 -5.304999999701977 0.9000000029802324
      vertex 71.50936149069675 4.905000001192093 0.49999999701976794
      vertex 71.50936149069675 -4.905000001192093 0.49999999701976794
    endloop
  endfacet
  facet normal -1 0 0
    outer loop
      vertex 71.50936149069675 -5.304999999701977 0.9000000029802324
      vertex 71.50936149069675 -4.704999998211861 3.499999997019768
      vertex 71.50936149069675 4.905000001192093 0.49999999701976794
    endloop
  endfacet
  facet normal -0.7071067811865476 -0.7071067811865476 0
    outer loop
      vertex 72.00936149069675 -5.804999999701977 0.4000000029802324
      vertex 72.00936149069675 -5.804999999701977 3.4000000029802324
      vertex 71.50936149069675 -5.304999999701977 2.9000000029802324
    endloop
  endfacet
  facet normal -1 0 0
    outer loop
      vertex 71.50936149069675 -5.304999999701977 0.9000000029802324
      vertex 71.50936149069675 -5.304999999701977 2.9000000029802324
      vertex 71.50936149069675 -4.704999998211861 3.499999997019768
    endloop
  endfacet
  facet normal -0.816496580927726 -0.408248287929124 0.408248292998602
    outer loop
      vertex 71.50936149069675 -5.304999999701977 2.9000000029802324
      vertex 72.00936149069675 -5.804999999701977 3.4000000029802324
      vertex 71.50936149069675 -4.704999998211861 3.499999997019768
    endloop
  endfacet
  facet normal -0.816496580927726 -0.408248287929124 0.408248292998602
    outer loop
      vertex 72.00936149069675 -5.804999999701977 3.4000000029802324
      vertex 72.00936149069675 -5.204999998211861 3.999999997019768
      vertex 71.50936149069675 -4.704999998211861 3.499999997019768
    endloop
  endfacet
  facet normal -0.7071067811865476 0 0.7071067811865476
    outer loop
      vertex 72.00936149069675 -5.204999998211861 3.999999997019768
      vertex 72.00936149069675 -3.5 3.999999997019768
      vertex 71.50936149069675 -4.704999998211861 3.499999997019768
    endloop
  endfacet
  facet normal -0.7071067811865349 -1.0423850518903711e-14 0.7071067811865601
    outer loop
      vertex 71.50936149069675 -4.704999998211861 3.499999997019768
      vertex 72.00936149069675 -3.5 3.999999997019768
      vertex 71.80936149367697 -3.5 3.8000000000000016
    endloop
  endfacet
  facet normal -0.7071067811865559 -1.8691619485059686e-18 0.7071067811865391
    outer loop
      vertex 71.50936149069675 -4.704999998211861 3.499999997019768
      vertex 71.80936149367697 -3.5 3.8000000000000016
      vertex 71.80936149367697 3.5 3.8000000000000016
    endloop
  endfacet
  facet normal -0.7071067811865558 0 0.7071067811865391
    outer loop
      vertex 71.50936149069675 -4.704999998211861 3.499999997019768
      vertex 71.80936149367697 3.5 3.8000000000000016
      vertex 71.50936149069675 4.704999998211861 3.499999997019768
    endloop
  endfacet
  facet normal -0.7071067811865476 0 -0.7071067811865476
    outer loop
      vertex 72.00936149069675 -5.405000001192093 -2.9802320611338473e-9
      vertex 71.50936149069675 4.905000001192093 0.49999999701976794
      vertex 72.00936149069675 5.405000001192093 -2.9802320611338473e-9
    endloop
  endfacet
  facet normal -1 0 0
    outer loop
      vertex 71.50936149069675 4.905000001192093 0.49999999701976794
      vertex 71.50936149069675 5.304999999701977 2.9000000029802324
      vertex 71.50936149069675 5.304999999701977 0.9000000029802324
    endloop
  endfacet
  facet normal -0.816496580927726 0.40824829426597153 -0.40824828666175456
    outer loop
      vertex 71.50936149069675 4.905000001192093 0.49999999701976794
      vertex 72.00936149069675 5.804999999701977 0.4000000029802324
      vertex 72.00936149069675 5.405000001192093 -2.9802320611338473e-9
    endloop
  endfacet
  facet normal -0.816496580927726 0.40824829426597153 -0.40824828666175456
    outer loop
      vertex 71.50936149069675 4.905000001192093 0.49999999701976794
      vertex 71.50936149069675 5.304999999701977 0.9000000029802324
      vertex 72.00936149069675 5.804999999701977 0.4000000029802324
    endloop
  endfacet
  facet normal -0.7071067811865475 0.7071067811865475 0
    outer loop
      vertex 72.00936149069675 5.804999999701977 0.4000000029802324
      vertex 71.50936149069675 5.304999999701977 0.9000000029802324
      vertex 71.50936149069675 5.304999999701977 2.9000000029802324
    endloop
  endfacet
  facet normal -1 0 0
    outer loop
      vertex 71.50936149069675 -4.704999998211861 3.499999997019768
      vertex 71.50936149069675 4.704999998211861 3.499999997019768
      vertex 71.50936149069675 4.905000001192093 0.49999999701976794
    endloop
  endfacet
  facet normal -1 0 0
    outer loop
      vertex 71.50936149069675 4.905000001192093 0.49999999701976794
      vertex 71.50936149069675 4.704999998211861 3.499999997019768
      vertex 71.50936149069675 5.304999999701977 2.9000000029802324
    endloop
  endfacet
  facet normal -0.816496580927726 0.408248287929124 0.408248292998602
    outer loop
      vertex 71.50936149069675 5.304999999701977 2.9000000029802324
      vertex 71.50936149069675 4.704999998211861 3.499999997019768
      vertex 72.00936149069675 5.804999999701977 3.4000000029802324
    endloop
  endfacet
  facet normal -0.7071067811865349 1.042792229823404e-14 0.7071067811865601
    outer loop
      vertex 71.80936149367697 3.5 3.8000000000000016
      vertex 72.00936149069675 3.5 3.999999997019768
      vertex 71.50936149069675 4.704999998211861 3.499999997019768
    endloop
  endfacet
  facet normal -0.7071067811865476 0 0.7071067811865476
    outer loop
      vertex 72.00936149069675 3.5 3.999999997019768
      vertex 72.00936149069675 5.204999998211861 3.999999997019768
      vertex 71.50936149069675 4.704999998211861 3.499999997019768
    endloop
  endfacet
  facet normal -0.816496580927726 0.408248287929124 0.408248292998602
    outer loop
      vertex 71.50936149069675 4.704999998211861 3.499999997019768
      vertex 72.00936149069675 5.204999998211861 3.999999997019768
      vertex 72.00936149069675 5.804999999701977 3.4000000029802324
    endloop
  endfacet
  facet normal -0.7071067811865476 0.7071067811865476 0
    outer loop
      vertex 72.00936149069675 5.804999999701977 0.4000000029802324
      vertex 71.50936149069675 5.304999999701977 2.9000000029802324
      vertex 72.00936149069675 5.804999999701977 3.4000000029802324
    endloop
  endfacet
  facet normal 3.49413718551615e-14 -0.7071067877717797 -0.7071067746013153
    outer loop
      vertex 72.01936149069674 12.594999998807907 -2.9802320611338473e-9
      vertex 75.07805517218026 12.343239158088029 0.25176084242905716
      vertex 72.01936149069674 12.594197694353294 0.0008023014893243641
    endloop
  endfacet
  facet normal 0 -0.707106787771993 -0.707106774601102
    outer loop
      vertex 72.00936149069675 12.195000000298023 0.4000000029802324
      vertex 72.01936149069674 12.594197694353294 0.0008023014893243641
      vertex 74.9892040403325 12.195000000298023 0.4000000029802324
    endloop
  endfacet
  facet normal 0 -0.7071067877719918 -0.707106774601103
    outer loop
      vertex 72.01936149069674 12.594999998807907 -2.9802320611338473e-9
      vertex 75.19712918178955 12.594999998807907 -2.9802320611338473e-9
      vertex 75.07805517218026 12.343239158088029 0.25176084242905716
    endloop
  endfacet
  facet normal -1.8063120736376236e-16 -0.7071067877719937 -0.7071067746011014
    outer loop
      vertex 72.01936149069674 12.594197694353294 0.0008023014893243641
      vertex 75.07805517218026 12.343239158088029 0.25176084242905716
      vertex 74.9892040403325 12.195000000298023 0.4000000029802324
    endloop
  endfacet
  facet normal 0 -1 0
    outer loop
      vertex 72.00936149069675 12.195000000298023 0.4000000029802324
      vertex 74.9892040403325 12.195000000298023 0.4000000029802324
      vertex 74.9892040403325 12.195000000298023 3.4000000029802324
    endloop
  endfacet
  facet normal 0 0 -1
    outer loop
      vertex 72.01936149069674 12.594999998807907 -2.9802320611338473e-9
      vertex 74.04912190715261 17.082370465025384 -2.9802320611338473e-9
      vertex 75.19712918178955 12.594999998807907 -2.9802320611338473e-9
    endloop
  endfacet
  facet normal 0 0 -1
    outer loop
      vertex 72.00936149069675 12.594999998807907 -2.9802320611338473e-9
      vertex 72.00936149069675 23.405000001192093 -2.9802320611338473e-9
      vertex 72.01936149069674 12.594999998807907 -2.9802320611338473e-9
    endloop
  endfacet
  facet normal 0 0 -1
    outer loop
      vertex 72.01936149069674 12.594999998807907 -2.9802320611338473e-9
      vertex 73.62324855787278 17.32824855787278 -2.9802320611338473e-9
      vertex 73.82000000000001 17.177275866404784 -2.9802320611338473e-9
    endloop
  endfacet
  facet normal 0 0 -1
    outer loop
      vertex 72.01936149069674 12.594999998807907 -2.9802320611338473e-9
      vertex 73.47227586640479 17.525 -2.9802320611338473e-9
      vertex 73.62324855787278 17.32824855787278 -2.9802320611338473e-9
    endloop
  endfacet
  facet normal 0 0 -1
    outer loop
      vertex 72.01936149069674 12.594999998807907 -2.9802320611338473e-9
      vertex 73.82000000000001 17.177275866404784 -2.9802320611338473e-9
      vertex 74.04912190715261 17.082370465025384 -2.9802320611338473e-9
    endloop
  endfacet
  facet normal 0 0 -1
    outer loop
      vertex 72.01936149069674 12.594999998807907 -2.9802320611338473e-9
      vertex 73.37737046502538 17.754121907152605 -2.9802320611338473e-9
      vertex 73.47227586640479 17.525 -2.9802320611338473e-9
    endloop
  endfacet
  facet normal 0 0 -1
    outer loop
      vertex 75.19712918178955 12.594999998807907 -2.9802320611338473e-9
      vertex 74.04912190715261 17.082370465025384 -2.9802320611338473e-9
      vertex 75.58155439013544 13.407798811618923 -2.9802320611338473e-9
    endloop
  endfacet
  facet normal 0 0 -1
    outer loop
      vertex 75.58155439013544 13.407798811618923 -2.9802320611338473e-9
      vertex 74.295 17.05 -2.9802320611338473e-9
      vertex 75.9782840287865 14.516583872946452 -2.9802320611338473e-9
    endloop
  endfacet
  facet normal 0 0 -1
    outer loop
      vertex 75.58155439013544 13.407798811618923 -2.9802320611338473e-9
      vertex 74.04912190715261 17.082370465025384 -2.9802320611338473e-9
      vertex 74.295 17.05 -2.9802320611338473e-9
    endloop
  endfacet
  facet normal 0 0 -1
    outer loop
      vertex 75.9782840287865 14.516583872946452 -2.9802320611338473e-9
      vertex 74.295 17.05 -2.9802320611338473e-9
      vertex 74.5408780928474 17.082370465025384 -2.9802320611338473e-9
    endloop
  endfacet
  facet normal 0 0 -1
    outer loop
      vertex 75.9782840287865 14.516583872946452 -2.9802320611338473e-9
      vertex 74.96675144212722 17.32824855787278 -2.9802320611338473e-9
      vertex 76.26442336483876 15.65891613580646 -2.9802320611338473e-9
    endloop
  endfacet
  facet normal 0 0 -1
    outer loop
      vertex 75.9782840287865 14.516583872946452 -2.9802320611338473e-9
      vertex 74.5408780928474 17.082370465025384 -2.9802320611338473e-9
      vertex 74.77 17.177275866404784 -2.9802320611338473e-9
    endloop
  endfacet
  facet normal 0 0 -1
    outer loop
      vertex 75.9782840287865 14.516583872946452 -2.9802320611338473e-9
      vertex 74.77 17.177275866404784 -2.9802320611338473e-9
      vertex 74.96675144212722 17.32824855787278 -2.9802320611338473e-9
    endloop
  endfacet
  facet normal 0 -1 0
    outer loop
      vertex 72.00936149069675 12.195000000298023 0.4000000029802324
      vertex 74.9892040403325 12.195000000298023 3.4000000029802324
      vertex 72.00936149069675 12.195000000298023 3.4000000029802324
    endloop
  endfacet
  facet normal 0 -0.7071067767962508 0.7071067855768443
    outer loop
      vertex 72.00936149069675 12.195000000298023 3.4000000029802324
      vertex 75.29172213837735 12.79500000178814 3.999999997019768
      vertex 72.00936149069675 12.79500000178814 3.999999997019768
    endloop
  endfacet
  facet normal 0 -0.7071067767962509 0.7071067855768444
    outer loop
      vertex 72.00936149069675 12.195000000298023 3.4000000029802324
      vertex 74.9892040403325 12.195000000298023 3.4000000029802324
      vertex 75.29172213837735 12.79500000178814 3.999999997019768
    endloop
  endfacet
  facet normal 1.6147773694068643e-14 -0.707106776796255 0.7071067855768401
    outer loop
      vertex 74.9892040403325 12.195000000298023 3.4000000029802324
      vertex 75.07805517218026 12.343239158088029 3.5482391589294577
      vertex 75.29172213837735 12.79500000178814 3.999999997019768
    endloop
  endfacet
  facet normal 0 0 1
    outer loop
      vertex 72.00936149069675 12.79500000178814 3.999999997019768
      vertex 75.29172213837735 12.79500000178814 3.999999997019768
      vertex 72.00936149069675 14.5 3.999999997019768
    endloop
  endfacet
  facet normal 0 0 1
    outer loop
      vertex 72.00936149069675 14.5 3.999999997019768
      vertex 75.29172213837735 12.79500000178814 3.999999997019768
      vertex 75.58155439013544 13.407798811618923 3.999999997019768
    endloop
  endfacet
  facet normal 0 0 1
    outer loop
      vertex 72.00936149069675 14.5 3.999999997019768
      vertex 75.58155439013544 13.407798811618923 3.999999997019768
      vertex 75.97235022416471 14.5 3.999999997019768
    endloop
  endfacet
  facet normal 0 0 -1
    outer loop
      vertex 72.01936149069674 12.594999998807907 -2.9802320611338473e-9
      vertex 72.00936149069675 23.405000001192093 -2.9802320611338473e-9
      vertex 73.37737046502538 17.754121907152605 -2.9802320611338473e-9
    endloop
  endfacet
  facet normal 0 0 -1
    outer loop
      vertex 72.00936149069675 23.405000001192093 -2.9802320611338473e-9
      vertex 73.345 18 -2.9802320611338473e-9
      vertex 73.37737046502538 17.754121907152605 -2.9802320611338473e-9
    endloop
  endfacet
  facet normal 0 0 -1
    outer loop
      vertex 72.00936149069675 23.405000001192093 -2.9802320611338473e-9
      vertex 73.37737046502538 18.245878092847395 -2.9802320611338473e-9
      vertex 73.345 18 -2.9802320611338473e-9
    endloop
  endfacet
  facet normal 0 0 -1
    outer loop
      vertex 72.00936149069675 23.405000001192093 -2.9802320611338473e-9
      vertex 73.47227586640479 18.475 -2.9802320611338473e-9
      vertex 73.37737046502538 18.245878092847395 -2.9802320611338473e-9
    endloop
  endfacet
  facet normal 0 0 -1
    outer loop
      vertex 76.26442336483876 15.65891613580646 -2.9802320611338473e-9
      vertex 74.96675144212722 17.32824855787278 -2.9802320611338473e-9
      vertex 75.11772413359522 17.525 -2.9802320611338473e-9
    endloop
  endfacet
  facet normal 0 0 -1
    outer loop
      vertex 76.26442336483876 15.65891613580646 -2.9802320611338473e-9
      vertex 75.21262953497461 17.754121907152605 -2.9802320611338473e-9
      vertex 76.43721672006636 16.823794316045273 -2.9802320611338473e-9
    endloop
  endfacet
  facet normal 0 0 -1
    outer loop
      vertex 76.26442336483876 15.65891613580646 -2.9802320611338473e-9
      vertex 75.11772413359522 17.525 -2.9802320611338473e-9
      vertex 75.21262953497461 17.754121907152605 -2.9802320611338473e-9
    endloop
  endfacet
  facet normal 0 0 -1
    outer loop
      vertex 76.43721672006636 16.823794316045273 -2.9802320611338473e-9
      vertex 75.21262953497461 17.754121907152605 -2.9802320611338473e-9
      vertex 75.245 18 -2.9802320611338473e-9
    endloop
  endfacet
  facet normal 0 0 -1
    outer loop
      vertex 76.43721672006636 16.823794316045273 -2.9802320611338473e-9
      vertex 75.245 18 -2.9802320611338473e-9
      vertex 75.21262953497461 18.245878092847395 -2.9802320611338473e-9
    endloop
  endfacet
  facet normal 0 0 -1
    outer loop
      vertex 76.43721672006636 16.823794316045273 -2.9802320611338473e-9
      vertex 75.21262953497461 18.245878092847395 -2.9802320611338473e-9
      vertex 75.11772413359522 18.475 -2.9802320611338473e-9
    endloop
  endfacet
  facet normal 0 0 -1
    outer loop
      vertex 76.43721672006636 16.823794316045273 -2.9802320611338473e-9
      vertex 75.11772413359522 18.475 -2.9802320611338473e-9
      vertex 74.96675144212722 18.67175144212722 -2.9802320611338473e-9
    endloop
  endfacet
  facet normal 0 0 -1
    outer loop
      vertex 72.00936149069675 23.405000001192093 -2.9802320611338473e-9
      vertex 76.495 18 -2.9802320611338473e-9
      vertex 76.43721672006636 16.823794316045273 -2.9802320611338473e-9
    endloop
  endfacet
  facet normal 0 0 -1
    outer loop
      vertex 72.00936149069675 23.405000001192093 -2.9802320611338473e-9
      vertex 76.43721672006636 16.823794316045273 -2.9802320611338473e-9
      vertex 74.96675144212722 18.67175144212722 -2.9802320611338473e-9
    endloop
  endfacet
  facet normal 0 0 -1
    outer loop
      vertex 72.00936149069675 23.405000001192093 -2.9802320611338473e-9
      vertex 73.62324855787278 18.67175144212722 -2.9802320611338473e-9
      vertex 73.47227586640479 18.475 -2.9802320611338473e-9
    endloop
  endfacet
  facet normal 0 0 -1
    outer loop
      vertex 72.00936149069675 23.405000001192093 -2.9802320611338473e-9
      vertex 73.82000000000001 18.822724133595216 -2.9802320611338473e-9
      vertex 73.62324855787278 18.67175144212722 -2.9802320611338473e-9
    endloop
  endfacet
  facet normal 0 0 -1
    outer loop
      vertex 72.00936149069675 23.405000001192093 -2.9802320611338473e-9
      vertex 74.04912190715261 18.917629534974616 -2.9802320611338473e-9
      vertex 73.82000000000001 18.822724133595216 -2.9802320611338473e-9
    endloop
  endfacet
  facet normal 0 0 -1
    outer loop
      vertex 72.00936149069675 23.405000001192093 -2.9802320611338473e-9
      vertex 74.295 18.95 -2.9802320611338473e-9
      vertex 74.04912190715261 18.917629534974616 -2.9802320611338473e-9
    endloop
  endfacet
  facet normal 0 0 -1
    outer loop
      vertex 72.00936149069675 23.405000001192093 -2.9802320611338473e-9
      vertex 74.5408780928474 18.917629534974616 -2.9802320611338473e-9
      vertex 74.295 18.95 -2.9802320611338473e-9
    endloop
  endfacet
  facet normal 0 0 -1
    outer loop
      vertex 72.00936149069675 23.405000001192093 -2.9802320611338473e-9
      vertex 74.77 18.822724133595216 -2.9802320611338473e-9
      vertex 74.5408780928474 18.917629534974616 -2.9802320611338473e-9
    endloop
  endfacet
  facet normal 0 0.7071067877719925 -0.7071067746011024
    outer loop
      vertex 72.00936149069675 23.405000001192093 -2.9802320611338473e-9
      vertex 72.00936149069675 23.804999999701977 0.4000000029802324
      vertex 75.19712918178955 23.405000001192093 -2.9802320611338473e-9
    endloop
  endfacet
  facet normal 0 0 -1
    outer loop
      vertex 72.00936149069675 23.405000001192093 -2.9802320611338473e-9
      vertex 74.96675144212722 18.67175144212722 -2.9802320611338473e-9
      vertex 74.77 18.822724133595216 -2.9802320611338473e-9
    endloop
  endfacet
  facet normal 0 0 -1
    outer loop
      vertex 72.00936149069675 23.405000001192093 -2.9802320611338473e-9
      vertex 76.43721672006636 19.176205683954727 -2.9802320611338473e-9
      vertex 76.495 18 -2.9802320611338473e-9
    endloop
  endfacet
  facet normal 0 0 -1
    outer loop
      vertex 72.00936149069675 23.405000001192093 -2.9802320611338473e-9
      vertex 76.26442336483876 20.34108386419354 -2.9802320611338473e-9
      vertex 76.43721672006636 19.176205683954727 -2.9802320611338473e-9
    endloop
  endfacet
  facet normal 0 0 -1
    outer loop
      vertex 72.00936149069675 23.405000001192093 -2.9802320611338473e-9
      vertex 75.9782840287865 21.483416127053548 -2.9802320611338473e-9
      vertex 76.26442336483876 20.34108386419354 -2.9802320611338473e-9
    endloop
  endfacet
  facet normal 0 0 -1
    outer loop
      vertex 72.00936149069675 23.405000001192093 -2.9802320611338473e-9
      vertex 75.58155439013544 22.592201188381075 -2.9802320611338473e-9
      vertex 75.9782840287865 21.483416127053548 -2.9802320611338473e-9
    endloop
  endfacet
  facet normal 0 0 -1
    outer loop
      vertex 72.00936149069675 23.405000001192093 -2.9802320611338473e-9
      vertex 75.19712918178955 23.405000001192093 -2.9802320611338473e-9
      vertex 75.58155439013544 22.592201188381075 -2.9802320611338473e-9
    endloop
  endfacet
  facet normal 2.5104600802143572e-14 0.7071067877719991 -0.7071067746010959
    outer loop
      vertex 74.9892040403325 23.804999999701977 0.4000000029802324
      vertex 75.07805517218026 23.65676084191197 0.25176084242905805
      vertex 75.19712918178955 23.405000001192093 -2.9802320611338473e-9
    endloop
  endfacet
  facet normal 0 0.7071067877719925 -0.7071067746011025
    outer loop
      vertex 72.00936149069675 23.804999999701977 0.4000000029802324
      vertex 74.9892040403325 23.804999999701977 0.4000000029802324
      vertex 75.19712918178955 23.405000001192093 -2.9802320611338473e-9
    endloop
  endfacet
  facet normal 0 1 0
    outer loop
      vertex 72.00936149069675 23.804999999701977 0.4000000029802324
      vertex 72.00936149069675 23.804999999701977 3.4000000029802324
      vertex 74.9892040403325 23.804999999701977 0.4000000029802324
    endloop
  endfacet
  facet normal 0 1 0
    outer loop
      vertex 72.00936149069675 23.804999999701977 3.4000000029802324
      vertex 74.9892040403325 23.804999999701977 3.4000000029802324
      vertex 74.9892040403325 23.804999999701977 0.4000000029802324
    endloop
  endfacet
  facet normal 0 0 1
    outer loop
      vertex 72.00936149069675 21.5 3.999999997019768
      vertex 75.58155439013544 22.592201188381075 3.999999997019768
      vertex 72.00936149069675 23.20499999821186 3.999999997019768
    endloop
  endfacet
  facet normal 7.477681721607827e-17 0.7071067767962508 0.7071067855768443
    outer loop
      vertex 72.00936149069675 23.804999999701977 3.4000000029802324
      vertex 72.00936149069675 23.20499999821186 3.999999997019768
      vertex 75.07805517218026 23.65676084191197 3.5482391589294577
    endloop
  endfacet
  facet normal 0 0 1
    outer loop
      vertex 72.00936149069675 21.5 3.999999997019768
      vertex 75.97235022416471 21.5 3.999999997019768
      vertex 75.58155439013544 22.592201188381075 3.999999997019768
    endloop
  endfacet
  facet normal 0 0.70710677679625 0.707106785576845
    outer loop
      vertex 72.00936149069675 23.804999999701977 3.4000000029802324
      vertex 75.07805517218026 23.65676084191197 3.5482391589294577
      vertex 74.9892040403325 23.804999999701977 3.4000000029802324
    endloop
  endfacet
  facet normal 0 0 1
    outer loop
      vertex 72.00936149069675 23.20499999821186 3.999999997019768
      vertex 75.58155439013544 22.592201188381075 3.999999997019768
      vertex 75.29172213837735 23.20499999821186 3.999999997019768
    endloop
  endfacet
  facet normal 0 0.707106776796251 0.7071067855768439
    outer loop
      vertex 72.00936149069675 23.20499999821186 3.999999997019768
      vertex 75.29172213837735 23.20499999821186 3.999999997019768
      vertex 75.07805517218026 23.65676084191197 3.5482391589294577
    endloop
  endfacet
  facet normal -2.949247181030692e-14 -0.7071067877721711 -0.707106774600924
    outer loop
      vertex 72.01936149069674 -5.405000001192093 -2.9802320611338473e-9
      vertex 75.07805517218026 -5.6567608419119715 0.25176084242905716
      vertex 72.01936149069674 -5.405802305646705 0.0008023014893243641
    endloop
  endfacet
  facet normal 0 -0.7071067877719922 -0.7071067746011028
    outer loop
      vertex 72.00936149069675 -5.804999999701977 0.4000000029802324
      vertex 72.01936149069674 -5.405802305646705 0.0008023014893243641
      vertex 74.9892040403325 -5.804999999701977 0.4000000029802324
    endloop
  endfacet
  facet normal 0 0 -1
    outer loop
      vertex 72.01936149069674 -5.405000001192093 -2.9802320611338473e-9
      vertex 74.04912190715261 -0.9176295349746149 -2.9802320611338473e-9
      vertex 75.19712918178955 -5.405000001192093 -2.9802320611338473e-9
    endloop
  endfacet
  facet normal 0 0 -1
    outer loop
      vertex 72.01936149069674 -5.405000001192093 -2.9802320611338473e-9
      vertex 73.62324855787278 -0.6717514421272202 -2.9802320611338473e-9
      vertex 73.82000000000001 -0.8227241335952167 -2.9802320611338473e-9
    endloop
  endfacet
  facet normal 0 0 -1
    outer loop
      vertex 72.01936149069674 -5.405000001192093 -2.9802320611338473e-9
      vertex 73.47227586640479 -0.475 -2.9802320611338473e-9
      vertex 73.62324855787278 -0.6717514421272202 -2.9802320611338473e-9
    endloop
  endfacet
  facet normal 0 0 -1
    outer loop
      vertex 72.01936149069674 -5.405000001192093 -2.9802320611338473e-9
      vertex 73.82000000000001 -0.8227241335952167 -2.9802320611338473e-9
      vertex 74.04912190715261 -0.9176295349746149 -2.9802320611338473e-9
    endloop
  endfacet
  facet normal 0 -0.7071067877719918 -0.707106774601103
    outer loop
      vertex 72.01936149069674 -5.405000001192093 -2.9802320611338473e-9
      vertex 75.19712918178955 -5.405000001192093 -2.9802320611338473e-9
      vertex 75.07805517218026 -5.6567608419119715 0.25176084242905716
    endloop
  endfacet
  facet normal -3.5697291890241027e-16 -0.7071067877719935 -0.7071067746011015
    outer loop
      vertex 72.01936149069674 -5.405802305646705 0.0008023014893243641
      vertex 75.07805517218026 -5.6567608419119715 0.25176084242905716
      vertex 74.9892040403325 -5.804999999701977 0.4000000029802324
    endloop
  endfacet
  facet normal 0 0 -1
    outer loop
      vertex 75.19712918178955 -5.405000001192093 -2.9802320611338473e-9
      vertex 74.04912190715261 -0.9176295349746149 -2.9802320611338473e-9
      vertex 75.58155439013544 -4.592201188381077 -2.9802320611338473e-9
    endloop
  endfacet
  facet normal 0 0 -1
    outer loop
      vertex 75.58155439013544 -4.592201188381077 -2.9802320611338473e-9
      vertex 74.04912190715261 -0.9176295349746149 -2.9802320611338473e-9
      vertex 74.295 -0.95 -2.9802320611338473e-9
    endloop
  endfacet
  facet normal 0 0 -1
    outer loop
      vertex 75.58155439013544 -4.592201188381077 -2.9802320611338473e-9
      vertex 74.295 -0.95 -2.9802320611338473e-9
      vertex 75.9782840287865 -3.483416127053548 -2.9802320611338473e-9
    endloop
  endfacet
  facet normal 0 0 -1
    outer loop
      vertex 75.9782840287865 -3.483416127053548 -2.9802320611338473e-9
      vertex 74.96675144212722 -0.6717514421272202 -2.9802320611338473e-9
      vertex 76.26442336483876 -2.341083864193539 -2.9802320611338473e-9
    endloop
  endfacet
  facet normal 0 -1 0
    outer loop
      vertex 72.00936149069675 -5.804999999701977 0.4000000029802324
      vertex 74.9892040403325 -5.804999999701977 0.4000000029802324
      vertex 74.9892040403325 -5.804999999701977 3.4000000029802324
    endloop
  endfacet
  facet normal 0 0 -1
    outer loop
      vertex 72.00936149069675 -5.405000001192093 -2.9802320611338473e-9
      vertex 72.00936149069675 5.405000001192093 -2.9802320611338473e-9
      vertex 72.01936149069674 -5.405000001192093 -2.9802320611338473e-9
    endloop
  endfacet
  facet normal 0 0 -1
    outer loop
      vertex 72.01936149069674 -5.405000001192093 -2.9802320611338473e-9
      vertex 73.37737046502538 -0.2458780928473947 -2.9802320611338473e-9
      vertex 73.47227586640479 -0.475 -2.9802320611338473e-9
    endloop
  endfacet
  facet normal 0 0 -1
    outer loop
      vertex 72.01936149069674 -5.405000001192093 -2.9802320611338473e-9
      vertex 72.00936149069675 5.405000001192093 -2.9802320611338473e-9
      vertex 73.37737046502538 -0.2458780928473947 -2.9802320611338473e-9
    endloop
  endfacet
  facet normal 0 0 -1
    outer loop
      vertex 75.9782840287865 -3.483416127053548 -2.9802320611338473e-9
      vertex 74.295 -0.95 -2.9802320611338473e-9
      vertex 74.5408780928474 -0.9176295349746149 -2.9802320611338473e-9
    endloop
  endfacet
  facet normal 0 0 -1
    outer loop
      vertex 75.9782840287865 -3.483416127053548 -2.9802320611338473e-9
      vertex 74.5408780928474 -0.9176295349746149 -2.9802320611338473e-9
      vertex 74.77 -0.8227241335952167 -2.9802320611338473e-9
    endloop
  endfacet
  facet normal 0 0 -1
    outer loop
      vertex 75.9782840287865 -3.483416127053548 -2.9802320611338473e-9
      vertex 74.77 -0.8227241335952167 -2.9802320611338473e-9
      vertex 74.96675144212722 -0.6717514421272202 -2.9802320611338473e-9
    endloop
  endfacet
  facet normal 0 0 -1
    outer loop
      vertex 76.26442336483876 -2.341083864193539 -2.9802320611338473e-9
      vertex 75.21262953497461 -0.2458780928473947 -2.9802320611338473e-9
      vertex 76.43721672006636 -1.1762056839547272 -2.9802320611338473e-9
    endloop
  endfacet
  facet normal 0 0 -1
    outer loop
      vertex 76.26442336483876 -2.341083864193539 -2.9802320611338473e-9
      vertex 74.96675144212722 -0.6717514421272202 -2.9802320611338473e-9
      vertex 75.11772413359522 -0.475 -2.9802320611338473e-9
    endloop
  endfacet
  facet normal 0 0 -1
    outer loop
      vertex 76.26442336483876 -2.341083864193539 -2.9802320611338473e-9
      vertex 75.11772413359522 -0.475 -2.9802320611338473e-9
      vertex 75.21262953497461 -0.2458780928473947 -2.9802320611338473e-9
    endloop
  endfacet
  facet normal 0 0 -1
    outer loop
      vertex 76.43721672006636 -1.1762056839547272 -2.9802320611338473e-9
      vertex 75.21262953497461 -0.2458780928473947 -2.9802320611338473e-9
      vertex 75.245 0 -2.9802320611338473e-9
    endloop
  endfacet
  facet normal 0 0 -1
    outer loop
      vertex 76.43721672006636 -1.1762056839547272 -2.9802320611338473e-9
      vertex 75.245 0 -2.9802320611338473e-9
      vertex 75.21262953497461 0.2458780928473947 -2.9802320611338473e-9
    endloop
  endfacet
  facet normal 0 0 -1
    outer loop
      vertex 76.43721672006636 -1.1762056839547272 -2.9802320611338473e-9
      vertex 75.21262953497461 0.2458780928473947 -2.9802320611338473e-9
      vertex 75.11772413359522 0.475 -2.9802320611338473e-9
    endloop
  endfacet
  facet normal 0 0 -1
    outer loop
      vertex 76.43721672006636 -1.1762056839547272 -2.9802320611338473e-9
      vertex 75.11772413359522 0.475 -2.9802320611338473e-9
      vertex 74.96675144212722 0.6717514421272202 -2.9802320611338473e-9
    endloop
  endfacet
  facet normal 0 0 -1
    outer loop
      vertex 72.00936149069675 5.405000001192093 -2.9802320611338473e-9
      vertex 76.495 0 -2.9802320611338473e-9
      vertex 76.43721672006636 -1.1762056839547272 -2.9802320611338473e-9
    endloop
  endfacet
  facet normal 0 -1 0
    outer loop
      vertex 72.00936149069675 -5.804999999701977 0.4000000029802324
      vertex 74.9892040403325 -5.804999999701977 3.4000000029802324
      vertex 72.00936149069675 -5.804999999701977 3.4000000029802324
    endloop
  endfacet
  facet normal 0 -0.7071067767962508 0.7071067855768443
    outer loop
      vertex 72.00936149069675 -5.804999999701977 3.4000000029802324
      vertex 75.29172213837735 -5.204999998211861 3.999999997019768
      vertex 72.00936149069675 -5.204999998211861 3.999999997019768
    endloop
  endfacet
  facet normal 0 0 1
    outer loop
      vertex 72.00936149069675 -5.204999998211861 3.999999997019768
      vertex 75.29172213837735 -5.204999998211861 3.999999997019768
      vertex 72.00936149069675 -3.5 3.999999997019768
    endloop
  endfacet
  facet normal 0 -0.7071067767962509 0.7071067855768444
    outer loop
      vertex 72.00936149069675 -5.804999999701977 3.4000000029802324
      vertex 74.9892040403325 -5.804999999701977 3.4000000029802324
      vertex 75.29172213837735 -5.204999998211861 3.999999997019768
    endloop
  endfacet
  facet normal 1.6147773694068643e-14 -0.707106776796255 0.7071067855768401
    outer loop
      vertex 74.9892040403325 -5.804999999701977 3.4000000029802324
      vertex 75.07805517218026 -5.6567608419119715 3.5482391589294577
      vertex 75.29172213837735 -5.204999998211861 3.999999997019768
    endloop
  endfacet
  facet normal 0 0 1
    outer loop
      vertex 72.00936149069675 -3.5 3.999999997019768
      vertex 75.29172213837735 -5.204999998211861 3.999999997019768
      vertex 75.58155439013544 -4.592201188381077 3.999999997019768
    endloop
  endfacet
  facet normal 0 0 1
    outer loop
      vertex 72.00936149069675 -3.5 3.999999997019768
      vertex 75.58155439013544 -4.592201188381077 3.999999997019768
      vertex 75.97235022416471 -3.5 3.999999997019768
    endloop
  endfacet
  facet normal 0 0 -1
    outer loop
      vertex 72.00936149069675 5.405000001192093 -2.9802320611338473e-9
      vertex 73.345 0 -2.9802320611338473e-9
      vertex 73.37737046502538 -0.2458780928473947 -2.9802320611338473e-9
    endloop
  endfacet
  facet normal 0 0 -1
    outer loop
      vertex 72.00936149069675 5.405000001192093 -2.9802320611338473e-9
      vertex 73.37737046502538 0.2458780928473947 -2.9802320611338473e-9
      vertex 73.345 0 -2.9802320611338473e-9
    endloop
  endfacet
  facet normal 0 0 -1
    outer loop
      vertex 72.00936149069675 5.405000001192093 -2.9802320611338473e-9
      vertex 73.47227586640479 0.475 -2.9802320611338473e-9
      vertex 73.37737046502538 0.2458780928473947 -2.9802320611338473e-9
    endloop
  endfacet
  facet normal 0 0 -1
    outer loop
      vertex 72.00936149069675 5.405000001192093 -2.9802320611338473e-9
      vertex 73.62324855787278 0.6717514421272202 -2.9802320611338473e-9
      vertex 73.47227586640479 0.475 -2.9802320611338473e-9
    endloop
  endfacet
  facet normal 0 0 -1
    outer loop
      vertex 72.00936149069675 5.405000001192093 -2.9802320611338473e-9
      vertex 73.82000000000001 0.8227241335952167 -2.9802320611338473e-9
      vertex 73.62324855787278 0.6717514421272202 -2.9802320611338473e-9
    endloop
  endfacet
  facet normal 0 0 -1
    outer loop
      vertex 72.00936149069675 5.405000001192093 -2.9802320611338473e-9
      vertex 74.04912190715261 0.9176295349746149 -2.9802320611338473e-9
      vertex 73.82000000000001 0.8227241335952167 -2.9802320611338473e-9
    endloop
  endfacet
  facet normal 0 0 -1
    outer loop
      vertex 72.00936149069675 5.405000001192093 -2.9802320611338473e-9
      vertex 74.295 0.95 -2.9802320611338473e-9
      vertex 74.04912190715261 0.9176295349746149 -2.9802320611338473e-9
    endloop
  endfacet
  facet normal 0 0 -1
    outer loop
      vertex 72.00936149069675 5.405000001192093 -2.9802320611338473e-9
      vertex 74.77 0.8227241335952167 -2.9802320611338473e-9
      vertex 74.5408780928474 0.9176295349746149 -2.9802320611338473e-9
    endloop
  endfacet
  facet normal 0 0 -1
    outer loop
      vertex 72.00936149069675 5.405000001192093 -2.9802320611338473e-9
      vertex 74.5408780928474 0.9176295349746149 -2.9802320611338473e-9
      vertex 74.295 0.95 -2.9802320611338473e-9
    endloop
  endfacet
  facet normal 0 0 -1
    outer loop
      vertex 72.00936149069675 5.405000001192093 -2.9802320611338473e-9
      vertex 76.43721672006636 -1.1762056839547272 -2.9802320611338473e-9
      vertex 74.96675144212722 0.6717514421272202 -2.9802320611338473e-9
    endloop
  endfacet
  facet normal 0 0 -1
    outer loop
      vertex 72.00936149069675 5.405000001192093 -2.9802320611338473e-9
      vertex 74.96675144212722 0.6717514421272202 -2.9802320611338473e-9
      vertex 74.77 0.8227241335952167 -2.9802320611338473e-9
    endloop
  endfacet
  facet normal 0 0 -1
    outer loop
      vertex 72.00936149069675 5.405000001192093 -2.9802320611338473e-9
      vertex 76.43721672006636 1.1762056839547272 -2.9802320611338473e-9
      vertex 76.495 0 -2.9802320611338473e-9
    endloop
  endfacet
  facet normal 0 0 -1
    outer loop
      vertex 72.00936149069675 5.405000001192093 -2.9802320611338473e-9
      vertex 76.26442336483876 2.341083864193539 -2.9802320611338473e-9
      vertex 76.43721672006636 1.1762056839547272 -2.9802320611338473e-9
    endloop
  endfacet
  facet normal 0 0 -1
    outer loop
      vertex 72.00936149069675 5.405000001192093 -2.9802320611338473e-9
      vertex 75.9782840287865 3.483416127053548 -2.9802320611338473e-9
      vertex 76.26442336483876 2.341083864193539 -2.9802320611338473e-9
    endloop
  endfacet
  facet normal 0 0 -1
    outer loop
      vertex 72.00936149069675 5.405000001192093 -2.9802320611338473e-9
      vertex 75.58155439013544 4.592201188381077 -2.9802320611338473e-9
      vertex 75.9782840287865 3.483416127053548 -2.9802320611338473e-9
    endloop
  endfacet
  facet normal 0 0 -1
    outer loop
      vertex 72.00936149069675 5.405000001192093 -2.9802320611338473e-9
      vertex 75.19712918178955 5.405000001192093 -2.9802320611338473e-9
      vertex 75.58155439013544 4.592201188381077 -2.9802320611338473e-9
    endloop
  endfacet
  facet normal 0 0.7071067877719925 -0.7071067746011024
    outer loop
      vertex 72.00936149069675 5.405000001192093 -2.9802320611338473e-9
      vertex 72.00936149069675 5.804999999701977 0.4000000029802324
      vertex 75.19712918178955 5.405000001192093 -2.9802320611338473e-9
    endloop
  endfacet
  facet normal 2.5104600802143572e-14 0.7071067877719991 -0.7071067746010959
    outer loop
      vertex 74.9892040403325 5.804999999701977 0.4000000029802324
      vertex 75.07805517218026 5.6567608419119715 0.25176084242905805
      vertex 75.19712918178955 5.405000001192093 -2.9802320611338473e-9
    endloop
  endfacet
  facet normal 0 0.7071067877719925 -0.7071067746011025
    outer loop
      vertex 72.00936149069675 5.804999999701977 0.4000000029802324
      vertex 74.9892040403325 5.804999999701977 0.4000000029802324
      vertex 75.19712918178955 5.405000001192093 -2.9802320611338473e-9
    endloop
  endfacet
  facet normal 0 1 0
    outer loop
      vertex 72.00936149069675 5.804999999701977 0.4000000029802324
      vertex 72.00936149069675 5.804999999701977 3.4000000029802324
      vertex 74.9892040403325 5.804999999701977 0.4000000029802324
    endloop
  endfacet
  facet normal 0 0 1
    outer loop
      vertex 72.00936149069675 3.5 3.999999997019768
      vertex 75.58155439013544 4.592201188381077 3.999999997019768
      vertex 72.00936149069675 5.204999998211861 3.999999997019768
    endloop
  endfacet
  facet normal 0 0 1
    outer loop
      vertex 72.00936149069675 3.5 3.999999997019768
      vertex 75.97235022416471 3.5 3.999999997019768
      vertex 75.58155439013544 4.592201188381077 3.999999997019768
    endloop
  endfacet
  facet normal 0 0 1
    outer loop
      vertex 72.00936149069675 5.204999998211861 3.999999997019768
      vertex 75.58155439013544 4.592201188381077 3.999999997019768
      vertex 75.29172213837735 5.204999998211861 3.999999997019768
    endloop
  endfacet
  facet normal 0 1 0
    outer loop
      vertex 72.00936149069675 5.804999999701977 3.4000000029802324
      vertex 74.9892040403325 5.804999999701977 3.4000000029802324
      vertex 74.9892040403325 5.804999999701977 0.4000000029802324
    endloop
  endfacet
  facet normal 7.477681721607827e-17 0.7071067767962508 0.7071067855768443
    outer loop
      vertex 72.00936149069675 5.804999999701977 3.4000000029802324
      vertex 72.00936149069675 5.204999998211861 3.999999997019768
      vertex 75.07805517218026 5.6567608419119715 3.5482391589294577
    endloop
  endfacet
  facet normal 0 0.70710677679625 0.707106785576845
    outer loop
      vertex 72.00936149069675 5.804999999701977 3.4000000029802324
      vertex 75.07805517218026 5.6567608419119715 3.5482391589294577
      vertex 74.9892040403325 5.804999999701977 3.4000000029802324
    endloop
  endfacet
  facet normal 0 0.707106776796251 0.7071067855768439
    outer loop
      vertex 72.00936149069675 5.204999998211861 3.999999997019768
      vertex 75.29172213837735 5.204999998211861 3.999999997019768
      vertex 75.07805517218026 5.6567608419119715 3.5482391589294577
    endloop
  endfacet
  facet normal 0 0 -1
    outer loop
      vertex 68 14.5 4.000000000000001
      vertex 68 21.5 4.000000000000001
      vertex 71.50936149069675 14.5 4.000000000000001
    endloop
  endfacet
  facet normal 0 0 -1
    outer loop
      vertex 71.50936149069675 14.5 4.000000000000001
      vertex 68 21.5 4.000000000000001
      vertex 71.50936149069675 21.5 4.000000000000001
    endloop
  endfacet
  facet normal 0 -1 0
    outer loop
      vertex 68 14.5 4.000000000000001
      vertex 71.50936149069675 14.5 4.000000000000001
      vertex 71.50936149069675 14.5 8.2
    endloop
  endfacet
  facet normal 0 -1 0
    outer loop
      vertex 68 14.5 4.000000000000001
      vertex 71.50936149069675 14.5 8.2
      vertex 68 14.5 8.2
    endloop
  endfacet
  facet normal 0 0 1
    outer loop
      vertex 68 14.5 8.2
      vertex 71.50936149069675 14.5 8.2
      vertex 71.50936149069675 14.519889971571558 8.2
    endloop
  endfacet
  facet normal -1 0 0
    outer loop
      vertex 68 14.5 4.000000000000001
      vertex 68 21.5 8.2
      vertex 68 21.5 4.000000000000001
    endloop
  endfacet
  facet normal 0 1 0
    outer loop
      vertex 68 21.5 4.000000000000001
      vertex 68 21.5 8.2
      vertex 71.50936149069675 21.5 4.000000000000001
    endloop
  endfacet
  facet normal -1 0 0
    outer loop
      vertex 68 14.5 4.000000000000001
      vertex 68 14.5 8.2
      vertex 68 21.5 8.2
    endloop
  endfacet
  facet normal 0 0 1
    outer loop
      vertex 68 14.5 8.2
      vertex 71.50936149069675 14.519889971571558 8.2
      vertex 68 21.5 8.2
    endloop
  endfacet
  facet normal 0 0 1
    outer loop
      vertex 71.50936149069675 14.519889971571558 8.2
      vertex 71.51936149069674 21.487239407066053 8.2
      vertex 68 21.5 8.2
    endloop
  endfacet
  facet normal 0 1 0
    outer loop
      vertex 71.50936149069675 21.5 4.000000000000001
      vertex 68 21.5 8.2
      vertex 71.50936149069675 21.5 8.2
    endloop
  endfacet
  facet normal 0 0 1
    outer loop
      vertex 68 21.5 8.2
      vertex 71.51936149069674 21.487239407066053 8.2
      vertex 71.50936149069675 21.5 8.2
    endloop
  endfacet
  facet normal 0 0 -1
    outer loop
      vertex 68 -3.5 4.000000000000001
      vertex 68 3.5 4.000000000000001
      vertex 71.50936149069675 -3.5 4.000000000000001
    endloop
  endfacet
  facet normal 0 0 -1
    outer loop
      vertex 71.50936149069675 -3.5 4.000000000000001
      vertex 68 3.5 4.000000000000001
      vertex 71.50936149069675 3.5 4.000000000000001
    endloop
  endfacet
  facet normal -1 0 0
    outer loop
      vertex 68 -3.5 4.000000000000001
      vertex 68 3.5 8.2
      vertex 68 3.5 4.000000000000001
    endloop
  endfacet
  facet normal 0 -1 0
    outer loop
      vertex 68 -3.5 4.000000000000001
      vertex 71.50936149069675 -3.5 4.000000000000001
      vertex 71.50936149069675 -3.5 8.2
    endloop
  endfacet
  facet normal -1 0 0
    outer loop
      vertex 68 -3.5 4.000000000000001
      vertex 68 -3.5 8.2
      vertex 68 3.5 8.2
    endloop
  endfacet
  facet normal 0 -1 0
    outer loop
      vertex 68 -3.5 4.000000000000001
      vertex 71.50936149069675 -3.5 8.2
      vertex 68 -3.5 8.2
    endloop
  endfacet
  facet normal 0 0 1
    outer loop
      vertex 68 -3.5 8.2
      vertex 71.50936149069675 -3.5 8.2
      vertex 71.50936149069675 -3.4801100284284407 8.2
    endloop
  endfacet
  facet normal 0 0 1
    outer loop
      vertex 68 -3.5 8.2
      vertex 71.50936149069675 -3.4801100284284407 8.2
      vertex 68 3.5 8.2
    endloop
  endfacet
  facet normal 0 0 1
    outer loop
      vertex 71.50936149069675 -3.4801100284284407 8.2
      vertex 71.51936149069674 3.487239407066054 8.2
      vertex 68 3.5 8.2
    endloop
  endfacet
  facet normal 0 1 0
    outer loop
      vertex 68 3.5 4.000000000000001
      vertex 68 3.5 8.2
      vertex 71.50936149069675 3.5 4.000000000000001
    endloop
  endfacet
  facet normal 0 1 0
    outer loop
      vertex 71.50936149069675 3.5 4.000000000000001
      vertex 68 3.5 8.2
      vertex 71.50936149069675 3.5 8.2
    endloop
  endfacet
  facet normal 0 0 1
    outer loop
      vertex 68 3.5 8.2
      vertex 71.51936149069674 3.487239407066054 8.2
      vertex 71.50936149069675 3.5 8.2
    endloop
  endfacet
  facet normal 0 -1 0
    outer loop
      vertex 71.50936149069675 14.5 3.8000000000000016
      vertex 71.80936149367697 14.5 3.8000000000000016
      vertex 72.00936149069675 14.5 3.999999997019768
    endloop
  endfacet
  facet normal 0 0 -1
    outer loop
      vertex 71.50936149069675 14.5 3.8000000000000016
      vertex 71.80936149367697 21.5 3.8000000000000016
      vertex 71.80936149367697 14.5 3.8000000000000016
    endloop
  endfacet
  facet normal -1 0 0
    outer loop
      vertex 71.50936149069675 14.5 3.8000000000000016
      vertex 71.50936149069675 14.5 4.000000000000001
      vertex 71.50936149069675 21.5 3.8000000000000016
    endloop
  endfacet
  facet normal 0 0 -1
    outer loop
      vertex 71.50936149069675 14.5 3.8000000000000016
      vertex 71.50936149069675 21.5 3.8000000000000016
      vertex 71.80936149367697 21.5 3.8000000000000016
    endloop
  endfacet
  facet normal -1 0 0
    outer loop
      vertex 71.50936149069675 14.5 4.000000000000001
      vertex 71.50936149069675 21.5 4.000000000000001
      vertex 71.50936149069675 21.5 3.8000000000000016
    endloop
  endfacet
  facet normal 0 1 0
    outer loop
      vertex 71.50936149069675 21.5 3.8000000000000016
      vertex 71.50936149069675 21.5 4.000000000000001
      vertex 71.80936149367697 21.5 3.8000000000000016
    endloop
  endfacet
  facet normal 0 1 0
    outer loop
      vertex 71.50936149069675 21.5 4.000000000000001
      vertex 72.00936149069675 21.5 3.999999997019768
      vertex 71.80936149367697 21.5 3.8000000000000016
    endloop
  endfacet
  facet normal 0 -1 0
    outer loop
      vertex 71.50936149069675 14.5 3.8000000000000016
      vertex 75.97235022416471 14.5 8.2
      vertex 71.50936149069675 14.5 4.000000000000001
    endloop
  endfacet
  facet normal 0 -1 0
    outer loop
      vertex 71.50936149069675 14.5 3.8000000000000016
      vertex 72.00936149069675 14.5 3.999999997019768
      vertex 75.97235022416471 14.5 8.2
    endloop
  endfacet
  facet normal 0 -1 0
    outer loop
      vertex 72.00936149069675 14.5 3.999999997019768
      vertex 75.97235022416471 14.5 3.999999997019768
      vertex 75.97235022416471 14.5 8.2
    endloop
  endfacet
  facet normal 0 -1 0
    outer loop
      vertex 71.50936149069675 14.5 4.000000000000001
      vertex 75.97235022416471 14.5 8.2
      vertex 71.50936149069675 14.5 8.2
    endloop
  endfacet
  facet normal 0 0 1
    outer loop
      vertex 71.50936149069675 14.5 8.2
      vertex 75.97235022416471 14.5 8.2
      vertex 71.50936149069675 14.519889971571558 8.2
    endloop
  endfacet
  facet normal 0 0 1
    outer loop
      vertex 71.50936149069675 14.519889971571558 8.2
      vertex 74.04912190715261 17.082370465025384 8.2
      vertex 73.82000000000001 17.177275866404784 8.2
    endloop
  endfacet
  facet normal 0 0 1
    outer loop
      vertex 71.50936149069675 14.519889971571558 8.2
      vertex 73.82000000000001 17.177275866404784 8.2
      vertex 73.62324855787278 17.32824855787278 8.2
    endloop
  endfacet
  facet normal 0 0 1
    outer loop
      vertex 71.50936149069675 14.519889971571558 8.2
      vertex 74.295 17.05 8.2
      vertex 74.04912190715261 17.082370465025384 8.2
    endloop
  endfacet
  facet normal 0 0 1
    outer loop
      vertex 71.50936149069675 14.519889971571558 8.2
      vertex 74.5408780928474 17.082370465025384 8.2
      vertex 74.295 17.05 8.2
    endloop
  endfacet
  facet normal 0 0 1
    outer loop
      vertex 71.50936149069675 14.519889971571558 8.2
      vertex 75.97235022416471 14.5 8.2
      vertex 75.9782840287865 14.516583872946452 8.2
    endloop
  endfacet
  facet normal 0 0 1
    outer loop
      vertex 71.50936149069675 14.519889971571558 8.2
      vertex 75.9782840287865 14.516583872946452 8.2
      vertex 75.6010004494689 15.5 8.2
    endloop
  endfacet
  facet normal 0 0 1
    outer loop
      vertex 75.9782840287865 14.516583872946452 8.2
      vertex 76.22461694505526 15.5 8.2
      vertex 75.6010004494689 15.5 8.2
    endloop
  endfacet
  facet normal 0 0 1
    outer loop
      vertex 71.50936149069675 14.519889971571558 8.2
      vertex 75.6010004494689 15.5 8.2
      vertex 75.495 16.60399298025783 8.2
    endloop
  endfacet
  facet normal 0 0 1
    outer loop
      vertex 71.50936149069675 14.519889971571558 8.2
      vertex 75.495 16.60399298025783 8.2
      vertex 74.5408780928474 17.082370465025384 8.2
    endloop
  endfacet
  facet normal 0 1 0
    outer loop
      vertex 71.50936149069675 21.5 4.000000000000001
      vertex 71.50936149069675 21.5 8.2
      vertex 72.00936149069675 21.5 3.999999997019768
    endloop
  endfacet
  facet normal 0 1 0
    outer loop
      vertex 72.00936149069675 21.5 3.999999997019768
      vertex 71.50936149069675 21.5 8.2
      vertex 75.97235022416471 21.5 3.999999997019768
    endloop
  endfacet
  facet normal 0 0 1
    outer loop
      vertex 71.50936149069675 14.519889971571558 8.2
      vertex 73.47227586640479 17.525 8.2
      vertex 73.37737046502538 17.754121907152605 8.2
    endloop
  endfacet
  facet normal 0 0 1
    outer loop
      vertex 71.50936149069675 14.519889971571558 8.2
      vertex 73.62324855787278 17.32824855787278 8.2
      vertex 73.47227586640479 17.525 8.2
    endloop
  endfacet
  facet normal 0 0 1
    outer loop
      vertex 71.50936149069675 14.519889971571558 8.2
      vertex 73.37737046502538 17.754121907152605 8.2
      vertex 71.51936149069674 21.487239407066053 8.2
    endloop
  endfacet
  facet normal 0 0 1
    outer loop
      vertex 71.51936149069674 21.487239407066053 8.2
      vertex 73.37737046502538 17.754121907152605 8.2
      vertex 73.345 18 8.2
    endloop
  endfacet
  facet normal 0 0 1
    outer loop
      vertex 71.51936149069674 21.487239407066053 8.2
      vertex 73.345 18 8.2
      vertex 73.37737046502538 18.245878092847395 8.2
    endloop
  endfacet
  facet normal 0 0 1
    outer loop
      vertex 71.51936149069674 21.487239407066053 8.2
      vertex 73.37737046502538 18.245878092847395 8.2
      vertex 73.47227586640479 18.475 8.2
    endloop
  endfacet
  facet normal 0 0 1
    outer loop
      vertex 71.51936149069674 21.487239407066053 8.2
      vertex 73.47227586640479 18.475 8.2
      vertex 73.62324855787278 18.67175144212722 8.2
    endloop
  endfacet
  facet normal 0 0 1
    outer loop
      vertex 71.51936149069674 21.487239407066053 8.2
      vertex 73.62324855787278 18.67175144212722 8.2
      vertex 73.82000000000001 18.822724133595216 8.2
    endloop
  endfacet
  facet normal 0 0 1
    outer loop
      vertex 71.51936149069674 21.487239407066053 8.2
      vertex 73.82000000000001 18.822724133595216 8.2
      vertex 74.04912190715261 18.917629534974616 8.2
    endloop
  endfacet
  facet normal 0 0 1
    outer loop
      vertex 71.51936149069674 21.487239407066053 8.2
      vertex 74.04912190715261 18.917629534974616 8.2
      vertex 74.295 18.95 8.2
    endloop
  endfacet
  facet normal 0 0 1
    outer loop
      vertex 71.51936149069674 21.487239407066053 8.2
      vertex 74.295 18.95 8.2
      vertex 74.5408780928474 18.917629534974616 8.2
    endloop
  endfacet
  facet normal 0 0 1
    outer loop
      vertex 75.495 16.60399298025783 8.2
      vertex 74.77 17.177275866404784 8.2
      vertex 74.5408780928474 17.082370465025384 8.2
    endloop
  endfacet
  facet normal 0 0 1
    outer loop
      vertex 75.495 16.60399298025783 8.2
      vertex 74.96675144212722 17.32824855787278 8.2
      vertex 74.77 17.177275866404784 8.2
    endloop
  endfacet
  facet normal 0 0 1
    outer loop
      vertex 75.495 16.60399298025783 8.2
      vertex 75.11772413359522 17.525 8.2
      vertex 74.96675144212722 17.32824855787278 8.2
    endloop
  endfacet
  facet normal 0 0 1
    outer loop
      vertex 75.495 16.60399298025783 8.2
      vertex 75.21262953497461 17.754121907152605 8.2
      vertex 75.11772413359522 17.525 8.2
    endloop
  endfacet
  facet normal 0 0 1
    outer loop
      vertex 75.495 16.60399298025783 8.2
      vertex 75.245 18 8.2
      vertex 75.21262953497461 17.754121907152605 8.2
    endloop
  endfacet
  facet normal 0 0 1
    outer loop
      vertex 75.495 16.60399298025783 8.2
      vertex 75.495 18.70086269341025 8.2
      vertex 75.245 18 8.2
    endloop
  endfacet
  facet normal 0 0 1
    outer loop
      vertex 75.495 18.70086269341025 8.2
      vertex 74.5408780928474 18.917629534974616 8.2
      vertex 74.77 18.822724133595216 8.2
    endloop
  endfacet
  facet normal 0 0 1
    outer loop
      vertex 75.495 18.70086269341025 8.2
      vertex 75.11772413359522 18.475 8.2
      vertex 75.21262953497461 18.245878092847395 8.2
    endloop
  endfacet
  facet normal 0 0 1
    outer loop
      vertex 75.495 18.70086269341025 8.2
      vertex 75.21262953497461 18.245878092847395 8.2
      vertex 75.245 18 8.2
    endloop
  endfacet
  facet normal 0 0 1
    outer loop
      vertex 75.495 18.70086269341025 8.2
      vertex 74.96675144212722 18.67175144212722 8.2
      vertex 75.11772413359522 18.475 8.2
    endloop
  endfacet
  facet normal 0 0 1
    outer loop
      vertex 75.495 18.70086269341025 8.2
      vertex 74.77 18.822724133595216 8.2
      vertex 74.96675144212722 18.67175144212722 8.2
    endloop
  endfacet
  facet normal 0 0 1
    outer loop
      vertex 71.51936149069674 21.487239407066053 8.2
      vertex 74.5408780928474 18.917629534974616 8.2
      vertex 75.495 18.70086269341025 8.2
    endloop
  endfacet
  facet normal 0 0 1
    outer loop
      vertex 71.51936149069674 21.487239407066053 8.2
      vertex 75.495 18.70086269341025 8.2
      vertex 76.30137286314057 19.24004240134286 8.2
    endloop
  endfacet
  facet normal 0 1 0
    outer loop
      vertex 71.50936149069675 21.5 8.2
      vertex 75.97235022416471 21.5 8.2
      vertex 75.97235022416471 21.5 3.999999997019768
    endloop
  endfacet
  facet normal 0 0 1
    outer loop
      vertex 71.51936149069674 21.487239407066053 8.2
      vertex 75.97235022416471 21.5 8.2
      vertex 71.50936149069675 21.5 8.2
    endloop
  endfacet
  facet normal 0 0 1
    outer loop
      vertex 71.51936149069674 21.487239407066053 8.2
      vertex 76.30137286314057 19.24004240134286 8.2
      vertex 75.60651362310217 20.5 8.2
    endloop
  endfacet
  facet normal 0 0 1
    outer loop
      vertex 75.60651362310217 20.5 8.2
      vertex 76.22461694505526 20.5 8.2
      vertex 75.9782840287865 21.483416127053548 8.2
    endloop
  endfacet
  facet normal 0 0 1
    outer loop
      vertex 71.51936149069674 21.487239407066053 8.2
      vertex 75.60651362310217 20.5 8.2
      vertex 75.9782840287865 21.483416127053548 8.2
    endloop
  endfacet
  facet normal 0 0 1
    outer loop
      vertex 71.51936149069674 21.487239407066053 8.2
      vertex 75.9782840287865 21.483416127053548 8.2
      vertex 75.97235022416471 21.5 8.2
    endloop
  endfacet
  facet normal 0 -1 0
    outer loop
      vertex 71.50936149069675 -3.5 3.8000000000000016
      vertex 71.80936149367697 -3.5 3.8000000000000016
      vertex 72.00936149069675 -3.5 3.999999997019768
    endloop
  endfacet
  facet normal 0 0 -1
    outer loop
      vertex 71.50936149069675 -3.5 3.8000000000000016
      vertex 71.80936149367697 3.5 3.8000000000000016
      vertex 71.80936149367697 -3.5 3.8000000000000016
    endloop
  endfacet
  facet normal -1 0 0
    outer loop
      vertex 71.50936149069675 -3.5 3.8000000000000016
      vertex 71.50936149069675 -3.5 4.000000000000001
      vertex 71.50936149069675 3.5 3.8000000000000016
    endloop
  endfacet
  facet normal 0 0 -1
    outer loop
      vertex 71.50936149069675 -3.5 3.8000000000000016
      vertex 71.50936149069675 3.5 3.8000000000000016
      vertex 71.80936149367697 3.5 3.8000000000000016
    endloop
  endfacet
  facet normal -1 0 0
    outer loop
      vertex 71.50936149069675 -3.5 4.000000000000001
      vertex 71.50936149069675 3.5 4.000000000000001
      vertex 71.50936149069675 3.5 3.8000000000000016
    endloop
  endfacet
  facet normal 0 1 0
    outer loop
      vertex 71.50936149069675 3.5 3.8000000000000016
      vertex 71.50936149069675 3.5 4.000000000000001
      vertex 71.80936149367697 3.5 3.8000000000000016
    endloop
  endfacet
  facet normal 0 1 0
    outer loop
      vertex 71.50936149069675 3.5 4.000000000000001
      vertex 72.00936149069675 3.5 3.999999997019768
      vertex 71.80936149367697 3.5 3.8000000000000016
    endloop
  endfacet
  facet normal 0 -1 0
    outer loop
      vertex 71.50936149069675 -3.5 3.8000000000000016
      vertex 75.97235022416471 -3.5 8.2
      vertex 71.50936149069675 -3.5 4.000000000000001
    endloop
  endfacet
  facet normal 0 -1 0
    outer loop
      vertex 71.50936149069675 -3.5 3.8000000000000016
      vertex 72.00936149069675 -3.5 3.999999997019768
      vertex 75.97235022416471 -3.5 8.2
    endloop
  endfacet
  facet normal 0 -1 0
    outer loop
      vertex 72.00936149069675 -3.5 3.999999997019768
      vertex 75.97235022416471 -3.5 3.999999997019768
      vertex 75.97235022416471 -3.5 8.2
    endloop
  endfacet
  facet normal 0 -1 0
    outer loop
      vertex 71.50936149069675 -3.5 4.000000000000001
      vertex 75.97235022416471 -3.5 8.2
      vertex 71.50936149069675 -3.5 8.2
    endloop
  endfacet
  facet normal 0 0 1
    outer loop
      vertex 71.50936149069675 -3.5 8.2
      vertex 75.97235022416471 -3.5 8.2
      vertex 71.50936149069675 -3.4801100284284407 8.2
    endloop
  endfacet
  facet normal 0 0 1
    outer loop
      vertex 71.50936149069675 -3.4801100284284407 8.2
      vertex 75.9782840287865 -3.483416127053548 8.2
      vertex 75.6010004494689 -2.5 8.2
    endloop
  endfacet
  facet normal 0 0 1
    outer loop
      vertex 71.50936149069675 -3.4801100284284407 8.2
      vertex 75.97235022416471 -3.5 8.2
      vertex 75.9782840287865 -3.483416127053548 8.2
    endloop
  endfacet
  facet normal 0 0 1
    outer loop
      vertex 71.50936149069675 -3.4801100284284407 8.2
      vertex 75.6010004494689 -2.5 8.2
      vertex 75.495 -1.3960070197421715 8.2
    endloop
  endfacet
  facet normal 0 0 1
    outer loop
      vertex 75.9782840287865 -3.483416127053548 8.2
      vertex 76.22461694505526 -2.5 8.2
      vertex 75.6010004494689 -2.5 8.2
    endloop
  endfacet
  facet normal 0 0 1
    outer loop
      vertex 71.50936149069675 -3.4801100284284407 8.2
      vertex 73.82000000000001 -0.8227241335952167 8.2
      vertex 73.62324855787278 -0.6717514421272202 8.2
    endloop
  endfacet
  facet normal 0 0 1
    outer loop
      vertex 71.50936149069675 -3.4801100284284407 8.2
      vertex 74.04912190715261 -0.9176295349746149 8.2
      vertex 73.82000000000001 -0.8227241335952167 8.2
    endloop
  endfacet
  facet normal 0 0 1
    outer loop
      vertex 71.50936149069675 -3.4801100284284407 8.2
      vertex 74.295 -0.95 8.2
      vertex 74.04912190715261 -0.9176295349746149 8.2
    endloop
  endfacet
  facet normal 0 0 1
    outer loop
      vertex 71.50936149069675 -3.4801100284284407 8.2
      vertex 74.5408780928474 -0.9176295349746149 8.2
      vertex 74.295 -0.95 8.2
    endloop
  endfacet
  facet normal 0 0 1
    outer loop
      vertex 71.50936149069675 -3.4801100284284407 8.2
      vertex 73.62324855787278 -0.6717514421272202 8.2
      vertex 73.47227586640479 -0.475 8.2
    endloop
  endfacet
  facet normal 0 0 1
    outer loop
      vertex 71.50936149069675 -3.4801100284284407 8.2
      vertex 73.47227586640479 -0.475 8.2
      vertex 73.37737046502538 -0.2458780928473947 8.2
    endloop
  endfacet
  facet normal 0 0 1
    outer loop
      vertex 71.50936149069675 -3.4801100284284407 8.2
      vertex 73.37737046502538 -0.2458780928473947 8.2
      vertex 71.51936149069674 3.487239407066054 8.2
    endloop
  endfacet
  facet normal 0 0 1
    outer loop
      vertex 71.51936149069674 3.487239407066054 8.2
      vertex 73.37737046502538 -0.2458780928473947 8.2
      vertex 73.345 0 8.2
    endloop
  endfacet
  facet normal 0 0 1
    outer loop
      vertex 71.51936149069674 3.487239407066054 8.2
      vertex 73.345 0 8.2
      vertex 73.37737046502538 0.2458780928473947 8.2
    endloop
  endfacet
  facet normal 0 0 1
    outer loop
      vertex 71.51936149069674 3.487239407066054 8.2
      vertex 73.37737046502538 0.2458780928473947 8.2
      vertex 73.47227586640479 0.475 8.2
    endloop
  endfacet
  facet normal 0 0 1
    outer loop
      vertex 71.51936149069674 3.487239407066054 8.2
      vertex 73.47227586640479 0.475 8.2
      vertex 73.62324855787278 0.6717514421272202 8.2
    endloop
  endfacet
  facet normal 0 0 1
    outer loop
      vertex 71.50936149069675 -3.4801100284284407 8.2
      vertex 75.495 -1.3960070197421715 8.2
      vertex 74.5408780928474 -0.9176295349746149 8.2
    endloop
  endfacet
  facet normal 0 0 1
    outer loop
      vertex 75.495 -1.3960070197421715 8.2
      vertex 74.77 -0.8227241335952167 8.2
      vertex 74.5408780928474 -0.9176295349746149 8.2
    endloop
  endfacet
  facet normal 0 0 1
    outer loop
      vertex 75.495 -1.3960070197421715 8.2
      vertex 74.96675144212722 -0.6717514421272202 8.2
      vertex 74.77 -0.8227241335952167 8.2
    endloop
  endfacet
  facet normal 0 0 1
    outer loop
      vertex 75.495 -1.3960070197421715 8.2
      vertex 75.11772413359522 -0.475 8.2
      vertex 74.96675144212722 -0.6717514421272202 8.2
    endloop
  endfacet
  facet normal 0 0 1
    outer loop
      vertex 75.495 -1.3960070197421715 8.2
      vertex 75.21262953497461 -0.2458780928473947 8.2
      vertex 75.11772413359522 -0.475 8.2
    endloop
  endfacet
  facet normal 0 0 1
    outer loop
      vertex 75.495 -1.3960070197421715 8.2
      vertex 75.245 0 8.2
      vertex 75.21262953497461 -0.2458780928473947 8.2
    endloop
  endfacet
  facet normal 0 0 1
    outer loop
      vertex 75.495 -1.3960070197421715 8.2
      vertex 75.495 0.7008626934102522 8.2
      vertex 75.245 0 8.2
    endloop
  endfacet
  facet normal 0 0 1
    outer loop
      vertex 75.495 0.7008626934102522 8.2
      vertex 75.21262953497461 0.2458780928473947 8.2
      vertex 75.245 0 8.2
    endloop
  endfacet
  facet normal 0 0 1
    outer loop
      vertex 75.495 0.7008626934102522 8.2
      vertex 75.11772413359522 0.475 8.2
      vertex 75.21262953497461 0.2458780928473947 8.2
    endloop
  endfacet
  facet normal 0 0 1
    outer loop
      vertex 75.495 0.7008626934102522 8.2
      vertex 74.96675144212722 0.6717514421272202 8.2
      vertex 75.11772413359522 0.475 8.2
    endloop
  endfacet
  facet normal 0 0 1
    outer loop
      vertex 75.495 0.7008626934102522 8.2
      vertex 74.5408780928474 0.9176295349746149 8.2
      vertex 74.77 0.8227241335952167 8.2
    endloop
  endfacet
  facet normal 0 0 1
    outer loop
      vertex 75.495 0.7008626934102522 8.2
      vertex 74.77 0.8227241335952167 8.2
      vertex 74.96675144212722 0.6717514421272202 8.2
    endloop
  endfacet
  facet normal 0 1 0
    outer loop
      vertex 71.50936149069675 3.5 4.000000000000001
      vertex 71.50936149069675 3.5 8.2
      vertex 72.00936149069675 3.5 3.999999997019768
    endloop
  endfacet
  facet normal 0 1 0
    outer loop
      vertex 72.00936149069675 3.5 3.999999997019768
      vertex 71.50936149069675 3.5 8.2
      vertex 75.97235022416471 3.5 3.999999997019768
    endloop
  endfacet
  facet normal 0 1 0
    outer loop
      vertex 71.50936149069675 3.5 8.2
      vertex 75.97235022416471 3.5 8.2
      vertex 75.97235022416471 3.5 3.999999997019768
    endloop
  endfacet
  facet normal 0 0 1
    outer loop
      vertex 71.51936149069674 3.487239407066054 8.2
      vertex 73.62324855787278 0.6717514421272202 8.2
      vertex 73.82000000000001 0.8227241335952167 8.2
    endloop
  endfacet
  facet normal 0 0 1
    outer loop
      vertex 71.51936149069674 3.487239407066054 8.2
      vertex 73.82000000000001 0.8227241335952167 8.2
      vertex 74.04912190715261 0.9176295349746149 8.2
    endloop
  endfacet
  facet normal 0 0 1
    outer loop
      vertex 71.51936149069674 3.487239407066054 8.2
      vertex 74.04912190715261 0.9176295349746149 8.2
      vertex 74.295 0.95 8.2
    endloop
  endfacet
  facet normal 0 0 1
    outer loop
      vertex 71.51936149069674 3.487239407066054 8.2
      vertex 74.295 0.95 8.2
      vertex 74.5408780928474 0.9176295349746149 8.2
    endloop
  endfacet
  facet normal 0 0 1
    outer loop
      vertex 71.51936149069674 3.487239407066054 8.2
      vertex 75.97235022416471 3.5 8.2
      vertex 71.50936149069675 3.5 8.2
    endloop
  endfacet
  facet normal 0 0 1
    outer loop
      vertex 71.51936149069674 3.487239407066054 8.2
      vertex 74.5408780928474 0.9176295349746149 8.2
      vertex 75.495 0.7008626934102522 8.2
    endloop
  endfacet
  facet normal 0 0 1
    outer loop
      vertex 71.51936149069674 3.487239407066054 8.2
      vertex 75.495 0.7008626934102522 8.2
      vertex 76.30137286314057 1.2400424013428595 8.2
    endloop
  endfacet
  facet normal 0 0 1
    outer loop
      vertex 71.51936149069674 3.487239407066054 8.2
      vertex 76.30137286314057 1.2400424013428595 8.2
      vertex 75.60651362310217 2.5 8.2
    endloop
  endfacet
  facet normal 0 0 1
    outer loop
      vertex 71.51936149069674 3.487239407066054 8.2
      vertex 75.60651362310217 2.5 8.2
      vertex 75.9782840287865 3.483416127053548 8.2
    endloop
  endfacet
  facet normal 0 0 1
    outer loop
      vertex 75.60651362310217 2.5 8.2
      vertex 76.22461694505526 2.5 8.2
      vertex 75.9782840287865 3.483416127053548 8.2
    endloop
  endfacet
  facet normal 0 0 1
    outer loop
      vertex 71.51936149069674 3.487239407066054 8.2
      vertex 75.9782840287865 3.483416127053548 8.2
      vertex 75.97235022416471 3.5 8.2
    endloop
  endfacet
  facet normal 0.8577286100002799 -0.5141027441932087 0
    outer loop
      vertex 74.9892040403325 12.195000000298023 0.4000000029802324
      vertex 75.07805517218026 12.343239158088029 0.25176084242905716
      vertex 74.9892040403325 12.195000000298023 3.4000000029802324
    endloop
  endfacet
  facet normal 0.9039892931234377 -0.4275550934302943 2.021813836567286e-15
    outer loop
      vertex 75.07805517218026 12.343239158088029 0.25176084242905716
      vertex 75.19712918178955 12.594999998807907 -2.9802320611338473e-9
      vertex 75.29172213837735 12.79500000178814 3.999999997019768
    endloop
  endfacet
  facet normal 0.9700312531924924 -0.24298017990274953 -0.000002056710557624074
    outer loop
      vertex 75.9782840287865 14.516583872946452 -2.9802320611338473e-9
      vertex 76.26442336483876 15.65891613580646 -2.9802320611338473e-9
      vertex 76.22461694505526 15.5 0
    endloop
  endfacet
  facet normal 0.9700312531945532 -0.24298017990322712 -7.912467456089426e-10
    outer loop
      vertex 76.22461694505526 15.5 0
      vertex 76.26442336483876 15.65891613580646 -2.9802320611338473e-9
      vertex 76.26442336483876 15.65891613580646 0
    endloop
  endfacet
  facet normal 0.989176509964781 -0.1467304744553616 0
    outer loop
      vertex 76.26442336483876 15.65891613580646 -2.9802320611338473e-9
      vertex 76.43721672006636 16.823794316045273 -2.9802320611338473e-9
      vertex 76.26442336483876 15.65891613580646 0
    endloop
  endfacet
  facet normal 0.9039892931234453 -0.42755509343027787 -4.0362965054595446e-18
    outer loop
      vertex 75.19712918178955 12.594999998807907 -2.9802320611338473e-9
      vertex 75.58155439013544 13.407798811618923 -2.9802320611338473e-9
      vertex 75.58155439013544 13.407798811618923 3.999999997019768
    endloop
  endfacet
  facet normal 0.9415440651830204 -0.3368898533922211 -7.945854072276976e-16
    outer loop
      vertex 75.58155439013544 13.407798811618923 -2.9802320611338473e-9
      vertex 75.9782840287865 14.516583872946452 -2.9802320611338473e-9
      vertex 75.97235022416471 14.5 3.999999997019768
    endloop
  endfacet
  facet normal 0.8577286100002799 -0.5141027441932087 0
    outer loop
      vertex 75.07805517218026 12.343239158088029 0.25176084242905716
      vertex 75.07805517218026 12.343239158088029 3.5482391589294577
      vertex 74.9892040403325 12.195000000298023 3.4000000029802324
    endloop
  endfacet
  facet normal 0.903989293123444 -0.42755509343028053 0
    outer loop
      vertex 75.07805517218026 12.343239158088029 0.25176084242905716
      vertex 75.29172213837735 12.79500000178814 3.999999997019768
      vertex 75.07805517218026 12.343239158088029 3.5482391589294577
    endloop
  endfacet
  facet normal 0.9039892931234428 -0.42755509343028336 1.3536262100031974e-15
    outer loop
      vertex 75.19712918178955 12.594999998807907 -2.9802320611338473e-9
      vertex 75.58155439013544 13.407798811618923 3.999999997019768
      vertex 75.29172213837735 12.79500000178814 3.999999997019768
    endloop
  endfacet
  facet normal 0.9415440651830196 -0.33688985339222377 0
    outer loop
      vertex 75.58155439013544 13.407798811618923 -2.9802320611338473e-9
      vertex 75.97235022416471 14.5 3.999999997019768
      vertex 75.58155439013544 13.407798811618923 3.999999997019768
    endloop
  endfacet
  facet normal 0.9700312531945428 -0.24298017990326937 -6.382408696052101e-20
    outer loop
      vertex 75.9782840287865 14.516583872946452 -2.9802320611338473e-9
      vertex 76.22461694505526 15.5 0
      vertex 76.22461694505526 15.5 8.2
    endloop
  endfacet
  facet normal 0.941544065183081 -0.3368898533920521 0
    outer loop
      vertex 75.9782840287865 14.516583872946452 -2.9802320611338473e-9
      vertex 75.9782840287865 14.516583872946452 8.2
      vertex 75.97235022416471 14.5 3.999999997019768
    endloop
  endfacet
  facet normal 0.989176509964781 -0.1467304744553616 1.812413876092111e-9
    outer loop
      vertex 76.26442336483876 15.65891613580646 0
      vertex 76.43721672006636 16.823794316045273 -2.9802320611338473e-9
      vertex 76.43721672006636 16.823794316045273 0
    endloop
  endfacet
  facet normal 0.9987954562051721 -0.049067674327424364 0
    outer loop
      vertex 76.43721672006636 16.823794316045273 -2.9802320611338473e-9
      vertex 76.495 18 -2.9802320611338473e-9
      vertex 76.43721672006636 16.823794316045273 0
    endloop
  endfacet
  facet normal 0.9987954562051721 -0.049067674327424364 -2.44824309405113e-10
    outer loop
      vertex 76.43721672006636 16.823794316045273 0
      vertex 76.495 18 -2.9802320611338473e-9
      vertex 76.495 18 0
    endloop
  endfacet
  facet normal 0.9987954562051721 0.049067674327424364 0
    outer loop
      vertex 76.495 18 -2.9802320611338473e-9
      vertex 76.43721672006636 19.176205683954727 -2.9802320611338473e-9
      vertex 76.495 18 0
    endloop
  endfacet
  facet normal 0.9987954562051721 0.049067674327424364 2.44824309405113e-10
    outer loop
      vertex 76.495 18 0
      vertex 76.43721672006636 19.176205683954727 -2.9802320611338473e-9
      vertex 76.43721672006636 19.176205683954727 0
    endloop
  endfacet
  facet normal 0.989176509964781 0.1467304744553616 0
    outer loop
      vertex 76.43721672006636 19.176205683954727 -2.9802320611338473e-9
      vertex 76.26442336483876 20.34108386419354 -2.9802320611338473e-9
      vertex 76.43721672006636 19.176205683954727 0
    endloop
  endfacet
  facet normal 0.989176509964781 0.1467304744553616 -1.812413876092111e-9
    outer loop
      vertex 76.43721672006636 19.176205683954727 0
      vertex 76.26442336483876 20.34108386419354 -2.9802320611338473e-9
      vertex 76.26442336483876 20.34108386419354 0
    endloop
  endfacet
  facet normal 0.970031253192489 0.24298017990274867 -0.0000020584974422935843
    outer loop
      vertex 75.9782840287865 21.483416127053548 -2.9802320611338473e-9
      vertex 76.22461694505526 20.5 0
      vertex 76.26442336483876 20.34108386419354 -2.9802320611338473e-9
    endloop
  endfacet
  facet normal 0.9700312531945532 0.24298017990322712 0
    outer loop
      vertex 76.26442336483876 20.34108386419354 -2.9802320611338473e-9
      vertex 76.22461694505526 20.5 0
      vertex 76.26442336483876 20.34108386419354 0
    endloop
  endfacet
  facet normal 0.9415440651830203 0.33688985339222166 2.7772130173158978e-18
    outer loop
      vertex 75.9782840287865 21.483416127053548 -2.9802320611338473e-9
      vertex 75.58155439013544 22.592201188381075 -2.9802320611338473e-9
      vertex 75.58155439013544 22.592201188381075 3.999999997019768
    endloop
  endfacet
  facet normal 0.9039892931234368 0.42755509343029585 -8.500888094645543e-19
    outer loop
      vertex 75.19712918178955 23.405000001192093 -2.9802320611338473e-9
      vertex 75.07805517218026 23.65676084191197 0.25176084242905805
      vertex 75.07805517218026 23.65676084191197 3.5482391589294577
    endloop
  endfacet
  facet normal 0.9039892931234457 0.42755509343027714 9.732293208956058e-16
    outer loop
      vertex 75.19712918178955 23.405000001192093 -2.9802320611338473e-9
      vertex 75.29172213837735 23.20499999821186 3.999999997019768
      vertex 75.58155439013544 22.592201188381075 -2.9802320611338473e-9
    endloop
  endfacet
  facet normal 0.8577286100002799 0.5141027441932087 1.2924285618548887e-18
    outer loop
      vertex 74.9892040403325 23.804999999701977 0.4000000029802324
      vertex 75.07805517218026 23.65676084191197 3.5482391589294577
      vertex 75.07805517218026 23.65676084191197 0.25176084242905805
    endloop
  endfacet
  facet normal 0.9700312531945425 0.24298017990326928 0
    outer loop
      vertex 75.9782840287865 21.483416127053548 -2.9802320611338473e-9
      vertex 75.9782840287865 21.483416127053548 8.2
      vertex 76.22461694505526 20.5 0
    endloop
  endfacet
  facet normal 0.9415440651830191 0.33688985339222416 -8.050464030424216e-16
    outer loop
      vertex 75.9782840287865 21.483416127053548 -2.9802320611338473e-9
      vertex 75.58155439013544 22.592201188381075 3.999999997019768
      vertex 75.97235022416471 21.5 3.999999997019768
    endloop
  endfacet
  facet normal 0.9039892931234436 0.42755509343028153 1.2449247728775353e-15
    outer loop
      vertex 75.19712918178955 23.405000001192093 -2.9802320611338473e-9
      vertex 75.07805517218026 23.65676084191197 3.5482391589294577
      vertex 75.29172213837735 23.20499999821186 3.999999997019768
    endloop
  endfacet
  facet normal 0.8577286100002799 0.5141027441932087 0
    outer loop
      vertex 74.9892040403325 23.804999999701977 0.4000000029802324
      vertex 74.9892040403325 23.804999999701977 3.4000000029802324
      vertex 75.07805517218026 23.65676084191197 3.5482391589294577
    endloop
  endfacet
  facet normal 0.9039892931234433 0.42755509343028236 0
    outer loop
      vertex 75.58155439013544 22.592201188381075 -2.9802320611338473e-9
      vertex 75.29172213837735 23.20499999821186 3.999999997019768
      vertex 75.58155439013544 22.592201188381075 3.999999997019768
    endloop
  endfacet
  facet normal 0.941544065183081 0.3368898533920521 0
    outer loop
      vertex 75.9782840287865 21.483416127053548 -2.9802320611338473e-9
      vertex 75.97235022416471 21.5 3.999999997019768
      vertex 75.9782840287865 21.483416127053548 8.2
    endloop
  endfacet
  facet normal 0.9700312531945425 -0.24298017990326928 0
    outer loop
      vertex 75.9782840287865 14.516583872946452 -2.9802320611338473e-9
      vertex 76.22461694505526 15.5 8.2
      vertex 75.9782840287865 14.516583872946452 8.2
    endloop
  endfacet
  facet normal 0.941544065183081 -0.3368898533920521 0
    outer loop
      vertex 75.97235022416471 14.5 3.999999997019768
      vertex 75.9782840287865 14.516583872946452 8.2
      vertex 75.97235022416471 14.5 8.2
    endloop
  endfacet
  facet normal 0.9700312531945428 0.2429801799032693 0
    outer loop
      vertex 76.22461694505526 20.5 0
      vertex 75.9782840287865 21.483416127053548 8.2
      vertex 76.22461694505526 20.5 8.2
    endloop
  endfacet
  facet normal 0.941544065183081 0.3368898533920521 0
    outer loop
      vertex 75.97235022416471 21.5 3.999999997019768
      vertex 75.97235022416471 21.5 8.2
      vertex 75.9782840287865 21.483416127053548 8.2
    endloop
  endfacet
  facet normal 0.9700312531924924 -0.24298017990274953 -0.000002056710557624074
    outer loop
      vertex 75.9782840287865 -3.483416127053548 -2.9802320611338473e-9
      vertex 76.26442336483876 -2.341083864193539 -2.9802320611338473e-9
      vertex 76.22461694505526 -2.5 0
    endloop
  endfacet
  facet normal 0.9700312531945532 -0.24298017990322712 -7.912467456089426e-10
    outer loop
      vertex 76.22461694505526 -2.5 0
      vertex 76.26442336483876 -2.341083864193539 -2.9802320611338473e-9
      vertex 76.26442336483876 -2.341083864193539 0
    endloop
  endfacet
  facet normal 0.8577286100002799 -0.5141027441932087 0
    outer loop
      vertex 74.9892040403325 -5.804999999701977 0.4000000029802324
      vertex 75.07805517218026 -5.6567608419119715 0.25176084242905716
      vertex 74.9892040403325 -5.804999999701977 3.4000000029802324
    endloop
  endfacet
  facet normal 0.9039892931234377 -0.4275550934302943 2.021813836567286e-15
    outer loop
      vertex 75.07805517218026 -5.6567608419119715 0.25176084242905716
      vertex 75.19712918178955 -5.405000001192093 -2.9802320611338473e-9
      vertex 75.29172213837735 -5.204999998211861 3.999999997019768
    endloop
  endfacet
  facet normal 0.9039892931234453 -0.42755509343027787 -4.0362965054595446e-18
    outer loop
      vertex 75.19712918178955 -5.405000001192093 -2.9802320611338473e-9
      vertex 75.58155439013544 -4.592201188381077 -2.9802320611338473e-9
      vertex 75.58155439013544 -4.592201188381077 3.999999997019768
    endloop
  endfacet
  facet normal 0.9415440651830204 -0.3368898533922211 -7.945854072276976e-16
    outer loop
      vertex 75.58155439013544 -4.592201188381077 -2.9802320611338473e-9
      vertex 75.9782840287865 -3.483416127053548 -2.9802320611338473e-9
      vertex 75.97235022416471 -3.5 3.999999997019768
    endloop
  endfacet
  facet normal 0.989176509964781 -0.14673047445536164 0
    outer loop
      vertex 76.26442336483876 -2.341083864193539 -2.9802320611338473e-9
      vertex 76.43721672006636 -1.1762056839547272 -2.9802320611338473e-9
      vertex 76.26442336483876 -2.341083864193539 0
    endloop
  endfacet
  facet normal 0.989176509964781 -0.14673047445536164 -1.2113713962054681e-9
    outer loop
      vertex 76.26442336483876 -2.341083864193539 0
      vertex 76.43721672006636 -1.1762056839547272 -2.9802320611338473e-9
      vertex 76.43721672006636 -1.1762056839547272 0
    endloop
  endfacet
  facet normal 0.9987954562051721 -0.04906767432742435 0
    outer loop
      vertex 76.43721672006636 -1.1762056839547272 -2.9802320611338473e-9
      vertex 76.495 0 -2.9802320611338473e-9
      vertex 76.43721672006636 -1.1762056839547272 0
    endloop
  endfacet
  facet normal 0.9987954562051721 -0.04906767432742435 -5.432412881310536e-10
    outer loop
      vertex 76.43721672006636 -1.1762056839547272 0
      vertex 76.495 0 -2.9802320611338473e-9
      vertex 76.495 0 0
    endloop
  endfacet
  facet normal 0.9987954562051721 0.04906767432742435 0
    outer loop
      vertex 76.495 0 -2.9802320611338473e-9
      vertex 76.43721672006636 1.1762056839547272 -2.9802320611338473e-9
      vertex 76.495 0 0
    endloop
  endfacet
  facet normal 0.9987954562051721 0.04906767432742435 5.432412881310536e-10
    outer loop
      vertex 76.495 0 0
      vertex 76.43721672006636 1.1762056839547272 -2.9802320611338473e-9
      vertex 76.43721672006636 1.1762056839547272 0
    endloop
  endfacet
  facet normal 0.989176509964781 0.14673047445536164 0
    outer loop
      vertex 76.43721672006636 1.1762056839547272 -2.9802320611338473e-9
      vertex 76.26442336483876 2.341083864193539 -2.9802320611338473e-9
      vertex 76.43721672006636 1.1762056839547272 0
    endloop
  endfacet
  facet normal 0.8577286100002799 -0.5141027441932087 0
    outer loop
      vertex 75.07805517218026 -5.6567608419119715 0.25176084242905716
      vertex 75.07805517218026 -5.6567608419119715 3.5482391589294577
      vertex 74.9892040403325 -5.804999999701977 3.4000000029802324
    endloop
  endfacet
  facet normal 0.903989293123444 -0.42755509343028053 0
    outer loop
      vertex 75.07805517218026 -5.6567608419119715 0.25176084242905716
      vertex 75.29172213837735 -5.204999998211861 3.999999997019768
      vertex 75.07805517218026 -5.6567608419119715 3.5482391589294577
    endloop
  endfacet
  facet normal 0.9039892931234428 -0.42755509343028336 1.3536262100031974e-15
    outer loop
      vertex 75.19712918178955 -5.405000001192093 -2.9802320611338473e-9
      vertex 75.58155439013544 -4.592201188381077 3.999999997019768
      vertex 75.29172213837735 -5.204999998211861 3.999999997019768
    endloop
  endfacet
  facet normal 0.9415440651830196 -0.33688985339222377 0
    outer loop
      vertex 75.58155439013544 -4.592201188381077 -2.9802320611338473e-9
      vertex 75.97235022416471 -3.5 3.999999997019768
      vertex 75.58155439013544 -4.592201188381077 3.999999997019768
    endloop
  endfacet
  facet normal 0.9700312531945428 -0.24298017990326937 -6.382408696052101e-20
    outer loop
      vertex 75.9782840287865 -3.483416127053548 -2.9802320611338473e-9
      vertex 76.22461694505526 -2.5 0
      vertex 76.22461694505526 -2.5 8.2
    endloop
  endfacet
  facet normal 0.941544065183081 -0.3368898533920521 0
    outer loop
      vertex 75.9782840287865 -3.483416127053548 -2.9802320611338473e-9
      vertex 75.9782840287865 -3.483416127053548 8.2
      vertex 75.97235022416471 -3.5 3.999999997019768
    endloop
  endfacet
  facet normal 0.970031253192489 0.24298017990274867 -0.0000020584974422935843
    outer loop
      vertex 75.9782840287865 3.483416127053548 -2.9802320611338473e-9
      vertex 76.22461694505526 2.5 0
      vertex 76.26442336483876 2.341083864193539 -2.9802320611338473e-9
    endloop
  endfacet
  facet normal 0.989176509964781 0.14673047445536164 1.2113713962054681e-9
    outer loop
      vertex 76.43721672006636 1.1762056839547272 0
      vertex 76.26442336483876 2.341083864193539 -2.9802320611338473e-9
      vertex 76.26442336483876 2.341083864193539 0
    endloop
  endfacet
  facet normal 0.9700312531945532 0.24298017990322712 0
    outer loop
      vertex 76.26442336483876 2.341083864193539 -2.9802320611338473e-9
      vertex 76.22461694505526 2.5 0
      vertex 76.26442336483876 2.341083864193539 0
    endloop
  endfacet
  facet normal 0.9415440651830204 0.3368898533922211 -5.4171652836336135e-18
    outer loop
      vertex 75.9782840287865 3.483416127053548 -2.9802320611338473e-9
      vertex 75.58155439013544 4.592201188381077 -2.9802320611338473e-9
      vertex 75.58155439013544 4.592201188381077 3.999999997019768
    endloop
  endfacet
  facet normal 0.9039892931234453 0.42755509343027787 1.0199500107995387e-15
    outer loop
      vertex 75.19712918178955 5.405000001192093 -2.9802320611338473e-9
      vertex 75.29172213837735 5.204999998211861 3.999999997019768
      vertex 75.58155439013544 4.592201188381077 -2.9802320611338473e-9
    endloop
  endfacet
  facet normal 0.9039892931234368 0.42755509343029585 -8.500888094645543e-19
    outer loop
      vertex 75.19712918178955 5.405000001192093 -2.9802320611338473e-9
      vertex 75.07805517218026 5.6567608419119715 0.25176084242905805
      vertex 75.07805517218026 5.6567608419119715 3.5482391589294577
    endloop
  endfacet
  facet normal 0.8577286100002799 0.5141027441932087 1.2924285618548887e-18
    outer loop
      vertex 74.9892040403325 5.804999999701977 0.4000000029802324
      vertex 75.07805517218026 5.6567608419119715 3.5482391589294577
      vertex 75.07805517218026 5.6567608419119715 0.25176084242905805
    endloop
  endfacet
  facet normal 0.9700312531945425 0.24298017990326928 0
    outer loop
      vertex 75.9782840287865 3.483416127053548 -2.9802320611338473e-9
      vertex 75.9782840287865 3.483416127053548 8.2
      vertex 76.22461694505526 2.5 0
    endloop
  endfacet
  facet normal 0.9415440651830196 0.33688985339222377 -8.028032468214126e-16
    outer loop
      vertex 75.9782840287865 3.483416127053548 -2.9802320611338473e-9
      vertex 75.58155439013544 4.592201188381077 3.999999997019768
      vertex 75.97235022416471 3.5 3.999999997019768
    endloop
  endfacet
  facet normal 0.9039892931234428 0.42755509343028336 0
    outer loop
      vertex 75.58155439013544 4.592201188381077 -2.9802320611338473e-9
      vertex 75.29172213837735 5.204999998211861 3.999999997019768
      vertex 75.58155439013544 4.592201188381077 3.999999997019768
    endloop
  endfacet
  facet normal 0.941544065183081 0.3368898533920521 0
    outer loop
      vertex 75.9782840287865 3.483416127053548 -2.9802320611338473e-9
      vertex 75.97235022416471 3.5 3.999999997019768
      vertex 75.9782840287865 3.483416127053548 8.2
    endloop
  endfacet
  facet normal 0.9039892931234436 0.42755509343028153 1.2449247728775353e-15
    outer loop
      vertex 75.19712918178955 5.405000001192093 -2.9802320611338473e-9
      vertex 75.07805517218026 5.6567608419119715 3.5482391589294577
      vertex 75.29172213837735 5.204999998211861 3.999999997019768
    endloop
  endfacet
  facet normal 0.8577286100002799 0.5141027441932087 0
    outer loop
      vertex 74.9892040403325 5.804999999701977 0.4000000029802324
      vertex 74.9892040403325 5.804999999701977 3.4000000029802324
      vertex 75.07805517218026 5.6567608419119715 3.5482391589294577
    endloop
  endfacet
  facet normal 0.9700312531945425 -0.24298017990326928 0
    outer loop
      vertex 75.9782840287865 -3.483416127053548 -2.9802320611338473e-9
      vertex 76.22461694505526 -2.5 8.2
      vertex 75.9782840287865 -3.483416127053548 8.2
    endloop
  endfacet
  facet normal 0.941544065183081 -0.3368898533920521 0
    outer loop
      vertex 75.97235022416471 -3.5 3.999999997019768
      vertex 75.9782840287865 -3.483416127053548 8.2
      vertex 75.97235022416471 -3.5 8.2
    endloop
  endfacet
  facet normal 0.9700312531945428 0.2429801799032693 0
    outer loop
      vertex 76.22461694505526 2.5 0
      vertex 75.9782840287865 3.483416127053548 8.2
      vertex 76.22461694505526 2.5 8.2
    endloop
  endfacet
  facet normal 0.941544065183081 0.3368898533920521 0
    outer loop
      vertex 75.97235022416471 3.5 3.999999997019768
      vertex 75.97235022416471 3.5 8.2
      vertex 75.9782840287865 3.483416127053548 8.2
    endloop
  endfacet
  facet normal 0 0 -1
    outer loop
      vertex 76.22461694505526 15.5 0
      vertex 76.26442336483876 15.65891613580646 0
      vertex 78.695 15.5 0
    endloop
  endfacet
  facet normal 0 0 -1
    outer loop
      vertex 76.26442336483876 15.65891613580646 0
      vertex 76.43721672006636 16.823794316045273 0
      vertex 78.695 15.5 0
    endloop
  endfacet
  facet normal 0 0 -1
    outer loop
      vertex 78.695 15.5 0
      vertex 78.52 15.896891108675447 0
      vertex 78.695 15.85 0
    endloop
  endfacet
  facet normal 0 0 -1
    outer loop
      vertex 76.43721672006636 16.823794316045273 0
      vertex 78.52 15.896891108675447 0
      vertex 78.695 15.5 0
    endloop
  endfacet
  facet normal 0 0 -1
    outer loop
      vertex 76.43721672006636 16.823794316045273 0
      vertex 78.345 16.2 0
      vertex 78.39189110867545 16.025 0
    endloop
  endfacet
  facet normal 0 0 -1
    outer loop
      vertex 76.43721672006636 16.823794316045273 0
      vertex 78.39189110867545 16.025 0
      vertex 78.52 15.896891108675447 0
    endloop
  endfacet
  facet normal 0 -1 0
    outer loop
      vertex 76.22461694505526 15.5 0
      vertex 78.695 15.5 0
      vertex 76.22461694505526 15.5 8.2
    endloop
  endfacet
  facet normal 1 0 0
    outer loop
      vertex 78.695 15.5 0
      vertex 78.695 15.85 0
      vertex 78.695 15.85 8.2
    endloop
  endfacet
  facet normal 0 0 -1
    outer loop
      vertex 76.43721672006636 16.823794316045273 0
      vertex 78.39189110867545 16.375 0
      vertex 78.345 16.2 0
    endloop
  endfacet
  facet normal 0 0 -1
    outer loop
      vertex 76.43721672006636 16.823794316045273 0
      vertex 78.52 16.503108891324555 0
      vertex 78.39189110867545 16.375 0
    endloop
  endfacet
  facet normal 0 0 -1
    outer loop
      vertex 76.43721672006636 16.823794316045273 0
      vertex 78.52 16.796891108675446 0
      vertex 78.52 16.503108891324555 0
    endloop
  endfacet
  facet normal 0 0 -1
    outer loop
      vertex 76.43721672006636 16.823794316045273 0
      vertex 78.39189110867545 16.925 0
      vertex 78.52 16.796891108675446 0
    endloop
  endfacet
  facet normal 0 0 -1
    outer loop
      vertex 78.695 16.55 0
      vertex 78.52 16.503108891324555 0
      vertex 78.695 16.75 0
    endloop
  endfacet
  facet normal 0 0 -1
    outer loop
      vertex 78.52 16.503108891324555 0
      vertex 78.52 16.796891108675446 0
      vertex 78.695 16.75 0
    endloop
  endfacet
  facet normal 0 0 -1
    outer loop
      vertex 76.43721672006636 16.823794316045273 0
      vertex 78.345 17.1 0
      vertex 78.39189110867545 16.925 0
    endloop
  endfacet
  facet normal 0 0 -1
    outer loop
      vertex 76.43721672006636 16.823794316045273 0
      vertex 78.39189110867545 17.275 0
      vertex 78.345 17.1 0
    endloop
  endfacet
  facet normal 0 0 -1
    outer loop
      vertex 76.43721672006636 16.823794316045273 0
      vertex 78.52 17.696891108675448 0
      vertex 78.39189110867545 17.275 0
    endloop
  endfacet
  facet normal 0 0 -1
    outer loop
      vertex 76.43721672006636 16.823794316045273 0
      vertex 78.345 18 0
      vertex 78.39189110867545 17.825 0
    endloop
  endfacet
  facet normal 0 0 -1
    outer loop
      vertex 76.43721672006636 16.823794316045273 0
      vertex 78.39189110867545 17.825 0
      vertex 78.52 17.696891108675448 0
    endloop
  endfacet
  facet normal 0 0 -1
    outer loop
      vertex 76.43721672006636 16.823794316045273 0
      vertex 78.39189110867545 18.175 0
      vertex 78.345 18 0
    endloop
  endfacet
  facet normal 0 0 -1
    outer loop
      vertex 78.52 17.403108891324553 0
      vertex 78.39189110867545 17.275 0
      vertex 78.52 17.696891108675448 0
    endloop
  endfacet
  facet normal 0 0 -1
    outer loop
      vertex 78.695 17.65 0
      vertex 78.695 17.45 0
      vertex 78.52 17.403108891324553 0
    endloop
  endfacet
  facet normal 0 0 -1
    outer loop
      vertex 78.52 17.403108891324553 0
      vertex 78.52 17.696891108675448 0
      vertex 78.695 17.65 0
    endloop
  endfacet
  facet normal 0 0 -1
    outer loop
      vertex 76.43721672006636 16.823794316045273 0
      vertex 78.39189110867545 18.725 0
      vertex 78.39189110867545 18.175 0
    endloop
  endfacet
  facet normal 0 0 -1
    outer loop
      vertex 76.43721672006636 16.823794316045273 0
      vertex 78.345 18.9 0
      vertex 78.39189110867545 18.725 0
    endloop
  endfacet
  facet normal 0 0 -1
    outer loop
      vertex 76.43721672006636 16.823794316045273 0
      vertex 76.495 18 0
      vertex 78.695 20.5 0
    endloop
  endfacet
  facet normal 0 0 -1
    outer loop
      vertex 76.43721672006636 16.823794316045273 0
      vertex 78.39189110867545 19.075 0
      vertex 78.345 18.9 0
    endloop
  endfacet
  facet normal 0 0 -1
    outer loop
      vertex 76.43721672006636 16.823794316045273 0
      vertex 78.39189110867545 19.625 0
      vertex 78.39189110867545 19.075 0
    endloop
  endfacet
  facet normal 0 0 -1
    outer loop
      vertex 78.52 18.303108891324552 0
      vertex 78.39189110867545 18.175 0
      vertex 78.52 18.596891108675447 0
    endloop
  endfacet
  facet normal 0 0 -1
    outer loop
      vertex 78.695 18.55 0
      vertex 78.695 18.35 0
      vertex 78.52 18.303108891324552 0
    endloop
  endfacet
  facet normal 0 0 -1
    outer loop
      vertex 78.52 18.303108891324552 0
      vertex 78.52 18.596891108675447 0
      vertex 78.695 18.55 0
    endloop
  endfacet
  facet normal 0 0 -1
    outer loop
      vertex 78.39189110867545 18.175 0
      vertex 78.39189110867545 18.725 0
      vertex 78.52 18.596891108675447 0
    endloop
  endfacet
  facet normal 0 0 -1
    outer loop
      vertex 76.43721672006636 16.823794316045273 0
      vertex 78.345 19.8 0
      vertex 78.39189110867545 19.625 0
    endloop
  endfacet
  facet normal 0 0 -1
    outer loop
      vertex 76.43721672006636 16.823794316045273 0
      vertex 78.39189110867545 19.975 0
      vertex 78.345 19.8 0
    endloop
  endfacet
  facet normal 0 0 -1
    outer loop
      vertex 76.43721672006636 16.823794316045273 0
      vertex 78.695 20.5 0
      vertex 78.39189110867545 19.975 0
    endloop
  endfacet
  facet normal 0 0 -1
    outer loop
      vertex 76.495 18 0
      vertex 76.43721672006636 19.176205683954727 0
      vertex 78.695 20.5 0
    endloop
  endfacet
  facet normal 0 0 -1
    outer loop
      vertex 76.43721672006636 19.176205683954727 0
      vertex 76.26442336483876 20.34108386419354 0
      vertex 78.695 20.5 0
    endloop
  endfacet
  facet normal 0 0 -1
    outer loop
      vertex 78.52 19.203108891324554 0
      vertex 78.39189110867545 19.075 0
      vertex 78.52 19.496891108675445 0
    endloop
  endfacet
  facet normal 0 0 -1
    outer loop
      vertex 78.39189110867545 19.075 0
      vertex 78.39189110867545 19.625 0
      vertex 78.52 19.496891108675445 0
    endloop
  endfacet
  facet normal 0 0 -1
    outer loop
      vertex 78.695 19.25 0
      vertex 78.52 19.203108891324554 0
      vertex 78.695 19.45 0
    endloop
  endfacet
  facet normal 0 0 -1
    outer loop
      vertex 78.52 19.203108891324554 0
      vertex 78.52 19.496891108675445 0
      vertex 78.695 19.45 0
    endloop
  endfacet
  facet normal 0 0 -1
    outer loop
      vertex 76.26442336483876 20.34108386419354 0
      vertex 76.22461694505526 20.5 0
      vertex 78.695 20.5 0
    endloop
  endfacet
  facet normal 0 0 -1
    outer loop
      vertex 78.695 20.5 0
      vertex 78.52 20.103108891324553 0
      vertex 78.39189110867545 19.975 0
    endloop
  endfacet
  facet normal 0 0 -1
    outer loop
      vertex 78.695 20.5 0
      vertex 78.695 20.15 0
      vertex 78.52 20.103108891324553 0
    endloop
  endfacet
  facet normal 1 0 0
    outer loop
      vertex 78.695 16.75 0
      vertex 78.695 16.75 8.2
      vertex 78.695 16.55 0
    endloop
  endfacet
  facet normal 1 0 0
    outer loop
      vertex 78.695 17.65 0
      vertex 78.695 17.65 8.2
      vertex 78.695 17.45 0
    endloop
  endfacet
  facet normal 1 0 0
    outer loop
      vertex 78.695 18.55 0
      vertex 78.695 18.55 8.2
      vertex 78.695 18.35 0
    endloop
  endfacet
  facet normal 1 0 0
    outer loop
      vertex 78.695 19.45 0
      vertex 78.695 19.45 8.2
      vertex 78.695 19.25 0
    endloop
  endfacet
  facet normal 0 1 0
    outer loop
      vertex 76.22461694505526 20.5 0
      vertex 78.695 20.5 8.2
      vertex 78.695 20.5 0
    endloop
  endfacet
  facet normal 1 0 0
    outer loop
      vertex 78.695 20.5 0
      vertex 78.695 20.5 8.2
      vertex 78.695 20.15 0
    endloop
  endfacet
  facet normal 0 -1 0
    outer loop
      vertex 78.695 15.5 0
      vertex 78.695 15.5 8.2
      vertex 76.22461694505526 15.5 8.2
    endloop
  endfacet
  facet normal 1 0 0
    outer loop
      vertex 78.695 15.5 0
      vertex 78.695 15.85 8.2
      vertex 78.695 15.5 8.2
    endloop
  endfacet
  facet normal 0 0 1
    outer loop
      vertex 75.6010004494689 15.5 8.2
      vertex 76.22461694505526 15.5 8.2
      vertex 75.495 16.60399298025783 8.2
    endloop
  endfacet
  facet normal 0 0 1
    outer loop
      vertex 75.495 16.60399298025783 8.2
      vertex 76.22461694505526 15.5 8.2
      vertex 78.695 15.5 8.2
    endloop
  endfacet
  facet normal 0 0 1
    outer loop
      vertex 78.695 15.5 8.2
      vertex 78.52 15.896891108675447 8.2
      vertex 78.39189110867545 16.025 8.2
    endloop
  endfacet
  facet normal 0 0 1
    outer loop
      vertex 78.695 15.5 8.2
      vertex 78.695 15.85 8.2
      vertex 78.52 15.896891108675447 8.2
    endloop
  endfacet
  facet normal 1 0 0
    outer loop
      vertex 78.695 16.55 0
      vertex 78.695 16.75 8.2
      vertex 78.695 16.55 8.2
    endloop
  endfacet
  facet normal 1 0 0
    outer loop
      vertex 78.695 17.45 0
      vertex 78.695 17.65 8.2
      vertex 78.695 17.45 8.2
    endloop
  endfacet
  facet normal 1 0 0
    outer loop
      vertex 78.695 18.35 0
      vertex 78.695 18.55 8.2
      vertex 78.695 18.35 8.2
    endloop
  endfacet
  facet normal 1 0 0
    outer loop
      vertex 78.695 19.25 0
      vertex 78.695 19.45 8.2
      vertex 78.695 19.25 8.2
    endloop
  endfacet
  facet normal 0 1 0
    outer loop
      vertex 76.22461694505526 20.5 0
      vertex 76.22461694505526 20.5 8.2
      vertex 78.695 20.5 8.2
    endloop
  endfacet
  facet normal 1 0 0
    outer loop
      vertex 78.695 20.5 8.2
      vertex 78.695 20.15 8.2
      vertex 78.695 20.15 0
    endloop
  endfacet
  facet normal 0 0 1
    outer loop
      vertex 75.495 16.60399298025783 8.2
      vertex 78.695 15.5 8.2
      vertex 75.495 18.70086269341025 8.2
    endloop
  endfacet
  facet normal 0 0 1
    outer loop
      vertex 78.39189110867545 16.375 8.2
      vertex 78.52 16.503108891324555 8.2
      vertex 78.39189110867545 16.925 8.2
    endloop
  endfacet
  facet normal 0 0 1
    outer loop
      vertex 78.52 16.503108891324555 8.2
      vertex 78.695 16.55 8.2
      vertex 78.52 16.796891108675446 8.2
    endloop
  endfacet
  facet normal 0 0 1
    outer loop
      vertex 78.52 16.503108891324555 8.2
      vertex 78.52 16.796891108675446 8.2
      vertex 78.39189110867545 16.925 8.2
    endloop
  endfacet
  facet normal 0 0 1
    outer loop
      vertex 78.695 16.75 8.2
      vertex 78.52 16.796891108675446 8.2
      vertex 78.695 16.55 8.2
    endloop
  endfacet
  facet normal 0 0 1
    outer loop
      vertex 78.695 15.5 8.2
      vertex 78.39189110867545 16.025 8.2
      vertex 76.30137286314057 19.24004240134286 8.2
    endloop
  endfacet
  facet normal 0 0 1
    outer loop
      vertex 76.30137286314057 19.24004240134286 8.2
      vertex 78.39189110867545 16.025 8.2
      vertex 78.345 16.2 8.2
    endloop
  endfacet
  facet normal 0 0 1
    outer loop
      vertex 76.30137286314057 19.24004240134286 8.2
      vertex 78.345 16.2 8.2
      vertex 78.39189110867545 16.375 8.2
    endloop
  endfacet
  facet normal 0 0 1
    outer loop
      vertex 78.695 15.5 8.2
      vertex 76.30137286314057 19.24004240134286 8.2
      vertex 75.495 18.70086269341025 8.2
    endloop
  endfacet
  facet normal 0 0 1
    outer loop
      vertex 76.30137286314057 19.24004240134286 8.2
      vertex 78.39189110867545 16.375 8.2
      vertex 78.39189110867545 16.925 8.2
    endloop
  endfacet
  facet normal 0 0 1
    outer loop
      vertex 76.30137286314057 19.24004240134286 8.2
      vertex 78.39189110867545 16.925 8.2
      vertex 78.345 17.1 8.2
    endloop
  endfacet
  facet normal 0 0 1
    outer loop
      vertex 78.39189110867545 17.275 8.2
      vertex 78.52 17.403108891324553 8.2
      vertex 78.39189110867545 17.825 8.2
    endloop
  endfacet
  facet normal 0 0 1
    outer loop
      vertex 78.52 17.403108891324553 8.2
      vertex 78.695 17.45 8.2
      vertex 78.52 17.696891108675448 8.2
    endloop
  endfacet
  facet normal 0 0 1
    outer loop
      vertex 78.52 17.403108891324553 8.2
      vertex 78.52 17.696891108675448 8.2
      vertex 78.39189110867545 17.825 8.2
    endloop
  endfacet
  facet normal 0 0 1
    outer loop
      vertex 78.695 17.65 8.2
      vertex 78.52 17.696891108675448 8.2
      vertex 78.695 17.45 8.2
    endloop
  endfacet
  facet normal 0 0 1
    outer loop
      vertex 76.30137286314057 19.24004240134286 8.2
      vertex 78.345 17.1 8.2
      vertex 78.39189110867545 17.275 8.2
    endloop
  endfacet
  facet normal 0 0 1
    outer loop
      vertex 76.30137286314057 19.24004240134286 8.2
      vertex 78.39189110867545 17.275 8.2
      vertex 78.39189110867545 17.825 8.2
    endloop
  endfacet
  facet normal 0 0 1
    outer loop
      vertex 75.60651362310217 20.5 8.2
      vertex 76.30137286314057 19.24004240134286 8.2
      vertex 76.22461694505526 20.5 8.2
    endloop
  endfacet
  facet normal 0 0 1
    outer loop
      vertex 76.30137286314057 19.24004240134286 8.2
      vertex 78.39189110867545 17.825 8.2
      vertex 78.345 18 8.2
    endloop
  endfacet
  facet normal 0 0 1
    outer loop
      vertex 76.30137286314057 19.24004240134286 8.2
      vertex 78.345 18 8.2
      vertex 78.39189110867545 18.175 8.2
    endloop
  endfacet
  facet normal 0 0 1
    outer loop
      vertex 76.30137286314057 19.24004240134286 8.2
      vertex 78.39189110867545 18.175 8.2
      vertex 78.52 18.303108891324552 8.2
    endloop
  endfacet
  facet normal 0 0 1
    outer loop
      vertex 78.52 18.303108891324552 8.2
      vertex 78.695 18.35 8.2
      vertex 78.52 18.596891108675447 8.2
    endloop
  endfacet
  facet normal 0 0 1
    outer loop
      vertex 78.52 18.303108891324552 8.2
      vertex 78.52 18.596891108675447 8.2
      vertex 78.39189110867545 18.725 8.2
    endloop
  endfacet
  facet normal 0 0 1
    outer loop
      vertex 78.695 18.55 8.2
      vertex 78.52 18.596891108675447 8.2
      vertex 78.695 18.35 8.2
    endloop
  endfacet
  facet normal 0 0 1
    outer loop
      vertex 76.30137286314057 19.24004240134286 8.2
      vertex 78.52 18.303108891324552 8.2
      vertex 78.39189110867545 18.725 8.2
    endloop
  endfacet
  facet normal 0 0 1
    outer loop
      vertex 76.30137286314057 19.24004240134286 8.2
      vertex 78.39189110867545 18.725 8.2
      vertex 78.345 18.9 8.2
    endloop
  endfacet
  facet normal 0 0 1
    outer loop
      vertex 76.30137286314057 19.24004240134286 8.2
      vertex 78.345 18.9 8.2
      vertex 78.39189110867545 19.075 8.2
    endloop
  endfacet
  facet normal 0 0 1
    outer loop
      vertex 76.30137286314057 19.24004240134286 8.2
      vertex 78.39189110867545 19.075 8.2
      vertex 78.52 19.203108891324554 8.2
    endloop
  endfacet
  facet normal 0 0 1
    outer loop
      vertex 76.30137286314057 19.24004240134286 8.2
      vertex 78.695 20.5 8.2
      vertex 76.22461694505526 20.5 8.2
    endloop
  endfacet
  facet normal 0 0 1
    outer loop
      vertex 76.30137286314057 19.24004240134286 8.2
      vertex 78.52 19.203108891324554 8.2
      vertex 78.52 19.496891108675445 8.2
    endloop
  endfacet
  facet normal 0 0 1
    outer loop
      vertex 76.30137286314057 19.24004240134286 8.2
      vertex 78.52 19.496891108675445 8.2
      vertex 78.39189110867545 19.625 8.2
    endloop
  endfacet
  facet normal 0 0 1
    outer loop
      vertex 76.30137286314057 19.24004240134286 8.2
      vertex 78.39189110867545 19.625 8.2
      vertex 78.345 19.8 8.2
    endloop
  endfacet
  facet normal 0 0 1
    outer loop
      vertex 78.52 19.203108891324554 8.2
      vertex 78.695 19.25 8.2
      vertex 78.52 19.496891108675445 8.2
    endloop
  endfacet
  facet normal 0 0 1
    outer loop
      vertex 78.695 19.45 8.2
      vertex 78.52 19.496891108675445 8.2
      vertex 78.695 19.25 8.2
    endloop
  endfacet
  facet normal 0 0 1
    outer loop
      vertex 76.30137286314057 19.24004240134286 8.2
      vertex 78.345 19.8 8.2
      vertex 78.39189110867545 19.975 8.2
    endloop
  endfacet
  facet normal 0 0 1
    outer loop
      vertex 76.30137286314057 19.24004240134286 8.2
      vertex 78.39189110867545 19.975 8.2
      vertex 78.52 20.103108891324553 8.2
    endloop
  endfacet
  facet normal 0 0 1
    outer loop
      vertex 76.30137286314057 19.24004240134286 8.2
      vertex 78.52 20.103108891324553 8.2
      vertex 78.695 20.5 8.2
    endloop
  endfacet
  facet normal 0 0 1
    outer loop
      vertex 78.695 20.5 8.2
      vertex 78.52 20.103108891324553 8.2
      vertex 78.695 20.15 8.2
    endloop
  endfacet
  facet normal 0 0 -1
    outer loop
      vertex 76.22461694505526 -2.5 0
      vertex 76.26442336483876 -2.341083864193539 0
      vertex 78.695 -2.5 0
    endloop
  endfacet
  facet normal 0 0 -1
    outer loop
      vertex 78.695 -2.5 0
      vertex 78.52 -2.1031088913245535 0
      vertex 78.695 -2.15 0
    endloop
  endfacet
  facet normal 0 0 -1
    outer loop
      vertex 76.26442336483876 -2.341083864193539 0
      vertex 76.43721672006636 -1.1762056839547272 0
      vertex 78.695 -2.5 0
    endloop
  endfacet
  facet normal 0 0 -1
    outer loop
      vertex 76.43721672006636 -1.1762056839547272 0
      vertex 78.52 -2.1031088913245535 0
      vertex 78.695 -2.5 0
    endloop
  endfacet
  facet normal 0 0 -1
    outer loop
      vertex 76.43721672006636 -1.1762056839547272 0
      vertex 78.345 -1.8 0
      vertex 78.39189110867545 -1.975 0
    endloop
  endfacet
  facet normal 0 0 -1
    outer loop
      vertex 76.43721672006636 -1.1762056839547272 0
      vertex 78.39189110867545 -1.975 0
      vertex 78.52 -2.1031088913245535 0
    endloop
  endfacet
  facet normal 0 0 -1
    outer loop
      vertex 76.43721672006636 -1.1762056839547272 0
      vertex 78.39189110867545 -1.625 0
      vertex 78.345 -1.8 0
    endloop
  endfacet
  facet normal 0 0 -1
    outer loop
      vertex 76.43721672006636 -1.1762056839547272 0
      vertex 78.52 -1.4968911086754466 0
      vertex 78.39189110867545 -1.625 0
    endloop
  endfacet
  facet normal 0 0 -1
    outer loop
      vertex 76.43721672006636 -1.1762056839547272 0
      vertex 78.52 -1.2031088913245536 0
      vertex 78.52 -1.4968911086754466 0
    endloop
  endfacet
  facet normal 0 0 -1
    outer loop
      vertex 78.695 -1.4500000000000002 0
      vertex 78.52 -1.4968911086754466 0
      vertex 78.695 -1.25 0
    endloop
  endfacet
  facet normal 0 0 -1
    outer loop
      vertex 78.52 -1.4968911086754466 0
      vertex 78.52 -1.2031088913245536 0
      vertex 78.695 -1.25 0
    endloop
  endfacet
  facet normal 0 0 -1
    outer loop
      vertex 76.43721672006636 -1.1762056839547272 0
      vertex 78.345 -0.9 0
      vertex 78.39189110867545 -1.075 0
    endloop
  endfacet
  facet normal 0 0 -1
    outer loop
      vertex 76.43721672006636 -1.1762056839547272 0
      vertex 78.39189110867545 -1.075 0
      vertex 78.52 -1.2031088913245536 0
    endloop
  endfacet
  facet normal 0 0 -1
    outer loop
      vertex 76.43721672006636 -1.1762056839547272 0
      vertex 78.39189110867545 -0.7250000000000001 0
      vertex 78.345 -0.9 0
    endloop
  endfacet
  facet normal 0 0 -1
    outer loop
      vertex 76.43721672006636 -1.1762056839547272 0
      vertex 78.52 -0.3031088913245535 0
      vertex 78.39189110867545 -0.7250000000000001 0
    endloop
  endfacet
  facet normal 0 0 -1
    outer loop
      vertex 76.43721672006636 -1.1762056839547272 0
      vertex 78.39189110867545 -0.175 0
      vertex 78.52 -0.3031088913245535 0
    endloop
  endfacet
  facet normal 0 0 -1
    outer loop
      vertex 76.43721672006636 -1.1762056839547272 0
      vertex 78.345 0 0
      vertex 78.39189110867545 -0.175 0
    endloop
  endfacet
  facet normal 0 0 -1
    outer loop
      vertex 76.43721672006636 -1.1762056839547272 0
      vertex 78.39189110867545 0.175 0
      vertex 78.345 0 0
    endloop
  endfacet
  facet normal 0 0 -1
    outer loop
      vertex 78.52 -0.5968911086754465 0
      vertex 78.39189110867545 -0.7250000000000001 0
      vertex 78.52 -0.3031088913245535 0
    endloop
  endfacet
  facet normal 0 0 -1
    outer loop
      vertex 78.695 -0.35 0
      vertex 78.695 -0.55 0
      vertex 78.52 -0.5968911086754465 0
    endloop
  endfacet
  facet normal 0 0 -1
    outer loop
      vertex 78.52 -0.5968911086754465 0
      vertex 78.52 -0.3031088913245535 0
      vertex 78.695 -0.35 0
    endloop
  endfacet
  facet normal 0 0 -1
    outer loop
      vertex 76.43721672006636 -1.1762056839547272 0
      vertex 76.495 0 0
      vertex 78.695 2.5 0
    endloop
  endfacet
  facet normal 0 0 -1
    outer loop
      vertex 76.43721672006636 -1.1762056839547272 0
      vertex 78.39189110867545 0.7250000000000001 0
      vertex 78.39189110867545 0.175 0
    endloop
  endfacet
  facet normal 0 0 -1
    outer loop
      vertex 76.43721672006636 -1.1762056839547272 0
      vertex 78.345 0.9 0
      vertex 78.39189110867545 0.7250000000000001 0
    endloop
  endfacet
  facet normal 0 0 -1
    outer loop
      vertex 76.43721672006636 -1.1762056839547272 0
      vertex 78.39189110867545 1.075 0
      vertex 78.345 0.9 0
    endloop
  endfacet
  facet normal 0 0 -1
    outer loop
      vertex 76.43721672006636 -1.1762056839547272 0
      vertex 78.39189110867545 1.625 0
      vertex 78.39189110867545 1.075 0
    endloop
  endfacet
  facet normal 0 0 -1
    outer loop
      vertex 78.52 0.3031088913245535 0
      vertex 78.39189110867545 0.175 0
      vertex 78.52 0.5968911086754465 0
    endloop
  endfacet
  facet normal 0 0 -1
    outer loop
      vertex 78.695 0.55 0
      vertex 78.695 0.35 0
      vertex 78.52 0.3031088913245535 0
    endloop
  endfacet
  facet normal 0 0 -1
    outer loop
      vertex 78.39189110867545 0.175 0
      vertex 78.39189110867545 0.7250000000000001 0
      vertex 78.52 0.5968911086754465 0
    endloop
  endfacet
  facet normal 0 0 -1
    outer loop
      vertex 78.52 0.3031088913245535 0
      vertex 78.52 0.5968911086754465 0
      vertex 78.695 0.55 0
    endloop
  endfacet
  facet normal 0 0 -1
    outer loop
      vertex 76.495 0 0
      vertex 76.43721672006636 1.1762056839547272 0
      vertex 78.695 2.5 0
    endloop
  endfacet
  facet normal 0 0 -1
    outer loop
      vertex 76.43721672006636 -1.1762056839547272 0
      vertex 78.345 1.8 0
      vertex 78.39189110867545 1.625 0
    endloop
  endfacet
  facet normal 0 0 -1
    outer loop
      vertex 76.43721672006636 -1.1762056839547272 0
      vertex 78.39189110867545 1.975 0
      vertex 78.345 1.8 0
    endloop
  endfacet
  facet normal 0 0 -1
    outer loop
      vertex 76.43721672006636 -1.1762056839547272 0
      vertex 78.695 2.5 0
      vertex 78.39189110867545 1.975 0
    endloop
  endfacet
  facet normal 0 0 -1
    outer loop
      vertex 78.52 1.2031088913245536 0
      vertex 78.39189110867545 1.075 0
      vertex 78.52 1.4968911086754466 0
    endloop
  endfacet
  facet normal 0 0 -1
    outer loop
      vertex 78.695 1.25 0
      vertex 78.52 1.2031088913245536 0
      vertex 78.695 1.4500000000000002 0
    endloop
  endfacet
  facet normal 0 0 -1
    outer loop
      vertex 78.39189110867545 1.075 0
      vertex 78.39189110867545 1.625 0
      vertex 78.52 1.4968911086754466 0
    endloop
  endfacet
  facet normal 0 0 -1
    outer loop
      vertex 78.52 1.2031088913245536 0
      vertex 78.52 1.4968911086754466 0
      vertex 78.695 1.4500000000000002 0
    endloop
  endfacet
  facet normal 0 -1 0
    outer loop
      vertex 76.22461694505526 -2.5 0
      vertex 78.695 -2.5 0
      vertex 76.22461694505526 -2.5 8.2
    endloop
  endfacet
  facet normal 1 0 0
    outer loop
      vertex 78.695 -2.5 0
      vertex 78.695 -2.15 0
      vertex 78.695 -2.15 8.2
    endloop
  endfacet
  facet normal 1 0 0
    outer loop
      vertex 78.695 -1.25 0
      vertex 78.695 -1.25 8.2
      vertex 78.695 -1.4500000000000002 0
    endloop
  endfacet
  facet normal 1 0 0
    outer loop
      vertex 78.695 -0.35 0
      vertex 78.695 -0.35 8.2
      vertex 78.695 -0.55 0
    endloop
  endfacet
  facet normal 1 0 0
    outer loop
      vertex 78.695 0.55 0
      vertex 78.695 0.55 8.2
      vertex 78.695 0.35 0
    endloop
  endfacet
  facet normal 1 0 0
    outer loop
      vertex 78.695 1.4500000000000002 0
      vertex 78.695 1.4500000000000002 8.2
      vertex 78.695 1.25 0
    endloop
  endfacet
  facet normal 0 0 -1
    outer loop
      vertex 76.43721672006636 1.1762056839547272 0
      vertex 76.26442336483876 2.341083864193539 0
      vertex 78.695 2.5 0
    endloop
  endfacet
  facet normal 0 0 -1
    outer loop
      vertex 76.26442336483876 2.341083864193539 0
      vertex 76.22461694505526 2.5 0
      vertex 78.695 2.5 0
    endloop
  endfacet
  facet normal 0 0 -1
    outer loop
      vertex 78.695 2.5 0
      vertex 78.52 2.1031088913245535 0
      vertex 78.39189110867545 1.975 0
    endloop
  endfacet
  facet normal 0 0 -1
    outer loop
      vertex 78.695 2.5 0
      vertex 78.695 2.15 0
      vertex 78.52 2.1031088913245535 0
    endloop
  endfacet
  facet normal 0 1 0
    outer loop
      vertex 76.22461694505526 2.5 0
      vertex 78.695 2.5 8.2
      vertex 78.695 2.5 0
    endloop
  endfacet
  facet normal 1 0 0
    outer loop
      vertex 78.695 2.5 0
      vertex 78.695 2.5 8.2
      vertex 78.695 2.15 0
    endloop
  endfacet
  facet normal 0 -1 0
    outer loop
      vertex 78.695 -2.5 0
      vertex 78.695 -2.5 8.2
      vertex 76.22461694505526 -2.5 8.2
    endloop
  endfacet
  facet normal 1 0 0
    outer loop
      vertex 78.695 -2.5 0
      vertex 78.695 -2.15 8.2
      vertex 78.695 -2.5 8.2
    endloop
  endfacet
  facet normal 1 0 0
    outer loop
      vertex 78.695 -1.4500000000000002 0
      vertex 78.695 -1.25 8.2
      vertex 78.695 -1.4500000000000002 8.2
    endloop
  endfacet
  facet normal 1 0 0
    outer loop
      vertex 78.695 -0.55 0
      vertex 78.695 -0.35 8.2
      vertex 78.695 -0.55 8.2
    endloop
  endfacet
  facet normal 1 0 0
    outer loop
      vertex 78.695 0.35 0
      vertex 78.695 0.55 8.2
      vertex 78.695 0.35 8.2
    endloop
  endfacet
  facet normal 1 0 0
    outer loop
      vertex 78.695 1.25 0
      vertex 78.695 1.4500000000000002 8.2
      vertex 78.695 1.25 8.2
    endloop
  endfacet
  facet normal 0 0 1
    outer loop
      vertex 75.6010004494689 -2.5 8.2
      vertex 76.22461694505526 -2.5 8.2
      vertex 75.495 -1.3960070197421715 8.2
    endloop
  endfacet
  facet normal 0 0 1
    outer loop
      vertex 75.495 -1.3960070197421715 8.2
      vertex 76.22461694505526 -2.5 8.2
      vertex 78.695 -2.5 8.2
    endloop
  endfacet
  facet normal 0 0 1
    outer loop
      vertex 78.695 -2.5 8.2
      vertex 78.695 -2.15 8.2
      vertex 78.52 -2.1031088913245535 8.2
    endloop
  endfacet
  facet normal 0 0 1
    outer loop
      vertex 78.695 -2.5 8.2
      vertex 78.52 -2.1031088913245535 8.2
      vertex 78.39189110867545 -1.975 8.2
    endloop
  endfacet
  facet normal 0 0 1
    outer loop
      vertex 78.39189110867545 -1.625 8.2
      vertex 78.52 -1.4968911086754466 8.2
      vertex 78.39189110867545 -1.075 8.2
    endloop
  endfacet
  facet normal 0 0 1
    outer loop
      vertex 78.52 -1.4968911086754466 8.2
      vertex 78.695 -1.4500000000000002 8.2
      vertex 78.52 -1.2031088913245536 8.2
    endloop
  endfacet
  facet normal 0 0 1
    outer loop
      vertex 78.695 -1.25 8.2
      vertex 78.52 -1.2031088913245536 8.2
      vertex 78.695 -1.4500000000000002 8.2
    endloop
  endfacet
  facet normal 0 0 1
    outer loop
      vertex 78.52 -1.4968911086754466 8.2
      vertex 78.52 -1.2031088913245536 8.2
      vertex 78.39189110867545 -1.075 8.2
    endloop
  endfacet
  facet normal 0 0 1
    outer loop
      vertex 75.495 -1.3960070197421715 8.2
      vertex 78.695 -2.5 8.2
      vertex 75.495 0.7008626934102522 8.2
    endloop
  endfacet
  facet normal 0 0 1
    outer loop
      vertex 78.695 -2.5 8.2
      vertex 78.39189110867545 -1.975 8.2
      vertex 76.30137286314057 1.2400424013428595 8.2
    endloop
  endfacet
  facet normal 0 0 1
    outer loop
      vertex 76.30137286314057 1.2400424013428595 8.2
      vertex 78.39189110867545 -1.975 8.2
      vertex 78.345 -1.8 8.2
    endloop
  endfacet
  facet normal 0 0 1
    outer loop
      vertex 76.30137286314057 1.2400424013428595 8.2
      vertex 78.345 -1.8 8.2
      vertex 78.39189110867545 -1.625 8.2
    endloop
  endfacet
  facet normal 0 0 1
    outer loop
      vertex 76.30137286314057 1.2400424013428595 8.2
      vertex 78.39189110867545 -1.625 8.2
      vertex 78.39189110867545 -1.075 8.2
    endloop
  endfacet
  facet normal 0 0 1
    outer loop
      vertex 78.39189110867545 -0.7250000000000001 8.2
      vertex 78.52 -0.5968911086754465 8.2
      vertex 78.39189110867545 -0.175 8.2
    endloop
  endfacet
  facet normal 0 0 1
    outer loop
      vertex 78.52 -0.5968911086754465 8.2
      vertex 78.695 -0.55 8.2
      vertex 78.52 -0.3031088913245535 8.2
    endloop
  endfacet
  facet normal 0 0 1
    outer loop
      vertex 78.695 -0.35 8.2
      vertex 78.52 -0.3031088913245535 8.2
      vertex 78.695 -0.55 8.2
    endloop
  endfacet
  facet normal 0 0 1
    outer loop
      vertex 78.52 -0.5968911086754465 8.2
      vertex 78.52 -0.3031088913245535 8.2
      vertex 78.39189110867545 -0.175 8.2
    endloop
  endfacet
  facet normal 0 0 1
    outer loop
      vertex 78.695 -2.5 8.2
      vertex 76.30137286314057 1.2400424013428595 8.2
      vertex 75.495 0.7008626934102522 8.2
    endloop
  endfacet
  facet normal 0 0 1
    outer loop
      vertex 76.30137286314057 1.2400424013428595 8.2
      vertex 78.39189110867545 -1.075 8.2
      vertex 78.345 -0.9 8.2
    endloop
  endfacet
  facet normal 0 0 1
    outer loop
      vertex 76.30137286314057 1.2400424013428595 8.2
      vertex 78.345 -0.9 8.2
      vertex 78.39189110867545 -0.7250000000000001 8.2
    endloop
  endfacet
  facet normal 0 0 1
    outer loop
      vertex 76.30137286314057 1.2400424013428595 8.2
      vertex 78.39189110867545 -0.7250000000000001 8.2
      vertex 78.39189110867545 -0.175 8.2
    endloop
  endfacet
  facet normal 0 0 1
    outer loop
      vertex 76.30137286314057 1.2400424013428595 8.2
      vertex 78.39189110867545 -0.175 8.2
      vertex 78.345 0 8.2
    endloop
  endfacet
  facet normal 0 0 1
    outer loop
      vertex 76.30137286314057 1.2400424013428595 8.2
      vertex 78.345 0 8.2
      vertex 78.39189110867545 0.175 8.2
    endloop
  endfacet
  facet normal 0 0 1
    outer loop
      vertex 76.30137286314057 1.2400424013428595 8.2
      vertex 78.39189110867545 0.175 8.2
      vertex 78.52 0.3031088913245535 8.2
    endloop
  endfacet
  facet normal 0 0 1
    outer loop
      vertex 78.52 0.3031088913245535 8.2
      vertex 78.695 0.35 8.2
      vertex 78.52 0.5968911086754465 8.2
    endloop
  endfacet
  facet normal 0 0 1
    outer loop
      vertex 78.52 0.3031088913245535 8.2
      vertex 78.52 0.5968911086754465 8.2
      vertex 78.39189110867545 0.7250000000000001 8.2
    endloop
  endfacet
  facet normal 0 0 1
    outer loop
      vertex 78.695 0.55 8.2
      vertex 78.52 0.5968911086754465 8.2
      vertex 78.695 0.35 8.2
    endloop
  endfacet
  facet normal 0 0 1
    outer loop
      vertex 76.30137286314057 1.2400424013428595 8.2
      vertex 78.52 0.3031088913245535 8.2
      vertex 78.39189110867545 0.7250000000000001 8.2
    endloop
  endfacet
  facet normal 0 0 1
    outer loop
      vertex 76.30137286314057 1.2400424013428595 8.2
      vertex 78.39189110867545 0.7250000000000001 8.2
      vertex 78.345 0.9 8.2
    endloop
  endfacet
  facet normal 0 0 1
    outer loop
      vertex 76.30137286314057 1.2400424013428595 8.2
      vertex 78.345 0.9 8.2
      vertex 78.39189110867545 1.075 8.2
    endloop
  endfacet
  facet normal 0 0 1
    outer loop
      vertex 76.30137286314057 1.2400424013428595 8.2
      vertex 78.39189110867545 1.075 8.2
      vertex 78.52 1.2031088913245536 8.2
    endloop
  endfacet
  facet normal 0 0 1
    outer loop
      vertex 76.30137286314057 1.2400424013428595 8.2
      vertex 78.52 1.2031088913245536 8.2
      vertex 78.52 1.4968911086754466 8.2
    endloop
  endfacet
  facet normal 0 0 1
    outer loop
      vertex 76.30137286314057 1.2400424013428595 8.2
      vertex 78.52 1.4968911086754466 8.2
      vertex 78.39189110867545 1.625 8.2
    endloop
  endfacet
  facet normal 0 0 1
    outer loop
      vertex 76.30137286314057 1.2400424013428595 8.2
      vertex 78.39189110867545 1.625 8.2
      vertex 78.345 1.8 8.2
    endloop
  endfacet
  facet normal 0 0 1
    outer loop
      vertex 78.52 1.2031088913245536 8.2
      vertex 78.695 1.25 8.2
      vertex 78.52 1.4968911086754466 8.2
    endloop
  endfacet
  facet normal 0 0 1
    outer loop
      vertex 78.695 1.4500000000000002 8.2
      vertex 78.52 1.4968911086754466 8.2
      vertex 78.695 1.25 8.2
    endloop
  endfacet
  facet normal 0 1 0
    outer loop
      vertex 76.22461694505526 2.5 0
      vertex 76.22461694505526 2.5 8.2
      vertex 78.695 2.5 8.2
    endloop
  endfacet
  facet normal 1 0 0
    outer loop
      vertex 78.695 2.5 8.2
      vertex 78.695 2.15 8.2
      vertex 78.695 2.15 0
    endloop
  endfacet
  facet normal 0 0 1
    outer loop
      vertex 75.60651362310217 2.5 8.2
      vertex 76.30137286314057 1.2400424013428595 8.2
      vertex 76.22461694505526 2.5 8.2
    endloop
  endfacet
  facet normal 0 0 1
    outer loop
      vertex 76.30137286314057 1.2400424013428595 8.2
      vertex 78.695 2.5 8.2
      vertex 76.22461694505526 2.5 8.2
    endloop
  endfacet
  facet normal 0 0 1
    outer loop
      vertex 76.30137286314057 1.2400424013428595 8.2
      vertex 78.345 1.8 8.2
      vertex 78.39189110867545 1.975 8.2
    endloop
  endfacet
  facet normal 0 0 1
    outer loop
      vertex 76.30137286314057 1.2400424013428595 8.2
      vertex 78.39189110867545 1.975 8.2
      vertex 78.52 2.1031088913245535 8.2
    endloop
  endfacet
  facet normal 0 0 1
    outer loop
      vertex 76.30137286314057 1.2400424013428595 8.2
      vertex 78.52 2.1031088913245535 8.2
      vertex 78.695 2.5 8.2
    endloop
  endfacet
  facet normal 0 0 1
    outer loop
      vertex 78.695 2.5 8.2
      vertex 78.52 2.1031088913245535 8.2
      vertex 78.695 2.15 8.2
    endloop
  endfacet
  facet normal 0.2588190451025314 0.9659258262890655 0
    outer loop
      vertex 78.52 15.896891108675447 0
      vertex 78.52 15.896891108675447 8.2
      vertex 78.695 15.85 0
    endloop
  endfacet
  facet normal 0.9659258262890594 0.2588190451025539 -2.4123953591983794e-19
    outer loop
      vertex 78.39189110867545 16.025 0
      vertex 78.345 16.2 0
      vertex 78.345 16.2 8.2
    endloop
  endfacet
  facet normal 0.7071067811865672 0.7071067811865279 -3.8821492171201297e-19
    outer loop
      vertex 78.52 15.896891108675447 0
      vertex 78.39189110867545 16.025 0
      vertex 78.39189110867545 16.025 8.2
    endloop
  endfacet
  facet normal 0.9659258262890594 -0.2588190451025539 2.4123953591983794e-19
    outer loop
      vertex 78.345 16.2 0
      vertex 78.39189110867545 16.375 0
      vertex 78.39189110867545 16.375 8.2
    endloop
  endfacet
  facet normal 0.7071067811865769 -0.707106781186518 0
    outer loop
      vertex 78.52 16.503108891324555 0
      vertex 78.52 16.503108891324555 8.2
      vertex 78.39189110867545 16.375 0
    endloop
  endfacet
  facet normal 0.2588190451025222 -0.9659258262890679 0
    outer loop
      vertex 78.695 16.55 0
      vertex 78.695 16.55 8.2
      vertex 78.52 16.503108891324555 0
    endloop
  endfacet
  facet normal 0.7071067811865672 0.7071067811865279 0
    outer loop
      vertex 78.52 15.896891108675447 0
      vertex 78.39189110867545 16.025 8.2
      vertex 78.52 15.896891108675447 8.2
    endloop
  endfacet
  facet normal 0.2588190451025314 0.9659258262890655 0
    outer loop
      vertex 78.695 15.85 8.2
      vertex 78.695 15.85 0
      vertex 78.52 15.896891108675447 8.2
    endloop
  endfacet
  facet normal 0.9659258262890594 0.2588190451025539 0
    outer loop
      vertex 78.39189110867545 16.025 0
      vertex 78.345 16.2 8.2
      vertex 78.39189110867545 16.025 8.2
    endloop
  endfacet
  facet normal 0.9659258262890594 -0.2588190451025539 0
    outer loop
      vertex 78.345 16.2 0
      vertex 78.39189110867545 16.375 8.2
      vertex 78.345 16.2 8.2
    endloop
  endfacet
  facet normal 0.7071067811865769 -0.707106781186518 0
    outer loop
      vertex 78.39189110867545 16.375 0
      vertex 78.52 16.503108891324555 8.2
      vertex 78.39189110867545 16.375 8.2
    endloop
  endfacet
  facet normal 0.2588190451025222 -0.9659258262890679 0
    outer loop
      vertex 78.52 16.503108891324555 0
      vertex 78.695 16.55 8.2
      vertex 78.52 16.503108891324555 8.2
    endloop
  endfacet
  facet normal 0.25881904510252446 0.9659258262890673 0
    outer loop
      vertex 78.52 -2.1031088913245535 0
      vertex 78.52 -2.1031088913245535 8.2
      vertex 78.695 -2.15 0
    endloop
  endfacet
  facet normal 0.7071067811865733 0.7071067811865217 -3.6413850040596734e-19
    outer loop
      vertex 78.52 -2.1031088913245535 0
      vertex 78.39189110867545 -1.975 0
      vertex 78.39189110867545 -1.975 8.2
    endloop
  endfacet
  facet normal 0.9659258262890592 0.25881904510255477 -2.340166095293008e-19
    outer loop
      vertex 78.39189110867545 -1.975 0
      vertex 78.345 -1.8 0
      vertex 78.345 -1.8 8.2
    endloop
  endfacet
  facet normal 0.9659258262890592 -0.25881904510255477 2.340166095293008e-19
    outer loop
      vertex 78.345 -1.8 0
      vertex 78.39189110867545 -1.625 0
      vertex 78.39189110867545 -1.625 8.2
    endloop
  endfacet
  facet normal 0.7071067811865733 -0.7071067811865217 0
    outer loop
      vertex 78.52 -1.4968911086754466 0
      vertex 78.52 -1.4968911086754466 8.2
      vertex 78.39189110867545 -1.625 0
    endloop
  endfacet
  facet normal 0.25881904510252446 -0.9659258262890673 0
    outer loop
      vertex 78.695 -1.4500000000000002 0
      vertex 78.695 -1.4500000000000002 8.2
      vertex 78.52 -1.4968911086754466 0
    endloop
  endfacet
  facet normal 0.25881904510252446 0.9659258262890673 0
    outer loop
      vertex 78.695 -2.15 8.2
      vertex 78.695 -2.15 0
      vertex 78.52 -2.1031088913245535 8.2
    endloop
  endfacet
  facet normal 0.9659258262890592 0.25881904510255477 0
    outer loop
      vertex 78.39189110867545 -1.975 0
      vertex 78.345 -1.8 8.2
      vertex 78.39189110867545 -1.975 8.2
    endloop
  endfacet
  facet normal 0.7071067811865733 0.7071067811865217 0
    outer loop
      vertex 78.52 -2.1031088913245535 0
      vertex 78.39189110867545 -1.975 8.2
      vertex 78.52 -2.1031088913245535 8.2
    endloop
  endfacet
  facet normal 0.9659258262890592 -0.25881904510255477 0
    outer loop
      vertex 78.345 -1.8 0
      vertex 78.39189110867545 -1.625 8.2
      vertex 78.345 -1.8 8.2
    endloop
  endfacet
  facet normal 0.7071067811865733 -0.7071067811865217 0
    outer loop
      vertex 78.39189110867545 -1.625 0
      vertex 78.52 -1.4968911086754466 8.2
      vertex 78.39189110867545 -1.625 8.2
    endloop
  endfacet
  facet normal 0.25881904510252446 -0.9659258262890673 0
    outer loop
      vertex 78.52 -1.4968911086754466 0
      vertex 78.695 -1.4500000000000002 8.2
      vertex 78.52 -1.4968911086754466 8.2
    endloop
  endfacet
  facet normal 0.2588190451025222 0.9659258262890679 0
    outer loop
      vertex 78.52 16.796891108675446 0
      vertex 78.52 16.796891108675446 8.2
      vertex 78.695 16.75 0
    endloop
  endfacet
  facet normal 0.9659258262890594 0.2588190451025539 -2.4123953591983794e-19
    outer loop
      vertex 78.39189110867545 16.925 0
      vertex 78.345 17.1 0
      vertex 78.345 17.1 8.2
    endloop
  endfacet
  facet normal 0.7071067811865769 0.707106781186518 -8.167628098288896e-19
    outer loop
      vertex 78.52 16.796891108675446 0
      vertex 78.39189110867545 16.925 0
      vertex 78.39189110867545 16.925 8.2
    endloop
  endfacet
  facet normal 0.9659258262890581 -0.25881904510255876 2.0271726183697278e-19
    outer loop
      vertex 78.345 17.1 0
      vertex 78.39189110867545 17.275 0
      vertex 78.39189110867545 17.275 8.2
    endloop
  endfacet
  facet normal 0.7071067811865769 -0.707106781186518 0
    outer loop
      vertex 78.52 17.403108891324553 0
      vertex 78.52 17.403108891324553 8.2
      vertex 78.39189110867545 17.275 0
    endloop
  endfacet
  facet normal 0.2588190451025222 -0.9659258262890679 0
    outer loop
      vertex 78.695 17.45 0
      vertex 78.695 17.45 8.2
      vertex 78.52 17.403108891324553 0
    endloop
  endfacet
  facet normal 0.7071067811865769 0.707106781186518 0
    outer loop
      vertex 78.52 16.796891108675446 0
      vertex 78.39189110867545 16.925 8.2
      vertex 78.52 16.796891108675446 8.2
    endloop
  endfacet
  facet normal 0.2588190451025222 0.9659258262890679 0
    outer loop
      vertex 78.695 16.75 8.2
      vertex 78.695 16.75 0
      vertex 78.52 16.796891108675446 8.2
    endloop
  endfacet
  facet normal 0.9659258262890594 0.2588190451025539 0
    outer loop
      vertex 78.39189110867545 16.925 0
      vertex 78.345 17.1 8.2
      vertex 78.39189110867545 16.925 8.2
    endloop
  endfacet
  facet normal 0.9659258262890581 -0.25881904510255876 0
    outer loop
      vertex 78.345 17.1 0
      vertex 78.39189110867545 17.275 8.2
      vertex 78.345 17.1 8.2
    endloop
  endfacet
  facet normal 0.7071067811865769 -0.707106781186518 0
    outer loop
      vertex 78.39189110867545 17.275 0
      vertex 78.52 17.403108891324553 8.2
      vertex 78.39189110867545 17.275 8.2
    endloop
  endfacet
  facet normal 0.2588190451025222 -0.9659258262890679 0
    outer loop
      vertex 78.52 17.403108891324553 0
      vertex 78.695 17.45 8.2
      vertex 78.52 17.403108891324553 8.2
    endloop
  endfacet
  facet normal 0.25881904510252446 0.9659258262890673 0
    outer loop
      vertex 78.52 -1.2031088913245536 0
      vertex 78.52 -1.2031088913245536 8.2
      vertex 78.695 -1.25 0
    endloop
  endfacet
  facet normal 0.9659258262890592 0.25881904510255493 -2.3281278846421126e-19
    outer loop
      vertex 78.39189110867545 -1.075 0
      vertex 78.345 -0.9 0
      vertex 78.345 -0.9 8.2
    endloop
  endfacet
  facet normal 0.707106781186574 0.7071067811865213 -8.288010204819144e-19
    outer loop
      vertex 78.52 -1.2031088913245536 0
      vertex 78.39189110867545 -1.075 0
      vertex 78.39189110867545 -1.075 8.2
    endloop
  endfacet
  facet normal 0.9659258262890592 -0.25881904510255493 2.3281278846421126e-19
    outer loop
      vertex 78.345 -0.9 0
      vertex 78.39189110867545 -0.7250000000000001 0
      vertex 78.39189110867545 -0.7250000000000001 8.2
    endloop
  endfacet
  facet normal 0.707106781186574 -0.7071067811865213 0
    outer loop
      vertex 78.52 -0.5968911086754465 0
      vertex 78.52 -0.5968911086754465 8.2
      vertex 78.39189110867545 -0.7250000000000001 0
    endloop
  endfacet
  facet normal 0.25881904510252446 -0.9659258262890673 0
    outer loop
      vertex 78.695 -0.55 0
      vertex 78.695 -0.55 8.2
      vertex 78.52 -0.5968911086754465 0
    endloop
  endfacet
  facet normal 0.25881904510252446 0.9659258262890673 0
    outer loop
      vertex 78.695 -1.25 8.2
      vertex 78.695 -1.25 0
      vertex 78.52 -1.2031088913245536 8.2
    endloop
  endfacet
  facet normal 0.9659258262890592 0.25881904510255493 0
    outer loop
      vertex 78.39189110867545 -1.075 0
      vertex 78.345 -0.9 8.2
      vertex 78.39189110867545 -1.075 8.2
    endloop
  endfacet
  facet normal 0.707106781186574 0.7071067811865213 0
    outer loop
      vertex 78.52 -1.2031088913245536 0
      vertex 78.39189110867545 -1.075 8.2
      vertex 78.52 -1.2031088913245536 8.2
    endloop
  endfacet
  facet normal 0.9659258262890592 -0.25881904510255493 0
    outer loop
      vertex 78.345 -0.9 0
      vertex 78.39189110867545 -0.7250000000000001 8.2
      vertex 78.345 -0.9 8.2
    endloop
  endfacet
  facet normal 0.707106781186574 -0.7071067811865213 0
    outer loop
      vertex 78.39189110867545 -0.7250000000000001 0
      vertex 78.52 -0.5968911086754465 8.2
      vertex 78.39189110867545 -0.7250000000000001 8.2
    endloop
  endfacet
  facet normal 0.25881904510252446 -0.9659258262890673 0
    outer loop
      vertex 78.52 -0.5968911086754465 0
      vertex 78.695 -0.55 8.2
      vertex 78.52 -0.5968911086754465 8.2
    endloop
  endfacet
  facet normal 0.7071067811865672 0.7071067811865279 -3.8821492171201297e-19
    outer loop
      vertex 78.52 17.696891108675448 0
      vertex 78.39189110867545 17.825 0
      vertex 78.39189110867545 17.825 8.2
    endloop
  endfacet
  facet normal 0.2588190451025405 0.965925826289063 0
    outer loop
      vertex 78.52 17.696891108675448 0
      vertex 78.52 17.696891108675448 8.2
      vertex 78.695 17.65 0
    endloop
  endfacet
  facet normal 0.9659258262890594 0.2588190451025539 -2.4123953591983794e-19
    outer loop
      vertex 78.39189110867545 17.825 0
      vertex 78.345 18 0
      vertex 78.345 18 8.2
    endloop
  endfacet
  facet normal 0.9659258262890594 -0.2588190451025539 2.4123953591983794e-19
    outer loop
      vertex 78.345 18 0
      vertex 78.39189110867545 18.175 0
      vertex 78.39189110867545 18.175 8.2
    endloop
  endfacet
  facet normal 0.7071067811865672 -0.7071067811865279 0
    outer loop
      vertex 78.52 18.303108891324552 0
      vertex 78.52 18.303108891324552 8.2
      vertex 78.39189110867545 18.175 0
    endloop
  endfacet
  facet normal 0.2588190451025405 -0.965925826289063 0
    outer loop
      vertex 78.695 18.35 0
      vertex 78.695 18.35 8.2
      vertex 78.52 18.303108891324552 0
    endloop
  endfacet
  facet normal 0.2588190451025405 0.965925826289063 0
    outer loop
      vertex 78.695 17.65 8.2
      vertex 78.695 17.65 0
      vertex 78.52 17.696891108675448 8.2
    endloop
  endfacet
  facet normal 0.7071067811865672 0.7071067811865279 0
    outer loop
      vertex 78.52 17.696891108675448 0
      vertex 78.39189110867545 17.825 8.2
      vertex 78.52 17.696891108675448 8.2
    endloop
  endfacet
  facet normal 0.9659258262890594 0.2588190451025539 0
    outer loop
      vertex 78.39189110867545 17.825 0
      vertex 78.345 18 8.2
      vertex 78.39189110867545 17.825 8.2
    endloop
  endfacet
  facet normal 0.9659258262890594 -0.2588190451025539 0
    outer loop
      vertex 78.345 18 0
      vertex 78.39189110867545 18.175 8.2
      vertex 78.345 18 8.2
    endloop
  endfacet
  facet normal 0.7071067811865672 -0.7071067811865279 0
    outer loop
      vertex 78.39189110867545 18.175 0
      vertex 78.52 18.303108891324552 8.2
      vertex 78.39189110867545 18.175 8.2
    endloop
  endfacet
  facet normal 0.2588190451025405 -0.965925826289063 0
    outer loop
      vertex 78.52 18.303108891324552 0
      vertex 78.695 18.35 8.2
      vertex 78.52 18.303108891324552 8.2
    endloop
  endfacet
  facet normal 0.25881904510252485 0.9659258262890673 0
    outer loop
      vertex 78.52 -0.3031088913245535 0
      vertex 78.52 -0.3031088913245535 8.2
      vertex 78.695 -0.35 0
    endloop
  endfacet
  facet normal 0.9659258262890592 0.2588190451025549 3.504230037614065e-19
    outer loop
      vertex 78.39189110867545 -0.175 0
      vertex 78.345 0 0
      vertex 78.345 0 8.2
    endloop
  endfacet
  facet normal 0.7071067811865736 0.7071067811865215 -5.964697604439409e-19
    outer loop
      vertex 78.52 -0.3031088913245535 0
      vertex 78.39189110867545 -0.175 0
      vertex 78.39189110867545 -0.175 8.2
    endloop
  endfacet
  facet normal 0.9659258262890592 -0.2588190451025549 -3.504230037614065e-19
    outer loop
      vertex 78.345 0 0
      vertex 78.39189110867545 0.175 0
      vertex 78.39189110867545 0.175 8.2
    endloop
  endfacet
  facet normal 0.7071067811865736 -0.7071067811865215 0
    outer loop
      vertex 78.52 0.3031088913245535 0
      vertex 78.52 0.3031088913245535 8.2
      vertex 78.39189110867545 0.175 0
    endloop
  endfacet
  facet normal 0.25881904510252485 -0.9659258262890673 0
    outer loop
      vertex 78.695 0.35 0
      vertex 78.695 0.35 8.2
      vertex 78.52 0.3031088913245535 0
    endloop
  endfacet
  facet normal 0.7071067811865736 0.7071067811865215 0
    outer loop
      vertex 78.52 -0.3031088913245535 0
      vertex 78.39189110867545 -0.175 8.2
      vertex 78.52 -0.3031088913245535 8.2
    endloop
  endfacet
  facet normal 0.25881904510252485 0.9659258262890673 0
    outer loop
      vertex 78.695 -0.35 8.2
      vertex 78.695 -0.35 0
      vertex 78.52 -0.3031088913245535 8.2
    endloop
  endfacet
  facet normal 0.9659258262890592 0.2588190451025549 0
    outer loop
      vertex 78.39189110867545 -0.175 0
      vertex 78.345 0 8.2
      vertex 78.39189110867545 -0.175 8.2
    endloop
  endfacet
  facet normal 0.9659258262890592 -0.2588190451025549 0
    outer loop
      vertex 78.345 0 0
      vertex 78.39189110867545 0.175 8.2
      vertex 78.345 0 8.2
    endloop
  endfacet
  facet normal 0.7071067811865736 -0.7071067811865215 0
    outer loop
      vertex 78.39189110867545 0.175 0
      vertex 78.52 0.3031088913245535 8.2
      vertex 78.39189110867545 0.175 8.2
    endloop
  endfacet
  facet normal 0.25881904510252485 -0.9659258262890673 0
    outer loop
      vertex 78.52 0.3031088913245535 0
      vertex 78.695 0.35 8.2
      vertex 78.52 0.3031088913245535 8.2
    endloop
  endfacet
  facet normal 0.2588190451025222 0.9659258262890679 0
    outer loop
      vertex 78.52 18.596891108675447 0
      vertex 78.52 18.596891108675447 8.2
      vertex 78.695 18.55 0
    endloop
  endfacet
  facet normal 0.7071067811865769 0.707106781186518 0
    outer loop
      vertex 78.39189110867545 18.725 0
      vertex 78.39189110867545 18.725 8.2
      vertex 78.52 18.596891108675447 0
    endloop
  endfacet
  facet normal 0.9659258262890581 0.25881904510255876 -2.0271726183697278e-19
    outer loop
      vertex 78.39189110867545 18.725 0
      vertex 78.345 18.9 0
      vertex 78.345 18.9 8.2
    endloop
  endfacet
  facet normal 0.9659258262890594 -0.2588190451025539 2.4123953591983794e-19
    outer loop
      vertex 78.345 18.9 0
      vertex 78.39189110867545 19.075 0
      vertex 78.39189110867545 19.075 8.2
    endloop
  endfacet
  facet normal 0.7071067811865769 -0.707106781186518 0
    outer loop
      vertex 78.52 19.203108891324554 0
      vertex 78.52 19.203108891324554 8.2
      vertex 78.39189110867545 19.075 0
    endloop
  endfacet
  facet normal 0.2588190451025222 -0.9659258262890679 0
    outer loop
      vertex 78.695 19.25 0
      vertex 78.695 19.25 8.2
      vertex 78.52 19.203108891324554 0
    endloop
  endfacet
  facet normal 0.2588190451025222 0.9659258262890679 0
    outer loop
      vertex 78.695 18.55 8.2
      vertex 78.695 18.55 0
      vertex 78.52 18.596891108675447 8.2
    endloop
  endfacet
  facet normal 0.7071067811865769 0.707106781186518 0
    outer loop
      vertex 78.52 18.596891108675447 0
      vertex 78.39189110867545 18.725 8.2
      vertex 78.52 18.596891108675447 8.2
    endloop
  endfacet
  facet normal 0.9659258262890581 0.25881904510255876 0
    outer loop
      vertex 78.39189110867545 18.725 0
      vertex 78.345 18.9 8.2
      vertex 78.39189110867545 18.725 8.2
    endloop
  endfacet
  facet normal 0.9659258262890594 -0.2588190451025539 0
    outer loop
      vertex 78.345 18.9 0
      vertex 78.39189110867545 19.075 8.2
      vertex 78.345 18.9 8.2
    endloop
  endfacet
  facet normal 0.7071067811865769 -0.707106781186518 0
    outer loop
      vertex 78.39189110867545 19.075 0
      vertex 78.52 19.203108891324554 8.2
      vertex 78.39189110867545 19.075 8.2
    endloop
  endfacet
  facet normal 0.2588190451025222 -0.9659258262890679 0
    outer loop
      vertex 78.52 19.203108891324554 0
      vertex 78.695 19.25 8.2
      vertex 78.52 19.203108891324554 8.2
    endloop
  endfacet
  facet normal 0.25881904510252446 0.9659258262890673 0
    outer loop
      vertex 78.52 0.5968911086754465 0
      vertex 78.52 0.5968911086754465 8.2
      vertex 78.695 0.55 0
    endloop
  endfacet
  facet normal 0.9659258262890592 0.25881904510255493 -2.3281278846421126e-19
    outer loop
      vertex 78.39189110867545 0.7250000000000001 0
      vertex 78.345 0.9 0
      vertex 78.345 0.9 8.2
    endloop
  endfacet
  facet normal 0.707106781186574 0.7071067811865213 0
    outer loop
      vertex 78.39189110867545 0.7250000000000001 0
      vertex 78.39189110867545 0.7250000000000001 8.2
      vertex 78.52 0.5968911086754465 0
    endloop
  endfacet
  facet normal 0.9659258262890592 -0.25881904510255493 2.3281278846421126e-19
    outer loop
      vertex 78.345 0.9 0
      vertex 78.39189110867545 1.075 0
      vertex 78.39189110867545 1.075 8.2
    endloop
  endfacet
  facet normal 0.707106781186574 -0.7071067811865213 0
    outer loop
      vertex 78.52 1.2031088913245536 0
      vertex 78.52 1.2031088913245536 8.2
      vertex 78.39189110867545 1.075 0
    endloop
  endfacet
  facet normal 0.25881904510252446 -0.9659258262890673 0
    outer loop
      vertex 78.695 1.25 0
      vertex 78.695 1.25 8.2
      vertex 78.52 1.2031088913245536 0
    endloop
  endfacet
  facet normal 0.707106781186574 0.7071067811865213 0
    outer loop
      vertex 78.52 0.5968911086754465 0
      vertex 78.39189110867545 0.7250000000000001 8.2
      vertex 78.52 0.5968911086754465 8.2
    endloop
  endfacet
  facet normal 0.25881904510252446 0.9659258262890673 0
    outer loop
      vertex 78.695 0.55 8.2
      vertex 78.695 0.55 0
      vertex 78.52 0.5968911086754465 8.2
    endloop
  endfacet
  facet normal 0.9659258262890592 0.25881904510255493 0
    outer loop
      vertex 78.39189110867545 0.7250000000000001 0
      vertex 78.345 0.9 8.2
      vertex 78.39189110867545 0.7250000000000001 8.2
    endloop
  endfacet
  facet normal 0.9659258262890592 -0.25881904510255493 0
    outer loop
      vertex 78.345 0.9 0
      vertex 78.39189110867545 1.075 8.2
      vertex 78.345 0.9 8.2
    endloop
  endfacet
  facet normal 0.707106781186574 -0.7071067811865213 0
    outer loop
      vertex 78.39189110867545 1.075 0
      vertex 78.52 1.2031088913245536 8.2
      vertex 78.39189110867545 1.075 8.2
    endloop
  endfacet
  facet normal 0.25881904510252446 -0.9659258262890673 0
    outer loop
      vertex 78.52 1.2031088913245536 0
      vertex 78.695 1.25 8.2
      vertex 78.52 1.2031088913245536 8.2
    endloop
  endfacet
  facet normal 0.2588190451025222 0.9659258262890679 0
    outer loop
      vertex 78.52 19.496891108675445 0
      vertex 78.52 19.496891108675445 8.2
      vertex 78.695 19.45 0
    endloop
  endfacet
  facet normal 0.7071067811865769 0.707106781186518 -8.167628098288896e-19
    outer loop
      vertex 78.52 19.496891108675445 0
      vertex 78.39189110867545 19.625 0
      vertex 78.39189110867545 19.625 8.2
    endloop
  endfacet
  facet normal 0.9659258262890594 0.2588190451025539 -2.4123953591983794e-19
    outer loop
      vertex 78.39189110867545 19.625 0
      vertex 78.345 19.8 0
      vertex 78.345 19.8 8.2
    endloop
  endfacet
  facet normal 0.9659258262890594 -0.2588190451025539 2.4123953591983794e-19
    outer loop
      vertex 78.345 19.8 0
      vertex 78.39189110867545 19.975 0
      vertex 78.39189110867545 19.975 8.2
    endloop
  endfacet
  facet normal 0.7071067811865672 -0.7071067811865279 0
    outer loop
      vertex 78.52 20.103108891324553 0
      vertex 78.52 20.103108891324553 8.2
      vertex 78.39189110867545 19.975 0
    endloop
  endfacet
  facet normal 0.2588190451025222 -0.9659258262890679 0
    outer loop
      vertex 78.695 20.15 0
      vertex 78.695 20.15 8.2
      vertex 78.52 20.103108891324553 0
    endloop
  endfacet
  facet normal 0.2588190451025222 0.9659258262890679 0
    outer loop
      vertex 78.695 19.45 8.2
      vertex 78.695 19.45 0
      vertex 78.52 19.496891108675445 8.2
    endloop
  endfacet
  facet normal 0.7071067811865769 0.707106781186518 0
    outer loop
      vertex 78.52 19.496891108675445 0
      vertex 78.39189110867545 19.625 8.2
      vertex 78.52 19.496891108675445 8.2
    endloop
  endfacet
  facet normal 0.9659258262890594 0.2588190451025539 0
    outer loop
      vertex 78.39189110867545 19.625 0
      vertex 78.345 19.8 8.2
      vertex 78.39189110867545 19.625 8.2
    endloop
  endfacet
  facet normal 0.9659258262890594 -0.2588190451025539 0
    outer loop
      vertex 78.345 19.8 0
      vertex 78.39189110867545 19.975 8.2
      vertex 78.345 19.8 8.2
    endloop
  endfacet
  facet normal 0.7071067811865672 -0.7071067811865279 0
    outer loop
      vertex 78.39189110867545 19.975 0
      vertex 78.52 20.103108891324553 8.2
      vertex 78.39189110867545 19.975 8.2
    endloop
  endfacet
  facet normal 0.2588190451025222 -0.9659258262890679 0
    outer loop
      vertex 78.52 20.103108891324553 0
      vertex 78.695 20.15 8.2
      vertex 78.52 20.103108891324553 8.2
    endloop
  endfacet
  facet normal 0.25881904510252446 0.9659258262890673 0
    outer loop
      vertex 78.52 1.4968911086754466 0
      vertex 78.52 1.4968911086754466 8.2
      vertex 78.695 1.4500000000000002 0
    endloop
  endfacet
  facet normal 0.7071067811865733 0.7071067811865217 -3.6413850040596734e-19
    outer loop
      vertex 78.52 1.4968911086754466 0
      vertex 78.39189110867545 1.625 0
      vertex 78.39189110867545 1.625 8.2
    endloop
  endfacet
  facet normal 0.9659258262890592 0.25881904510255477 -2.340166095293008e-19
    outer loop
      vertex 78.39189110867545 1.625 0
      vertex 78.345 1.8 0
      vertex 78.345 1.8 8.2
    endloop
  endfacet
  facet normal 0.9659258262890592 -0.25881904510255477 2.340166095293008e-19
    outer loop
      vertex 78.345 1.8 0
      vertex 78.39189110867545 1.975 0
      vertex 78.39189110867545 1.975 8.2
    endloop
  endfacet
  facet normal 0.7071067811865733 -0.7071067811865217 0
    outer loop
      vertex 78.52 2.1031088913245535 0
      vertex 78.52 2.1031088913245535 8.2
      vertex 78.39189110867545 1.975 0
    endloop
  endfacet
  facet normal 0.25881904510252446 -0.9659258262890673 0
    outer loop
      vertex 78.695 2.15 0
      vertex 78.695 2.15 8.2
      vertex 78.52 2.1031088913245535 0
    endloop
  endfacet
  facet normal 0.25881904510252446 0.9659258262890673 0
    outer loop
      vertex 78.695 1.4500000000000002 8.2
      vertex 78.695 1.4500000000000002 0
      vertex 78.52 1.4968911086754466 8.2
    endloop
  endfacet
  facet normal 0.7071067811865733 0.7071067811865217 0
    outer loop
      vertex 78.52 1.4968911086754466 0
      vertex 78.39189110867545 1.625 8.2
      vertex 78.52 1.4968911086754466 8.2
    endloop
  endfacet
  facet normal 0.9659258262890592 0.25881904510255477 0
    outer loop
      vertex 78.39189110867545 1.625 0
      vertex 78.345 1.8 8.2
      vertex 78.39189110867545 1.625 8.2
    endloop
  endfacet
  facet normal 0.9659258262890592 -0.25881904510255477 0
    outer loop
      vertex 78.345 1.8 0
      vertex 78.39189110867545 1.975 8.2
      vertex 78.345 1.8 8.2
    endloop
  endfacet
  facet normal 0.7071067811865733 -0.7071067811865217 0
    outer loop
      vertex 78.39189110867545 1.975 0
      vertex 78.52 2.1031088913245535 8.2
      vertex 78.39189110867545 1.975 8.2
    endloop
  endfacet
  facet normal 0.25881904510252446 -0.9659258262890673 0
    outer loop
      vertex 78.52 2.1031088913245535 0
      vertex 78.695 2.15 8.2
      vertex 78.52 2.1031088913245535 8.2
    endloop
  endfacet
  facet normal 0.608761429008712 0.7933533402912416 5.238805237195122e-19
    outer loop
      vertex 73.82000000000001 17.177275866404784 -2.9802320611338473e-9
      vertex 73.62324855787278 17.32824855787278 -2.9802320611338473e-9
      vertex 73.62324855787278 17.32824855787278 8.2
    endloop
  endfacet
  facet normal 0.7933533402912296 0.6087614290087281 7.329744845736307e-19
    outer loop
      vertex 73.62324855787278 17.32824855787278 -2.9802320611338473e-9
      vertex 73.47227586640479 17.525 -2.9802320611338473e-9
      vertex 73.47227586640479 17.525 8.2
    endloop
  endfacet
  facet normal 0.9238795325112751 0.3826834323651179 -5.943838769303791e-19
    outer loop
      vertex 73.47227586640479 17.525 -2.9802320611338473e-9
      vertex 73.37737046502538 17.754121907152605 -2.9802320611338473e-9
      vertex 73.37737046502538 17.754121907152605 8.2
    endloop
  endfacet
  facet normal 0.991444861373813 0.130526192220032 3.845432047114786e-19
    outer loop
      vertex 73.37737046502538 17.754121907152605 -2.9802320611338473e-9
      vertex 73.345 18 -2.9802320611338473e-9
      vertex 73.345 18 8.2
    endloop
  endfacet
  facet normal 0.991444861373813 -0.130526192220032 -3.845432047114786e-19
    outer loop
      vertex 73.345 18 -2.9802320611338473e-9
      vertex 73.37737046502538 18.245878092847395 -2.9802320611338473e-9
      vertex 73.37737046502538 18.245878092847395 8.2
    endloop
  endfacet
  facet normal 0.9238795325112751 -0.3826834323651179 5.943838769303791e-19
    outer loop
      vertex 73.37737046502538 18.245878092847395 -2.9802320611338473e-9
      vertex 73.47227586640479 18.475 -2.9802320611338473e-9
      vertex 73.47227586640479 18.475 8.2
    endloop
  endfacet
  facet normal 0.7933533402912296 -0.6087614290087281 0
    outer loop
      vertex 73.62324855787278 18.67175144212722 8.2
      vertex 73.47227586640479 18.475 -2.9802320611338473e-9
      vertex 73.62324855787278 18.67175144212722 -2.9802320611338473e-9
    endloop
  endfacet
  facet normal 0.608761429008712 -0.7933533402912416 0
    outer loop
      vertex 73.82000000000001 18.822724133595216 -2.9802320611338473e-9
      vertex 73.82000000000001 18.822724133595216 8.2
      vertex 73.62324855787278 18.67175144212722 -2.9802320611338473e-9
    endloop
  endfacet
  facet normal 0.13052619222004797 0.9914448613738109 0
    outer loop
      vertex 74.04912190715261 17.082370465025384 8.2
      vertex 74.295 17.05 -2.9802320611338473e-9
      vertex 74.04912190715261 17.082370465025384 -2.9802320611338473e-9
    endloop
  endfacet
  facet normal -0.13052619222004797 0.9914448613738109 0
    outer loop
      vertex 74.295 17.05 8.2
      vertex 74.5408780928474 17.082370465025384 -2.9802320611338473e-9
      vertex 74.295 17.05 -2.9802320611338473e-9
    endloop
  endfacet
  facet normal 0.38268343236509855 0.9238795325112832 1.303464385053714e-19
    outer loop
      vertex 74.04912190715261 17.082370465025384 -2.9802320611338473e-9
      vertex 73.82000000000001 17.177275866404784 -2.9802320611338473e-9
      vertex 73.82000000000001 17.177275866404784 8.2
    endloop
  endfacet
  facet normal -0.38268343236509855 0.9238795325112832 0
    outer loop
      vertex 74.5408780928474 17.082370465025384 8.2
      vertex 74.77 17.177275866404784 -2.9802320611338473e-9
      vertex 74.5408780928474 17.082370465025384 -2.9802320611338473e-9
    endloop
  endfacet
  facet normal -0.608761429008712 0.7933533402912416 -5.238805237195122e-19
    outer loop
      vertex 74.96675144212722 17.32824855787278 -2.9802320611338473e-9
      vertex 74.77 17.177275866404784 -2.9802320611338473e-9
      vertex 74.77 17.177275866404784 8.2
    endloop
  endfacet
  facet normal -0.7933533402912296 0.6087614290087281 0
    outer loop
      vertex 74.96675144212722 17.32824855787278 -2.9802320611338473e-9
      vertex 74.96675144212722 17.32824855787278 8.2
      vertex 75.11772413359522 17.525 -2.9802320611338473e-9
    endloop
  endfacet
  facet normal -0.9238795325112955 0.382683432365069 -2.302105713942388e-19
    outer loop
      vertex 75.21262953497461 17.754121907152605 -2.9802320611338473e-9
      vertex 75.11772413359522 17.525 -2.9802320611338473e-9
      vertex 75.11772413359522 17.525 8.2
    endloop
  endfacet
  facet normal -0.9914448613738055 0.1305261922200883 0
    outer loop
      vertex 75.21262953497461 17.754121907152605 -2.9802320611338473e-9
      vertex 75.21262953497461 17.754121907152605 8.2
      vertex 75.245 18 -2.9802320611338473e-9
    endloop
  endfacet
  facet normal -0.9914448613738055 -0.1305261922200883 0
    outer loop
      vertex 75.245 18 -2.9802320611338473e-9
      vertex 75.245 18 8.2
      vertex 75.21262953497461 18.245878092847395 -2.9802320611338473e-9
    endloop
  endfacet
  facet normal 0.38268343236509855 -0.9238795325112832 -1.303464385053714e-19
    outer loop
      vertex 73.82000000000001 18.822724133595216 -2.9802320611338473e-9
      vertex 74.04912190715261 18.917629534974616 -2.9802320611338473e-9
      vertex 74.04912190715261 18.917629534974616 8.2
    endloop
  endfacet
  facet normal 0.13052619222004797 -0.9914448613738109 0
    outer loop
      vertex 74.295 18.95 -2.9802320611338473e-9
      vertex 74.295 18.95 8.2
      vertex 74.04912190715261 18.917629534974616 -2.9802320611338473e-9
    endloop
  endfacet
  facet normal -0.13052619222004797 -0.9914448613738109 0
    outer loop
      vertex 74.5408780928474 18.917629534974616 -2.9802320611338473e-9
      vertex 74.5408780928474 18.917629534974616 8.2
      vertex 74.295 18.95 -2.9802320611338473e-9
    endloop
  endfacet
  facet normal -0.38268343236509855 -0.9238795325112832 0
    outer loop
      vertex 74.77 18.822724133595216 -2.9802320611338473e-9
      vertex 74.77 18.822724133595216 8.2
      vertex 74.5408780928474 18.917629534974616 -2.9802320611338473e-9
    endloop
  endfacet
  facet normal -0.608761429008712 -0.7933533402912416 5.238805237195122e-19
    outer loop
      vertex 74.77 18.822724133595216 -2.9802320611338473e-9
      vertex 74.96675144212722 18.67175144212722 -2.9802320611338473e-9
      vertex 74.96675144212722 18.67175144212722 8.2
    endloop
  endfacet
  facet normal -0.9238795325112955 -0.382683432365069 2.302105713942388e-19
    outer loop
      vertex 75.11772413359522 18.475 -2.9802320611338473e-9
      vertex 75.21262953497461 18.245878092847395 -2.9802320611338473e-9
      vertex 75.21262953497461 18.245878092847395 8.2
    endloop
  endfacet
  facet normal -0.7933533402912296 -0.6087614290087281 7.329744845736307e-19
    outer loop
      vertex 74.96675144212722 18.67175144212722 -2.9802320611338473e-9
      vertex 75.11772413359522 18.475 -2.9802320611338473e-9
      vertex 75.11772413359522 18.475 8.2
    endloop
  endfacet
  facet normal 0.608761429008712 0.7933533402912416 0
    outer loop
      vertex 73.82000000000001 17.177275866404784 -2.9802320611338473e-9
      vertex 73.62324855787278 17.32824855787278 8.2
      vertex 73.82000000000001 17.177275866404784 8.2
    endloop
  endfacet
  facet normal 0.7933533402912296 0.6087614290087281 0
    outer loop
      vertex 73.62324855787278 17.32824855787278 -2.9802320611338473e-9
      vertex 73.47227586640479 17.525 8.2
      vertex 73.62324855787278 17.32824855787278 8.2
    endloop
  endfacet
  facet normal 0.9238795325112751 0.3826834323651179 0
    outer loop
      vertex 73.47227586640479 17.525 -2.9802320611338473e-9
      vertex 73.37737046502538 17.754121907152605 8.2
      vertex 73.47227586640479 17.525 8.2
    endloop
  endfacet
  facet normal 0.991444861373813 0.130526192220032 0
    outer loop
      vertex 73.37737046502538 17.754121907152605 -2.9802320611338473e-9
      vertex 73.345 18 8.2
      vertex 73.37737046502538 17.754121907152605 8.2
    endloop
  endfacet
  facet normal 0.991444861373813 -0.130526192220032 0
    outer loop
      vertex 73.345 18 -2.9802320611338473e-9
      vertex 73.37737046502538 18.245878092847395 8.2
      vertex 73.345 18 8.2
    endloop
  endfacet
  facet normal 0.9238795325112751 -0.3826834323651179 0
    outer loop
      vertex 73.37737046502538 18.245878092847395 -2.9802320611338473e-9
      vertex 73.47227586640479 18.475 8.2
      vertex 73.37737046502538 18.245878092847395 8.2
    endloop
  endfacet
  facet normal 0.7933533402912296 -0.6087614290087281 -7.329744845736307e-19
    outer loop
      vertex 73.62324855787278 18.67175144212722 8.2
      vertex 73.47227586640479 18.475 8.2
      vertex 73.47227586640479 18.475 -2.9802320611338473e-9
    endloop
  endfacet
  facet normal 0.608761429008712 -0.7933533402912416 0
    outer loop
      vertex 73.62324855787278 18.67175144212722 8.2
      vertex 73.62324855787278 18.67175144212722 -2.9802320611338473e-9
      vertex 73.82000000000001 18.822724133595216 8.2
    endloop
  endfacet
  facet normal 0.13052619222004797 0.9914448613738109 0
    outer loop
      vertex 74.295 17.05 -2.9802320611338473e-9
      vertex 74.04912190715261 17.082370465025384 8.2
      vertex 74.295 17.05 8.2
    endloop
  endfacet
  facet normal 0.38268343236509855 0.9238795325112832 0
    outer loop
      vertex 74.04912190715261 17.082370465025384 8.2
      vertex 74.04912190715261 17.082370465025384 -2.9802320611338473e-9
      vertex 73.82000000000001 17.177275866404784 8.2
    endloop
  endfacet
  facet normal -0.13052619222004797 0.9914448613738109 0
    outer loop
      vertex 74.5408780928474 17.082370465025384 8.2
      vertex 74.5408780928474 17.082370465025384 -2.9802320611338473e-9
      vertex 74.295 17.05 8.2
    endloop
  endfacet
  facet normal -0.38268343236509855 0.9238795325112832 0
    outer loop
      vertex 74.77 17.177275866404784 8.2
      vertex 74.77 17.177275866404784 -2.9802320611338473e-9
      vertex 74.5408780928474 17.082370465025384 8.2
    endloop
  endfacet
  facet normal -0.608761429008712 0.7933533402912416 0
    outer loop
      vertex 74.96675144212722 17.32824855787278 -2.9802320611338473e-9
      vertex 74.77 17.177275866404784 8.2
      vertex 74.96675144212722 17.32824855787278 8.2
    endloop
  endfacet
  facet normal -0.7933533402912296 0.6087614290087281 0
    outer loop
      vertex 75.11772413359522 17.525 -2.9802320611338473e-9
      vertex 74.96675144212722 17.32824855787278 8.2
      vertex 75.11772413359522 17.525 8.2
    endloop
  endfacet
  facet normal -0.9238795325112955 0.382683432365069 0
    outer loop
      vertex 75.21262953497461 17.754121907152605 -2.9802320611338473e-9
      vertex 75.11772413359522 17.525 8.2
      vertex 75.21262953497461 17.754121907152605 8.2
    endloop
  endfacet
  facet normal -0.9914448613738055 0.1305261922200883 0
    outer loop
      vertex 75.245 18 -2.9802320611338473e-9
      vertex 75.21262953497461 17.754121907152605 8.2
      vertex 75.245 18 8.2
    endloop
  endfacet
  facet normal -0.9914448613738055 -0.1305261922200883 0
    outer loop
      vertex 75.21262953497461 18.245878092847395 -2.9802320611338473e-9
      vertex 75.245 18 8.2
      vertex 75.21262953497461 18.245878092847395 8.2
    endloop
  endfacet
  facet normal 0.38268343236509855 -0.9238795325112832 0
    outer loop
      vertex 73.82000000000001 18.822724133595216 -2.9802320611338473e-9
      vertex 74.04912190715261 18.917629534974616 8.2
      vertex 73.82000000000001 18.822724133595216 8.2
    endloop
  endfacet
  facet normal 0.13052619222004797 -0.9914448613738109 0
    outer loop
      vertex 74.04912190715261 18.917629534974616 -2.9802320611338473e-9
      vertex 74.295 18.95 8.2
      vertex 74.04912190715261 18.917629534974616 8.2
    endloop
  endfacet
  facet normal -0.13052619222004797 -0.9914448613738109 0
    outer loop
      vertex 74.295 18.95 -2.9802320611338473e-9
      vertex 74.5408780928474 18.917629534974616 8.2
      vertex 74.295 18.95 8.2
    endloop
  endfacet
  facet normal -0.38268343236509855 -0.9238795325112832 0
    outer loop
      vertex 74.5408780928474 18.917629534974616 -2.9802320611338473e-9
      vertex 74.77 18.822724133595216 8.2
      vertex 74.5408780928474 18.917629534974616 8.2
    endloop
  endfacet
  facet normal -0.608761429008712 -0.7933533402912416 0
    outer loop
      vertex 74.77 18.822724133595216 -2.9802320611338473e-9
      vertex 74.96675144212722 18.67175144212722 8.2
      vertex 74.77 18.822724133595216 8.2
    endloop
  endfacet
  facet normal -0.9238795325112955 -0.382683432365069 0
    outer loop
      vertex 75.11772413359522 18.475 -2.9802320611338473e-9
      vertex 75.21262953497461 18.245878092847395 8.2
      vertex 75.11772413359522 18.475 8.2
    endloop
  endfacet
  facet normal -0.7933533402912296 -0.6087614290087281 0
    outer loop
      vertex 74.96675144212722 18.67175144212722 -2.9802320611338473e-9
      vertex 75.11772413359522 18.475 8.2
      vertex 74.96675144212722 18.67175144212722 8.2
    endloop
  endfacet
  facet normal 0.6087614290087155 0.7933533402912392 -4.188111713430187e-19
    outer loop
      vertex 73.82000000000001 -0.8227241335952167 -2.9802320611338473e-9
      vertex 73.62324855787278 -0.6717514421272202 -2.9802320611338473e-9
      vertex 73.62324855787278 -0.6717514421272202 8.2
    endloop
  endfacet
  facet normal 0.793353340291231 0.6087614290087261 -8.616643993004964e-20
    outer loop
      vertex 73.62324855787278 -0.6717514421272202 -2.9802320611338473e-9
      vertex 73.47227586640479 -0.475 -2.9802320611338473e-9
      vertex 73.47227586640479 -0.475 8.2
    endloop
  endfacet
  facet normal 0.9238795325112744 0.38268343236511965 9.947424208127395e-20
    outer loop
      vertex 73.47227586640479 -0.475 -2.9802320611338473e-9
      vertex 73.37737046502538 -0.2458780928473947 -2.9802320611338473e-9
      vertex 73.37737046502538 -0.2458780928473947 8.2
    endloop
  endfacet
  facet normal 0.991444861373813 0.13052619222003214 -3.461470334264122e-19
    outer loop
      vertex 73.37737046502538 -0.2458780928473947 -2.9802320611338473e-9
      vertex 73.345 0 -2.9802320611338473e-9
      vertex 73.345 0 8.2
    endloop
  endfacet
  facet normal 0.991444861373813 -0.13052619222003214 3.461470334264122e-19
    outer loop
      vertex 73.345 0 -2.9802320611338473e-9
      vertex 73.37737046502538 0.2458780928473947 -2.9802320611338473e-9
      vertex 73.37737046502538 0.2458780928473947 8.2
    endloop
  endfacet
  facet normal 0.9238795325112744 -0.38268343236511965 -9.947424208127395e-20
    outer loop
      vertex 73.37737046502538 0.2458780928473947 -2.9802320611338473e-9
      vertex 73.47227586640479 0.475 -2.9802320611338473e-9
      vertex 73.47227586640479 0.475 8.2
    endloop
  endfacet
  facet normal 0.793353340291231 -0.6087614290087261 0
    outer loop
      vertex 73.62324855787278 0.6717514421272202 8.2
      vertex 73.47227586640479 0.475 -2.9802320611338473e-9
      vertex 73.62324855787278 0.6717514421272202 -2.9802320611338473e-9
    endloop
  endfacet
  facet normal 0.6087614290087155 -0.7933533402912392 0
    outer loop
      vertex 73.82000000000001 0.8227241335952167 -2.9802320611338473e-9
      vertex 73.82000000000001 0.8227241335952167 8.2
      vertex 73.62324855787278 0.6717514421272202 -2.9802320611338473e-9
    endloop
  endfacet
  facet normal 0.38268343236509317 0.9238795325112854 -4.725517410271118e-19
    outer loop
      vertex 74.04912190715261 -0.9176295349746149 -2.9802320611338473e-9
      vertex 73.82000000000001 -0.8227241335952167 -2.9802320611338473e-9
      vertex 73.82000000000001 -0.8227241335952167 8.2
    endloop
  endfacet
  facet normal 0.1305261922200532 0.99144486137381 0
    outer loop
      vertex 74.04912190715261 -0.9176295349746149 8.2
      vertex 74.295 -0.95 -2.9802320611338473e-9
      vertex 74.04912190715261 -0.9176295349746149 -2.9802320611338473e-9
    endloop
  endfacet
  facet normal -0.1305261922200532 0.99144486137381 0
    outer loop
      vertex 74.295 -0.95 8.2
      vertex 74.5408780928474 -0.9176295349746149 -2.9802320611338473e-9
      vertex 74.295 -0.95 -2.9802320611338473e-9
    endloop
  endfacet
  facet normal -0.38268343236509317 0.9238795325112854 0
    outer loop
      vertex 74.5408780928474 -0.9176295349746149 8.2
      vertex 74.77 -0.8227241335952167 -2.9802320611338473e-9
      vertex 74.5408780928474 -0.9176295349746149 -2.9802320611338473e-9
    endloop
  endfacet
  facet normal -0.6087614290087155 0.7933533402912392 4.188111713430187e-19
    outer loop
      vertex 74.96675144212722 -0.6717514421272202 -2.9802320611338473e-9
      vertex 74.77 -0.8227241335952167 -2.9802320611338473e-9
      vertex 74.77 -0.8227241335952167 8.2
    endloop
  endfacet
  facet normal -0.793353340291231 0.6087614290087261 0
    outer loop
      vertex 74.96675144212722 -0.6717514421272202 -2.9802320611338473e-9
      vertex 74.96675144212722 -0.6717514421272202 8.2
      vertex 75.11772413359522 -0.475 -2.9802320611338473e-9
    endloop
  endfacet
  facet normal -0.9238795325112946 0.3826834323650707 7.819945645325309e-19
    outer loop
      vertex 75.21262953497461 -0.2458780928473947 -2.9802320611338473e-9
      vertex 75.11772413359522 -0.475 -2.9802320611338473e-9
      vertex 75.11772413359522 -0.475 8.2
    endloop
  endfacet
  facet normal -0.9914448613738055 0.13052619222008846 0
    outer loop
      vertex 75.21262953497461 -0.2458780928473947 -2.9802320611338473e-9
      vertex 75.21262953497461 -0.2458780928473947 8.2
      vertex 75.245 0 -2.9802320611338473e-9
    endloop
  endfacet
  facet normal -0.9914448613738055 -0.13052619222008846 0
    outer loop
      vertex 75.245 0 -2.9802320611338473e-9
      vertex 75.245 0 8.2
      vertex 75.21262953497461 0.2458780928473947 -2.9802320611338473e-9
    endloop
  endfacet
  facet normal -0.9238795325112946 -0.3826834323650707 -7.819945645325309e-19
    outer loop
      vertex 75.11772413359522 0.475 -2.9802320611338473e-9
      vertex 75.21262953497461 0.2458780928473947 -2.9802320611338473e-9
      vertex 75.21262953497461 0.2458780928473947 8.2
    endloop
  endfacet
  facet normal -0.793353340291231 -0.6087614290087261 -8.616643993004964e-20
    outer loop
      vertex 74.96675144212722 0.6717514421272202 -2.9802320611338473e-9
      vertex 75.11772413359522 0.475 -2.9802320611338473e-9
      vertex 75.11772413359522 0.475 8.2
    endloop
  endfacet
  facet normal 0.38268343236509317 -0.9238795325112854 4.725517410271118e-19
    outer loop
      vertex 73.82000000000001 0.8227241335952167 -2.9802320611338473e-9
      vertex 74.04912190715261 0.9176295349746149 -2.9802320611338473e-9
      vertex 74.04912190715261 0.9176295349746149 8.2
    endloop
  endfacet
  facet normal 0.1305261922200532 -0.99144486137381 0
    outer loop
      vertex 74.295 0.95 -2.9802320611338473e-9
      vertex 74.295 0.95 8.2
      vertex 74.04912190715261 0.9176295349746149 -2.9802320611338473e-9
    endloop
  endfacet
  facet normal -0.38268343236509317 -0.9238795325112854 0
    outer loop
      vertex 74.77 0.8227241335952167 -2.9802320611338473e-9
      vertex 74.77 0.8227241335952167 8.2
      vertex 74.5408780928474 0.9176295349746149 -2.9802320611338473e-9
    endloop
  endfacet
  facet normal -0.6087614290087155 -0.7933533402912392 -4.188111713430187e-19
    outer loop
      vertex 74.77 0.8227241335952167 -2.9802320611338473e-9
      vertex 74.96675144212722 0.6717514421272202 -2.9802320611338473e-9
      vertex 74.96675144212722 0.6717514421272202 8.2
    endloop
  endfacet
  facet normal -0.1305261922200532 -0.99144486137381 0
    outer loop
      vertex 74.5408780928474 0.9176295349746149 -2.9802320611338473e-9
      vertex 74.5408780928474 0.9176295349746149 8.2
      vertex 74.295 0.95 -2.9802320611338473e-9
    endloop
  endfacet
  facet normal 0.6087614290087155 0.7933533402912392 0
    outer loop
      vertex 73.82000000000001 -0.8227241335952167 -2.9802320611338473e-9
      vertex 73.62324855787278 -0.6717514421272202 8.2
      vertex 73.82000000000001 -0.8227241335952167 8.2
    endloop
  endfacet
  facet normal 0.793353340291231 0.6087614290087261 0
    outer loop
      vertex 73.62324855787278 -0.6717514421272202 -2.9802320611338473e-9
      vertex 73.47227586640479 -0.475 8.2
      vertex 73.62324855787278 -0.6717514421272202 8.2
    endloop
  endfacet
  facet normal 0.9238795325112744 0.38268343236511965 0
    outer loop
      vertex 73.47227586640479 -0.475 -2.9802320611338473e-9
      vertex 73.37737046502538 -0.2458780928473947 8.2
      vertex 73.47227586640479 -0.475 8.2
    endloop
  endfacet
  facet normal 0.991444861373813 0.13052619222003214 0
    outer loop
      vertex 73.37737046502538 -0.2458780928473947 -2.9802320611338473e-9
      vertex 73.345 0 8.2
      vertex 73.37737046502538 -0.2458780928473947 8.2
    endloop
  endfacet
  facet normal 0.991444861373813 -0.13052619222003214 0
    outer loop
      vertex 73.345 0 -2.9802320611338473e-9
      vertex 73.37737046502538 0.2458780928473947 8.2
      vertex 73.345 0 8.2
    endloop
  endfacet
  facet normal 0.9238795325112744 -0.38268343236511965 0
    outer loop
      vertex 73.37737046502538 0.2458780928473947 -2.9802320611338473e-9
      vertex 73.47227586640479 0.475 8.2
      vertex 73.37737046502538 0.2458780928473947 8.2
    endloop
  endfacet
  facet normal 0.793353340291231 -0.6087614290087261 8.616643993004964e-20
    outer loop
      vertex 73.62324855787278 0.6717514421272202 8.2
      vertex 73.47227586640479 0.475 8.2
      vertex 73.47227586640479 0.475 -2.9802320611338473e-9
    endloop
  endfacet
  facet normal 0.6087614290087155 -0.7933533402912392 0
    outer loop
      vertex 73.62324855787278 0.6717514421272202 8.2
      vertex 73.62324855787278 0.6717514421272202 -2.9802320611338473e-9
      vertex 73.82000000000001 0.8227241335952167 8.2
    endloop
  endfacet
  facet normal 0.38268343236509317 0.9238795325112854 0
    outer loop
      vertex 74.04912190715261 -0.9176295349746149 8.2
      vertex 74.04912190715261 -0.9176295349746149 -2.9802320611338473e-9
      vertex 73.82000000000001 -0.8227241335952167 8.2
    endloop
  endfacet
  facet normal 0.1305261922200532 0.99144486137381 0
    outer loop
      vertex 74.295 -0.95 -2.9802320611338473e-9
      vertex 74.04912190715261 -0.9176295349746149 8.2
      vertex 74.295 -0.95 8.2
    endloop
  endfacet
  facet normal -0.1305261922200532 0.99144486137381 0
    outer loop
      vertex 74.5408780928474 -0.9176295349746149 8.2
      vertex 74.5408780928474 -0.9176295349746149 -2.9802320611338473e-9
      vertex 74.295 -0.95 8.2
    endloop
  endfacet
  facet normal -0.38268343236509317 0.9238795325112854 0
    outer loop
      vertex 74.77 -0.8227241335952167 8.2
      vertex 74.77 -0.8227241335952167 -2.9802320611338473e-9
      vertex 74.5408780928474 -0.9176295349746149 8.2
    endloop
  endfacet
  facet normal -0.6087614290087155 0.7933533402912392 0
    outer loop
      vertex 74.96675144212722 -0.6717514421272202 -2.9802320611338473e-9
      vertex 74.77 -0.8227241335952167 8.2
      vertex 74.96675144212722 -0.6717514421272202 8.2
    endloop
  endfacet
  facet normal -0.793353340291231 0.6087614290087261 0
    outer loop
      vertex 75.11772413359522 -0.475 -2.9802320611338473e-9
      vertex 74.96675144212722 -0.6717514421272202 8.2
      vertex 75.11772413359522 -0.475 8.2
    endloop
  endfacet
  facet normal -0.9238795325112946 0.3826834323650707 0
    outer loop
      vertex 75.21262953497461 -0.2458780928473947 -2.9802320611338473e-9
      vertex 75.11772413359522 -0.475 8.2
      vertex 75.21262953497461 -0.2458780928473947 8.2
    endloop
  endfacet
  facet normal -0.9914448613738055 0.13052619222008846 0
    outer loop
      vertex 75.245 0 -2.9802320611338473e-9
      vertex 75.21262953497461 -0.2458780928473947 8.2
      vertex 75.245 0 8.2
    endloop
  endfacet
  facet normal -0.9914448613738055 -0.13052619222008846 0
    outer loop
      vertex 75.21262953497461 0.2458780928473947 -2.9802320611338473e-9
      vertex 75.245 0 8.2
      vertex 75.21262953497461 0.2458780928473947 8.2
    endloop
  endfacet
  facet normal -0.9238795325112946 -0.3826834323650707 0
    outer loop
      vertex 75.11772413359522 0.475 -2.9802320611338473e-9
      vertex 75.21262953497461 0.2458780928473947 8.2
      vertex 75.11772413359522 0.475 8.2
    endloop
  endfacet
  facet normal -0.793353340291231 -0.6087614290087261 0
    outer loop
      vertex 74.96675144212722 0.6717514421272202 -2.9802320611338473e-9
      vertex 75.11772413359522 0.475 8.2
      vertex 74.96675144212722 0.6717514421272202 8.2
    endloop
  endfacet
  facet normal 0.38268343236509317 -0.9238795325112854 0
    outer loop
      vertex 73.82000000000001 0.8227241335952167 -2.9802320611338473e-9
      vertex 74.04912190715261 0.9176295349746149 8.2
      vertex 73.82000000000001 0.8227241335952167 8.2
    endloop
  endfacet
  facet normal 0.1305261922200532 -0.99144486137381 0
    outer loop
      vertex 74.04912190715261 0.9176295349746149 -2.9802320611338473e-9
      vertex 74.295 0.95 8.2
      vertex 74.04912190715261 0.9176295349746149 8.2
    endloop
  endfacet
  facet normal -0.1305261922200532 -0.99144486137381 0
    outer loop
      vertex 74.295 0.95 -2.9802320611338473e-9
      vertex 74.5408780928474 0.9176295349746149 8.2
      vertex 74.295 0.95 8.2
    endloop
  endfacet
  facet normal -0.38268343236509317 -0.9238795325112854 0
    outer loop
      vertex 74.5408780928474 0.9176295349746149 -2.9802320611338473e-9
      vertex 74.77 0.8227241335952167 8.2
      vertex 74.5408780928474 0.9176295349746149 8.2
    endloop
  endfacet
  facet normal -0.6087614290087155 -0.7933533402912392 0
    outer loop
      vertex 74.77 0.8227241335952167 -2.9802320611338473e-9
      vertex 74.96675144212722 0.6717514421272202 8.2
      vertex 74.77 0.8227241335952167 8.2
    endloop
  endfacet
endsolid OpenSCAD_Model
